{
"type": "FeatureCollection",
"name": "bus_stops",
"crs": { "type": "name", "properties": { "name": "urn:ogc:def:crs:EPSG::2250" } },
"features": [
{ "type": "Feature", "properties": { "fid": 1, "stop_id": 95, "stop_code": 242, "stop_name": "Foster St + Major Taylor Blvd", "stop_lat": 42.263406, "stop_lon": -71.7968, "total_stops": 495, "total_weekday_stops": 185, "total_weekday_am_stops": 22, "high_freq": true }, "geometry": { "type": "Point", "coordinates": [ 1289350.73246526136063, 463011.348903297737706 ] } },
{ "type": "Feature", "properties": { "fid": 2, "stop_id": 126, "stop_code": 340, "stop_name": "Greenwood St at Tatman", "stop_lat": 42.228522, "stop_lon": -71.793036, "total_stops": 103, "total_weekday_stops": 36, "total_weekday_am_stops": 4, "high_freq": false }, "geometry": { "type": "Point", "coordinates": [ 1290179.955528083257377, 450283.388780137640424 ] } },
{ "type": "Feature", "properties": { "fid": 3, "stop_id": 136, "stop_code": 1034, "stop_name": "Upland Garden Dr at 48 Upland Garden", "stop_lat": 42.220564, "stop_lon": -71.803618, "total_stops": 103, "total_weekday_stops": 36, "total_weekday_am_stops": 4, "high_freq": false }, "geometry": { "type": "Point", "coordinates": [ 1287270.264531315304339, 447426.234657553141005 ] } },
{ "type": "Feature", "properties": { "fid": 4, "stop_id": 137, "stop_code": 975, "stop_name": "Spofford Rd at Broughton", "stop_lat": 42.220691, "stop_lon": -71.799922, "total_stops": 103, "total_weekday_stops": 36, "total_weekday_am_stops": 4, "high_freq": false }, "geometry": { "type": "Point", "coordinates": [ 1288272.119440304581076, 447457.477820122032426 ] } },
{ "type": "Feature", "properties": { "fid": 5, "stop_id": 138, "stop_code": 977, "stop_name": "Spofford Rd at Greenwood", "stop_lat": 42.221213, "stop_lon": -71.797175, "total_stops": 103, "total_weekday_stops": 36, "total_weekday_am_stops": 4, "high_freq": false }, "geometry": { "type": "Point", "coordinates": [ 1289019.064387979684398, 447636.557817482040264 ] } },
{ "type": "Feature", "properties": { "fid": 6, "stop_id": 139, "stop_code": 346, "stop_name": "Greenwood St at Southhold", "stop_lat": 42.220479, "stop_lon": -71.796823, "total_stops": 103, "total_weekday_stops": 36, "total_weekday_am_stops": 4, "high_freq": false }, "geometry": { "type": "Point", "coordinates": [ 1289110.409401861252263, 447367.643155619793106 ] } },
{ "type": "Feature", "properties": { "fid": 7, "stop_id": 140, "stop_code": 347, "stop_name": "Greenwood St at Conway", "stop_lat": 42.219661, "stop_lon": -71.796814, "total_stops": 103, "total_weekday_stops": 36, "total_weekday_am_stops": 4, "high_freq": false }, "geometry": { "type": "Point", "coordinates": [ 1289108.386510973796248, 447069.507441664172802 ] } },
{ "type": "Feature", "properties": { "fid": 8, "stop_id": 141, "stop_code": 348, "stop_name": "Greenwood St at Ryberg", "stop_lat": 42.218158, "stop_lon": -71.796713, "total_stops": 103, "total_weekday_stops": 36, "total_weekday_am_stops": 4, "high_freq": false }, "geometry": { "type": "Point", "coordinates": [ 1289127.549830183852464, 446521.368310653138906 ] } },
{ "type": "Feature", "properties": { "fid": 9, "stop_id": 143, "stop_code": 349, "stop_name": "Greenwood St at 328A Greenwood", "stop_lat": 42.215933, "stop_lon": -71.79615, "total_stops": 103, "total_weekday_stops": 36, "total_weekday_am_stops": 4, "high_freq": false }, "geometry": { "type": "Point", "coordinates": [ 1289267.931977550964803, 445708.243287753197365 ] } },
{ "type": "Feature", "properties": { "fid": 10, "stop_id": 154, "stop_code": 1190, "stop_name": "BROOKS ST + PULLMAN ST", "stop_lat": 42.320851, "stop_lon": -71.800213, "total_stops": 40, "total_weekday_stops": 24, "total_weekday_am_stops": 3, "high_freq": false }, "geometry": { "type": "Point", "coordinates": [ 1288740.939238033955917, 483960.211815582588315 ] } },
{ "type": "Feature", "properties": { "fid": 11, "stop_id": 177, "stop_code": 98, "stop_name": "BURNCOAT ST + RANDOLPH RD", "stop_lat": 42.296573, "stop_lon": -71.78984, "total_stops": 38, "total_weekday_stops": 23, "total_weekday_am_stops": 3, "high_freq": false }, "geometry": { "type": "Point", "coordinates": [ 1291414.685246082721278, 475070.432016678270884 ] } },
{ "type": "Feature", "properties": { "fid": 12, "stop_id": 178, "stop_code": 99, "stop_name": "BURNCOAT ST + CLEARVIEW AVE", "stop_lat": 42.295978, "stop_lon": -71.789975, "total_stops": 38, "total_weekday_stops": 23, "total_weekday_am_stops": 3, "high_freq": false }, "geometry": { "type": "Point", "coordinates": [ 1291374.932246286887676, 474854.135537681169808 ] } },
{ "type": "Feature", "properties": { "fid": 13, "stop_id": 181, "stop_code": 102, "stop_name": "BURNCOAT ST + RANKIN ST", "stop_lat": 42.288546, "stop_lon": -71.790849, "total_stops": 38, "total_weekday_stops": 23, "total_weekday_am_stops": 3, "high_freq": false }, "geometry": { "type": "Point", "coordinates": [ 1291098.11890932940878, 472149.164661432325374 ] } },
{ "type": "Feature", "properties": { "fid": 14, "stop_id": 182, "stop_code": 103, "stop_name": "BURNCOAT ST + 16 BURNCOAT ST", "stop_lat": 42.287741, "stop_lon": -71.790829, "total_stops": 38, "total_weekday_stops": 23, "total_weekday_am_stops": 3, "high_freq": false }, "geometry": { "type": "Point", "coordinates": [ 1291099.160971157252789, 471855.71322613308439 ] } },
{ "type": "Feature", "properties": { "fid": 15, "stop_id": 1859, "stop_code": 394, "stop_name": "Hamilton St at Dana", "stop_lat": 42.256297, "stop_lon": -71.774307, "total_stops": 12, "total_weekday_stops": 6, "total_weekday_am_stops": 2, "high_freq": false }, "geometry": { "type": "Point", "coordinates": [ 1295401.434213927481323, 460330.278103028133046 ] } },
{ "type": "Feature", "properties": { "fid": 16, "stop_id": 1860, "stop_code": 410, "stop_name": "Hamilton St at Dana", "stop_lat": 42.256486, "stop_lon": -71.774347, "total_stops": 10, "total_weekday_stops": 5, "total_weekday_am_stops": 1, "high_freq": false }, "geometry": { "type": "Point", "coordinates": [ 1295391.617932884953916, 460399.314925314043649 ] } },
{ "type": "Feature", "properties": { "fid": 17, "stop_id": 198, "stop_code": 1265, "stop_name": "BROOK ST + HIGGINS ST", "stop_lat": 42.319387, "stop_lon": -71.800778, "total_stops": 40, "total_weekday_stops": 24, "total_weekday_am_stops": 3, "high_freq": false }, "geometry": { "type": "Point", "coordinates": [ 1288580.123698485083878, 483428.964035346114542 ] } },
{ "type": "Feature", "properties": { "fid": 18, "stop_id": 202, "stop_code": 1232, "stop_name": "SUMMER ST + KENDALL ST", "stop_lat": 42.273701, "stop_lon": -71.796721, "total_stops": 40, "total_weekday_stops": 24, "total_weekday_am_stops": 3, "high_freq": false }, "geometry": { "type": "Point", "coordinates": [ 1289428.25625997944735, 466762.858779982838314 ] } },
{ "type": "Feature", "properties": { "fid": 19, "stop_id": 209, "stop_code": 525, "stop_name": "Lincoln St at Brittan", "stop_lat": 42.286066, "stop_lon": -71.790793, "total_stops": 245, "total_weekday_stops": 97, "total_weekday_am_stops": 11, "high_freq": true }, "geometry": { "type": "Point", "coordinates": [ 1291099.810271166730672, 471245.138489219069015 ] } },
{ "type": "Feature", "properties": { "fid": 20, "stop_id": 214, "stop_code": 53, "stop_name": "BURNCOAT ST + PARKVIEW DR", "stop_lat": 42.293498, "stop_lon": -71.790601, "total_stops": 40, "total_weekday_stops": 24, "total_weekday_am_stops": 3, "high_freq": false }, "geometry": { "type": "Point", "coordinates": [ 1291192.101735402597114, 473952.853725685738027 ] } },
{ "type": "Feature", "properties": { "fid": 21, "stop_id": 215, "stop_code": 54, "stop_name": "BURNCOAT ST + DAVIDSON RD", "stop_lat": 42.294253, "stop_lon": -71.790363, "total_stops": 40, "total_weekday_stops": 24, "total_weekday_am_stops": 3, "high_freq": false }, "geometry": { "type": "Point", "coordinates": [ 1291260.594435860868543, 474227.044576462067198 ] } },
{ "type": "Feature", "properties": { "fid": 22, "stop_id": 217, "stop_code": 56, "stop_name": "BURNCOAT ST + 184 BURNCOAT ST", "stop_lat": 42.298861, "stop_lon": -71.789505, "total_stops": 40, "total_weekday_stops": 24, "total_weekday_am_stops": 3, "high_freq": false }, "geometry": { "type": "Point", "coordinates": [ 1291517.729322618339211, 475902.916122276044916 ] } },
{ "type": "Feature", "properties": { "fid": 23, "stop_id": 219, "stop_code": 58, "stop_name": "BURNCOAT ST + THORNDYKE RD", "stop_lat": 42.302676, "stop_lon": -71.78949, "total_stops": 40, "total_weekday_stops": 24, "total_weekday_am_stops": 3, "high_freq": false }, "geometry": { "type": "Point", "coordinates": [ 1291542.475080895936117, 477293.186624697991647 ] } },
{ "type": "Feature", "properties": { "fid": 24, "stop_id": 255, "stop_code": 4610, "stop_name": "MAPLE ST + OAK ST", "stop_lat": 42.285526, "stop_lon": -71.728216, "total_stops": 34, "total_weekday_stops": 13, "total_weekday_am_stops": 2, "high_freq": false }, "geometry": { "type": "Point", "coordinates": [ 1308030.565367256524041, 470802.237260443682317 ] } },
{ "type": "Feature", "properties": { "fid": 25, "stop_id": 256, "stop_code": 4615, "stop_name": "MAPLE ST + VAN NESS AVE", "stop_lat": 42.282331, "stop_lon": -71.733215, "total_stops": 34, "total_weekday_stops": 13, "total_weekday_am_stops": 2, "high_freq": false }, "geometry": { "type": "Point", "coordinates": [ 1306661.23222290771082, 469657.066770977631677 ] } },
{ "type": "Feature", "properties": { "fid": 26, "stop_id": 263, "stop_code": 1149, "stop_name": "UMASS South Rd", "stop_lat": 42.275788, "stop_lon": -71.761459, "total_stops": 254, "total_weekday_stops": 94, "total_weekday_am_stops": 13, "high_freq": true }, "geometry": { "type": "Point", "coordinates": [ 1298983.143655610037968, 467382.573061329196207 ] } },
{ "type": "Feature", "properties": { "fid": 27, "stop_id": 267, "stop_code": 933, "stop_name": "SHREWSBURY ST + PRENTICE ST", "stop_lat": 42.271373, "stop_lon": -71.774978, "total_stops": 34, "total_weekday_stops": 13, "total_weekday_am_stops": 2, "high_freq": false }, "geometry": { "type": "Point", "coordinates": [ 1295300.606898284517229, 465827.139297217538115 ] } },
{ "type": "Feature", "properties": { "fid": 28, "stop_id": 268, "stop_code": 934, "stop_name": "SHREWSBURY ST + IMPERIAL RD", "stop_lat": 42.270593, "stop_lon": -71.776583, "total_stops": 34, "total_weekday_stops": 13, "total_weekday_am_stops": 2, "high_freq": false }, "geometry": { "type": "Point", "coordinates": [ 1294862.003281982848421, 465549.276063252997119 ] } },
{ "type": "Feature", "properties": { "fid": 29, "stop_id": 269, "stop_code": 935, "stop_name": "SHREWSBURY ST + LARAIA ST", "stop_lat": 42.269735, "stop_lon": -71.7783, "total_stops": 34, "total_weekday_stops": 13, "total_weekday_am_stops": 2, "high_freq": false }, "geometry": { "type": "Point", "coordinates": [ 1294392.654832711908966, 465243.442450510628987 ] } },
{ "type": "Feature", "properties": { "fid": 30, "stop_id": 270, "stop_code": 936, "stop_name": "SHREWSBURY ST + MARSHALL ST", "stop_lat": 42.26879, "stop_lon": -71.78012, "total_stops": 34, "total_weekday_stops": 13, "total_weekday_am_stops": 2, "high_freq": false }, "geometry": { "type": "Point", "coordinates": [ 1293894.946302129188552, 464906.324452159286011 ] } },
{ "type": "Feature", "properties": { "fid": 31, "stop_id": 271, "stop_code": 1268, "stop_name": "SHREWSBURY ST + WAITE ST", "stop_lat": 42.267366, "stop_lon": -71.782798, "total_stops": 34, "total_weekday_stops": 13, "total_weekday_am_stops": 2, "high_freq": false }, "geometry": { "type": "Point", "coordinates": [ 1293162.397017708513886, 464398.090356972534209 ] } },
{ "type": "Feature", "properties": { "fid": 32, "stop_id": 273, "stop_code": 938, "stop_name": "SHREWSBURY ST + COLUMBO PARK", "stop_lat": 42.266365, "stop_lon": -71.785027, "total_stops": 34, "total_weekday_stops": 13, "total_weekday_am_stops": 2, "high_freq": false }, "geometry": { "type": "Point", "coordinates": [ 1292553.640179468551651, 464042.231950545217842 ] } },
{ "type": "Feature", "properties": { "fid": 33, "stop_id": 274, "stop_code": 939, "stop_name": "SHREWSBURY ST + EAST CENTRAL ST", "stop_lat": 42.264364, "stop_lon": -71.78881, "total_stops": 34, "total_weekday_stops": 13, "total_weekday_am_stops": 2, "high_freq": false }, "geometry": { "type": "Point", "coordinates": [ 1291518.794256964931265, 463328.209401894244365 ] } },
{ "type": "Feature", "properties": { "fid": 34, "stop_id": 275, "stop_code": 940, "stop_name": "SHREWSBURY ST + HILL ST", "stop_lat": 42.263596, "stop_lon": -71.790286, "total_stops": 34, "total_weekday_stops": 13, "total_weekday_am_stops": 2, "high_freq": false }, "geometry": { "type": "Point", "coordinates": [ 1291115.083963291719556, 463054.271005068265367 ] } },
{ "type": "Feature", "properties": { "fid": 35, "stop_id": 276, "stop_code": 1250, "stop_name": "SHREWSBURY ST + LEO TUORO WAY", "stop_lat": 42.262735, "stop_lon": -71.792146, "total_stops": 34, "total_weekday_stops": 13, "total_weekday_am_stops": 2, "high_freq": false }, "geometry": { "type": "Point", "coordinates": [ 1290606.910271572181955, 462747.997180042380933 ] } },
{ "type": "Feature", "properties": { "fid": 36, "stop_id": 309, "stop_code": 535, "stop_name": "Lincoln St + Pasadena Pkwy", "stop_lat": 42.29647, "stop_lon": -71.76942, "total_stops": 168, "total_weekday_stops": 64, "total_weekday_am_stops": 6, "high_freq": false }, "geometry": { "type": "Point", "coordinates": [ 1296938.934395209886134, 474951.316854550270364 ] } },
{ "type": "Feature", "properties": { "fid": 37, "stop_id": 310, "stop_code": 536, "stop_name": "Lincoln St + Benson Ave", "stop_lat": 42.29753, "stop_lon": -71.76754, "total_stops": 212, "total_weekday_stops": 81, "total_weekday_am_stops": 9, "high_freq": true }, "geometry": { "type": "Point", "coordinates": [ 1297453.235835999017581, 475330.176710745960008 ] } },
{ "type": "Feature", "properties": { "fid": 38, "stop_id": 314, "stop_code": 1200, "stop_name": "North Lake Ave + 425 North Lake Ave", "stop_lat": 42.29435, "stop_lon": -71.75882, "total_stops": 52, "total_weekday_stops": 21, "total_weekday_am_stops": 2, "high_freq": false }, "geometry": { "type": "Point", "coordinates": [ 1299795.641077410662547, 474136.872325682081282 ] } },
{ "type": "Feature", "properties": { "fid": 39, "stop_id": 334, "stop_code": 421, "stop_name": "Hamilton St + Gordon St", "stop_lat": 42.257073, "stop_lon": -71.770507, "total_stops": 64, "total_weekday_stops": 27, "total_weekday_am_stops": 5, "high_freq": false }, "geometry": { "type": "Point", "coordinates": [ 1296434.346279339632019, 460597.97251359425718 ] } },
{ "type": "Feature", "properties": { "fid": 40, "stop_id": 335, "stop_code": 409, "stop_name": "Hamilton St + Warner Ave", "stop_lat": 42.256536, "stop_lon": -71.773195, "total_stops": 64, "total_weekday_stops": 27, "total_weekday_am_stops": 5, "high_freq": false }, "geometry": { "type": "Point", "coordinates": [ 1295703.763209581840783, 460412.952484194713179 ] } },
{ "type": "Feature", "properties": { "fid": 41, "stop_id": 337, "stop_code": 422, "stop_name": "Hamilton St + Delmont Ave", "stop_lat": 42.256459, "stop_lon": -71.775608, "total_stops": 64, "total_weekday_stops": 27, "total_weekday_am_stops": 5, "high_freq": false }, "geometry": { "type": "Point", "coordinates": [ 1295050.086345810908824, 460394.497785311425105 ] } },
{ "type": "Feature", "properties": { "fid": 42, "stop_id": 356, "stop_code": 393, "stop_name": "Hamilton St + Delmont Ave", "stop_lat": 42.2562, "stop_lon": -71.77602, "total_stops": 64, "total_weekday_stops": 27, "total_weekday_am_stops": 5, "high_freq": false }, "geometry": { "type": "Point", "coordinates": [ 1294937.157011571573094, 460301.75207045825664 ] } },
{ "type": "Feature", "properties": { "fid": 43, "stop_id": 359, "stop_code": 397, "stop_name": "Hamilton St + Trahan Ave", "stop_lat": 42.257111, "stop_lon": -71.769756, "total_stops": 64, "total_weekday_stops": 27, "total_weekday_am_stops": 5, "high_freq": false }, "geometry": { "type": "Point", "coordinates": [ 1296637.863478213082999, 460608.841124047234189 ] } },
{ "type": "Feature", "properties": { "fid": 44, "stop_id": 360, "stop_code": 398, "stop_name": "Hamilton St + Elmire Ave", "stop_lat": 42.257274, "stop_lon": -71.769217, "total_stops": 56, "total_weekday_stops": 23, "total_weekday_am_stops": 4, "high_freq": false }, "geometry": { "type": "Point", "coordinates": [ 1296784.654038176406175, 460666.106008219649084 ] } },
{ "type": "Feature", "properties": { "fid": 45, "stop_id": 361, "stop_code": 399, "stop_name": "Hamilton St + Ernes Ave", "stop_lat": 42.25781, "stop_lon": -71.76744, "total_stops": 52, "total_weekday_stops": 21, "total_weekday_am_stops": 3, "high_freq": false }, "geometry": { "type": "Point", "coordinates": [ 1297268.587384779006243, 460854.400981223152485 ] } },
{ "type": "Feature", "properties": { "fid": 46, "stop_id": 363, "stop_code": 401, "stop_name": "Hamilton St + Harold St", "stop_lat": 42.25899, "stop_lon": -71.76535, "total_stops": 52, "total_weekday_stops": 21, "total_weekday_am_stops": 3, "high_freq": false }, "geometry": { "type": "Point", "coordinates": [ 1297840.674878207268193, 461276.163195933855604 ] } },
{ "type": "Feature", "properties": { "fid": 47, "stop_id": 364, "stop_code": 402, "stop_name": "Hamilton St + Commonwealth Ave", "stop_lat": 42.259164, "stop_lon": -71.764995, "total_stops": 52, "total_weekday_stops": 21, "total_weekday_am_stops": 3, "high_freq": false }, "geometry": { "type": "Point", "coordinates": [ 1297937.704993890831247, 461338.171457746473607 ] } },
{ "type": "Feature", "properties": { "fid": 48, "stop_id": 377, "stop_code": 1204, "stop_name": "Plantation St + North Rd", "stop_lat": 42.27864, "stop_lon": -71.76504, "total_stops": 138, "total_weekday_stops": 52, "total_weekday_am_stops": 7, "high_freq": false }, "geometry": { "type": "Point", "coordinates": [ 1298029.131086641689762, 468436.070990364998579 ] } },
{ "type": "Feature", "properties": { "fid": 49, "stop_id": 378, "stop_code": 1269, "stop_name": "Plantation St + Winco Rd", "stop_lat": 42.28353, "stop_lon": -71.76265, "total_stops": 52, "total_weekday_stops": 21, "total_weekday_am_stops": 3, "high_freq": false }, "geometry": { "type": "Point", "coordinates": [ 1298701.911997240968049, 470208.732044308620971 ] } },
{ "type": "Feature", "properties": { "fid": 50, "stop_id": 382, "stop_code": 1206, "stop_name": "North Lake Ave + 425 North Lake Ave", "stop_lat": 42.29435, "stop_lon": -71.75876, "total_stops": 52, "total_weekday_stops": 21, "total_weekday_am_stops": 3, "high_freq": false }, "geometry": { "type": "Point", "coordinates": [ 1299811.875189090613276, 474136.636520728876349 ] } },
{ "type": "Feature", "properties": { "fid": 51, "stop_id": 383, "stop_code": 437, "stop_name": "Lincoln St + Haven Lane", "stop_lat": 42.297355, "stop_lon": -71.761026, "total_stops": 52, "total_weekday_stops": 21, "total_weekday_am_stops": 3, "high_freq": false }, "geometry": { "type": "Point", "coordinates": [ 1299214.702474032528698, 475240.688860204303637 ] } },
{ "type": "Feature", "properties": { "fid": 52, "stop_id": 385, "stop_code": 537, "stop_name": "Lincoln St + Boylston St", "stop_lat": 42.29756, "stop_lon": -71.76779, "total_stops": 213, "total_weekday_stops": 82, "total_weekday_am_stops": 9, "high_freq": true }, "geometry": { "type": "Point", "coordinates": [ 1297385.757090748986229, 475342.09927288396284 ] } },
{ "type": "Feature", "properties": { "fid": 53, "stop_id": 425, "stop_code": 7540, "stop_name": "Main St at Pine St", "stop_lat": 42.245492, "stop_lon": -71.913418, "total_stops": 49, "total_weekday_stops": 13, "total_weekday_am_stops": 2, "high_freq": false }, "geometry": { "type": "Point", "coordinates": [ 1257676.45431510056369, 456976.710130714986008 ] } },
{ "type": "Feature", "properties": { "fid": 54, "stop_id": 427, "stop_code": 7550, "stop_name": "Main St at Henshaw St", "stop_lat": 42.245476, "stop_lon": -71.899167, "total_stops": 49, "total_weekday_stops": 13, "total_weekday_am_stops": 2, "high_freq": false }, "geometry": { "type": "Point", "coordinates": [ 1261535.059081985615194, 456908.261951502528973 ] } },
{ "type": "Feature", "properties": { "fid": 55, "stop_id": 428, "stop_code": 7555, "stop_name": "Main St at Auburn St", "stop_lat": 42.240401, "stop_lon": -71.87994, "total_stops": 49, "total_weekday_stops": 13, "total_weekday_am_stops": 2, "high_freq": false }, "geometry": { "type": "Point", "coordinates": [ 1266711.661956564290449, 454975.34070553368656 ] } },
{ "type": "Feature", "properties": { "fid": 56, "stop_id": 430, "stop_code": 622, "stop_name": "Main St at Leicester Line", "stop_lat": 42.240625, "stop_lon": -71.863336, "total_stops": 49, "total_weekday_stops": 13, "total_weekday_am_stops": 2, "high_freq": false }, "geometry": { "type": "Point", "coordinates": [ 1271209.143798321019858, 454985.807327006652486 ] } },
{ "type": "Feature", "properties": { "fid": 57, "stop_id": 431, "stop_code": 624, "stop_name": "Main St at Gould Hill", "stop_lat": 42.240338, "stop_lon": -71.86053, "total_stops": 49, "total_weekday_stops": 13, "total_weekday_am_stops": 2, "high_freq": false }, "geometry": { "type": "Point", "coordinates": [ 1271967.337320875609294, 454869.276450031029526 ] } },
{ "type": "Feature", "properties": { "fid": 58, "stop_id": 497, "stop_code": 855, "stop_name": "PLEASANT ST + MORELAND ST", "stop_lat": 42.278034, "stop_lon": -71.843736, "total_stops": 40, "total_weekday_stops": 16, "total_weekday_am_stops": 2, "high_freq": false }, "geometry": { "type": "Point", "coordinates": [ 1276728.013634787639603, 468535.788419090851676 ] } },
{ "type": "Feature", "properties": { "fid": 59, "stop_id": 498, "stop_code": 856, "stop_name": "PLEASANT ST + MOORE AVE", "stop_lat": 42.277471, "stop_lon": -71.842011, "total_stops": 40, "total_weekday_stops": 16, "total_weekday_am_stops": 2, "high_freq": false }, "geometry": { "type": "Point", "coordinates": [ 1277191.678620959399268, 468323.379824343195651 ] } },
{ "type": "Feature", "properties": { "fid": 60, "stop_id": 499, "stop_code": 857, "stop_name": "PLEASANT ST + MAY ST", "stop_lat": 42.277266, "stop_lon": -71.839873, "total_stops": 40, "total_weekday_stops": 16, "total_weekday_am_stops": 2, "high_freq": false }, "geometry": { "type": "Point", "coordinates": [ 1277769.142584403278306, 468239.718294816557318 ] } },
{ "type": "Feature", "properties": { "fid": 61, "stop_id": 501, "stop_code": 859, "stop_name": "PLEASANT ST + KENILWORTH RD", "stop_lat": 42.27687, "stop_lon": -71.836497, "total_stops": 40, "total_weekday_stops": 16, "total_weekday_am_stops": 2, "high_freq": false }, "geometry": { "type": "Point", "coordinates": [ 1278680.586284917779267, 468081.295104609162081 ] } },
{ "type": "Feature", "properties": { "fid": 62, "stop_id": 502, "stop_code": 847, "stop_name": "PLEASANT ST + KENSINGTON HEIGHTS", "stop_lat": 42.276, "stop_lon": -71.83495, "total_stops": 40, "total_weekday_stops": 16, "total_weekday_am_stops": 2, "high_freq": false }, "geometry": { "type": "Point", "coordinates": [ 1279094.379955544602126, 467757.786923344654497 ] } },
{ "type": "Feature", "properties": { "fid": 63, "stop_id": 504, "stop_code": 861, "stop_name": "PLEASANT ST + SAINT ELMO RD", "stop_lat": 42.27355, "stop_lon": -71.8314, "total_stops": 40, "total_weekday_stops": 16, "total_weekday_am_stops": 2, "high_freq": false }, "geometry": { "type": "Point", "coordinates": [ 1280041.442644002148882, 466850.150493347842712 ] } },
{ "type": "Feature", "properties": { "fid": 64, "stop_id": 506, "stop_code": 862, "stop_name": "PLEASANT ST + HOWLAND TER", "stop_lat": 42.27141, "stop_lon": -71.82945, "total_stops": 40, "total_weekday_stops": 16, "total_weekday_am_stops": 2, "high_freq": false }, "geometry": { "type": "Point", "coordinates": [ 1280557.251336043234915, 466062.166236956370994 ] } },
{ "type": "Feature", "properties": { "fid": 65, "stop_id": 509, "stop_code": 880, "stop_name": "PLEASANT ST + COOLIDGE RD", "stop_lat": 42.269238, "stop_lon": -71.825072, "total_stops": 40, "total_weekday_stops": 16, "total_weekday_am_stops": 2, "high_freq": false }, "geometry": { "type": "Point", "coordinates": [ 1281730.10581521759741, 465252.474512073851656 ] } },
{ "type": "Feature", "properties": { "fid": 66, "stop_id": 640, "stop_code": 184, "stop_name": "Clark St + Tacoma St", "stop_lat": 42.31202, "stop_lon": -71.7757, "total_stops": 129, "total_weekday_stops": 46, "total_weekday_am_stops": 7, "high_freq": false }, "geometry": { "type": "Point", "coordinates": [ 1295323.24512656731531, 480643.299826880334876 ] } },
{ "type": "Feature", "properties": { "fid": 67, "stop_id": 641, "stop_code": 185, "stop_name": "Clark St at Harley", "stop_lat": 42.31153, "stop_lon": -71.779755, "total_stops": 83, "total_weekday_stops": 28, "total_weekday_am_stops": 4, "high_freq": false }, "geometry": { "type": "Point", "coordinates": [ 1294223.757480332162231, 480480.895798711921088 ] } },
{ "type": "Feature", "properties": { "fid": 68, "stop_id": 642, "stop_code": 986, "stop_name": "St. Nicholas Ave at Clark", "stop_lat": 42.310473, "stop_lon": -71.781503, "total_stops": 83, "total_weekday_stops": 28, "total_weekday_am_stops": 4, "high_freq": false }, "geometry": { "type": "Point", "coordinates": [ 1293745.235415084986016, 480102.669622390589211 ] } },
{ "type": "Feature", "properties": { "fid": 69, "stop_id": 644, "stop_code": 988, "stop_name": "St. Nicholas Ave at Ontario", "stop_lat": 42.308311, "stop_lon": -71.779881, "total_stops": 83, "total_weekday_stops": 28, "total_weekday_am_stops": 4, "high_freq": false }, "geometry": { "type": "Point", "coordinates": [ 1294172.349446061300114, 479308.266440644569229 ] } },
{ "type": "Feature", "properties": { "fid": 70, "stop_id": 645, "stop_code": 989, "stop_name": "St. Nicholas Ave at Squantum", "stop_lat": 42.30685, "stop_lon": -71.778776, "total_stops": 83, "total_weekday_stops": 28, "total_weekday_am_stops": 4, "high_freq": false }, "geometry": { "type": "Point", "coordinates": [ 1294463.405018789460883, 478771.407288315764163 ] } },
{ "type": "Feature", "properties": { "fid": 71, "stop_id": 646, "stop_code": 990, "stop_name": "St. Nicholas Ave at Onandaga", "stop_lat": 42.305673, "stop_lon": -71.777895, "total_stops": 83, "total_weekday_stops": 28, "total_weekday_am_stops": 4, "high_freq": false }, "geometry": { "type": "Point", "coordinates": [ 1294695.403670476516709, 478338.946385416958947 ] } },
{ "type": "Feature", "properties": { "fid": 72, "stop_id": 647, "stop_code": 991, "stop_name": "St. Nicholas Ave at Hilda", "stop_lat": 42.30441, "stop_lon": -71.776948, "total_stops": 83, "total_weekday_stops": 28, "total_weekday_am_stops": 4, "high_freq": false }, "geometry": { "type": "Point", "coordinates": [ 1294944.803918153047562, 477874.883129228313919 ] } },
{ "type": "Feature", "properties": { "fid": 73, "stop_id": 648, "stop_code": 992, "stop_name": "St. Nicholas Ave at 5 St. Nicholas", "stop_lat": 42.303281, "stop_lon": -71.775303, "total_stops": 83, "total_weekday_stops": 28, "total_weekday_am_stops": 4, "high_freq": false }, "geometry": { "type": "Point", "coordinates": [ 1295383.763391589280218, 477456.878090208338108 ] } },
{ "type": "Feature", "properties": { "fid": 74, "stop_id": 649, "stop_code": 201, "stop_name": "Country Club Blvd. at Erie", "stop_lat": 42.302995, "stop_lon": -71.774866, "total_stops": 83, "total_weekday_stops": 28, "total_weekday_am_stops": 4, "high_freq": false }, "geometry": { "type": "Point", "coordinates": [ 1295500.451800075825304, 477350.909021016268525 ] } },
{ "type": "Feature", "properties": { "fid": 75, "stop_id": 650, "stop_code": 202, "stop_name": "Country Club Blvd. at Rec Center", "stop_lat": 42.301898, "stop_lon": -71.77636, "total_stops": 83, "total_weekday_stops": 28, "total_weekday_am_stops": 4, "high_freq": false }, "geometry": { "type": "Point", "coordinates": [ 1295090.389755845768377, 476957.068564570334274 ] } },
{ "type": "Feature", "properties": { "fid": 76, "stop_id": 750, "stop_code": 963, "stop_name": "Southbridge St at Boyden", "stop_lat": 42.237223, "stop_lon": -71.814856, "total_stops": 47, "total_weekday_stops": 17, "total_weekday_am_stops": 3, "high_freq": false }, "geometry": { "type": "Point", "coordinates": [ 1284318.26535827992484, 453543.175162920786534 ] } },
{ "type": "Feature", "properties": { "fid": 77, "stop_id": 773, "stop_code": 6225, "stop_name": "Southbridge St at Elmwood St", "stop_lat": 42.228473, "stop_lon": -71.820658, "total_stops": 47, "total_weekday_stops": 17, "total_weekday_am_stops": 3, "high_freq": false }, "geometry": { "type": "Point", "coordinates": [ 1282698.455132309347391, 450378.348103821801487 ] } },
{ "type": "Feature", "properties": { "fid": 78, "stop_id": 775, "stop_code": 1228, "stop_name": "Southbridge St at Hope Ave", "stop_lat": 42.230993, "stop_lon": -71.819245, "total_stops": 47, "total_weekday_stops": 17, "total_weekday_am_stops": 3, "high_freq": false }, "geometry": { "type": "Point", "coordinates": [ 1283095.135876393178478, 451290.869101136922836 ] } },
{ "type": "Feature", "properties": { "fid": 79, "stop_id": 821, "stop_code": 1022, "stop_name": "Tacoma St + Pasadena PKWY", "stop_lat": 42.3015, "stop_lon": -71.76514, "total_stops": 161, "total_weekday_stops": 61, "total_weekday_am_stops": 7, "high_freq": false }, "geometry": { "type": "Point", "coordinates": [ 1298123.688931916141883, 476767.512352688005194 ] } },
{ "type": "Feature", "properties": { "fid": 80, "stop_id": 839, "stop_code": 6130, "stop_name": "PINEHURST AVE + OTIS ST", "stop_lat": 42.22317, "stop_lon": -71.84702, "total_stops": 71, "total_weekday_stops": 27, "total_weekday_am_stops": 3, "high_freq": false }, "geometry": { "type": "Point", "coordinates": [ 1275528.479274069191888, 448555.710984517354518 ] } },
{ "type": "Feature", "properties": { "fid": 81, "stop_id": 840, "stop_code": 946, "stop_name": "SOUTH LUDLOW ST + MOSS ST", "stop_lat": 42.22766, "stop_lon": -71.84858, "total_stops": 71, "total_weekday_stops": 27, "total_weekday_am_stops": 3, "high_freq": false }, "geometry": { "type": "Point", "coordinates": [ 1275131.394609513459727, 450198.537480999075342 ] } },
{ "type": "Feature", "properties": { "fid": 82, "stop_id": 841, "stop_code": 947, "stop_name": "SOUTH LUDLOW ST + KEEN ST", "stop_lat": 42.22836, "stop_lon": -71.848758, "total_stops": 71, "total_weekday_stops": 27, "total_weekday_am_stops": 3, "high_freq": false }, "geometry": { "type": "Point", "coordinates": [ 1275087.154451296897605, 450454.38344155321829 ] } },
{ "type": "Feature", "properties": { "fid": 83, "stop_id": 842, "stop_code": 948, "stop_name": "SOUTH LUDLOW ST + CLOVER ST", "stop_lat": 42.22956, "stop_lon": -71.849, "total_stops": 71, "total_weekday_stops": 27, "total_weekday_am_stops": 3, "high_freq": false }, "geometry": { "type": "Point", "coordinates": [ 1275028.418028755811974, 450892.710675982467365 ] } },
{ "type": "Feature", "properties": { "fid": 84, "stop_id": 887, "stop_code": 494, "stop_name": "JUNE ST + BERKMANS ST", "stop_lat": 42.26732, "stop_lon": -71.82902, "total_stops": 54, "total_weekday_stops": 22, "total_weekday_am_stops": 3, "high_freq": false }, "geometry": { "type": "Point", "coordinates": [ 1280650.777569203870371, 464569.861131326586474 ] } },
{ "type": "Feature", "properties": { "fid": 85, "stop_id": 888, "stop_code": 495, "stop_name": "JUNE ST + COMMODORE RD", "stop_lat": 42.26833, "stop_lon": -71.82756, "total_stops": 54, "total_weekday_stops": 22, "total_weekday_am_stops": 3, "high_freq": false }, "geometry": { "type": "Point", "coordinates": [ 1281051.607343952637166, 464931.878346453420818 ] } },
{ "type": "Feature", "properties": { "fid": 86, "stop_id": 890, "stop_code": 497, "stop_name": "JUNE ST + PLEASANT ST", "stop_lat": 42.26955, "stop_lon": -71.82579, "total_stops": 54, "total_weekday_stops": 22, "total_weekday_am_stops": 3, "high_freq": false }, "geometry": { "type": "Point", "coordinates": [ 1281537.503499187296256, 465369.1491701786872 ] } },
{ "type": "Feature", "properties": { "fid": 87, "stop_id": 892, "stop_code": 453, "stop_name": "HIGHLAND ST + SUBURBAN RD", "stop_lat": 42.27, "stop_lon": -71.82186, "total_stops": 54, "total_weekday_stops": 22, "total_weekday_am_stops": 3, "high_freq": false }, "geometry": { "type": "Point", "coordinates": [ 1282603.737177304457873, 465516.893649698002264 ] } },
{ "type": "Feature", "properties": { "fid": 88, "stop_id": 903, "stop_code": 515, "stop_name": "LANCASTER ST + DIX ST", "stop_lat": 42.26942, "stop_lon": -71.80324, "total_stops": 54, "total_weekday_stops": 22, "total_weekday_am_stops": 3, "high_freq": false }, "geometry": { "type": "Point", "coordinates": [ 1287640.404653290519491, 465229.19103581237141 ] } },
{ "type": "Feature", "properties": { "fid": 89, "stop_id": 910, "stop_code": 433, "stop_name": "HARVARD ST + DIX ST", "stop_lat": 42.26897, "stop_lon": -71.80241, "total_stops": 54, "total_weekday_stops": 22, "total_weekday_am_stops": 2, "high_freq": false }, "geometry": { "type": "Point", "coordinates": [ 1287862.597233209060505, 465061.81926598935388 ] } },
{ "type": "Feature", "properties": { "fid": 90, "stop_id": 1012, "stop_code": 1104, "stop_name": "WEST BOYLSTON ST + TYSON RD", "stop_lat": 42.335118, "stop_lon": -71.789005, "total_stops": 104, "total_weekday_stops": 41, "total_weekday_am_stops": 5, "high_freq": false }, "geometry": { "type": "Point", "coordinates": [ 1291849.54114453913644, 489114.430928211368155 ] } },
{ "type": "Feature", "properties": { "fid": 91, "stop_id": 957, "stop_code": 1125, "stop_name": "West Boylston St +  Summerhill Ave", "stop_lat": 42.306858, "stop_lon": -71.799827, "total_stops": 147, "total_weekday_stops": 58, "total_weekday_am_stops": 8, "high_freq": false }, "geometry": { "type": "Point", "coordinates": [ 1288768.846647318685427, 478859.043679390568286 ] } },
{ "type": "Feature", "properties": { "fid": 92, "stop_id": 958, "stop_code": 1126, "stop_name": "West Boylston St + New Bond St", "stop_lat": 42.304691, "stop_lon": -71.800851, "total_stops": 147, "total_weekday_stops": 58, "total_weekday_am_stops": 8, "high_freq": false }, "geometry": { "type": "Point", "coordinates": [ 1288479.985789032187313, 478073.462744395423215 ] } },
{ "type": "Feature", "properties": { "fid": 93, "stop_id": 959, "stop_code": 1127, "stop_name": "West Boylston St + Andover St", "stop_lat": 42.30296, "stop_lon": -71.80095, "total_stops": 147, "total_weekday_stops": 58, "total_weekday_am_stops": 8, "high_freq": false }, "geometry": { "type": "Point", "coordinates": [ 1288443.733908951049671, 477443.022999884269666 ] } },
{ "type": "Feature", "properties": { "fid": 94, "stop_id": 960, "stop_code": 1128, "stop_name": "West Boylston St + Bourne St", "stop_lat": 42.30213, "stop_lon": -71.80054, "total_stops": 147, "total_weekday_stops": 58, "total_weekday_am_stops": 8, "high_freq": false }, "geometry": { "type": "Point", "coordinates": [ 1288550.111971816746518, 477138.874997082224581 ] } },
{ "type": "Feature", "properties": { "fid": 95, "stop_id": 961, "stop_code": 1129, "stop_name": "West Boylston St + Erickson St", "stop_lat": 42.30106, "stop_lon": -71.80017, "total_stops": 147, "total_weekday_stops": 58, "total_weekday_am_stops": 8, "high_freq": false }, "geometry": { "type": "Point", "coordinates": [ 1288644.359187905676663, 476747.424970965308603 ] } },
{ "type": "Feature", "properties": { "fid": 96, "stop_id": 962, "stop_code": 1130, "stop_name": "West Boylston St + Neponset St", "stop_lat": 42.29949, "stop_lon": -71.80229, "total_stops": 147, "total_weekday_stops": 58, "total_weekday_am_stops": 8, "high_freq": false }, "geometry": { "type": "Point", "coordinates": [ 1288062.219760090345517, 476183.870498442556709 ] } },
{ "type": "Feature", "properties": { "fid": 97, "stop_id": 969, "stop_code": 382, "stop_name": "Grove St at Cemetery", "stop_lat": 42.279613, "stop_lon": -71.804653, "total_stops": 103, "total_weekday_stops": 41, "total_weekday_am_stops": 5, "high_freq": false }, "geometry": { "type": "Point", "coordinates": [ 1287313.868797658476979, 468949.608236079802737 ] } },
{ "type": "Feature", "properties": { "fid": 98, "stop_id": 973, "stop_code": 386, "stop_name": "Grove St at Concord", "stop_lat": 42.273653, "stop_lon": -71.800416, "total_stops": 103, "total_weekday_stops": 41, "total_weekday_am_stops": 4, "high_freq": false }, "geometry": { "type": "Point", "coordinates": [ 1288427.928999682422727, 466760.351325268798973 ] } },
{ "type": "Feature", "properties": { "fid": 99, "stop_id": 976, "stop_code": 368, "stop_name": "GROVE ST + FARADAY ST", "stop_lat": 42.275687, "stop_lon": -71.800723, "total_stops": 104, "total_weekday_stops": 41, "total_weekday_am_stops": 5, "high_freq": false }, "geometry": { "type": "Point", "coordinates": [ 1288355.964016122743487, 467502.854982508462854 ] } },
{ "type": "Feature", "properties": { "fid": 100, "stop_id": 979, "stop_code": 371, "stop_name": "GROVE ST + CEMETERY", "stop_lat": 42.279328, "stop_lon": -71.804324, "total_stops": 104, "total_weekday_stops": 41, "total_weekday_am_stops": 5, "high_freq": false }, "geometry": { "type": "Point", "coordinates": [ 1287401.342309806495905, 468844.40443765243981 ] } },
{ "type": "Feature", "properties": { "fid": 101, "stop_id": 1009, "stop_code": 1101, "stop_name": "WEST BOYLSTON ST + APTHROP ST", "stop_lat": 42.33143, "stop_lon": -71.790555, "total_stops": 104, "total_weekday_stops": 41, "total_weekday_am_stops": 5, "high_freq": false }, "geometry": { "type": "Point", "coordinates": [ 1291410.4121765634045, 487776.601423477055505 ] } },
{ "type": "Feature", "properties": { "fid": 102, "stop_id": 1010, "stop_code": 1102, "stop_name": "WEST BOYLSTON ST + KENNEBEC ST", "stop_lat": 42.333235, "stop_lon": -71.7898, "total_stops": 104, "total_weekday_stops": 41, "total_weekday_am_stops": 5, "high_freq": false }, "geometry": { "type": "Point", "coordinates": [ 1291624.36304451758042, 488431.3820565030328 ] } },
{ "type": "Feature", "properties": { "fid": 103, "stop_id": 1011, "stop_code": 1103, "stop_name": "WEST BOYLSTON ST + WILBUR ST", "stop_lat": 42.334291, "stop_lon": -71.789346, "total_stops": 104, "total_weekday_stops": 41, "total_weekday_am_stops": 5, "high_freq": false }, "geometry": { "type": "Point", "coordinates": [ 1291752.852081340039149, 488814.407636479940265 ] } },
{ "type": "Feature", "properties": { "fid": 104, "stop_id": 1019, "stop_code": 1226, "stop_name": "MOUNTAIN ST. EAST + QUINAPOXET LN", "stop_lat": 42.320358, "stop_lon": -71.784932, "total_stops": 46, "total_weekday_stops": 18, "total_weekday_am_stops": 3, "high_freq": false }, "geometry": { "type": "Point", "coordinates": [ 1292871.106365577084944, 483718.900314045546111 ] } },
{ "type": "Feature", "properties": { "fid": 105, "stop_id": 1026, "stop_code": 8730, "stop_name": "East Brookfield Center", "stop_lat": 42.2262, "stop_lon": -72.05016, "total_stops": 8, "total_weekday_stops": 4, "total_weekday_am_stops": 1, "high_freq": false }, "geometry": { "type": "Point", "coordinates": [ 1220526.033414078177884, 450579.604994067223743 ] } },
{ "type": "Feature", "properties": { "fid": 106, "stop_id": 1074, "stop_code": 6565, "stop_name": "Main St at State St", "stop_lat": 42.104026, "stop_lon": -71.866801, "total_stops": 27, "total_weekday_stops": 10, "total_weekday_am_stops": 2, "high_freq": false }, "geometry": { "type": "Point", "coordinates": [ 1269485.762283148011193, 405222.177808089996688 ] } },
{ "type": "Feature", "properties": { "fid": 107, "stop_id": 1073, "stop_code": 6560, "stop_name": "Main St at Holbrook Rd", "stop_lat": 42.097613, "stop_lon": -71.868581, "total_stops": 27, "total_weekday_stops": 10, "total_weekday_am_stops": 2, "high_freq": false }, "geometry": { "type": "Point", "coordinates": [ 1268965.829676197143272, 402892.891370385943446 ] } },
{ "type": "Feature", "properties": { "fid": 108, "stop_id": 1039, "stop_code": 1175, "stop_name": "MILLBURY ST + GRAMMONT RD", "stop_lat": 42.237335, "stop_lon": -71.794893, "total_stops": 42, "total_weekday_stops": 12, "total_weekday_am_stops": 2, "high_freq": false }, "geometry": { "type": "Point", "coordinates": [ 1289724.987641007639468, 453502.590499086887576 ] } },
{ "type": "Feature", "properties": { "fid": 109, "stop_id": 1043, "stop_code": 741, "stop_name": "MILLBURY ST + FIFTH AVE", "stop_lat": 42.240808, "stop_lon": -71.801426, "total_stops": 42, "total_weekday_stops": 12, "total_weekday_am_stops": 2, "high_freq": false }, "geometry": { "type": "Point", "coordinates": [ 1287974.815820443443954, 454794.747811020410154 ] } },
{ "type": "Feature", "properties": { "fid": 110, "stop_id": 1044, "stop_code": 742, "stop_name": "MILLBURY ST + PERRY AVE", "stop_lat": 42.243033, "stop_lon": -71.802356, "total_stops": 42, "total_weekday_stops": 12, "total_weekday_am_stops": 2, "high_freq": false }, "geometry": { "type": "Point", "coordinates": [ 1287735.165083697531372, 455609.382471779012121 ] } },
{ "type": "Feature", "properties": { "fid": 111, "stop_id": 1045, "stop_code": 748, "stop_name": "MILLBURY ST + DIAMOND ST", "stop_lat": 42.244741, "stop_lon": -71.802118, "total_stops": 42, "total_weekday_stops": 12, "total_weekday_am_stops": 2, "high_freq": false }, "geometry": { "type": "Point", "coordinates": [ 1287808.963673533406109, 456230.856954413873609 ] } },
{ "type": "Feature", "properties": { "fid": 112, "stop_id": 1076, "stop_code": 6580, "stop_name": "Main St at Federal Hill", "stop_lat": 42.137286, "stop_lon": -71.866356, "total_stops": 27, "total_weekday_stops": 10, "total_weekday_am_stops": 2, "high_freq": false }, "geometry": { "type": "Point", "coordinates": [ 1269797.613079393981025, 417340.382473771518562 ] } },
{ "type": "Feature", "properties": { "fid": 113, "stop_id": 1077, "stop_code": 6585, "stop_name": "Main St at Plantation", "stop_lat": 42.145616, "stop_lon": -71.865935, "total_stops": 27, "total_weekday_stops": 10, "total_weekday_am_stops": 2, "high_freq": false }, "geometry": { "type": "Point", "coordinates": [ 1269959.643653934588656, 420374.1013711860287 ] } },
{ "type": "Feature", "properties": { "fid": 114, "stop_id": 1078, "stop_code": 6590, "stop_name": "Southbridge St at Old Worcester", "stop_lat": 42.147928, "stop_lon": -71.86909, "total_stops": 27, "total_weekday_stops": 10, "total_weekday_am_stops": 2, "high_freq": false }, "geometry": { "type": "Point", "coordinates": [ 1269117.35327737708576, 421230.115497969964053 ] } },
{ "type": "Feature", "properties": { "fid": 115, "stop_id": 1079, "stop_code": 6595, "stop_name": "Southbridge St at Liecester", "stop_lat": 42.163416, "stop_lon": -71.886486, "total_stops": 27, "total_weekday_stops": 10, "total_weekday_am_stops": 2, "high_freq": false }, "geometry": { "type": "Point", "coordinates": [ 1264490.229096081107855, 426949.07923758222023 ] } },
{ "type": "Feature", "properties": { "fid": 116, "stop_id": 1085, "stop_code": 6205, "stop_name": "Southbridge at 569", "stop_lat": 42.191591, "stop_lon": -71.845099, "total_stops": 47, "total_weekday_stops": 17, "total_weekday_am_stops": 4, "high_freq": false }, "geometry": { "type": "Point", "coordinates": [ 1275870.188719723140821, 437039.628200395207386 ] } },
{ "type": "Feature", "properties": { "fid": 117, "stop_id": 1099, "stop_code": 6170, "stop_name": "Southbridge St at Johnson St", "stop_lat": 42.191828, "stop_lon": -71.845041, "total_stops": 45, "total_weekday_stops": 16, "total_weekday_am_stops": 3, "high_freq": false }, "geometry": { "type": "Point", "coordinates": [ 1275887.246993112377822, 437125.751071701350156 ] } },
{ "type": "Feature", "properties": { "fid": 118, "stop_id": 1102, "stop_code": 6185, "stop_name": "Southbridge St at West St", "stop_lat": 42.182633, "stop_lon": -71.866626, "total_stops": 45, "total_weekday_stops": 16, "total_weekday_am_stops": 3, "high_freq": false }, "geometry": { "type": "Point", "coordinates": [ 1269984.977590997936204, 433866.471915697038639 ] } },
{ "type": "Feature", "properties": { "fid": 119, "stop_id": 1105, "stop_code": 6510, "stop_name": "Southbridge St at Liecester", "stop_lat": 42.163218, "stop_lon": -71.886541, "total_stops": 25, "total_weekday_stops": 9, "total_weekday_am_stops": 2, "high_freq": false }, "geometry": { "type": "Point", "coordinates": [ 1264474.163456593174487, 426877.164641858660616 ] } },
{ "type": "Feature", "properties": { "fid": 120, "stop_id": 1106, "stop_code": 6515, "stop_name": "Main St at Old Worcester", "stop_lat": 42.150963, "stop_lon": -71.872983, "total_stops": 25, "total_weekday_stops": 9, "total_weekday_am_stops": 2, "high_freq": false }, "geometry": { "type": "Point", "coordinates": [ 1268079.176124999066815, 422352.797978040471207 ] } },
{ "type": "Feature", "properties": { "fid": 121, "stop_id": 1107, "stop_code": 6520, "stop_name": "Main St at Plantation", "stop_lat": 42.145281, "stop_lon": -71.865903, "total_stops": 25, "total_weekday_stops": 9, "total_weekday_am_stops": 2, "high_freq": false }, "geometry": { "type": "Point", "coordinates": [ 1269966.397587550571188, 420251.887699575454462 ] } },
{ "type": "Feature", "properties": { "fid": 122, "stop_id": 1108, "stop_code": 6525, "stop_name": "Main St at Federal Hill", "stop_lat": 42.13743, "stop_lon": -71.866563, "total_stops": 25, "total_weekday_stops": 9, "total_weekday_am_stops": 2, "high_freq": false }, "geometry": { "type": "Point", "coordinates": [ 1269742.29721842170693, 417393.742399271577597 ] } },
{ "type": "Feature", "properties": { "fid": 123, "stop_id": 1110, "stop_code": 6540, "stop_name": "Main St at State", "stop_lat": 42.103995, "stop_lon": -71.866911, "total_stops": 25, "total_weekday_stops": 9, "total_weekday_am_stops": 2, "high_freq": false }, "geometry": { "type": "Point", "coordinates": [ 1269455.734097968088463, 405211.352138313523028 ] } },
{ "type": "Feature", "properties": { "fid": 124, "stop_id": 1113, "stop_code": 7005, "stop_name": "Worcester Rd at 75", "stop_lat": 42.070496, "stop_lon": -71.866451, "total_stops": 25, "total_weekday_stops": 9, "total_weekday_am_stops": 2, "high_freq": false }, "geometry": { "type": "Point", "coordinates": [ 1269388.083495796192437, 393002.343094912648667 ] } },
{ "type": "Feature", "properties": { "fid": 125, "stop_id": 1153, "stop_code": 267, "stop_name": "Grafton St at Dana", "stop_lat": 42.25044, "stop_lon": -71.773523, "total_stops": 102, "total_weekday_stops": 36, "total_weekday_am_stops": 4, "high_freq": false }, "geometry": { "type": "Point", "coordinates": [ 1295582.318103856639937, 458192.684341571177356 ] } },
{ "type": "Feature", "properties": { "fid": 126, "stop_id": 1176, "stop_code": 1, "stop_name": "BAILEY ST + ASABET LN", "stop_lat": 42.279702, "stop_lon": -71.876512, "total_stops": 40, "total_weekday_stops": 16, "total_weekday_am_stops": 2, "high_freq": false }, "geometry": { "type": "Point", "coordinates": [ 1267867.42291718092747, 469282.871958584466483 ] } },
{ "type": "Feature", "properties": { "fid": 127, "stop_id": 1178, "stop_code": 881, "stop_name": "PLEASANT ST + EDWIDGE ST", "stop_lat": 42.28043, "stop_lon": -71.87254, "total_stops": 40, "total_weekday_stops": 16, "total_weekday_am_stops": 2, "high_freq": false }, "geometry": { "type": "Point", "coordinates": [ 1268946.545861563179642, 469531.127119812299497 ] } },
{ "type": "Feature", "properties": { "fid": 128, "stop_id": 1180, "stop_code": 849, "stop_name": "PLEASANT ST + PROUTY LN", "stop_lat": 42.2802, "stop_lon": -71.86938, "total_stops": 40, "total_weekday_stops": 16, "total_weekday_am_stops": 2, "high_freq": false }, "geometry": { "type": "Point", "coordinates": [ 1269800.386112457374111, 469433.779792274464853 ] } },
{ "type": "Feature", "properties": { "fid": 129, "stop_id": 1181, "stop_code": 850, "stop_name": "PLEASANT ST + JOPPA RD", "stop_lat": 42.279596, "stop_lon": -71.867575, "total_stops": 40, "total_weekday_stops": 16, "total_weekday_am_stops": 2, "high_freq": false }, "geometry": { "type": "Point", "coordinates": [ 1270285.386745138792321, 469205.950791475595906 ] } },
{ "type": "Feature", "properties": { "fid": 130, "stop_id": 1193, "stop_code": 166, "stop_name": "CHANDLER ST + HUNTHURST CIRCLE", "stop_lat": 42.271926, "stop_lon": -71.847585, "total_stops": 57, "total_weekday_stops": 17, "total_weekday_am_stops": 2, "high_freq": false }, "geometry": { "type": "Point", "coordinates": [ 1275651.733534588711336, 466326.024696003762074 ] } },
{ "type": "Feature", "properties": { "fid": 131, "stop_id": 1194, "stop_code": 168, "stop_name": "CHANDLER ST + WORCESTER STATE UNIVERSITY", "stop_lat": 42.2684, "stop_lon": -71.841106, "total_stops": 57, "total_weekday_stops": 17, "total_weekday_am_stops": 2, "high_freq": false }, "geometry": { "type": "Point", "coordinates": [ 1277385.44654580601491, 465013.842748490569647 ] } },
{ "type": "Feature", "properties": { "fid": 132, "stop_id": 1195, "stop_code": 169, "stop_name": "CHANDLER ST + HAMILL RD", "stop_lat": 42.266986, "stop_lon": -71.839096, "total_stops": 57, "total_weekday_stops": 17, "total_weekday_am_stops": 2, "high_freq": false }, "geometry": { "type": "Point", "coordinates": [ 1277921.538458766415715, 464490.126515543379355 ] } },
{ "type": "Feature", "properties": { "fid": 133, "stop_id": 1227, "stop_code": 150, "stop_name": "CHANDLER ST + WORCESTER STATE UNIVERSITY", "stop_lat": 42.268961, "stop_lon": -71.841207, "total_stops": 57, "total_weekday_stops": 17, "total_weekday_am_stops": 2, "high_freq": false }, "geometry": { "type": "Point", "coordinates": [ 1277361.272572291083634, 465218.710726908524521 ] } },
{ "type": "Feature", "properties": { "fid": 134, "stop_id": 1228, "stop_code": 152, "stop_name": "CHANDLER ST + HUNTHURST CIRCLE", "stop_lat": 42.272008, "stop_lon": -71.847361, "total_stops": 57, "total_weekday_stops": 17, "total_weekday_am_stops": 2, "high_freq": false }, "geometry": { "type": "Point", "coordinates": [ 1275712.825681755552068, 466354.965235680923797 ] } },
{ "type": "Feature", "properties": { "fid": 135, "stop_id": 1241, "stop_code": 775, "stop_name": "MOWER ST + PLEASANT ST 2", "stop_lat": 42.27937, "stop_lon": -71.866308, "total_stops": 40, "total_weekday_stops": 16, "total_weekday_am_stops": 2, "high_freq": false }, "geometry": { "type": "Point", "coordinates": [ 1270626.97067740582861, 469118.181282804522198 ] } },
{ "type": "Feature", "properties": { "fid": 136, "stop_id": 1243, "stop_code": 840, "stop_name": "PLEASANT ST + BAXTER ST", "stop_lat": 42.28019, "stop_lon": -71.86894, "total_stops": 40, "total_weekday_stops": 16, "total_weekday_am_stops": 2, "high_freq": false }, "geometry": { "type": "Point", "coordinates": [ 1269919.402578645851463, 469428.254241345392074 ] } },
{ "type": "Feature", "properties": { "fid": 137, "stop_id": 1245, "stop_code": 842, "stop_name": "PLEASANT ST + EDWIDGE ST", "stop_lat": 42.28059, "stop_lon": -71.8723, "total_stops": 40, "total_weekday_stops": 16, "total_weekday_am_stops": 2, "high_freq": false }, "geometry": { "type": "Point", "coordinates": [ 1269012.418398296926171, 469588.407227205170784 ] } },
{ "type": "Feature", "properties": { "fid": 138, "stop_id": 1246, "stop_code": 843, "stop_name": "PLEASANT ST + 1341 PLEASANT ST", "stop_lat": 42.28099, "stop_lon": -71.87484, "total_stops": 40, "total_weekday_stops": 16, "total_weekday_am_stops": 2, "high_freq": false }, "geometry": { "type": "Point", "coordinates": [ 1268327.353806926868856, 469745.073784386913758 ] } },
{ "type": "Feature", "properties": { "fid": 139, "stop_id": 1248, "stop_code": 1020, "stop_name": "SUNNY VIEW HEIGHTS + PLEASANT ST", "stop_lat": 42.28303, "stop_lon": -71.88018, "total_stops": 63, "total_weekday_stops": 26, "total_weekday_am_stops": 4, "high_freq": false }, "geometry": { "type": "Point", "coordinates": [ 1266894.088104829890653, 470511.479524537513498 ] } },
{ "type": "Feature", "properties": { "fid": 140, "stop_id": 1249, "stop_code": 1259, "stop_name": "Outlook Dr at Swan Ave", "stop_lat": 42.257882, "stop_lon": -71.854702, "total_stops": 168, "total_weekday_stops": 60, "total_weekday_am_stops": 8, "high_freq": false }, "geometry": { "type": "Point", "coordinates": [ 1273645.451224121032283, 461238.031855226727203 ] } },
{ "type": "Feature", "properties": { "fid": 141, "stop_id": 1250, "stop_code": 1137, "stop_name": "Williamsburg Dr at 69 Outlook", "stop_lat": 42.257556, "stop_lon": -71.853238, "total_stops": 86, "total_weekday_stops": 31, "total_weekday_am_stops": 4, "high_freq": false }, "geometry": { "type": "Point", "coordinates": [ 1274039.926341208396479, 461113.036542049027048 ] } },
{ "type": "Feature", "properties": { "fid": 142, "stop_id": 1251, "stop_code": 1184, "stop_name": "Outlook Dr at  23 Outlook", "stop_lat": 42.257193, "stop_lon": -71.850874, "total_stops": 86, "total_weekday_stops": 31, "total_weekday_am_stops": 4, "high_freq": false }, "geometry": { "type": "Point", "coordinates": [ 1274677.843628098489717, 460970.764826280006673 ] } },
{ "type": "Feature", "properties": { "fid": 143, "stop_id": 1258, "stop_code": 728, "stop_name": "Mill St at Plaza entr", "stop_lat": 42.250143, "stop_lon": -71.841681, "total_stops": 86, "total_weekday_stops": 31, "total_weekday_am_stops": 4, "high_freq": false }, "geometry": { "type": "Point", "coordinates": [ 1277126.802413932513446, 458362.892407242557965 ] } },
{ "type": "Feature", "properties": { "fid": 144, "stop_id": 1259, "stop_code": 729, "stop_name": "Mill St at Gates", "stop_lat": 42.249231, "stop_lon": -71.839596, "total_stops": 86, "total_weekday_stops": 31, "total_weekday_am_stops": 4, "high_freq": false }, "geometry": { "type": "Point", "coordinates": [ 1277686.179853715468198, 458021.80250677181175 ] } },
{ "type": "Feature", "properties": { "fid": 145, "stop_id": 1267, "stop_code": 565, "stop_name": "LOVELL ST + MAYWOOD ST", "stop_lat": 42.254175, "stop_lon": -71.832548, "total_stops": 86, "total_weekday_stops": 31, "total_weekday_am_stops": 4, "high_freq": false }, "geometry": { "type": "Point", "coordinates": [ 1279622.162815947784111, 459794.110466085083317 ] } },
{ "type": "Feature", "properties": { "fid": 146, "stop_id": 1296, "stop_code": 715, "stop_name": "MAYWOOD ST + BEAVER BROOK PKWY", "stop_lat": 42.253991, "stop_lon": -71.830536, "total_stops": 74, "total_weekday_stops": 25, "total_weekday_am_stops": 2, "high_freq": false }, "geometry": { "type": "Point", "coordinates": [ 1280165.850245746318251, 459718.686242552590556 ] } },
{ "type": "Feature", "properties": { "fid": 147, "stop_id": 1297, "stop_code": 716, "stop_name": "MAYWOOD ST + LOVELL ST", "stop_lat": 42.254413, "stop_lon": -71.832238, "total_stops": 74, "total_weekday_stops": 25, "total_weekday_am_stops": 2, "high_freq": false }, "geometry": { "type": "Point", "coordinates": [ 1279707.423715825891122, 459879.553888473077677 ] } },
{ "type": "Feature", "properties": { "fid": 148, "stop_id": 1304, "stop_code": 719, "stop_name": "Mill St at plaza entr", "stop_lat": 42.250106, "stop_lon": -71.841465, "total_stops": 82, "total_weekday_stops": 29, "total_weekday_am_stops": 4, "high_freq": false }, "geometry": { "type": "Point", "coordinates": [ 1277185.075808748370036, 458348.50328853429528 ] } },
{ "type": "Feature", "properties": { "fid": 149, "stop_id": 1309, "stop_code": 1136, "stop_name": "Williamsburg Dr at 26- 28 Williamsburg", "stop_lat": 42.257229, "stop_lon": -71.851054, "total_stops": 82, "total_weekday_stops": 29, "total_weekday_am_stops": 4, "high_freq": false }, "geometry": { "type": "Point", "coordinates": [ 1274629.318481631809846, 460984.643844260601327 ] } },
{ "type": "Feature", "properties": { "fid": 150, "stop_id": 1310, "stop_code": 787, "stop_name": "Outlook Dr at Rental Office", "stop_lat": 42.257416, "stop_lon": -71.852631, "total_stops": 82, "total_weekday_stops": 29, "total_weekday_am_stops": 4, "high_freq": false }, "geometry": { "type": "Point", "coordinates": [ 1274203.456330327084288, 461059.451355232449714 ] } },
{ "type": "Feature", "properties": { "fid": 151, "stop_id": 1361, "stop_code": 4525, "stop_name": "MAPLE AVE + COMMONWEALTH AVE", "stop_lat": 42.28273, "stop_lon": -71.732746, "total_stops": 34, "total_weekday_stops": 13, "total_weekday_am_stops": 1, "high_freq": false }, "geometry": { "type": "Point", "coordinates": [ 1306790.221537620062009, 469800.671952880977187 ] } },
{ "type": "Feature", "properties": { "fid": 152, "stop_id": 1362, "stop_code": 4530, "stop_name": "MAPLE AVE + OAK ST", "stop_lat": 42.285701, "stop_lon": -71.727866, "total_stops": 34, "total_weekday_stops": 13, "total_weekday_am_stops": 1, "high_freq": false }, "geometry": { "type": "Point", "coordinates": [ 1308126.181436573155224, 470864.672012744122185 ] } },
{ "type": "Feature", "properties": { "fid": 153, "stop_id": 1366, "stop_code": 4550, "stop_name": "MAIN ST + SUMMER ST", "stop_lat": 42.296446, "stop_lon": -71.709549, "total_stops": 34, "total_weekday_stops": 13, "total_weekday_am_stops": 1, "high_freq": false }, "geometry": { "type": "Point", "coordinates": [ 1313137.538618506630883, 474710.888321554171853 ] } },
{ "type": "Feature", "properties": { "fid": 154, "stop_id": 1367, "stop_code": 4555, "stop_name": "MAIN ST + FRANCIS ST", "stop_lat": 42.296087, "stop_lon": -71.706073, "total_stops": 34, "total_weekday_stops": 13, "total_weekday_am_stops": 1, "high_freq": false }, "geometry": { "type": "Point", "coordinates": [ 1314076.191244625253603, 474566.946213066810742 ] } },
{ "type": "Feature", "properties": { "fid": 155, "stop_id": 1368, "stop_code": 4560, "stop_name": "MAIN ST + SOUTH ST", "stop_lat": 42.295525, "stop_lon": -71.703553, "total_stops": 34, "total_weekday_stops": 13, "total_weekday_am_stops": 1, "high_freq": false }, "geometry": { "type": "Point", "coordinates": [ 1314755.167110820999369, 474352.650706124026328 ] } },
{ "type": "Feature", "properties": { "fid": 156, "stop_id": 1371, "stop_code": 4087, "stop_name": "NORTH MAIN ST + MARTIN ST", "stop_lat": 42.198139, "stop_lon": -71.766743, "total_stops": 84, "total_weekday_stops": 24, "total_weekday_am_stops": 3, "high_freq": false }, "geometry": { "type": "Point", "coordinates": [ 1297139.42140623438172, 439105.881525012722705 ] } },
{ "type": "Feature", "properties": { "fid": 157, "stop_id": 1406, "stop_code": 3093, "stop_name": "Rt 20 and L Stevens Rd Inbound", "stop_lat": 42.144208, "stop_lon": -71.963202, "total_stops": 20, "total_weekday_stops": 7, "total_weekday_am_stops": 1, "high_freq": false }, "geometry": { "type": "Point", "coordinates": [ 1243573.493036973057315, 420291.586375514802057 ] } },
{ "type": "Feature", "properties": { "fid": 158, "stop_id": 1407, "stop_code": 3094, "stop_name": "Rt 20 and Old Worcester Rd", "stop_lat": 42.147102, "stop_lon": -71.940075, "total_stops": 20, "total_weekday_stops": 7, "total_weekday_am_stops": 1, "high_freq": false }, "geometry": { "type": "Point", "coordinates": [ 1249862.838327094446868, 421241.1114219558076 ] } },
{ "type": "Feature", "properties": { "fid": 159, "stop_id": 1408, "stop_code": 3095, "stop_name": "Rt 20 and Richardson Corner Rd", "stop_lat": 42.150208, "stop_lon": -71.92507, "total_stops": 20, "total_weekday_stops": 7, "total_weekday_am_stops": 1, "high_freq": false }, "geometry": { "type": "Point", "coordinates": [ 1253950.495209948858246, 422305.688664001529105 ] } },
{ "type": "Feature", "properties": { "fid": 160, "stop_id": 1409, "stop_code": 3096, "stop_name": "Rt 20 and Bay Path Rd", "stop_lat": 42.154158, "stop_lon": -71.914222, "total_stops": 20, "total_weekday_stops": 7, "total_weekday_am_stops": 1, "high_freq": false }, "geometry": { "type": "Point", "coordinates": [ 1256915.602990315761417, 423696.905086293176282 ] } },
{ "type": "Feature", "properties": { "fid": 161, "stop_id": 1412, "stop_code": 3099, "stop_name": "Rt 20 and Turner Rd Inbound", "stop_lat": 42.168423, "stop_lon": -71.885485, "total_stops": 20, "total_weekday_stops": 7, "total_weekday_am_stops": 1, "high_freq": false }, "geometry": { "type": "Point", "coordinates": [ 1264790.783985522342846, 428769.34174134163186 ] } },
{ "type": "Feature", "properties": { "fid": 162, "stop_id": 1415, "stop_code": 3059, "stop_name": "SOUTHBRIDGE RD + Turner Rd Outbound", "stop_lat": 42.168273, "stop_lon": -71.88632, "total_stops": 20, "total_weekday_stops": 7, "total_weekday_am_stops": 1, "high_freq": false }, "geometry": { "type": "Point", "coordinates": [ 1264563.547765086172149, 428718.300176776945591 ] } },
{ "type": "Feature", "properties": { "fid": 163, "stop_id": 1417, "stop_code": 3061, "stop_name": "Rt 20 Entering Charlton", "stop_lat": 42.154858, "stop_lon": -71.909605, "total_stops": 20, "total_weekday_stops": 7, "total_weekday_am_stops": 1, "high_freq": false }, "geometry": { "type": "Point", "coordinates": [ 1258171.654636803083122, 423931.593422625679523 ] } },
{ "type": "Feature", "properties": { "fid": 164, "stop_id": 1420, "stop_code": 3064, "stop_name": "Rt 20 and Northside Rd", "stop_lat": 42.144375, "stop_lon": -71.963185, "total_stops": 20, "total_weekday_stops": 7, "total_weekday_am_stops": 1, "high_freq": false }, "geometry": { "type": "Point", "coordinates": [ 1243579.130754739511758, 420352.363632678519934 ] } },
{ "type": "Feature", "properties": { "fid": 165, "stop_id": 1414, "stop_code": 3101, "stop_name": "McGrath Blvd and Mrytle St", "stop_lat": 42.25857, "stop_lon": -71.800577, "total_stops": 20, "total_weekday_stops": 7, "total_weekday_am_stops": 1, "high_freq": false }, "geometry": { "type": "Point", "coordinates": [ 1288301.861543381586671, 461264.283454292744864 ] } },
{ "type": "Feature", "properties": { "fid": 166, "stop_id": 1508, "stop_code": 3103, "stop_name": "Franklin St + Church St", "stop_lat": 42.26111, "stop_lon": -71.79987, "total_stops": 275, "total_weekday_stops": 99, "total_weekday_am_stops": 12, "high_freq": true }, "geometry": { "type": "Point", "coordinates": [ 1288507.142737198621035, 462187.065631527744699 ] } },
{ "type": "Feature", "properties": { "fid": 167, "stop_id": 1527, "stop_code": 3144, "stop_name": "CHANDLER ST + MAY", "stop_lat": 42.267323, "stop_lon": -71.839473, "total_stops": 111, "total_weekday_stops": 39, "total_weekday_am_stops": 4, "high_freq": false }, "geometry": { "type": "Point", "coordinates": [ 1277821.390410062391311, 464614.516230149660259 ] } },
{ "type": "Feature", "properties": { "fid": 168, "stop_id": 1642, "stop_code": 3543, "stop_name": "Heywood and Houghton St", "stop_lat": 42.2479, "stop_lon": -71.78449, "total_stops": 63, "total_weekday_stops": 21, "total_weekday_am_stops": 3, "high_freq": false }, "geometry": { "type": "Point", "coordinates": [ 1292599.258366115158424, 457310.855725043395068 ] } },
{ "type": "Feature", "properties": { "fid": 169, "stop_id": 1683, "stop_code": 3583, "stop_name": "Lakeway Commons Inbound", "stop_lat": 42.27633, "stop_lon": -71.747222, "total_stops": 34, "total_weekday_stops": 13, "total_weekday_am_stops": 2, "high_freq": false }, "geometry": { "type": "Point", "coordinates": [ 1302839.184618195984513, 467524.326746069535147 ] } },
{ "type": "Feature", "properties": { "fid": 170, "stop_id": 1749, "stop_code": 3604, "stop_name": "Neponset St + Reliant Medical", "stop_lat": 42.298239, "stop_lon": -71.802093, "total_stops": 40, "total_weekday_stops": 20, "total_weekday_am_stops": 2, "high_freq": false }, "geometry": { "type": "Point", "coordinates": [ 1288108.667040043510497, 475727.159119349962566 ] } },
{ "type": "Feature", "properties": { "fid": 171, "stop_id": 216, "stop_code": 55, "stop_name": "BURNCOAT ST + BURNCOAT HIGH SCHOOL", "stop_lat": 42.29651, "stop_lon": -71.789743, "total_stops": 40, "total_weekday_stops": 24, "total_weekday_am_stops": 3, "high_freq": false }, "geometry": { "type": "Point", "coordinates": [ 1291440.58765312936157, 475047.081876707088668 ] } },
{ "type": "Feature", "properties": { "fid": 172, "stop_id": 249, "stop_code": 4580, "stop_name": "SOUTH ST + MAIN ST", "stop_lat": 42.295158, "stop_lon": -71.703301, "total_stops": 34, "total_weekday_stops": 13, "total_weekday_am_stops": 2, "high_freq": false }, "geometry": { "type": "Point", "coordinates": [ 1314821.492643672041595, 474217.953576778410934 ] } },
{ "type": "Feature", "properties": { "fid": 173, "stop_id": 282, "stop_code": 924, "stop_name": "SHREWSBURY ST + ENVELOPE TER", "stop_lat": 42.26836, "stop_lon": -71.780525, "total_stops": 34, "total_weekday_stops": 13, "total_weekday_am_stops": 1, "high_freq": false }, "geometry": { "type": "Point", "coordinates": [ 1293783.007408163277432, 464751.237705288047437 ] } },
{ "type": "Feature", "properties": { "fid": 174, "stop_id": 325, "stop_code": 425, "stop_name": "Hamilton St + Park Road Rmtramce", "stop_lat": 42.260143, "stop_lon": -71.754637, "total_stops": 52, "total_weekday_stops": 21, "total_weekday_am_stops": 3, "high_freq": false }, "geometry": { "type": "Point", "coordinates": [ 1300746.951079841703176, 461654.188505499798339 ] } },
{ "type": "Feature", "properties": { "fid": 175, "stop_id": 326, "stop_code": 426, "stop_name": "Hamilton St + Coburn Ave", "stop_lat": 42.25983, "stop_lon": -71.75848, "total_stops": 52, "total_weekday_stops": 21, "total_weekday_am_stops": 3, "high_freq": false }, "geometry": { "type": "Point", "coordinates": [ 1299704.946609464706853, 461555.205457754782401 ] } },
{ "type": "Feature", "properties": { "fid": 176, "stop_id": 331, "stop_code": 417, "stop_name": "Hamilton St + Harold St", "stop_lat": 42.25893, "stop_lon": -71.76593, "total_stops": 52, "total_weekday_stops": 21, "total_weekday_am_stops": 3, "high_freq": false }, "geometry": { "type": "Point", "coordinates": [ 1297683.339663266204298, 461256.590350683196448 ] } },
{ "type": "Feature", "properties": { "fid": 177, "stop_id": 358, "stop_code": 395, "stop_name": "Hamilton St + Warner Ave", "stop_lat": 42.256328, "stop_lon": -71.772817, "total_stops": 64, "total_weekday_stops": 27, "total_weekday_am_stops": 5, "high_freq": false }, "geometry": { "type": "Point", "coordinates": [ 1295804.984659199602902, 460335.647446839138865 ] } },
{ "type": "Feature", "properties": { "fid": 178, "stop_id": 379, "stop_code": 1205, "stop_name": "Plantation St + Notre Dame", "stop_lat": 42.28787, "stop_lon": -71.76201, "total_stops": 52, "total_weekday_stops": 21, "total_weekday_am_stops": 3, "high_freq": false }, "geometry": { "type": "Point", "coordinates": [ 1298898.137657433282584, 471787.866703382984269 ] } },
{ "type": "Feature", "properties": { "fid": 179, "stop_id": 380, "stop_code": 785, "stop_name": "Plantation St + Natural History Rd", "stop_lat": 42.290216, "stop_lon": -71.760312, "total_stops": 52, "total_weekday_stops": 21, "total_weekday_am_stops": 3, "high_freq": false }, "geometry": { "type": "Point", "coordinates": [ 1299370.042812752304599, 472636.151365008321591 ] } },
{ "type": "Feature", "properties": { "fid": 180, "stop_id": 389, "stop_code": 1151, "stop_name": "WORCESTER AIRPORT", "stop_lat": 42.26946, "stop_lon": -71.87023, "total_stops": 34, "total_weekday_stops": 12, "total_weekday_am_stops": 0, "high_freq": false }, "geometry": { "type": "Point", "coordinates": [ 1269508.47155033913441, 465523.453644634515513 ] } },
{ "type": "Feature", "properties": { "fid": 181, "stop_id": 1769, "stop_code": 3624, "stop_name": "Blythewood St at Blyethwood Terr", "stop_lat": 42.236243, "stop_lon": -71.764516, "total_stops": 72, "total_weekday_stops": 21, "total_weekday_am_stops": 3, "high_freq": false }, "geometry": { "type": "Point", "coordinates": [ 1297945.494691650616005, 452983.15882824419532 ] } },
{ "type": "Feature", "properties": { "fid": 182, "stop_id": 1798, "stop_code": 3634, "stop_name": "Sunderland Rd OPP Atlas St", "stop_lat": 42.24111, "stop_lon": -71.75083, "total_stops": 30, "total_weekday_stops": 15, "total_weekday_am_stops": 1, "high_freq": false }, "geometry": { "type": "Point", "coordinates": [ 1301677.44052695389837, 454703.053045090986416 ] } },
{ "type": "Feature", "properties": { "fid": 183, "stop_id": 478, "stop_code": 590, "stop_name": "Main St at Gould Hill", "stop_lat": 42.240441, "stop_lon": -71.859998, "total_stops": 49, "total_weekday_stops": 13, "total_weekday_am_stops": 2, "high_freq": false }, "geometry": { "type": "Point", "coordinates": [ 1272111.98711361316964, 454904.550852152868174 ] } },
{ "type": "Feature", "properties": { "fid": 184, "stop_id": 503, "stop_code": 860, "stop_name": "PLEASANT ST + LENOX ST", "stop_lat": 42.275056, "stop_lon": -71.833563, "total_stops": 40, "total_weekday_stops": 16, "total_weekday_am_stops": 2, "high_freq": false }, "geometry": { "type": "Point", "coordinates": [ 1279464.466736605856568, 467407.984595703193918 ] } },
{ "type": "Feature", "properties": { "fid": 185, "stop_id": 505, "stop_code": 882, "stop_name": "PLEASANT ST + HAWDEN LN", "stop_lat": 42.271975, "stop_lon": -71.83018, "total_stops": 40, "total_weekday_stops": 16, "total_weekday_am_stops": 2, "high_freq": false }, "geometry": { "type": "Point", "coordinates": [ 1280362.828757756622508, 466271.101438067329582 ] } },
{ "type": "Feature", "properties": { "fid": 186, "stop_id": 508, "stop_code": 864, "stop_name": "PLEASANT ST + JUNE ST", "stop_lat": 42.269975, "stop_lon": -71.8259, "total_stops": 40, "total_weekday_stops": 16, "total_weekday_am_stops": 2, "high_freq": false }, "geometry": { "type": "Point", "coordinates": [ 1281510.099509423598647, 465524.487676449120045 ] } },
{ "type": "Feature", "properties": { "fid": 187, "stop_id": 540, "stop_code": 824, "stop_name": "PLEASANT ST + GREENLEAF TER", "stop_lat": 42.270628, "stop_lon": -71.827786, "total_stops": 40, "total_weekday_stops": 16, "total_weekday_am_stops": 2, "high_freq": false }, "geometry": { "type": "Point", "coordinates": [ 1281003.266054548555985, 465770.276601635327097 ] } },
{ "type": "Feature", "properties": { "fid": 188, "stop_id": 547, "stop_code": 830, "stop_name": "PLEASANT ST + FLAGG ST", "stop_lat": 42.27741, "stop_lon": -71.83827, "total_stops": 40, "total_weekday_stops": 16, "total_weekday_am_stops": 1, "high_freq": false }, "geometry": { "type": "Point", "coordinates": [ 1278203.78346218355, 468285.492901240068022 ] } },
{ "type": "Feature", "properties": { "fid": 189, "stop_id": 571, "stop_code": 670, "stop_name": "MASSASOIT RD + BLITHEWOOD AVE 1", "stop_lat": 42.235896, "stop_lon": -71.76498, "total_stops": 72, "total_weekday_stops": 21, "total_weekday_am_stops": 2, "high_freq": false }, "geometry": { "type": "Point", "coordinates": [ 1297817.991793892346323, 452858.535810873378068 ] } },
{ "type": "Feature", "properties": { "fid": 190, "stop_id": 643, "stop_code": 987, "stop_name": "St. Nicholas Ave at 194 St. Nicholas", "stop_lat": 42.309393, "stop_lon": -71.7807, "total_stops": 83, "total_weekday_stops": 28, "total_weekday_am_stops": 4, "high_freq": false }, "geometry": { "type": "Point", "coordinates": [ 1293956.630079020978883, 479705.863382267649285 ] } },
{ "type": "Feature", "properties": { "fid": 191, "stop_id": 687, "stop_code": 978, "stop_name": "St. Nicholas Ave at Country Club Blvd", "stop_lat": 42.303321, "stop_lon": -71.775216, "total_stops": 87, "total_weekday_stops": 30, "total_weekday_am_stops": 4, "high_freq": false }, "geometry": { "type": "Point", "coordinates": [ 1295407.514027547324076, 477471.109319400391541 ] } },
{ "type": "Feature", "properties": { "fid": 192, "stop_id": 692, "stop_code": 982, "stop_name": "St. Nicholas Ave at 191 St. Nicholas", "stop_lat": 42.309393, "stop_lon": -71.78051, "total_stops": 87, "total_weekday_stops": 30, "total_weekday_am_stops": 4, "high_freq": false }, "geometry": { "type": "Point", "coordinates": [ 1294008.02589116897434, 479705.103904433490243 ] } },
{ "type": "Feature", "properties": { "fid": 193, "stop_id": 699, "stop_code": 1261, "stop_name": "RESEARCH DR + INNOVATION DR", "stop_lat": 42.276675, "stop_lon": -71.767452, "total_stops": 60, "total_weekday_stops": 29, "total_weekday_am_stops": 4, "high_freq": false }, "geometry": { "type": "Point", "coordinates": [ 1297365.887910960242152, 467729.492986525467131 ] } },
{ "type": "Feature", "properties": { "fid": 194, "stop_id": 700, "stop_code": 1252, "stop_name": "WORCESTER STATE HOSPITAL", "stop_lat": 42.278416, "stop_lon": -71.769544, "total_stops": 60, "total_weekday_stops": 29, "total_weekday_am_stops": 4, "high_freq": false }, "geometry": { "type": "Point", "coordinates": [ 1296808.998762961244211, 468372.26241586060496 ] } },
{ "type": "Feature", "properties": { "fid": 195, "stop_id": 735, "stop_code": 1258, "stop_name": "RESEARCH DR + INNOVATION DR", "stop_lat": 42.276507, "stop_lon": -71.76767, "total_stops": 62, "total_weekday_stops": 31, "total_weekday_am_stops": 4, "high_freq": false }, "geometry": { "type": "Point", "coordinates": [ 1297305.992270001908764, 467669.130811728071421 ] } },
{ "type": "Feature", "properties": { "fid": 196, "stop_id": 737, "stop_code": 1214, "stop_name": "SEABURY HEIGHTS", "stop_lat": 42.272271, "stop_lon": -71.78155, "total_stops": 98, "total_weekday_stops": 39, "total_weekday_am_stops": 8, "high_freq": false }, "geometry": { "type": "Point", "coordinates": [ 1293526.640936778392643, 466180.638191284728236 ] } },
{ "type": "Feature", "properties": { "fid": 197, "stop_id": 747, "stop_code": 1217, "stop_name": "Southbridge St at 982", "stop_lat": 42.232955, "stop_lon": -71.81841, "total_stops": 47, "total_weekday_stops": 17, "total_weekday_am_stops": 3, "high_freq": false }, "geometry": { "type": "Point", "coordinates": [ 1283332.158287259750068, 452002.429434886202216 ] } },
{ "type": "Feature", "properties": { "fid": 198, "stop_id": 1864, "stop_code": 9078, "stop_name": "Amazon Distribution Center", "stop_lat": 42.140518, "stop_lon": -72.002493, "total_stops": 8, "total_weekday_stops": 4, "total_weekday_am_stops": 0, "high_freq": false }, "geometry": { "type": "Point", "coordinates": [ 1232894.902360163396224, 419129.279442192462739 ] } },
{ "type": "Feature", "properties": { "fid": 199, "stop_id": 748, "stop_code": 961, "stop_name": "Southbridge St at Malvern", "stop_lat": 42.235522, "stop_lon": -71.816451, "total_stops": 47, "total_weekday_stops": 17, "total_weekday_am_stops": 3, "high_freq": false }, "geometry": { "type": "Point", "coordinates": [ 1283876.913065229542553, 452929.844290312437806 ] } },
{ "type": "Feature", "properties": { "fid": 200, "stop_id": 771, "stop_code": 6215, "stop_name": "Southbridge St at Hampton St", "stop_lat": 42.211976, "stop_lon": -71.828841, "total_stops": 47, "total_weekday_stops": 17, "total_weekday_am_stops": 2, "high_freq": false }, "geometry": { "type": "Point", "coordinates": [ 1280389.966785649536178, 444400.350061645673122 ] } },
{ "type": "Feature", "properties": { "fid": 201, "stop_id": 772, "stop_code": 6220, "stop_name": "Southbridge St at Sword St", "stop_lat": 42.222964, "stop_lon": -71.823448, "total_stops": 47, "total_weekday_stops": 17, "total_weekday_am_stops": 3, "high_freq": false }, "geometry": { "type": "Point", "coordinates": [ 1281912.145116732688621, 448382.265764653740916 ] } },
{ "type": "Feature", "properties": { "fid": 202, "stop_id": 780, "stop_code": 115, "stop_name": "32 Canterbury St", "stop_lat": 42.250012, "stop_lon": -71.81265, "total_stops": 20, "total_weekday_stops": 10, "total_weekday_am_stops": 1, "high_freq": false }, "geometry": { "type": "Point", "coordinates": [ 1284986.258200398646295, 458194.778489812160842 ] } },
{ "type": "Feature", "properties": { "fid": 203, "stop_id": 795, "stop_code": 1229, "stop_name": "Southbridge St at 982", "stop_lat": 42.233181, "stop_lon": -71.818546, "total_stops": 45, "total_weekday_stops": 16, "total_weekday_am_stops": 2, "high_freq": false }, "geometry": { "type": "Point", "coordinates": [ 1283296.579335849732161, 452085.349888538825326 ] } },
{ "type": "Feature", "properties": { "fid": 204, "stop_id": 820, "stop_code": 1023, "stop_name": "TACOMA ST + GREAT BROOK VALLEY AVE 1", "stop_lat": 42.302795, "stop_lon": -71.766289, "total_stops": 110, "total_weekday_stops": 41, "total_weekday_am_stops": 4, "high_freq": false }, "geometry": { "type": "Point", "coordinates": [ 1297819.736639326205477, 477244.001692958525382 ] } },
{ "type": "Feature", "properties": { "fid": 205, "stop_id": 826, "stop_code": 1030, "stop_name": "TACOMA ST + GREAT BROOK VALLEY AVE 1", "stop_lat": 42.302558, "stop_lon": -71.766005, "total_stops": 116, "total_weekday_stops": 43, "total_weekday_am_stops": 3, "high_freq": false }, "geometry": { "type": "Point", "coordinates": [ 1297895.306148822652176, 477156.506952974246815 ] } },
{ "type": "Feature", "properties": { "fid": 206, "stop_id": 832, "stop_code": 1028, "stop_name": "Tacoma St + Constitution Ave", "stop_lat": 42.3072, "stop_lon": -71.77451, "total_stops": 159, "total_weekday_stops": 60, "total_weekday_am_stops": 7, "high_freq": false }, "geometry": { "type": "Point", "coordinates": [ 1295619.298547371989116, 478881.961076422128826 ] } },
{ "type": "Feature", "properties": { "fid": 207, "stop_id": 843, "stop_code": 949, "stop_name": "SOUTH LUDLOW ST + LAURIER ST", "stop_lat": 42.23097, "stop_lon": -71.84933, "total_stops": 71, "total_weekday_stops": 27, "total_weekday_am_stops": 3, "high_freq": false }, "geometry": { "type": "Point", "coordinates": [ 1274947.0424359284807, 451407.938150004774798 ] } },
{ "type": "Feature", "properties": { "fid": 208, "stop_id": 844, "stop_code": 479, "stop_name": "JAMES ST + 70 JAMES ST", "stop_lat": 42.23244, "stop_lon": -71.84955, "total_stops": 71, "total_weekday_stops": 27, "total_weekday_am_stops": 3, "high_freq": false }, "geometry": { "type": "Point", "coordinates": [ 1274895.802001975476742, 451944.567658929678146 ] } },
{ "type": "Feature", "properties": { "fid": 209, "stop_id": 859, "stop_code": 996, "stop_name": "STAFFORD ST + CURTIS PKWY", "stop_lat": 42.240567, "stop_lon": -71.842073, "total_stops": 76, "total_weekday_stops": 29, "total_weekday_am_stops": 2, "high_freq": false }, "geometry": { "type": "Point", "coordinates": [ 1276966.624589079525322, 454874.796295558859129 ] } },
{ "type": "Feature", "properties": { "fid": 210, "stop_id": 866, "stop_code": 1234, "stop_name": "JAMES ST + 70 JAMES ST", "stop_lat": 42.23241, "stop_lon": -71.84973, "total_stops": 76, "total_weekday_stops": 29, "total_weekday_am_stops": 2, "high_freq": false }, "geometry": { "type": "Point", "coordinates": [ 1274846.883302524453029, 451934.394164246099535 ] } },
{ "type": "Feature", "properties": { "fid": 211, "stop_id": 880, "stop_code": 700, "stop_name": "MAY ST + UNDERWOOD ST", "stop_lat": 42.26416, "stop_lon": -71.83786, "total_stops": 54, "total_weekday_stops": 22, "total_weekday_am_stops": 3, "high_freq": false }, "geometry": { "type": "Point", "coordinates": [ 1278240.199727122206241, 463455.082549073093105 ] } },
{ "type": "Feature", "properties": { "fid": 212, "stop_id": 891, "stop_code": 451, "stop_name": "HIGHLAND ST + NEWTON SQ", "stop_lat": 42.269842, "stop_lon": -71.824186, "total_stops": 54, "total_weekday_stops": 22, "total_weekday_am_stops": 3, "high_freq": false }, "geometry": { "type": "Point", "coordinates": [ 1281973.283747099339962, 465468.925031857099384 ] } },
{ "type": "Feature", "properties": { "fid": 213, "stop_id": 896, "stop_code": 455, "stop_name": "HIGHLAND ST + PARK AVE", "stop_lat": 42.27036, "stop_lon": -71.81532, "total_stops": 54, "total_weekday_stops": 22, "total_weekday_am_stops": 3, "high_freq": false }, "geometry": { "type": "Point", "coordinates": [ 1284375.898063871776685, 465621.155056080722716 ] } },
{ "type": "Feature", "properties": { "fid": 214, "stop_id": 913, "stop_code": 440, "stop_name": "HIGHLAND ST + NORTH ASHLAND ST", "stop_lat": 42.271119, "stop_lon": -71.807175, "total_stops": 54, "total_weekday_stops": 22, "total_weekday_am_stops": 2, "high_freq": false }, "geometry": { "type": "Point", "coordinates": [ 1286584.652785263722762, 465864.402063678659033 ] } },
{ "type": "Feature", "properties": { "fid": 215, "stop_id": 922, "stop_code": 482, "stop_name": "JUNE ST + PLEASANT ST", "stop_lat": 42.269256, "stop_lon": -71.826453, "total_stops": 54, "total_weekday_stops": 22, "total_weekday_am_stops": 2, "high_freq": false }, "geometry": { "type": "Point", "coordinates": [ 1281356.409563038498163, 465264.752674223098438 ] } },
{ "type": "Feature", "properties": { "fid": 216, "stop_id": 970, "stop_code": 383, "stop_name": "Grove St at fire station", "stop_lat": 42.277723, "stop_lon": -71.80292, "total_stops": 103, "total_weekday_stops": 41, "total_weekday_am_stops": 5, "high_freq": false }, "geometry": { "type": "Point", "coordinates": [ 1287772.512347108218819, 468253.773045249108691 ] } },
{ "type": "Feature", "properties": { "fid": 217, "stop_id": 971, "stop_code": 384, "stop_name": "Grove St at 106 Grove", "stop_lat": 42.276377, "stop_lon": -71.801347, "total_stops": 103, "total_weekday_stops": 41, "total_weekday_am_stops": 4, "high_freq": false }, "geometry": { "type": "Point", "coordinates": [ 1288190.857511999085546, 467756.849266138859093 ] } },
{ "type": "Feature", "properties": { "fid": 218, "stop_id": 1862, "stop_code": 848, "stop_name": "Pleasant St at Rockwood", "stop_lat": 42.280568, "stop_lon": -71.870861, "total_stops": 17, "total_weekday_stops": 6, "total_weekday_am_stops": 0, "high_freq": false }, "geometry": { "type": "Point", "coordinates": [ 1269401.715254574315622, 469574.226378538063727 ] } },
{ "type": "Feature", "properties": { "fid": 219, "stop_id": 1071, "stop_code": 7065, "stop_name": "Worcester Rd at 75", "stop_lat": 42.070735, "stop_lon": -71.86638, "total_stops": 27, "total_weekday_stops": 10, "total_weekday_am_stops": 2, "high_freq": false }, "geometry": { "type": "Point", "coordinates": [ 1269408.733489831909537, 393089.130223776970524 ] } },
{ "type": "Feature", "properties": { "fid": 220, "stop_id": 972, "stop_code": 385, "stop_name": "Grove St at Faraday", "stop_lat": 42.274988, "stop_lon": -71.800648, "total_stops": 103, "total_weekday_stops": 41, "total_weekday_am_stops": 4, "high_freq": false }, "geometry": { "type": "Point", "coordinates": [ 1288372.439188563264906, 467247.811597002786584 ] } },
{ "type": "Feature", "properties": { "fid": 221, "stop_id": 974, "stop_code": 189, "stop_name": "GROVE ST + CONCORD ST", "stop_lat": 42.27394, "stop_lon": -71.800385, "total_stops": 104, "total_weekday_stops": 41, "total_weekday_am_stops": 5, "high_freq": false }, "geometry": { "type": "Point", "coordinates": [ 1288437.888701854739338, 466864.817655384540558 ] } },
{ "type": "Feature", "properties": { "fid": 222, "stop_id": 975, "stop_code": 375, "stop_name": "GROVE ST + 74 GROVE ST", "stop_lat": 42.274893, "stop_lon": -71.800528, "total_stops": 104, "total_weekday_stops": 41, "total_weekday_am_stops": 5, "high_freq": false }, "geometry": { "type": "Point", "coordinates": [ 1288404.397392410086468, 467212.703043529181741 ] } },
{ "type": "Feature", "properties": { "fid": 223, "stop_id": 977, "stop_code": 369, "stop_name": "GROVE ST + LANCASTER ST", "stop_lat": 42.276443, "stop_lon": -71.801251, "total_stops": 104, "total_weekday_stops": 41, "total_weekday_am_stops": 4, "high_freq": false }, "geometry": { "type": "Point", "coordinates": [ 1288217.200314879417419, 467780.511722446011845 ] } },
{ "type": "Feature", "properties": { "fid": 224, "stop_id": 978, "stop_code": 370, "stop_name": "GROVE ST + FIRE STATION", "stop_lat": 42.27808, "stop_lon": -71.803088, "total_stops": 104, "total_weekday_stops": 41, "total_weekday_am_stops": 4, "high_freq": false }, "geometry": { "type": "Point", "coordinates": [ 1287729.001721986569464, 468384.559373270662036 ] } },
{ "type": "Feature", "properties": { "fid": 225, "stop_id": 980, "stop_code": 372, "stop_name": "GROVE ST + NORTH ST", "stop_lat": 42.280718, "stop_lon": -71.805256, "total_stops": 104, "total_weekday_stops": 41, "total_weekday_am_stops": 5, "high_freq": false }, "geometry": { "type": "Point", "coordinates": [ 1287156.74515890260227, 469354.764659691427369 ] } },
{ "type": "Feature", "properties": { "fid": 226, "stop_id": 988, "stop_code": 259, "stop_name": "GOLD STAR BLVD + NEPONSET ST", "stop_lat": 42.29782, "stop_lon": -71.80283, "total_stops": 150, "total_weekday_stops": 59, "total_weekday_am_stops": 8, "high_freq": false }, "geometry": { "type": "Point", "coordinates": [ 1287906.975967090809718, 475577.456918513169512 ] } },
{ "type": "Feature", "properties": { "fid": 227, "stop_id": 1082, "stop_code": 6190, "stop_name": "Southbridge st at West", "stop_lat": 42.182825, "stop_lon": -71.865463, "total_stops": 47, "total_weekday_stops": 17, "total_weekday_am_stops": 3, "high_freq": false }, "geometry": { "type": "Point", "coordinates": [ 1270301.291644595796242, 433931.470747152867261 ] } },
{ "type": "Feature", "properties": { "fid": 228, "stop_id": 1133, "stop_code": 317, "stop_name": "Grafton St at Warner", "stop_lat": 42.250893, "stop_lon": -71.772395, "total_stops": 102, "total_weekday_stops": 36, "total_weekday_am_stops": 3, "high_freq": false }, "geometry": { "type": "Point", "coordinates": [ 1295890.150804785545915, 458353.285435353231151 ] } },
{ "type": "Feature", "properties": { "fid": 229, "stop_id": 1175, "stop_code": 1019, "stop_name": "SUNNY HILL DR + BAILEY RD", "stop_lat": 42.2794, "stop_lon": -71.8785, "total_stops": 40, "total_weekday_stops": 16, "total_weekday_am_stops": 2, "high_freq": false }, "geometry": { "type": "Point", "coordinates": [ 1267327.6707760959398, 469181.366217506641988 ] } },
{ "type": "Feature", "properties": { "fid": 230, "stop_id": 1257, "stop_code": 727, "stop_name": "Mill St at Pond bath house", "stop_lat": 42.251166, "stop_lon": -71.84268, "total_stops": 86, "total_weekday_stops": 31, "total_weekday_am_stops": 4, "high_freq": false }, "geometry": { "type": "Point", "coordinates": [ 1276862.098739031935111, 458739.889721707906574 ] } },
{ "type": "Feature", "properties": { "fid": 231, "stop_id": 1279, "stop_code": 908, "stop_name": "Queen St at Jaques", "stop_lat": 42.258863, "stop_lon": -71.81469, "total_stops": 77, "total_weekday_stops": 31, "total_weekday_am_stops": 4, "high_freq": false }, "geometry": { "type": "Point", "coordinates": [ 1284482.856309533352032, 461428.71059280866757 ] } },
{ "type": "Feature", "properties": { "fid": 232, "stop_id": 1284, "stop_code": 907, "stop_name": "Queen St at Jaques", "stop_lat": 42.259219, "stop_lon": -71.813632, "total_stops": 74, "total_weekday_stops": 29, "total_weekday_am_stops": 4, "high_freq": false }, "geometry": { "type": "Point", "coordinates": [ 1284771.239550101803616, 461554.104230615484994 ] } },
{ "type": "Feature", "properties": { "fid": 233, "stop_id": 1285, "stop_code": 498, "stop_name": "King St at Jaques", "stop_lat": 42.258871, "stop_lon": -71.814675, "total_stops": 74, "total_weekday_stops": 29, "total_weekday_am_stops": 4, "high_freq": false }, "geometry": { "type": "Point", "coordinates": [ 1284486.961264739744365, 461431.564426522934809 ] } },
{ "type": "Feature", "properties": { "fid": 234, "stop_id": 1287, "stop_code": 1139, "stop_name": "Woodland St at old fire station", "stop_lat": 42.257003, "stop_lon": -71.817445, "total_stops": 74, "total_weekday_stops": 29, "total_weekday_am_stops": 4, "high_freq": false }, "geometry": { "type": "Point", "coordinates": [ 1283726.731597163947299, 460762.198525708517991 ] } },
{ "type": "Feature", "properties": { "fid": 235, "stop_id": 1305, "stop_code": 720, "stop_name": "Mill St at Pond bath house", "stop_lat": 42.251456, "stop_lon": -71.842578, "total_stops": 82, "total_weekday_stops": 29, "total_weekday_am_stops": 4, "high_freq": false }, "geometry": { "type": "Point", "coordinates": [ 1276891.35212918673642, 458845.145559254859108 ] } },
{ "type": "Feature", "properties": { "fid": 236, "stop_id": 1410, "stop_code": 3097, "stop_name": "Rt 20 Entering Oxford", "stop_lat": 42.154873, "stop_lon": -71.909272, "total_stops": 20, "total_weekday_stops": 7, "total_weekday_am_stops": 1, "high_freq": false }, "geometry": { "type": "Point", "coordinates": [ 1258262.035749621223658, 423935.591024680121336 ] } },
{ "type": "Feature", "properties": { "fid": 237, "stop_id": 294, "stop_code": 4515, "stop_name": "BOSTON TRPK + SVENSON RD", "stop_lat": 42.275091, "stop_lon": -71.744341, "total_stops": 34, "total_weekday_stops": 13, "total_weekday_am_stops": 1, "high_freq": false }, "geometry": { "type": "Point", "coordinates": [ 1303612.429137262515724, 467061.581056638795417 ] } },
{ "type": "Feature", "properties": { "fid": 238, "stop_id": 308, "stop_code": 534, "stop_name": "Lincoln St at Tyler Prentice Rd", "stop_lat": 42.29582, "stop_lon": -71.7709, "total_stops": 212, "total_weekday_stops": 81, "total_weekday_am_stops": 9, "high_freq": true }, "geometry": { "type": "Point", "coordinates": [ 1296535.033008186379448, 474720.300778828910552 ] } },
{ "type": "Feature", "properties": { "fid": 239, "stop_id": 535, "stop_code": 810, "stop_name": "PLEASANT ST + COPLEY RD 1", "stop_lat": 42.26579, "stop_lon": -71.82307, "total_stops": 40, "total_weekday_stops": 16, "total_weekday_am_stops": 2, "high_freq": false }, "geometry": { "type": "Point", "coordinates": [ 1282252.805335595505312, 463987.63925826101331 ] } },
{ "type": "Feature", "properties": { "fid": 240, "stop_id": 665, "stop_code": 570, "stop_name": "MAJ Taylor Blvd at MCP", "stop_lat": 42.2698, "stop_lon": -71.798883, "total_stops": 385, "total_weekday_stops": 141, "total_weekday_am_stops": 16, "high_freq": true }, "geometry": { "type": "Point", "coordinates": [ 1288821.795577398035675, 465349.970093698357232 ] } },
{ "type": "Feature", "properties": { "fid": 241, "stop_id": 670, "stop_code": 566, "stop_name": "MAJ Taylor Blvd at MCP", "stop_lat": 42.269815, "stop_lon": -71.798581, "total_stops": 395, "total_weekday_stops": 145, "total_weekday_am_stops": 16, "high_freq": true }, "geometry": { "type": "Point", "coordinates": [ 1288903.619805542286485, 465354.211568750266451 ] } },
{ "type": "Feature", "properties": { "fid": 242, "stop_id": 719, "stop_code": 467, "stop_name": "HOOPER ST + BELMONT ST", "stop_lat": 42.272662, "stop_lon": -71.790207, "total_stops": 72, "total_weekday_stops": 25, "total_weekday_am_stops": 5, "high_freq": false }, "geometry": { "type": "Point", "coordinates": [ 1291185.657634703442454, 466357.898352310294285 ] } },
{ "type": "Feature", "properties": { "fid": 243, "stop_id": 760, "stop_code": 122, "stop_name": "Canterbury St + Walpole St", "stop_lat": 42.24565, "stop_lon": -71.81932, "total_stops": 20, "total_weekday_stops": 10, "total_weekday_am_stops": 2, "high_freq": false }, "geometry": { "type": "Point", "coordinates": [ 1283156.139959894353524, 456632.569405356131028 ] } },
{ "type": "Feature", "properties": { "fid": 244, "stop_id": 894, "stop_code": 450, "stop_name": "HIGHLAND ST + GERMAIN ST", "stop_lat": 42.27018, "stop_lon": -71.81818, "total_stops": 54, "total_weekday_stops": 22, "total_weekday_am_stops": 3, "high_freq": false }, "geometry": { "type": "Point", "coordinates": [ 1283600.793473306577653, 465567.31936793361092 ] } },
{ "type": "Feature", "properties": { "fid": 245, "stop_id": 1127, "stop_code": 1180, "stop_name": "Grafton St at Jolma", "stop_lat": 42.245281, "stop_lon": -71.75894, "total_stops": 102, "total_weekday_stops": 36, "total_weekday_am_stops": 3, "high_freq": false }, "geometry": { "type": "Point", "coordinates": [ 1299503.39436234626919, 456254.893039715185296 ] } },
{ "type": "Feature", "properties": { "fid": 246, "stop_id": 1311, "stop_code": 788, "stop_name": "Outlook Dr at  57 Outlook", "stop_lat": 42.257941, "stop_lon": -71.851955, "total_stops": 82, "total_weekday_stops": 29, "total_weekday_am_stops": 4, "high_freq": false }, "geometry": { "type": "Point", "coordinates": [ 1274389.447416485054418, 461247.919791066437028 ] } },
{ "type": "Feature", "properties": { "fid": 247, "stop_id": 1388, "stop_code": 3057, "stop_name": "QUINSIGMUND UPPER CAMPUS", "stop_lat": 42.314932, "stop_lon": -71.792828, "total_stops": 40, "total_weekday_stops": 24, "total_weekday_am_stops": 3, "high_freq": false }, "geometry": { "type": "Point", "coordinates": [ 1290706.071839425247163, 481773.206510384043213 ] } },
{ "type": "Feature", "properties": { "fid": 248, "stop_id": 1449, "stop_code": 3044, "stop_name": "Park Ave + Grove St", "stop_lat": 42.284121, "stop_lon": -71.808216, "total_stops": 64, "total_weekday_stops": 27, "total_weekday_am_stops": 4, "high_freq": false }, "geometry": { "type": "Point", "coordinates": [ 1286374.420397146837786, 470607.011444241565187 ] } },
{ "type": "Feature", "properties": { "fid": 249, "stop_id": 1451, "stop_code": 3046, "stop_name": "Park Ave + Waconah RD", "stop_lat": 42.280477, "stop_lon": -71.808592, "total_stops": 64, "total_weekday_stops": 27, "total_weekday_am_stops": 5, "high_freq": false }, "geometry": { "type": "Point", "coordinates": [ 1286252.618532350054011, 469280.551133514381945 ] } },
{ "type": "Feature", "properties": { "fid": 250, "stop_id": 1452, "stop_code": 3047, "stop_name": "Park Ave + Salisbury St", "stop_lat": 42.279573, "stop_lon": -71.808566, "total_stops": 64, "total_weekday_stops": 27, "total_weekday_am_stops": 5, "high_freq": false }, "geometry": { "type": "Point", "coordinates": [ 1286254.680198515765369, 468950.997132447257172 ] } },
{ "type": "Feature", "properties": { "fid": 251, "stop_id": 1467, "stop_code": 3010, "stop_name": "Park Ave + Salisbury St", "stop_lat": 42.27852, "stop_lon": -71.80857, "total_stops": 66, "total_weekday_stops": 28, "total_weekday_am_stops": 4, "high_freq": false }, "geometry": { "type": "Point", "coordinates": [ 1286247.803173492196947, 468567.265322070452385 ] } },
{ "type": "Feature", "properties": { "fid": 252, "stop_id": 1468, "stop_code": 3011, "stop_name": "Park Ave+ Rumford", "stop_lat": 42.27916, "stop_lon": -71.80841, "total_stops": 66, "total_weekday_stops": 28, "total_weekday_am_stops": 4, "high_freq": false }, "geometry": { "type": "Point", "coordinates": [ 1286294.625820016954094, 468799.848753612313885 ] } },
{ "type": "Feature", "properties": { "fid": 253, "stop_id": 1485, "stop_code": 3134, "stop_name": "FRONT STREET OUTBOUND", "stop_lat": 42.26209, "stop_lon": -71.7985, "total_stops": 50, "total_weekday_stops": 16, "total_weekday_am_stops": 2, "high_freq": false }, "geometry": { "type": "Point", "coordinates": [ 1288883.361822632141411, 462538.6481567339506 ] } },
{ "type": "Feature", "properties": { "fid": 254, "stop_id": 1636, "stop_code": 3537, "stop_name": "Providence St and Curran Ter", "stop_lat": 42.24263, "stop_lon": -71.79105, "total_stops": 63, "total_weekday_stops": 21, "total_weekday_am_stops": 3, "high_freq": false }, "geometry": { "type": "Point", "coordinates": [ 1290794.444850888568908, 455416.70961092057405 ] } },
{ "type": "Feature", "properties": { "fid": 255, "stop_id": 1637, "stop_code": 3538, "stop_name": "Providence St and Shine Pool", "stop_lat": 42.2441, "stop_lon": -71.79138, "total_stops": 63, "total_weekday_stops": 21, "total_weekday_am_stops": 3, "high_freq": false }, "geometry": { "type": "Point", "coordinates": [ 1290713.068782432936132, 455953.750932481198106 ] } },
{ "type": "Feature", "properties": { "fid": 256, "stop_id": 1645, "stop_code": 3546, "stop_name": "Heywood St opp Houghton St", "stop_lat": 42.24814, "stop_lon": -71.78357, "total_stops": 63, "total_weekday_stops": 21, "total_weekday_am_stops": 2, "high_freq": false }, "geometry": { "type": "Point", "coordinates": [ 1292849.65548073942773, 457394.628033691318706 ] } },
{ "type": "Feature", "properties": { "fid": 257, "stop_id": 1685, "stop_code": 1150, "stop_name": "Worcester State Hospital", "stop_lat": 42.278389, "stop_lon": -71.769194, "total_stops": 62, "total_weekday_stops": 31, "total_weekday_am_stops": 4, "high_freq": false }, "geometry": { "type": "Point", "coordinates": [ 1296903.576923149172217, 468361.035224259714596 ] } },
{ "type": "Feature", "properties": { "fid": 258, "stop_id": 1034, "stop_code": 8715, "stop_name": "E Main St at N Brookfield Rd", "stop_lat": 42.225055, "stop_lon": -72.057615, "total_stops": 8, "total_weekday_stops": 4, "total_weekday_am_stops": 1, "high_freq": false }, "geometry": { "type": "Point", "coordinates": [ 1218499.420627338113263, 450198.563530051964335 ] } },
{ "type": "Feature", "properties": { "fid": 259, "stop_id": 1023, "stop_code": 8520, "stop_name": "Central St at South Maple", "stop_lat": 42.214716, "stop_lon": -72.096938, "total_stops": 8, "total_weekday_stops": 4, "total_weekday_am_stops": 1, "high_freq": false }, "geometry": { "type": "Point", "coordinates": [ 1207779.608326924033463, 446624.844981294358149 ] } },
{ "type": "Feature", "properties": { "fid": 260, "stop_id": 1401, "stop_code": 3088, "stop_name": "Rt 20 and Carpenter Hill Rd", "stop_lat": 42.145043, "stop_lon": -71.990603, "total_stops": 20, "total_weekday_stops": 7, "total_weekday_am_stops": 1, "high_freq": false }, "geometry": { "type": "Point", "coordinates": [ 1236147.874784076819196, 420722.500890342285857 ] } },
{ "type": "Feature", "properties": { "fid": 261, "stop_id": 1773, "stop_code": 3628, "stop_name": "Main St (Southbridge) + Hamilton St OB", "stop_lat": 42.080614, "stop_lon": -72.044029, "total_stops": 20, "total_weekday_stops": 7, "total_weekday_am_stops": 1, "high_freq": false }, "geometry": { "type": "Point", "coordinates": [ 1221241.328113176859915, 397498.808845359482802 ] } },
{ "type": "Feature", "properties": { "fid": 262, "stop_id": 1022, "stop_code": 8510, "stop_name": "Brookfield Common", "stop_lat": 42.214843, "stop_lon": -72.100697, "total_stops": 16, "total_weekday_stops": 8, "total_weekday_am_stops": 2, "high_freq": false }, "geometry": { "type": "Point", "coordinates": [ 1206762.203219746006653, 446689.910639065783471 ] } },
{ "type": "Feature", "properties": { "fid": 263, "stop_id": 1775, "stop_code": 3630, "stop_name": "Main St (Southbridge) + South St IB", "stop_lat": 42.077757, "stop_lon": -72.038547, "total_stops": 20, "total_weekday_stops": 7, "total_weekday_am_stops": 1, "high_freq": false }, "geometry": { "type": "Point", "coordinates": [ 1222710.950292044086382, 396431.288612870499492 ] } },
{ "type": "Feature", "properties": { "fid": 264, "stop_id": 1774, "stop_code": 3629, "stop_name": "Main St (Southbridge) + Sayles IB", "stop_lat": 42.080475, "stop_lon": -72.043078, "total_stops": 20, "total_weekday_stops": 7, "total_weekday_am_stops": 1, "high_freq": false }, "geometry": { "type": "Point", "coordinates": [ 1221498.577862275764346, 397443.560941464849748 ] } },
{ "type": "Feature", "properties": { "fid": 265, "stop_id": 1411, "stop_code": 3098, "stop_name": "Rt 20  and Rt 56 Inbound", "stop_lat": 42.167137, "stop_lon": -71.894593, "total_stops": 20, "total_weekday_stops": 7, "total_weekday_am_stops": 1, "high_freq": false }, "geometry": { "type": "Point", "coordinates": [ 1262314.138741309987381, 428340.314874864299782 ] } },
{ "type": "Feature", "properties": { "fid": 266, "stop_id": 261, "stop_code": 4640, "stop_name": "BOSTON TRPK + N. QUINSIGAMOND AVE", "stop_lat": 42.27456, "stop_lon": -71.752518, "total_stops": 34, "total_weekday_stops": 13, "total_weekday_am_stops": 2, "high_freq": false }, "geometry": { "type": "Point", "coordinates": [ 1301396.527396180434152, 466899.946890406601597 ] } },
{ "type": "Feature", "properties": { "fid": 267, "stop_id": 1111, "stop_code": 6545, "stop_name": "Main St at Sunset", "stop_lat": 42.097073, "stop_lon": -71.869233, "total_stops": 25, "total_weekday_stops": 9, "total_weekday_am_stops": 2, "high_freq": false }, "geometry": { "type": "Point", "coordinates": [ 1268785.773991429945454, 402698.909688772459049 ] } },
{ "type": "Feature", "properties": { "fid": 268, "stop_id": 1687, "stop_code": 3100, "stop_name": "Rt 20 Entering Auburn", "stop_lat": 42.17347, "stop_lon": -71.878675, "total_stops": 20, "total_weekday_stops": 7, "total_weekday_am_stops": 1, "high_freq": false }, "geometry": { "type": "Point", "coordinates": [ 1266666.180935664102435, 430579.084612175880466 ] } },
{ "type": "Feature", "properties": { "fid": 269, "stop_id": 1772, "stop_code": 3627, "stop_name": "Main St (Southbridge) + Pine OB", "stop_lat": 42.077858, "stop_lon": -72.038543, "total_stops": 20, "total_weekday_stops": 7, "total_weekday_am_stops": 1, "high_freq": false }, "geometry": { "type": "Point", "coordinates": [ 1222712.689553351141512, 396468.072388897358906 ] } },
{ "type": "Feature", "properties": { "fid": 270, "stop_id": 1027, "stop_code": 8735, "stop_name": "Courthouse E Main", "stop_lat": 42.23139, "stop_lon": -72.030093, "total_stops": 8, "total_weekday_stops": 4, "total_weekday_am_stops": 1, "high_freq": false }, "geometry": { "type": "Point", "coordinates": [ 1225994.39108407497406, 452374.300591397972312 ] } },
{ "type": "Feature", "properties": { "fid": 271, "stop_id": 1032, "stop_code": 8705, "stop_name": "Court House", "stop_lat": 42.231491, "stop_lon": -72.030657, "total_stops": 8, "total_weekday_stops": 4, "total_weekday_am_stops": 1, "high_freq": false }, "geometry": { "type": "Point", "coordinates": [ 1225842.298915218561888, 452413.8034098475473 ] } },
{ "type": "Feature", "properties": { "fid": 272, "stop_id": 117, "stop_code": 1050, "stop_name": "Upsala St at Providence", "stop_lat": 42.241236, "stop_lon": -71.791628, "total_stops": 103, "total_weekday_stops": 36, "total_weekday_am_stops": 4, "high_freq": false }, "geometry": { "type": "Point", "coordinates": [ 1290630.359849518863484, 454911.028791884717066 ] } },
{ "type": "Feature", "properties": { "fid": 273, "stop_id": 123, "stop_code": 41, "stop_name": "Blackstone River Rd at Whipple", "stop_lat": 42.232157, "stop_lon": -71.794459, "total_stops": 95, "total_weekday_stops": 32, "total_weekday_am_stops": 4, "high_freq": false }, "geometry": { "type": "Point", "coordinates": [ 1289814.331697892863303, 451613.831903279118706 ] } },
{ "type": "Feature", "properties": { "fid": 274, "stop_id": 155, "stop_code": 1191, "stop_name": "PULLMAN ST + PRICECHOPPER", "stop_lat": 42.323849, "stop_lon": -71.79787, "total_stops": 78, "total_weekday_stops": 47, "total_weekday_am_stops": 6, "high_freq": false }, "geometry": { "type": "Point", "coordinates": [ 1289390.978867240948603, 485043.307423769729212 ] } },
{ "type": "Feature", "properties": { "fid": 275, "stop_id": 204, "stop_code": 520, "stop_name": "Lincoln St at Foresdale", "stop_lat": 42.277683, "stop_lon": -71.794505, "total_stops": 245, "total_weekday_stops": 97, "total_weekday_am_stops": 11, "high_freq": true }, "geometry": { "type": "Point", "coordinates": [ 1290049.701625230023637, 468205.066439836227801 ] } },
{ "type": "Feature", "properties": { "fid": 276, "stop_id": 220, "stop_code": 59, "stop_name": "BURNCOAT ST + MONTEREY RD", "stop_lat": 42.303368, "stop_lon": -71.789521, "total_stops": 40, "total_weekday_stops": 24, "total_weekday_am_stops": 3, "high_freq": false }, "geometry": { "type": "Point", "coordinates": [ 1291537.841176333837211, 477545.502752380154561 ] } },
{ "type": "Feature", "properties": { "fid": 277, "stop_id": 246, "stop_code": 1264, "stop_name": "PULLMAN ST + PRICECHOPPER", "stop_lat": 42.323998, "stop_lon": -71.797965, "total_stops": 40, "total_weekday_stops": 24, "total_weekday_am_stops": 3, "high_freq": false }, "geometry": { "type": "Point", "coordinates": [ 1289366.100110720843077, 485097.993966166453902 ] } },
{ "type": "Feature", "properties": { "fid": 278, "stop_id": 340, "stop_code": 412, "stop_name": "Hamilton St + Ingleside Ave", "stop_lat": 42.25619, "stop_lon": -71.7802, "total_stops": 64, "total_weekday_stops": 27, "total_weekday_am_stops": 5, "high_freq": false }, "geometry": { "type": "Point", "coordinates": [ 1293805.459870298625901, 460314.797508329094853 ] } },
{ "type": "Feature", "properties": { "fid": 279, "stop_id": 420, "stop_code": 619, "stop_name": "Main St + Ionic Ave", "stop_lat": 42.2588, "stop_lon": -71.80617, "total_stops": 227, "total_weekday_stops": 81, "total_weekday_am_stops": 9, "high_freq": true }, "geometry": { "type": "Point", "coordinates": [ 1286789.005120028508827, 461370.874429401941597 ] } },
{ "type": "Feature", "properties": { "fid": 280, "stop_id": 71, "stop_code": 44, "stop_name": "Blackstone River Rd at McKeon", "stop_lat": 42.234954, "stop_lon": -71.796158, "total_stops": 93, "total_weekday_stops": 31, "total_weekday_am_stops": 3, "high_freq": false }, "geometry": { "type": "Point", "coordinates": [ 1289369.439520925749093, 452640.010813016502652 ] } },
{ "type": "Feature", "properties": { "fid": 281, "stop_id": 92, "stop_code": 334, "stop_name": "Green St at Harding", "stop_lat": 42.255771, "stop_lon": -71.797841, "total_stops": 145, "total_weekday_stops": 48, "total_weekday_am_stops": 6, "high_freq": false }, "geometry": { "type": "Point", "coordinates": [ 1289027.267498144647107, 460233.138861853862181 ] } },
{ "type": "Feature", "properties": { "fid": 282, "stop_id": 103, "stop_code": 1057, "stop_name": "Vernon St at Richland", "stop_lat": 42.251138, "stop_lon": -71.795317, "total_stops": 103, "total_weekday_stops": 36, "total_weekday_am_stops": 4, "high_freq": false }, "geometry": { "type": "Point", "coordinates": [ 1289685.351245465455577, 458534.511785207316279 ] } },
{ "type": "Feature", "properties": { "fid": 283, "stop_id": 104, "stop_code": 1058, "stop_name": "Vernon St at Suffield", "stop_lat": 42.250153, "stop_lon": -71.794878, "total_stops": 103, "total_weekday_stops": 36, "total_weekday_am_stops": 4, "high_freq": false }, "geometry": { "type": "Point", "coordinates": [ 1289798.846324687357992, 458173.772507152578328 ] } },
{ "type": "Feature", "properties": { "fid": 284, "stop_id": 105, "stop_code": 1059, "stop_name": "Vernon St at Seymour", "stop_lat": 42.249128, "stop_lon": -71.794751, "total_stops": 103, "total_weekday_stops": 36, "total_weekday_am_stops": 4, "high_freq": false }, "geometry": { "type": "Point", "coordinates": [ 1289827.651121695293114, 457799.718709430191666 ] } },
{ "type": "Feature", "properties": { "fid": 285, "stop_id": 106, "stop_code": 1060, "stop_name": "Vernon St at Alpine", "stop_lat": 42.248221, "stop_lon": -71.794726, "total_stops": 103, "total_weekday_stops": 36, "total_weekday_am_stops": 4, "high_freq": false }, "geometry": { "type": "Point", "coordinates": [ 1289829.48181929718703, 457469.080336414743215 ] } },
{ "type": "Feature", "properties": { "fid": 286, "stop_id": 107, "stop_code": 1061, "stop_name": "Vernon St at View", "stop_lat": 42.24703, "stop_lon": -71.794783, "total_stops": 103, "total_weekday_stops": 36, "total_weekday_am_stops": 4, "high_freq": false }, "geometry": { "type": "Point", "coordinates": [ 1289807.563681787112728, 457035.275995839503594 ] } },
{ "type": "Feature", "properties": { "fid": 287, "stop_id": 109, "stop_code": 1063, "stop_name": "Vernon St at Euclid", "stop_lat": 42.245568, "stop_lon": -71.795481, "total_stops": 103, "total_weekday_stops": 36, "total_weekday_am_stops": 4, "high_freq": false }, "geometry": { "type": "Point", "coordinates": [ 1289610.604530789889395, 456505.305660280340817 ] } },
{ "type": "Feature", "properties": { "fid": 288, "stop_id": 110, "stop_code": 1064, "stop_name": "Vernon St at Windham", "stop_lat": 42.244925, "stop_lon": -71.795998, "total_stops": 103, "total_weekday_stops": 36, "total_weekday_am_stops": 4, "high_freq": false }, "geometry": { "type": "Point", "coordinates": [ 1289467.111136849969625, 456273.071192350471392 ] } },
{ "type": "Feature", "properties": { "fid": 289, "stop_id": 112, "stop_code": 1066, "stop_name": "Vernon St at Cargill", "stop_lat": 42.243668, "stop_lon": -71.796896, "total_stops": 103, "total_weekday_stops": 36, "total_weekday_am_stops": 4, "high_freq": false }, "geometry": { "type": "Point", "coordinates": [ 1289217.100240168394521, 455818.622370527649764 ] } },
{ "type": "Feature", "properties": { "fid": 290, "stop_id": 113, "stop_code": 1067, "stop_name": "Vernon St at Upsala", "stop_lat": 42.242706, "stop_lon": -71.797341, "total_stops": 103, "total_weekday_stops": 36, "total_weekday_am_stops": 4, "high_freq": false }, "geometry": { "type": "Point", "coordinates": [ 1289091.354949905769899, 455469.846078155736905 ] } },
{ "type": "Feature", "properties": { "fid": 291, "stop_id": 115, "stop_code": 1239, "stop_name": "Upsala Street Apartments", "stop_lat": 42.241961, "stop_lon": -71.794984, "total_stops": 103, "total_weekday_stops": 36, "total_weekday_am_stops": 4, "high_freq": false }, "geometry": { "type": "Point", "coordinates": [ 1289725.535755513235927, 455188.801266803173348 ] } },
{ "type": "Feature", "properties": { "fid": 292, "stop_id": 116, "stop_code": 1049, "stop_name": "Upsala St at Esther", "stop_lat": 42.241646, "stop_lon": -71.793577, "total_stops": 103, "total_weekday_stops": 36, "total_weekday_am_stops": 4, "high_freq": false }, "geometry": { "type": "Point", "coordinates": [ 1290104.819814499700442, 455068.316258931066841 ] } },
{ "type": "Feature", "properties": { "fid": 293, "stop_id": 119, "stop_code": 884, "stop_name": "Providence St + Doame St", "stop_lat": 42.2401, "stop_lon": -71.79173, "total_stops": 166, "total_weekday_stops": 57, "total_weekday_am_stops": 6, "high_freq": false }, "geometry": { "type": "Point", "coordinates": [ 1290596.568530399585143, 454497.450190602452494 ] } },
{ "type": "Feature", "properties": { "fid": 294, "stop_id": 120, "stop_code": 885, "stop_name": "Providence St + Millbury St", "stop_lat": 42.238, "stop_lon": -71.79221, "total_stops": 166, "total_weekday_stops": 57, "total_weekday_am_stops": 6, "high_freq": false }, "geometry": { "type": "Point", "coordinates": [ 1290455.175533363129944, 453734.089649750152603 ] } },
{ "type": "Feature", "properties": { "fid": 295, "stop_id": 121, "stop_code": 38, "stop_name": "Blackstone River Rd at McKeon", "stop_lat": 42.234915, "stop_lon": -71.79631, "total_stops": 95, "total_weekday_stops": 32, "total_weekday_am_stops": 4, "high_freq": false }, "geometry": { "type": "Point", "coordinates": [ 1289328.062807024922222, 452626.413873745477758 ] } },
{ "type": "Feature", "properties": { "fid": 296, "stop_id": 122, "stop_code": 40, "stop_name": "Blackstone River Rd at Falmouth", "stop_lat": 42.233559, "stop_lon": -71.795425, "total_stops": 95, "total_weekday_stops": 32, "total_weekday_am_stops": 4, "high_freq": false }, "geometry": { "type": "Point", "coordinates": [ 1289560.34884195169434, 452128.667246551252902 ] } },
{ "type": "Feature", "properties": { "fid": 297, "stop_id": 124, "stop_code": 338, "stop_name": "Greenwood St at Ekman", "stop_lat": 42.231166, "stop_lon": -71.793723, "total_stops": 103, "total_weekday_stops": 36, "total_weekday_am_stops": 4, "high_freq": false }, "geometry": { "type": "Point", "coordinates": [ 1290008.270062759984285, 451249.708704886259511 ] } },
{ "type": "Feature", "properties": { "fid": 298, "stop_id": 125, "stop_code": 339, "stop_name": "Greenwood St at Kosta", "stop_lat": 42.229598, "stop_lon": -71.793192, "total_stops": 103, "total_weekday_stops": 36, "total_weekday_am_stops": 4, "high_freq": false }, "geometry": { "type": "Point", "coordinates": [ 1290143.555273423204198, 450676.14175256236922 ] } },
{ "type": "Feature", "properties": { "fid": 299, "stop_id": 144, "stop_code": 350, "stop_name": "Greenwood St at Arnold", "stop_lat": 42.215138, "stop_lon": -71.796006, "total_stops": 103, "total_weekday_stops": 36, "total_weekday_am_stops": 4, "high_freq": false }, "geometry": { "type": "Point", "coordinates": [ 1289302.608427881263196, 445417.942937591928057 ] } },
{ "type": "Feature", "properties": { "fid": 300, "stop_id": 145, "stop_code": 351, "stop_name": "Greenwood St at Fair plaza", "stop_lat": 42.213596, "stop_lon": -71.795943, "total_stops": 103, "total_weekday_stops": 36, "total_weekday_am_stops": 4, "high_freq": false }, "geometry": { "type": "Point", "coordinates": [ 1289311.271823167800903, 444855.74644403468119 ] } },
{ "type": "Feature", "properties": { "fid": 301, "stop_id": 146, "stop_code": 352, "stop_name": "Greenwood St at Rt 20", "stop_lat": 42.212538, "stop_lon": -71.795768, "total_stops": 206, "total_weekday_stops": 72, "total_weekday_am_stops": 8, "high_freq": false }, "geometry": { "type": "Point", "coordinates": [ 1289352.915535114239901, 444469.477520600252319 ] } },
{ "type": "Feature", "properties": { "fid": 302, "stop_id": 168, "stop_code": 88, "stop_name": "BURNCOAT ST + CHATAM VILLAGE RD", "stop_lat": 42.307953, "stop_lon": -71.789108, "total_stops": 38, "total_weekday_stops": 23, "total_weekday_am_stops": 3, "high_freq": false }, "geometry": { "type": "Point", "coordinates": [ 1291674.425431211479008, 479214.792474578367546 ] } },
{ "type": "Feature", "properties": { "fid": 303, "stop_id": 184, "stop_code": 548, "stop_name": "Lincoln St at Harlow", "stop_lat": 42.283008, "stop_lon": -71.792191, "total_stops": 238, "total_weekday_stops": 94, "total_weekday_am_stops": 11, "high_freq": true }, "geometry": { "type": "Point", "coordinates": [ 1290704.891696873353794, 470136.333567926310934 ] } },
{ "type": "Feature", "properties": { "fid": 304, "stop_id": 185, "stop_code": 554, "stop_name": "Lincoln St at Greenhill", "stop_lat": 42.281355, "stop_lon": -71.79286, "total_stops": 238, "total_weekday_stops": 94, "total_weekday_am_stops": 11, "high_freq": true }, "geometry": { "type": "Point", "coordinates": [ 1290514.863438559928909, 469536.623165534401778 ] } },
{ "type": "Feature", "properties": { "fid": 305, "stop_id": 190, "stop_code": 1192, "stop_name": "SUMMER ST + 51 SUMMER ST", "stop_lat": 42.269374, "stop_lon": -71.796846, "total_stops": 38, "total_weekday_stops": 23, "total_weekday_am_stops": 2, "high_freq": false }, "geometry": { "type": "Point", "coordinates": [ 1289370.827078343369067, 465186.464680338045582 ] } },
{ "type": "Feature", "properties": { "fid": 306, "stop_id": 191, "stop_code": 1016, "stop_name": "SUMMER ST + THOMAS ST", "stop_lat": 42.268264, "stop_lon": -71.796056, "total_stops": 38, "total_weekday_stops": 23, "total_weekday_am_stops": 2, "high_freq": false }, "geometry": { "type": "Point", "coordinates": [ 1289578.608075827592984, 464778.745915191888344 ] } },
{ "type": "Feature", "properties": { "fid": 307, "stop_id": 192, "stop_code": 1014, "stop_name": "SUMMER ST + HAMPTON INN", "stop_lat": 42.267052, "stop_lon": -71.795818, "total_stops": 38, "total_weekday_stops": 23, "total_weekday_am_stops": 2, "high_freq": false }, "geometry": { "type": "Point", "coordinates": [ 1289636.424641215940937, 464336.090802286227699 ] } },
{ "type": "Feature", "properties": { "fid": 308, "stop_id": 194, "stop_code": 638, "stop_name": "MAIN ST + SUDBURY ST", "stop_lat": 42.266541, "stop_lon": -71.801005, "total_stops": 82, "total_weekday_stops": 29, "total_weekday_am_stops": 4, "high_freq": false }, "geometry": { "type": "Point", "coordinates": [ 1288229.604064841056243, 464170.902071063406765 ] } },
{ "type": "Feature", "properties": { "fid": 309, "stop_id": 195, "stop_code": 639, "stop_name": "MAIN ST + MAPLE ST", "stop_lat": 42.265198, "stop_lon": -71.801481, "total_stops": 82, "total_weekday_stops": 29, "total_weekday_am_stops": 4, "high_freq": false }, "geometry": { "type": "Point", "coordinates": [ 1288093.408451686846092, 463683.405207034607884 ] } },
{ "type": "Feature", "properties": { "fid": 310, "stop_id": 196, "stop_code": 621, "stop_name": "Main St + City Hall", "stop_lat": 42.26308, "stop_lon": -71.80221, "total_stops": 360, "total_weekday_stops": 129, "total_weekday_am_stops": 14, "high_freq": true }, "geometry": { "type": "Point", "coordinates": [ 1287884.477742155548185, 462914.504341044113971 ] } },
{ "type": "Feature", "properties": { "fid": 311, "stop_id": 199, "stop_code": 572, "stop_name": "MAIN ST + FOSTER ST", "stop_lat": 42.265563, "stop_lon": -71.801243, "total_stops": 86, "total_weekday_stops": 31, "total_weekday_am_stops": 4, "high_freq": false }, "geometry": { "type": "Point", "coordinates": [ 1288159.829754920676351, 463815.455252129817382 ] } },
{ "type": "Feature", "properties": { "fid": 312, "stop_id": 200, "stop_code": 1013, "stop_name": "SUMMER ST + EAST CENTRAL ST", "stop_lat": 42.26705, "stop_lon": -71.795593, "total_stops": 40, "total_weekday_stops": 24, "total_weekday_am_stops": 3, "high_freq": false }, "geometry": { "type": "Point", "coordinates": [ 1289697.317108263494447, 464334.451353129174095 ] } },
{ "type": "Feature", "properties": { "fid": 313, "stop_id": 201, "stop_code": 1015, "stop_name": "SUMMER ST + PROSPECT ST", "stop_lat": 42.268256, "stop_lon": -71.795943, "total_stops": 40, "total_weekday_stops": 24, "total_weekday_am_stops": 3, "high_freq": false }, "geometry": { "type": "Point", "coordinates": [ 1289609.150923075387254, 464775.373046107124537 ] } },
{ "type": "Feature", "properties": { "fid": 314, "stop_id": 203, "stop_code": 519, "stop_name": "Lincoln St at Catherine", "stop_lat": 42.276443, "stop_lon": -71.795323, "total_stops": 245, "total_weekday_stops": 97, "total_weekday_am_stops": 11, "high_freq": true }, "geometry": { "type": "Point", "coordinates": [ 1289821.566130915889516, 467756.47655427781865 ] } },
{ "type": "Feature", "properties": { "fid": 315, "stop_id": 205, "stop_code": 521, "stop_name": "Lincoln St at Forbes", "stop_lat": 42.279368, "stop_lon": -71.793558, "total_stops": 245, "total_weekday_stops": 97, "total_weekday_am_stops": 11, "high_freq": true }, "geometry": { "type": "Point", "coordinates": [ 1290315.160808366490528, 468815.310861530713737 ] } },
{ "type": "Feature", "properties": { "fid": 316, "stop_id": 206, "stop_code": 522, "stop_name": "Lincoln St at Greenhill", "stop_lat": 42.281568, "stop_lon": -71.792653, "total_stops": 245, "total_weekday_stops": 97, "total_weekday_am_stops": 11, "high_freq": true }, "geometry": { "type": "Point", "coordinates": [ 1290572.039966259384528, 469613.412088582874276 ] } },
{ "type": "Feature", "properties": { "fid": 317, "stop_id": 207, "stop_code": 523, "stop_name": "Lincoln St at McKinley", "stop_lat": 42.283118, "stop_lon": -71.792048, "total_stops": 245, "total_weekday_stops": 97, "total_weekday_am_stops": 11, "high_freq": true }, "geometry": { "type": "Point", "coordinates": [ 1290744.187270980328321, 470175.844423823407851 ] } },
{ "type": "Feature", "properties": { "fid": 318, "stop_id": 221, "stop_code": 61, "stop_name": "BURNCOAT ST + COVENTRY RD", "stop_lat": 42.304266, "stop_lon": -71.789458, "total_stops": 40, "total_weekday_stops": 24, "total_weekday_am_stops": 3, "high_freq": false }, "geometry": { "type": "Point", "coordinates": [ 1291559.753971187863499, 477872.514915958745405 ] } },
{ "type": "Feature", "properties": { "fid": 319, "stop_id": 223, "stop_code": 63, "stop_name": "BURNCOAT ST + DEVENS RD", "stop_lat": 42.305806, "stop_lon": -71.789198, "total_stops": 40, "total_weekday_stops": 24, "total_weekday_am_stops": 3, "high_freq": false }, "geometry": { "type": "Point", "coordinates": [ 1291638.439640264259651, 478432.704075545014348 ] } },
{ "type": "Feature", "properties": { "fid": 320, "stop_id": 224, "stop_code": 64, "stop_name": "BURNCOAT ST + CLARK ST", "stop_lat": 42.30681, "stop_lon": -71.789013, "total_stops": 40, "total_weekday_stops": 24, "total_weekday_am_stops": 3, "high_freq": false }, "geometry": { "type": "Point", "coordinates": [ 1291693.928022474749014, 478797.856319226440974 ] } },
{ "type": "Feature", "properties": { "fid": 321, "stop_id": 225, "stop_code": 65, "stop_name": "BURNCOAT ST + CHATAM VILLAGE RD", "stop_lat": 42.308004, "stop_lon": -71.789027, "total_stops": 40, "total_weekday_stops": 24, "total_weekday_am_stops": 3, "high_freq": false }, "geometry": { "type": "Point", "coordinates": [ 1291696.613194649573416, 479233.052950014767703 ] } },
{ "type": "Feature", "properties": { "fid": 322, "stop_id": 226, "stop_code": 66, "stop_name": "BURNCOAT ST + FAIRHAVEN RD", "stop_lat": 42.309218, "stop_lon": -71.789005, "total_stops": 40, "total_weekday_stops": 24, "total_weekday_am_stops": 3, "high_freq": false }, "geometry": { "type": "Point", "coordinates": [ 1291709.145093621686101, 479675.393758029211313 ] } },
{ "type": "Feature", "properties": { "fid": 323, "stop_id": 227, "stop_code": 67, "stop_name": "BURNCOAT ST + QUINAPOXET LN", "stop_lat": 42.31169, "stop_lon": -71.789021, "total_stops": 40, "total_weekday_stops": 24, "total_weekday_am_stops": 3, "high_freq": false }, "geometry": { "type": "Point", "coordinates": [ 1291718.217076489701867, 480576.352876235556323 ] } },
{ "type": "Feature", "properties": { "fid": 324, "stop_id": 228, "stop_code": 68, "stop_name": "BURNCOAT ST + INWOOD RD", "stop_lat": 42.313079, "stop_lon": -71.789185, "total_stops": 40, "total_weekday_stops": 24, "total_weekday_am_stops": 3, "high_freq": false }, "geometry": { "type": "Point", "coordinates": [ 1291681.386389427585527, 481083.219818862737156 ] } },
{ "type": "Feature", "properties": { "fid": 325, "stop_id": 257, "stop_code": 4620, "stop_name": "MAPLE ST + FAIRLAWN PLAZA", "stop_lat": 42.276705, "stop_lon": -71.736258, "total_stops": 34, "total_weekday_stops": 13, "total_weekday_am_stops": 2, "high_freq": false }, "geometry": { "type": "Point", "coordinates": [ 1305808.486705502029508, 467618.472980457008816 ] } },
{ "type": "Feature", "properties": { "fid": 326, "stop_id": 258, "stop_code": 4625, "stop_name": "BOSTON TRPK + HARRINGTON AVE", "stop_lat": 42.275243, "stop_lon": -71.744873, "total_stops": 34, "total_weekday_stops": 13, "total_weekday_am_stops": 2, "high_freq": false }, "geometry": { "type": "Point", "coordinates": [ 1303469.238978030625731, 467119.043272850685753 ] } },
{ "type": "Feature", "properties": { "fid": 327, "stop_id": 259, "stop_code": 4630, "stop_name": "BOSTON TRPK + WHITE CITY", "stop_lat": 42.274726, "stop_lon": -71.750993, "total_stops": 34, "total_weekday_stops": 13, "total_weekday_am_stops": 2, "high_freq": false }, "geometry": { "type": "Point", "coordinates": [ 1301810.145074670668691, 466954.481556727434509 ] } },
{ "type": "Feature", "properties": { "fid": 328, "stop_id": 264, "stop_code": 931, "stop_name": "SHREWSBURY ST + AITCHISON ST", "stop_lat": 42.273343, "stop_lon": -71.77083, "total_stops": 34, "total_weekday_stops": 13, "total_weekday_am_stops": 2, "high_freq": false }, "geometry": { "type": "Point", "coordinates": [ 1296433.851225903024897, 466528.584557675407268 ] } },
{ "type": "Feature", "properties": { "fid": 329, "stop_id": 265, "stop_code": 932, "stop_name": "SHREWSBURY ST + DANIELS ST", "stop_lat": 42.27278, "stop_lon": -71.772021, "total_stops": 34, "total_weekday_stops": 13, "total_weekday_am_stops": 2, "high_freq": false }, "geometry": { "type": "Point", "coordinates": [ 1296108.488012868911028, 466328.137182367907371 ] } },
{ "type": "Feature", "properties": { "fid": 330, "stop_id": 277, "stop_code": 919, "stop_name": "SHREWSBURY ST + MULBERRY ST", "stop_lat": 42.262469, "stop_lon": -71.792622, "total_stops": 34, "total_weekday_stops": 13, "total_weekday_am_stops": 1, "high_freq": false }, "geometry": { "type": "Point", "coordinates": [ 1290476.611195921199396, 462652.979977565235458 ] } },
{ "type": "Feature", "properties": { "fid": 331, "stop_id": 278, "stop_code": 920, "stop_name": "SHREWSBURY ST + HILL ST", "stop_lat": 42.26345, "stop_lon": -71.790006, "total_stops": 34, "total_weekday_stops": 13, "total_weekday_am_stops": 1, "high_freq": false }, "geometry": { "type": "Point", "coordinates": [ 1291190.086942029185593, 462999.935584860271774 ] } },
{ "type": "Feature", "properties": { "fid": 332, "stop_id": 279, "stop_code": 921, "stop_name": "SHREWSBURY ST + CROSS ST", "stop_lat": 42.264506, "stop_lon": -71.788051, "total_stops": 34, "total_weekday_stops": 13, "total_weekday_am_stops": 1, "high_freq": false }, "geometry": { "type": "Point", "coordinates": [ 1291725.019588568247855, 463376.904172793263569 ] } },
{ "type": "Feature", "properties": { "fid": 333, "stop_id": 280, "stop_code": 922, "stop_name": "SHREWSBURY ST + FANTASIA DR", "stop_lat": 42.266628, "stop_lon": -71.783975, "total_stops": 34, "total_weekday_stops": 13, "total_weekday_am_stops": 1, "high_freq": false }, "geometry": { "type": "Point", "coordinates": [ 1292839.82087105861865, 464133.85702824924374 ] } },
{ "type": "Feature", "properties": { "fid": 334, "stop_id": 281, "stop_code": 923, "stop_name": "SHREWSBURY ST + CAMASSA TER", "stop_lat": 42.267455, "stop_lon": -71.782376, "total_stops": 34, "total_weekday_stops": 13, "total_weekday_am_stops": 1, "high_freq": false }, "geometry": { "type": "Point", "coordinates": [ 1293277.104308840353042, 464428.834334809915163 ] } },
{ "type": "Feature", "properties": { "fid": 335, "stop_id": 283, "stop_code": 925, "stop_name": "SHREWSBURY ST + PUTNAM LN", "stop_lat": 42.269298, "stop_lon": -71.778696, "total_stops": 34, "total_weekday_stops": 13, "total_weekday_am_stops": 1, "high_freq": false }, "geometry": { "type": "Point", "coordinates": [ 1294283.119219753658399, 465085.766284729994368 ] } },
{ "type": "Feature", "properties": { "fid": 336, "stop_id": 284, "stop_code": 926, "stop_name": "SHREWSBURY ST + ADAMS ST", "stop_lat": 42.269886, "stop_lon": -71.777536, "total_stops": 34, "total_weekday_stops": 13, "total_weekday_am_stops": 1, "high_freq": false }, "geometry": { "type": "Point", "coordinates": [ 1294600.258821761468425, 465295.422558101941831 ] } },
{ "type": "Feature", "properties": { "fid": 337, "stop_id": 285, "stop_code": 927, "stop_name": "SHREWSBURY ST + HECLA ST", "stop_lat": 42.27057, "stop_lon": -71.776258, "total_stops": 34, "total_weekday_stops": 13, "total_weekday_am_stops": 1, "high_freq": false }, "geometry": { "type": "Point", "coordinates": [ 1294949.846818197518587, 465539.598441710870247 ] } },
{ "type": "Feature", "properties": { "fid": 338, "stop_id": 286, "stop_code": 928, "stop_name": "SHREWSBURY ST + PRENTICE ST", "stop_lat": 42.271221, "stop_lon": -71.774986, "total_stops": 34, "total_weekday_stops": 13, "total_weekday_am_stops": 1, "high_freq": false }, "geometry": { "type": "Point", "coordinates": [ 1295297.626616384135559, 465771.777179922966752 ] } },
{ "type": "Feature", "properties": { "fid": 339, "stop_id": 287, "stop_code": 929, "stop_name": "SHREWSBURY ST + DANIELS ST", "stop_lat": 42.272651, "stop_lon": -71.771918, "total_stops": 34, "total_weekday_stops": 13, "total_weekday_am_stops": 1, "high_freq": false }, "geometry": { "type": "Point", "coordinates": [ 1296135.675866007339209, 466280.715963730646763 ] } },
{ "type": "Feature", "properties": { "fid": 340, "stop_id": 295, "stop_code": 4520, "stop_name": "Maple Ave at Fairlawn Plaza", "stop_lat": 42.276379, "stop_lon": -71.736644, "total_stops": 34, "total_weekday_stops": 13, "total_weekday_am_stops": 1, "high_freq": false }, "geometry": { "type": "Point", "coordinates": [ 1305702.322892863769084, 467501.15694471594179 ] } },
{ "type": "Feature", "properties": { "fid": 341, "stop_id": 311, "stop_code": 1199, "stop_name": "Lincoln St +  Opp 640 Lincoln St", "stop_lat": 42.29763, "stop_lon": -71.76462, "total_stops": 52, "total_weekday_stops": 21, "total_weekday_am_stops": 2, "high_freq": false }, "geometry": { "type": "Point", "coordinates": [ 1298243.787733407691121, 475355.078884153161198 ] } },
{ "type": "Feature", "properties": { "fid": 342, "stop_id": 339, "stop_code": 411, "stop_name": "Hamilton St + Pilgrim Ave", "stop_lat": 42.256235, "stop_lon": -71.77893, "total_stops": 64, "total_weekday_stops": 27, "total_weekday_am_stops": 5, "high_freq": false }, "geometry": { "type": "Point", "coordinates": [ 1294149.526497109560296, 460326.120336817810312 ] } },
{ "type": "Feature", "properties": { "fid": 343, "stop_id": 341, "stop_code": 424, "stop_name": "Hamilton St + Plantation St", "stop_lat": 42.25609, "stop_lon": -71.78228, "total_stops": 64, "total_weekday_stops": 27, "total_weekday_am_stops": 5, "high_freq": false }, "geometry": { "type": "Point", "coordinates": [ 1293241.806484926259145, 460286.67968078161357 ] } },
{ "type": "Feature", "properties": { "fid": 344, "stop_id": 342, "stop_code": 304, "stop_name": "Grafton St + Orient St", "stop_lat": 42.25602, "stop_lon": -71.78568, "total_stops": 158, "total_weekday_stops": 59, "total_weekday_am_stops": 7, "high_freq": false }, "geometry": { "type": "Point", "coordinates": [ 1292320.951958573423326, 460274.807279235043097 ] } },
{ "type": "Feature", "properties": { "fid": 345, "stop_id": 343, "stop_code": 305, "stop_name": "Grafton St + Fay St", "stop_lat": 42.256202, "stop_lon": -71.78763, "total_stops": 156, "total_weekday_stops": 58, "total_weekday_am_stops": 7, "high_freq": false }, "geometry": { "type": "Point", "coordinates": [ 1291794.017013772157952, 460348.971644051373005 ] } },
{ "type": "Feature", "properties": { "fid": 346, "stop_id": 344, "stop_code": 319, "stop_name": "Grafton St + Mendon St", "stop_lat": 42.25647, "stop_lon": -71.78924, "total_stops": 156, "total_weekday_stops": 58, "total_weekday_am_stops": 7, "high_freq": false }, "geometry": { "type": "Point", "coordinates": [ 1291359.598582047503442, 460453.119354877271689 ] } },
{ "type": "Feature", "properties": { "fid": 347, "stop_id": 345, "stop_code": 297, "stop_name": "Grafton St + Penn Ave", "stop_lat": 42.25728, "stop_lon": -71.79106, "total_stops": 219, "total_weekday_stops": 79, "total_weekday_am_stops": 10, "high_freq": true }, "geometry": { "type": "Point", "coordinates": [ 1290871.274220851249993, 460755.64347209292464 ] } },
{ "type": "Feature", "properties": { "fid": 348, "stop_id": 347, "stop_code": 260, "stop_name": "Grafton St + Coral St", "stop_lat": 42.257333, "stop_lon": -71.791563, "total_stops": 219, "total_weekday_stops": 79, "total_weekday_am_stops": 11, "high_freq": true }, "geometry": { "type": "Point", "coordinates": [ 1290735.388455165782943, 460776.987369917565957 ] } },
{ "type": "Feature", "properties": { "fid": 349, "stop_id": 348, "stop_code": 261, "stop_name": "Grafton St + Waverly St", "stop_lat": 42.25653, "stop_lon": -71.78994, "total_stops": 156, "total_weekday_stops": 58, "total_weekday_am_stops": 8, "high_freq": false }, "geometry": { "type": "Point", "coordinates": [ 1291170.415572118014097, 460477.805222389637493 ] } },
{ "type": "Feature", "properties": { "fid": 350, "stop_id": 349, "stop_code": 262, "stop_name": "Grafton St + Mendon St", "stop_lat": 42.256173, "stop_lon": -71.78797, "total_stops": 156, "total_weekday_stops": 58, "total_weekday_am_stops": 8, "high_freq": false }, "geometry": { "type": "Point", "coordinates": [ 1291701.812558013712987, 460339.770982194226235 ] } },
{ "type": "Feature", "properties": { "fid": 351, "stop_id": 350, "stop_code": 263, "stop_name": "Grafton St + Houghton St", "stop_lat": 42.2559, "stop_lon": -71.78601, "total_stops": 156, "total_weekday_stops": 58, "total_weekday_am_stops": 7, "high_freq": false }, "geometry": { "type": "Point", "coordinates": [ 1292230.962612801929936, 460232.401163776812609 ] } },
{ "type": "Feature", "properties": { "fid": 352, "stop_id": 351, "stop_code": 387, "stop_name": "Hamilton St + Dupont St", "stop_lat": 42.255833, "stop_lon": -71.783951, "total_stops": 64, "total_weekday_stops": 27, "total_weekday_am_stops": 4, "high_freq": false }, "geometry": { "type": "Point", "coordinates": [ 1292788.031887896591797, 460199.718960269761737 ] } },
{ "type": "Feature", "properties": { "fid": 353, "stop_id": 352, "stop_code": 388, "stop_name": "Hamilton St + Plantation St", "stop_lat": 42.25593, "stop_lon": -71.78198, "total_stops": 62, "total_weekday_stops": 26, "total_weekday_am_stops": 3, "high_freq": false }, "geometry": { "type": "Point", "coordinates": [ 1293322.16242788056843, 460227.169101695355494 ] } },
{ "type": "Feature", "properties": { "fid": 354, "stop_id": 353, "stop_code": 389, "stop_name": "Hamilton St + Ingleside Ave", "stop_lat": 42.25598, "stop_lon": -71.78052, "total_stops": 64, "total_weekday_stops": 27, "total_weekday_am_stops": 4, "high_freq": false }, "geometry": { "type": "Point", "coordinates": [ 1293717.696089802775532, 460239.5468829444726 ] } },
{ "type": "Feature", "properties": { "fid": 355, "stop_id": 355, "stop_code": 391, "stop_name": "Hamilton St + Pilgrim Ave", "stop_lat": 42.256026, "stop_lon": -71.778861, "total_stops": 64, "total_weekday_stops": 27, "total_weekday_am_stops": 5, "high_freq": false }, "geometry": { "type": "Point", "coordinates": [ 1294167.08274380187504, 460249.678516239975579 ] } },
{ "type": "Feature", "properties": { "fid": 356, "stop_id": 394, "stop_code": 627, "stop_name": "Main St at Stearns", "stop_lat": 42.24068, "stop_lon": -71.853585, "total_stops": 153, "total_weekday_stops": 54, "total_weekday_am_stops": 6, "high_freq": false }, "geometry": { "type": "Point", "coordinates": [ 1273849.927574430126697, 454964.459786604449619 ] } },
{ "type": "Feature", "properties": { "fid": 357, "stop_id": 400, "stop_code": 648, "stop_name": "Main St at Holland", "stop_lat": 42.242611, "stop_lon": -71.84257, "total_stops": 153, "total_weekday_stops": 54, "total_weekday_am_stops": 6, "high_freq": false }, "geometry": { "type": "Point", "coordinates": [ 1276843.581457708962262, 455621.765516554994974 ] } },
{ "type": "Feature", "properties": { "fid": 358, "stop_id": 402, "stop_code": 635, "stop_name": "Main St at Montague", "stop_lat": 42.243478, "stop_lon": -71.839725, "total_stops": 153, "total_weekday_stops": 54, "total_weekday_am_stops": 6, "high_freq": false }, "geometry": { "type": "Point", "coordinates": [ 1277618.841377635486424, 455925.800181253871415 ] } },
{ "type": "Feature", "properties": { "fid": 359, "stop_id": 403, "stop_code": 636, "stop_name": "Main St at Arbor Vitae", "stop_lat": 42.24424, "stop_lon": -71.837285, "total_stops": 153, "total_weekday_stops": 54, "total_weekday_am_stops": 6, "high_freq": false }, "geometry": { "type": "Point", "coordinates": [ 1278283.826548837358132, 456193.287859441072214 ] } },
{ "type": "Feature", "properties": { "fid": 360, "stop_id": 404, "stop_code": 637, "stop_name": "Main St + Curtis St I", "stop_lat": 42.24483, "stop_lon": -71.83436, "total_stops": 247, "total_weekday_stops": 91, "total_weekday_am_stops": 10, "high_freq": true }, "geometry": { "type": "Point", "coordinates": [ 1279079.155900161946192, 456396.090767535788473 ] } },
{ "type": "Feature", "properties": { "fid": 361, "stop_id": 405, "stop_code": 640, "stop_name": "Main St + Arena Plaza", "stop_lat": 42.245764, "stop_lon": -71.830529, "total_stops": 227, "total_weekday_stops": 81, "total_weekday_am_stops": 8, "high_freq": false }, "geometry": { "type": "Point", "coordinates": [ 1280121.714310444425792, 456720.51565343211405 ] } },
{ "type": "Feature", "properties": { "fid": 362, "stop_id": 407, "stop_code": 611, "stop_name": "Main St + Tirrell St", "stop_lat": 42.24688, "stop_lon": -71.82828, "total_stops": 227, "total_weekday_stops": 81, "total_weekday_am_stops": 8, "high_freq": false }, "geometry": { "type": "Point", "coordinates": [ 1280736.908589008264244, 457117.874193367839325 ] } },
{ "type": "Feature", "properties": { "fid": 363, "stop_id": 408, "stop_code": 612, "stop_name": "Main St + Lowell St", "stop_lat": 42.24764, "stop_lon": -71.82689, "total_stops": 227, "total_weekday_stops": 81, "total_weekday_am_stops": 8, "high_freq": false }, "geometry": { "type": "Point", "coordinates": [ 1281117.512500879820436, 457389.073030543047935 ] } },
{ "type": "Feature", "properties": { "fid": 364, "stop_id": 409, "stop_code": 641, "stop_name": "Main St + Freeland St", "stop_lat": 42.24835, "stop_lon": -71.82557, "total_stops": 227, "total_weekday_stops": 81, "total_weekday_am_stops": 8, "high_freq": false }, "geometry": { "type": "Point", "coordinates": [ 1281478.875804643845186, 457642.346673453168478 ] } },
{ "type": "Feature", "properties": { "fid": 365, "stop_id": 410, "stop_code": 642, "stop_name": "Main St + Crystal St", "stop_lat": 42.24972, "stop_lon": -71.82303, "total_stops": 227, "total_weekday_stops": 81, "total_weekday_am_stops": 8, "high_freq": false }, "geometry": { "type": "Point", "coordinates": [ 1282174.225541519466788, 458131.102850383438636 ] } },
{ "type": "Feature", "properties": { "fid": 366, "stop_id": 412, "stop_code": 614, "stop_name": "Main St + Wyman St", "stop_lat": 42.25139, "stop_lon": -71.81993, "total_stops": 227, "total_weekday_stops": 81, "total_weekday_am_stops": 8, "high_freq": false }, "geometry": { "type": "Point", "coordinates": [ 1283022.830138636985794, 458726.898544617986772 ] } },
{ "type": "Feature", "properties": { "fid": 367, "stop_id": 413, "stop_code": 615, "stop_name": "Main St + Gardner St", "stop_lat": 42.25213, "stop_lon": -71.81855, "total_stops": 227, "total_weekday_stops": 81, "total_weekday_am_stops": 8, "high_freq": false }, "geometry": { "type": "Point", "coordinates": [ 1283400.563241516239941, 458990.887629373872187 ] } },
{ "type": "Feature", "properties": { "fid": 368, "stop_id": 414, "stop_code": 616, "stop_name": "Main St + Ripley St", "stop_lat": 42.25336, "stop_lon": -71.81625, "total_stops": 227, "total_weekday_stops": 81, "total_weekday_am_stops": 8, "high_freq": false }, "geometry": { "type": "Point", "coordinates": [ 1284030.081082250922918, 459429.668381479743402 ] } },
{ "type": "Feature", "properties": { "fid": 369, "stop_id": 415, "stop_code": 643, "stop_name": "Main St + Hammond St", "stop_lat": 42.25429, "stop_lon": -71.81474, "total_stops": 227, "total_weekday_stops": 81, "total_weekday_am_stops": 9, "high_freq": true }, "geometry": { "type": "Point", "coordinates": [ 1284444.037582288030535, 459762.381401730817743 ] } },
{ "type": "Feature", "properties": { "fid": 370, "stop_id": 416, "stop_code": 644, "stop_name": "Main St + Benefit St", "stop_lat": 42.25545, "stop_lon": -71.81245, "total_stops": 227, "total_weekday_stops": 81, "total_weekday_am_stops": 9, "high_freq": true }, "geometry": { "type": "Point", "coordinates": [ 1285070.421618499327451, 460175.721532777068205 ] } },
{ "type": "Feature", "properties": { "fid": 371, "stop_id": 417, "stop_code": 617, "stop_name": "Main St + Lagrange St", "stop_lat": 42.25635, "stop_lon": -71.81071, "total_stops": 227, "total_weekday_stops": 81, "total_weekday_am_stops": 9, "high_freq": true }, "geometry": { "type": "Point", "coordinates": [ 1285546.451840150170028, 460496.578497606562451 ] } },
{ "type": "Feature", "properties": { "fid": 372, "stop_id": 419, "stop_code": 646, "stop_name": "Main St + Hermon St", "stop_lat": 42.25772, "stop_lon": -71.80814, "total_stops": 227, "total_weekday_stops": 81, "total_weekday_am_stops": 9, "high_freq": true }, "geometry": { "type": "Point", "coordinates": [ 1286249.753956970293075, 460985.334346885385457 ] } },
{ "type": "Feature", "properties": { "fid": 373, "stop_id": 421, "stop_code": 647, "stop_name": "Main St + Old DMV", "stop_lat": 42.25986, "stop_lon": -71.80474, "total_stops": 360, "total_weekday_stops": 129, "total_weekday_am_stops": 14, "high_freq": true }, "geometry": { "type": "Point", "coordinates": [ 1287181.944705905858427, 461751.338916322682053 ] } },
{ "type": "Feature", "properties": { "fid": 374, "stop_id": 423, "stop_code": 7530, "stop_name": "Leicester Walmart", "stop_lat": 42.249797, "stop_lon": -71.936829, "total_stops": 98, "total_weekday_stops": 26, "total_weekday_am_stops": 4, "high_freq": false }, "geometry": { "type": "Point", "coordinates": [ 1251363.564430468250066, 458649.779226491984446 ] } },
{ "type": "Feature", "properties": { "fid": 375, "stop_id": 426, "stop_code": 7545, "stop_name": "Leicester Center", "stop_lat": 42.246011, "stop_lon": -71.909024, "total_stops": 49, "total_weekday_stops": 13, "total_weekday_am_stops": 2, "high_freq": false }, "geometry": { "type": "Point", "coordinates": [ 1258869.27808137354441, 457146.470287479402032 ] } },
{ "type": "Feature", "properties": { "fid": 376, "stop_id": 429, "stop_code": 7560, "stop_name": "Main St at Gerald Ct", "stop_lat": 42.242289, "stop_lon": -71.867522, "total_stops": 49, "total_weekday_stops": 13, "total_weekday_am_stops": 2, "high_freq": false }, "geometry": { "type": "Point", "coordinates": [ 1270085.188480879645795, 455610.067496639909223 ] } },
{ "type": "Feature", "properties": { "fid": 377, "stop_id": 442, "stop_code": 1182, "stop_name": "Main St + Fed Court House", "stop_lat": 42.26082, "stop_lon": -71.80386, "total_stops": 357, "total_weekday_stops": 128, "total_weekday_am_stops": 16, "high_freq": true }, "geometry": { "type": "Point", "coordinates": [ 1287425.434474881272763, 462097.606732623651624 ] } },
{ "type": "Feature", "properties": { "fid": 378, "stop_id": 444, "stop_code": 596, "stop_name": "Main St + Wellington St", "stop_lat": 42.25807, "stop_lon": -71.80762, "total_stops": 228, "total_weekday_stops": 82, "total_weekday_am_stops": 9, "high_freq": true }, "geometry": { "type": "Point", "coordinates": [ 1286392.453089794842526, 461110.760241656389553 ] } },
{ "type": "Feature", "properties": { "fid": 379, "stop_id": 445, "stop_code": 597, "stop_name": "Main St + Jackson St", "stop_lat": 42.25677, "stop_lon": -71.81008, "total_stops": 228, "total_weekday_stops": 82, "total_weekday_am_stops": 9, "high_freq": true }, "geometry": { "type": "Point", "coordinates": [ 1285719.323018848197535, 460647.059897295373958 ] } },
{ "type": "Feature", "properties": { "fid": 380, "stop_id": 447, "stop_code": 599, "stop_name": "Main St + Oread Pl", "stop_lat": 42.25565, "stop_lon": -71.81225, "total_stops": 228, "total_weekday_stops": 82, "total_weekday_am_stops": 9, "high_freq": true }, "geometry": { "type": "Point", "coordinates": [ 1285125.67119754338637, 460247.787409514654428 ] } },
{ "type": "Feature", "properties": { "fid": 381, "stop_id": 448, "stop_code": 600, "stop_name": "Main St + May St", "stop_lat": 42.2544, "stop_lon": -71.81473, "total_stops": 228, "total_weekday_stops": 82, "total_weekday_am_stops": 9, "high_freq": true }, "geometry": { "type": "Point", "coordinates": [ 1284447.353083296213299, 459802.427496724529192 ] } },
{ "type": "Feature", "properties": { "fid": 382, "stop_id": 449, "stop_code": 601, "stop_name": "Main St + Claremont St", "stop_lat": 42.25362, "stop_lon": -71.81601, "total_stops": 228, "total_weekday_stops": 82, "total_weekday_am_stops": 9, "high_freq": true }, "geometry": { "type": "Point", "coordinates": [ 1284096.497118197847158, 459523.433002236823086 ] } },
{ "type": "Feature", "properties": { "fid": 383, "stop_id": 450, "stop_code": 602, "stop_name": "Main St + Norwood St", "stop_lat": 42.25246, "stop_lon": -71.81816, "total_stops": 228, "total_weekday_stops": 82, "total_weekday_am_stops": 9, "high_freq": true }, "geometry": { "type": "Point", "coordinates": [ 1283507.982355644693598, 459109.542644363187719 ] } },
{ "type": "Feature", "properties": { "fid": 384, "stop_id": 451, "stop_code": 603, "stop_name": "Main St + Hawthorne St", "stop_lat": 42.25138, "stop_lon": -71.82017, "total_stops": 228, "total_weekday_stops": 82, "total_weekday_am_stops": 9, "high_freq": true }, "geometry": { "type": "Point", "coordinates": [ 1282957.79550487967208, 458724.24404412281001 ] } },
{ "type": "Feature", "properties": { "fid": 385, "stop_id": 452, "stop_code": 604, "stop_name": "Main St + Gates St", "stop_lat": 42.24994, "stop_lon": -71.82285, "total_stops": 228, "total_weekday_stops": 82, "total_weekday_am_stops": 9, "high_freq": true }, "geometry": { "type": "Point", "coordinates": [ 1282224.184942767722532, 458210.532933634705842 ] } },
{ "type": "Feature", "properties": { "fid": 386, "stop_id": 453, "stop_code": 605, "stop_name": "Main St + Beaver St", "stop_lat": 42.24928, "stop_lon": -71.82404, "total_stops": 228, "total_weekday_stops": 82, "total_weekday_am_stops": 9, "high_freq": true }, "geometry": { "type": "Point", "coordinates": [ 1281898.314980058697984, 457974.931208298366982 ] } },
{ "type": "Feature", "properties": { "fid": 387, "stop_id": 455, "stop_code": 607, "stop_name": "Main St + Marble St", "stop_lat": 42.24766, "stop_lon": -71.82706, "total_stops": 228, "total_weekday_stops": 82, "total_weekday_am_stops": 9, "high_freq": true }, "geometry": { "type": "Point", "coordinates": [ 1281071.594611775828525, 457397.066381600161549 ] } },
{ "type": "Feature", "properties": { "fid": 388, "stop_id": 456, "stop_code": 608, "stop_name": "Main St + Lucian St", "stop_lat": 42.24669, "stop_lon": -71.8288, "total_stops": 228, "total_weekday_stops": 82, "total_weekday_am_stops": 9, "high_freq": true }, "geometry": { "type": "Point", "coordinates": [ 1280595.049158738693222, 457050.791587760031689 ] } },
{ "type": "Feature", "properties": { "fid": 389, "stop_id": 459, "stop_code": 576, "stop_name": "Main St + Curtis St", "stop_lat": 42.244708, "stop_lon": -71.835516, "total_stops": 248, "total_weekday_stops": 92, "total_weekday_am_stops": 9, "high_freq": true }, "geometry": { "type": "Point", "coordinates": [ 1278765.456923028919846, 456356.452496869605966 ] } },
{ "type": "Feature", "properties": { "fid": 390, "stop_id": 461, "stop_code": 578, "stop_name": "Main St + Wayne St", "stop_lat": 42.24386, "stop_lon": -71.83888, "total_stops": 190, "total_weekday_stops": 73, "total_weekday_am_stops": 9, "high_freq": true }, "geometry": { "type": "Point", "coordinates": [ 1277849.800099880201742, 456061.474631832796149 ] } },
{ "type": "Feature", "properties": { "fid": 391, "stop_id": 483, "stop_code": 7520, "stop_name": "Leicester Ctr", "stop_lat": 42.245591, "stop_lon": -71.907521, "total_stops": 49, "total_weekday_stops": 13, "total_weekday_am_stops": 2, "high_freq": false }, "geometry": { "type": "Point", "coordinates": [ 1259273.751364682102576, 456986.800069131480996 ] } },
{ "type": "Feature", "properties": { "fid": 392, "stop_id": 491, "stop_code": 782, "stop_name": "MOWER ST + 31 MOWER ST", "stop_lat": 42.279001, "stop_lon": -71.854696, "total_stops": 114, "total_weekday_stops": 34, "total_weekday_am_stops": 4, "high_freq": false }, "geometry": { "type": "Point", "coordinates": [ 1273767.386008920613676, 468934.371752246865071 ] } },
{ "type": "Feature", "properties": { "fid": 393, "stop_id": 493, "stop_code": 851, "stop_name": "PLEASANT ST + MILL ST", "stop_lat": 42.27799, "stop_lon": -71.85113, "total_stops": 40, "total_weekday_stops": 16, "total_weekday_am_stops": 2, "high_freq": false }, "geometry": { "type": "Point", "coordinates": [ 1274726.703424503095448, 468550.866559053072706 ] } },
{ "type": "Feature", "properties": { "fid": 394, "stop_id": 494, "stop_code": 852, "stop_name": "PLEASANT ST + COPPERFIELD RD", "stop_lat": 42.27806, "stop_lon": -71.85019, "total_stops": 40, "total_weekday_stops": 16, "total_weekday_am_stops": 2, "high_freq": false }, "geometry": { "type": "Point", "coordinates": [ 1274981.495897276327014, 468572.411800188187044 ] } },
{ "type": "Feature", "properties": { "fid": 395, "stop_id": 495, "stop_code": 853, "stop_name": "PLEASANT ST + CHESTERFIELD RD", "stop_lat": 42.27838, "stop_lon": -71.84838, "total_stops": 40, "total_weekday_stops": 16, "total_weekday_am_stops": 2, "high_freq": false }, "geometry": { "type": "Point", "coordinates": [ 1275473.155701485229656, 468681.402829676808324 ] } },
{ "type": "Feature", "properties": { "fid": 396, "stop_id": 496, "stop_code": 854, "stop_name": "PLEASANT ST + CARDINAL RD", "stop_lat": 42.27858, "stop_lon": -71.8472, "total_stops": 40, "total_weekday_stops": 16, "total_weekday_am_stops": 2, "high_freq": false }, "geometry": { "type": "Point", "coordinates": [ 1275793.633932620519772, 468749.322364327788819 ] } },
{ "type": "Feature", "properties": { "fid": 397, "stop_id": 510, "stop_code": 1171, "stop_name": "PLEASANT ST + 642 PLEASANT ST", "stop_lat": 42.26729, "stop_lon": -71.82405, "total_stops": 40, "total_weekday_stops": 16, "total_weekday_am_stops": 2, "high_freq": false }, "geometry": { "type": "Point", "coordinates": [ 1281995.885321558453143, 464538.335953476256691 ] } },
{ "type": "Feature", "properties": { "fid": 398, "stop_id": 511, "stop_code": 865, "stop_name": "PLEASANT ST + COPLEY RD", "stop_lat": 42.26611, "stop_lon": -71.82344, "total_stops": 40, "total_weekday_stops": 16, "total_weekday_am_stops": 2, "high_freq": false }, "geometry": { "type": "Point", "coordinates": [ 1282154.43256880575791, 464105.786167169339024 ] } },
{ "type": "Feature", "properties": { "fid": 399, "stop_id": 512, "stop_code": 866, "stop_name": "PLEASANT ST + NORMAN AVE 1", "stop_lat": 42.265076, "stop_lon": -71.822219, "total_stops": 40, "total_weekday_stops": 16, "total_weekday_am_stops": 2, "high_freq": false }, "geometry": { "type": "Point", "coordinates": [ 1282479.188828486250713, 463723.920456777210347 ] } },
{ "type": "Feature", "properties": { "fid": 400, "stop_id": 514, "stop_code": 868, "stop_name": "PLEASANT ST + ABBOTT ST", "stop_lat": 42.264105, "stop_lon": -71.820393, "total_stops": 40, "total_weekday_stops": 16, "total_weekday_am_stops": 2, "high_freq": false }, "geometry": { "type": "Point", "coordinates": [ 1282968.074911324540153, 463362.522706251533236 ] } },
{ "type": "Feature", "properties": { "fid": 401, "stop_id": 515, "stop_code": 869, "stop_name": "PLEASANT ST + PARK AVE", "stop_lat": 42.26352, "stop_lon": -71.8192, "total_stops": 50, "total_weekday_stops": 16, "total_weekday_am_stops": 2, "high_freq": false }, "geometry": { "type": "Point", "coordinates": [ 1283287.766208426561207, 463144.413020902720746 ] } },
{ "type": "Feature", "properties": { "fid": 402, "stop_id": 516, "stop_code": 870, "stop_name": "PLEASANT ST + MASON ST", "stop_lat": 42.26334, "stop_lon": -71.81782, "total_stops": 50, "total_weekday_stops": 16, "total_weekday_am_stops": 2, "high_freq": false }, "geometry": { "type": "Point", "coordinates": [ 1283660.328342165099457, 463073.132088015030604 ] } },
{ "type": "Feature", "properties": { "fid": 403, "stop_id": 517, "stop_code": 871, "stop_name": "PLEASANT ST + BELLEVUE ST", "stop_lat": 42.26342, "stop_lon": -71.81624, "total_stops": 50, "total_weekday_stops": 16, "total_weekday_am_stops": 2, "high_freq": false }, "geometry": { "type": "Point", "coordinates": [ 1284088.471176393330097, 463095.786566787806805 ] } },
{ "type": "Feature", "properties": { "fid": 404, "stop_id": 518, "stop_code": 872, "stop_name": "PLEASANT ST + RUSSELL ST", "stop_lat": 42.263718, "stop_lon": -71.814339, "total_stops": 50, "total_weekday_stops": 16, "total_weekday_am_stops": 2, "high_freq": false }, "geometry": { "type": "Point", "coordinates": [ 1284604.711278860922903, 463196.576653415744659 ] } },
{ "type": "Feature", "properties": { "fid": 405, "stop_id": 519, "stop_code": 874, "stop_name": "PLEASANT ST + HAWLEY ST", "stop_lat": 42.26403, "stop_lon": -71.812, "total_stops": 50, "total_weekday_stops": 16, "total_weekday_am_stops": 2, "high_freq": false }, "geometry": { "type": "Point", "coordinates": [ 1285239.587829452008009, 463300.684861333458684 ] } },
{ "type": "Feature", "properties": { "fid": 406, "stop_id": 521, "stop_code": 876, "stop_name": "PLEASANT ST + OXFORD ST", "stop_lat": 42.26385, "stop_lon": -71.80746, "total_stops": 50, "total_weekday_stops": 16, "total_weekday_am_stops": 2, "high_freq": false }, "geometry": { "type": "Point", "coordinates": [ 1286467.547398917842656, 463216.514003755117301 ] } },
{ "type": "Feature", "properties": { "fid": 407, "stop_id": 522, "stop_code": 877, "stop_name": "PLEASANT ST + IRVING ST", "stop_lat": 42.26376, "stop_lon": -71.80624, "total_stops": 50, "total_weekday_stops": 16, "total_weekday_am_stops": 2, "high_freq": false }, "geometry": { "type": "Point", "coordinates": [ 1286797.300386615563184, 463178.735119952820241 ] } },
{ "type": "Feature", "properties": { "fid": 408, "stop_id": 523, "stop_code": 878, "stop_name": "Pleasant St + Chestnut St", "stop_lat": 42.26364, "stop_lon": -71.8048, "total_stops": 148, "total_weekday_stops": 55, "total_weekday_am_stops": 7, "high_freq": false }, "geometry": { "type": "Point", "coordinates": [ 1287186.44274792727083, 463129.131223021831829 ] } },
{ "type": "Feature", "properties": { "fid": 409, "stop_id": 524, "stop_code": 812, "stop_name": "PLEASANT ST + LINDEN ST", "stop_lat": 42.26382, "stop_lon": -71.80635, "total_stops": 50, "total_weekday_stops": 16, "total_weekday_am_stops": 2, "high_freq": false }, "geometry": { "type": "Point", "coordinates": [ 1286767.853550065308809, 463201.049807179078925 ] } },
{ "type": "Feature", "properties": { "fid": 410, "stop_id": 525, "stop_code": 813, "stop_name": "PLEASANT ST + ASHLAND ST", "stop_lat": 42.26391, "stop_lon": -71.80763, "total_stops": 50, "total_weekday_stops": 16, "total_weekday_am_stops": 2, "high_freq": false }, "geometry": { "type": "Point", "coordinates": [ 1286421.8592619439587, 463239.074169302242808 ] } },
{ "type": "Feature", "properties": { "fid": 411, "stop_id": 526, "stop_code": 814, "stop_name": "PLEASANT ST + WEST ST", "stop_lat": 42.26401, "stop_lon": -71.80915, "total_stops": 50, "total_weekday_stops": 16, "total_weekday_am_stops": 2, "high_freq": false }, "geometry": { "type": "Point", "coordinates": [ 1286010.954554762225598, 463281.729267358256038 ] } },
{ "type": "Feature", "properties": { "fid": 412, "stop_id": 527, "stop_code": 815, "stop_name": "PLEASANT ST + FRUIT ST", "stop_lat": 42.26409, "stop_lon": -71.81145, "total_stops": 50, "total_weekday_stops": 16, "total_weekday_am_stops": 2, "high_freq": false }, "geometry": { "type": "Point", "coordinates": [ 1285388.800189181929454, 463320.297197950596455 ] } },
{ "type": "Feature", "properties": { "fid": 413, "stop_id": 528, "stop_code": 816, "stop_name": "PLEASANT ST + MERRICK ST", "stop_lat": 42.26386, "stop_lon": -71.81403, "total_stops": 50, "total_weekday_stops": 16, "total_weekday_am_stops": 2, "high_freq": false }, "geometry": { "type": "Point", "coordinates": [ 1284689.140622482867911, 463247.057329613307957 ] } },
{ "type": "Feature", "properties": { "fid": 414, "stop_id": 529, "stop_code": 817, "stop_name": "PLEASANT ST + RUSSELL ST", "stop_lat": 42.26369, "stop_lon": -71.81504, "total_stops": 50, "total_weekday_stops": 16, "total_weekday_am_stops": 2, "high_freq": false }, "geometry": { "type": "Point", "coordinates": [ 1284414.799423907883465, 463189.251295427442528 ] } },
{ "type": "Feature", "properties": { "fid": 415, "stop_id": 536, "stop_code": 811, "stop_name": "PLEASANT ST + COPLEY RD 2", "stop_lat": 42.266714, "stop_lon": -71.823656, "total_stops": 40, "total_weekday_stops": 16, "total_weekday_am_stops": 2, "high_freq": false }, "geometry": { "type": "Point", "coordinates": [ 1282099.326791513012722, 464326.794950944837183 ] } },
{ "type": "Feature", "properties": { "fid": 416, "stop_id": 551, "stop_code": 835, "stop_name": "PLEASANT ST + WRENTHAM RD", "stop_lat": 42.27876, "stop_lon": -71.84646, "total_stops": 40, "total_weekday_stops": 16, "total_weekday_am_stops": 2, "high_freq": false }, "geometry": { "type": "Point", "coordinates": [ 1275994.919849185971543, 468811.807477154943626 ] } },
{ "type": "Feature", "properties": { "fid": 417, "stop_id": 555, "stop_code": 1173, "stop_name": "PLEASANT ST + MOWER ST", "stop_lat": 42.27828, "stop_lon": -71.85326, "total_stops": 40, "total_weekday_stops": 16, "total_weekday_am_stops": 2, "high_freq": false }, "geometry": { "type": "Point", "coordinates": [ 1274151.905613606562838, 468665.54577174334554 ] } },
{ "type": "Feature", "properties": { "fid": 418, "stop_id": 556, "stop_code": 1255, "stop_name": "PLEASANT ST + SOUTH OLEANS ST", "stop_lat": 42.278696, "stop_lon": -71.856257, "total_stops": 97, "total_weekday_stops": 33, "total_weekday_am_stops": 4, "high_freq": false }, "geometry": { "type": "Point", "coordinates": [ 1273343.195364331826568, 468829.828187951759901 ] } },
{ "type": "Feature", "properties": { "fid": 419, "stop_id": 559, "stop_code": 4085, "stop_name": "MAIN ST + ELM ST", "stop_lat": 42.1914, "stop_lon": -71.760001, "total_stops": 42, "total_weekday_stops": 12, "total_weekday_am_stops": 2, "high_freq": false }, "geometry": { "type": "Point", "coordinates": [ 1298930.614388583693653, 436623.403188095835503 ] } },
{ "type": "Feature", "properties": { "fid": 420, "stop_id": 583, "stop_code": 693, "stop_name": "MASSASOIT RD + HEYWOOD ST", "stop_lat": 42.25002, "stop_lon": -71.77979, "total_stops": 63, "total_weekday_stops": 21, "total_weekday_am_stops": 3, "high_freq": false }, "geometry": { "type": "Point", "coordinates": [ 1293883.252776711713523, 458064.620028978039045 ] } },
{ "type": "Feature", "properties": { "fid": 421, "stop_id": 584, "stop_code": 294, "stop_name": "Grafton St + Plantation St", "stop_lat": 42.25173, "stop_lon": -71.78204, "total_stops": 165, "total_weekday_stops": 57, "total_weekday_am_stops": 6, "high_freq": false }, "geometry": { "type": "Point", "coordinates": [ 1293283.27546809008345, 458696.800140698614996 ] } },
{ "type": "Feature", "properties": { "fid": 422, "stop_id": 585, "stop_code": 218, "stop_name": "DORCHESTER ST + ARTHUR ST", "stop_lat": 42.2522, "stop_lon": -71.78396, "total_stops": 63, "total_weekday_stops": 21, "total_weekday_am_stops": 3, "high_freq": false }, "geometry": { "type": "Point", "coordinates": [ 1292765.979607439832762, 458875.778376267873682 ] } },
{ "type": "Feature", "properties": { "fid": 423, "stop_id": 586, "stop_code": 219, "stop_name": "DORCHESTER ST + HOUGHTON ST", "stop_lat": 42.25207, "stop_lon": -71.78646, "total_stops": 63, "total_weekday_stops": 21, "total_weekday_am_stops": 3, "high_freq": false }, "geometry": { "type": "Point", "coordinates": [ 1292088.414942093892023, 458838.44042466027895 ] } },
{ "type": "Feature", "properties": { "fid": 424, "stop_id": 587, "stop_code": 221, "stop_name": "DORCHESTER ST + MENDON ST", "stop_lat": 42.25198, "stop_lon": -71.78783, "total_stops": 63, "total_weekday_stops": 21, "total_weekday_am_stops": 3, "high_freq": false }, "geometry": { "type": "Point", "coordinates": [ 1291717.006872756173834, 458811.150817872665357 ] } },
{ "type": "Feature", "properties": { "fid": 425, "stop_id": 588, "stop_code": 222, "stop_name": "DORCHESTER ST + BARCLAY ST", "stop_lat": 42.2519, "stop_lon": -71.78906, "total_stops": 63, "total_weekday_stops": 21, "total_weekday_am_stops": 3, "high_freq": false }, "geometry": { "type": "Point", "coordinates": [ 1291383.556455965852365, 458786.947547483374365 ] } },
{ "type": "Feature", "properties": { "fid": 426, "stop_id": 589, "stop_code": 223, "stop_name": "DORCHESTER ST + CHAPIN ST", "stop_lat": 42.25179, "stop_lon": -71.79101, "total_stops": 63, "total_weekday_stops": 21, "total_weekday_am_stops": 3, "high_freq": false }, "geometry": { "type": "Point", "coordinates": [ 1290855.005364884622395, 458754.719310506130569 ] } },
{ "type": "Feature", "properties": { "fid": 427, "stop_id": 590, "stop_code": 224, "stop_name": "DORCHESTER ST + PROVIDENCE ST", "stop_lat": 42.25173, "stop_lon": -71.79232, "total_stops": 63, "total_weekday_stops": 21, "total_weekday_am_stops": 3, "high_freq": false }, "geometry": { "type": "Point", "coordinates": [ 1290500.002063914434984, 458738.139872614527121 ] } },
{ "type": "Feature", "properties": { "fid": 428, "stop_id": 597, "stop_code": 214, "stop_name": "DORCHESTER ST + PROVIDENCE ST 2", "stop_lat": 42.2517, "stop_lon": -71.79215, "total_stops": 63, "total_weekday_stops": 21, "total_weekday_am_stops": 2, "high_freq": false }, "geometry": { "type": "Point", "coordinates": [ 1290545.865906336111948, 458726.520660211564973 ] } },
{ "type": "Feature", "properties": { "fid": 429, "stop_id": 598, "stop_code": 209, "stop_name": "DORCHESTER ST + CHAPIN ST", "stop_lat": 42.25178, "stop_lon": -71.79054, "total_stops": 63, "total_weekday_stops": 21, "total_weekday_am_stops": 2, "high_freq": false }, "geometry": { "type": "Point", "coordinates": [ 1290982.20172492461279, 458749.179688612406608 ] } },
{ "type": "Feature", "properties": { "fid": 430, "stop_id": 599, "stop_code": 210, "stop_name": "DORCHESTER ST + SHANNON ST", "stop_lat": 42.25186, "stop_lon": -71.789, "total_stops": 63, "total_weekday_stops": 21, "total_weekday_am_stops": 2, "high_freq": false }, "geometry": { "type": "Point", "coordinates": [ 1291399.584374180994928, 458772.128717743908055 ] } },
{ "type": "Feature", "properties": { "fid": 431, "stop_id": 600, "stop_code": 211, "stop_name": "DORCHESTER ST + RICE LN", "stop_lat": 42.25192, "stop_lon": -71.78813, "total_stops": 63, "total_weekday_stops": 21, "total_weekday_am_stops": 2, "high_freq": false }, "geometry": { "type": "Point", "coordinates": [ 1291635.458256433019415, 458790.492169693403412 ] } },
{ "type": "Feature", "properties": { "fid": 432, "stop_id": 601, "stop_code": 215, "stop_name": "DORCHESTER ST + CUTLER ST", "stop_lat": 42.251982, "stop_lon": -71.786571, "total_stops": 63, "total_weekday_stops": 21, "total_weekday_am_stops": 2, "high_freq": false }, "geometry": { "type": "Point", "coordinates": [ 1292057.886136926943436, 458806.816706547688227 ] } },
{ "type": "Feature", "properties": { "fid": 433, "stop_id": 603, "stop_code": 217, "stop_name": "DORCHESTER ST + ARTHUR ST", "stop_lat": 42.252148, "stop_lon": -71.783843, "total_stops": 63, "total_weekday_stops": 21, "total_weekday_am_stops": 2, "high_freq": false }, "geometry": { "type": "Point", "coordinates": [ 1292797.37598885432817, 458856.358696474111639 ] } },
{ "type": "Feature", "properties": { "fid": 434, "stop_id": 604, "stop_code": 1181, "stop_name": "Grafton St + Acton St", "stop_lat": 42.251665, "stop_lon": -71.782213, "total_stops": 165, "total_weekday_stops": 57, "total_weekday_am_stops": 6, "high_freq": false }, "geometry": { "type": "Point", "coordinates": [ 1293236.085815722122788, 458673.805129926418886 ] } },
{ "type": "Feature", "properties": { "fid": 435, "stop_id": 663, "stop_code": 553, "stop_name": "Lincoln St at Lincoln Sq", "stop_lat": 42.271896, "stop_lon": -71.798835, "total_stops": 303, "total_weekday_stops": 112, "total_weekday_am_stops": 12, "high_freq": true }, "geometry": { "type": "Point", "coordinates": [ 1288846.235886021051556, 466113.625839640735649 ] } },
{ "type": "Feature", "properties": { "fid": 436, "stop_id": 664, "stop_code": 569, "stop_name": "MAJ Taylor Blvd at Highland", "stop_lat": 42.270848, "stop_lon": -71.798906, "total_stops": 385, "total_weekday_stops": 141, "total_weekday_am_stops": 16, "high_freq": true }, "geometry": { "type": "Point", "coordinates": [ 1288821.294557363027707, 465731.988541091908701 ] } },
{ "type": "Feature", "properties": { "fid": 437, "stop_id": 668, "stop_code": 573, "stop_name": "MAIN ST + THOMAS ST", "stop_lat": 42.268193, "stop_lon": -71.800441, "total_stops": 86, "total_weekday_stops": 31, "total_weekday_am_stops": 4, "high_freq": false }, "geometry": { "type": "Point", "coordinates": [ 1288391.303784754825756, 464770.652029555873014 ] } },
{ "type": "Feature", "properties": { "fid": 438, "stop_id": 671, "stop_code": 567, "stop_name": "MAJ Taylor Blvd at Belmont", "stop_lat": 42.270951, "stop_lon": -71.79859, "total_stops": 395, "total_weekday_stops": 145, "total_weekday_am_stops": 17, "high_freq": true }, "geometry": { "type": "Point", "coordinates": [ 1288907.387329197023064, 465768.243295272695832 ] } },
{ "type": "Feature", "properties": { "fid": 439, "stop_id": 672, "stop_code": 516, "stop_name": "Lincoln St at Old Lincoln 1", "stop_lat": 42.272263, "stop_lon": -71.79851, "total_stops": 205, "total_weekday_stops": 73, "total_weekday_am_stops": 8, "high_freq": false }, "geometry": { "type": "Point", "coordinates": [ 1288936.204764981986955, 466246.05443724594079 ] } },
{ "type": "Feature", "properties": { "fid": 440, "stop_id": 673, "stop_code": 518, "stop_name": "Lincoln St at old Lincoln 2", "stop_lat": 42.27371, "stop_lon": -71.797531, "total_stops": 205, "total_weekday_stops": 73, "total_weekday_am_stops": 8, "high_freq": false }, "geometry": { "type": "Point", "coordinates": [ 1289209.07595912180841, 466769.420037913310807 ] } },
{ "type": "Feature", "properties": { "fid": 441, "stop_id": 674, "stop_code": 526, "stop_name": "Lincoln St at BucKingham", "stop_lat": 42.287481, "stop_lon": -71.78918, "total_stops": 205, "total_weekday_stops": 73, "total_weekday_am_stops": 8, "high_freq": false }, "geometry": { "type": "Point", "coordinates": [ 1291543.962387158535421, 471754.317831948224921 ] } },
{ "type": "Feature", "properties": { "fid": 442, "stop_id": 676, "stop_code": 528, "stop_name": "Lincoln St at Wakefield", "stop_lat": 42.289381, "stop_lon": -71.786421, "total_stops": 205, "total_weekday_stops": 73, "total_weekday_am_stops": 8, "high_freq": false }, "geometry": { "type": "Point", "coordinates": [ 1292300.815495821181685, 472435.65232296846807 ] } },
{ "type": "Feature", "properties": { "fid": 443, "stop_id": 677, "stop_code": 529, "stop_name": "Lincoln St at Hanover Ins", "stop_lat": 42.291328, "stop_lon": -71.782178, "total_stops": 205, "total_weekday_stops": 73, "total_weekday_am_stops": 8, "high_freq": false }, "geometry": { "type": "Point", "coordinates": [ 1293459.419507573358715, 473128.196044263080694 ] } },
{ "type": "Feature", "properties": { "fid": 444, "stop_id": 679, "stop_code": 531, "stop_name": "Lincoln St at Trinity", "stop_lat": 42.29295, "stop_lon": -71.7783, "total_stops": 205, "total_weekday_stops": 73, "total_weekday_am_stops": 8, "high_freq": false }, "geometry": { "type": "Point", "coordinates": [ 1294517.448970892932266, 473703.811995026189834 ] } },
{ "type": "Feature", "properties": { "fid": 445, "stop_id": 680, "stop_code": 194, "stop_name": "Country Club Blvd. at Lincoln", "stop_lat": 42.29508, "stop_lon": -71.774636, "total_stops": 87, "total_weekday_stops": 30, "total_weekday_am_stops": 4, "high_freq": false }, "geometry": { "type": "Point", "coordinates": [ 1295520.247907599201426, 474465.462123105477076 ] } },
{ "type": "Feature", "properties": { "fid": 446, "stop_id": 681, "stop_code": 195, "stop_name": "Country Club Blvd. at hotel entrance", "stop_lat": 42.296145, "stop_lon": -71.774826, "total_stops": 87, "total_weekday_stops": 30, "total_weekday_am_stops": 4, "high_freq": false }, "geometry": { "type": "Point", "coordinates": [ 1295474.550082880770788, 474854.344794351956807 ] } },
{ "type": "Feature", "properties": { "fid": 447, "stop_id": 682, "stop_code": 196, "stop_name": "Country Club Blvd. at 52 CC Blvd", "stop_lat": 42.297566, "stop_lon": -71.775025, "total_stops": 87, "total_weekday_stops": 30, "total_weekday_am_stops": 4, "high_freq": false }, "geometry": { "type": "Point", "coordinates": [ 1295428.327780985273421, 475373.003607248305343 ] } },
{ "type": "Feature", "properties": { "fid": 448, "stop_id": 683, "stop_code": 197, "stop_name": "Country Club Blvd. at 126 CC Blvd", "stop_lat": 42.299291, "stop_lon": -71.776258, "total_stops": 87, "total_weekday_stops": 30, "total_weekday_am_stops": 4, "high_freq": false }, "geometry": { "type": "Point", "coordinates": [ 1295103.992547467118129, 476006.570283750188537 ] } },
{ "type": "Feature", "properties": { "fid": 449, "stop_id": 684, "stop_code": 198, "stop_name": "Country Club Blvd. at 132 CC Blvd", "stop_lat": 42.299935, "stop_lon": -71.77679, "total_stops": 87, "total_weekday_stops": 30, "total_weekday_am_stops": 4, "high_freq": false }, "geometry": { "type": "Point", "coordinates": [ 1294963.519389043794945, 476243.388822019682266 ] } },
{ "type": "Feature", "properties": { "fid": 450, "stop_id": 685, "stop_code": 199, "stop_name": "Country Club Blvd. at Rec Center", "stop_lat": 42.301835, "stop_lon": -71.776305, "total_stops": 87, "total_weekday_stops": 30, "total_weekday_am_stops": 4, "high_freq": false }, "geometry": { "type": "Point", "coordinates": [ 1295104.931098858360201, 476933.889767794287764 ] } },
{ "type": "Feature", "properties": { "fid": 451, "stop_id": 686, "stop_code": 200, "stop_name": "Country Club Blvd. at Erie", "stop_lat": 42.303026, "stop_lon": -71.774708, "total_stops": 87, "total_weekday_stops": 30, "total_weekday_am_stops": 4, "high_freq": false }, "geometry": { "type": "Point", "coordinates": [ 1295543.361944959266111, 477361.577879185031634 ] } },
{ "type": "Feature", "properties": { "fid": 452, "stop_id": 688, "stop_code": 979, "stop_name": "St. Nicholas Ave at Hilda", "stop_lat": 42.304425, "stop_lon": -71.776821, "total_stops": 87, "total_weekday_stops": 30, "total_weekday_am_stops": 4, "high_freq": false }, "geometry": { "type": "Point", "coordinates": [ 1294979.241185158723965, 477879.843504401389509 ] } },
{ "type": "Feature", "properties": { "fid": 453, "stop_id": 689, "stop_code": 980, "stop_name": "St. Nicholas Ave at Onandaga", "stop_lat": 42.305856, "stop_lon": -71.777886, "total_stops": 87, "total_weekday_stops": 30, "total_weekday_am_stops": 4, "high_freq": false }, "geometry": { "type": "Point", "coordinates": [ 1294698.821774680400267, 478405.602918635529932 ] } },
{ "type": "Feature", "properties": { "fid": 454, "stop_id": 690, "stop_code": 981, "stop_name": "St. Nicholas Ave at Squantum", "stop_lat": 42.306786, "stop_lon": -71.778593, "total_stops": 87, "total_weekday_stops": 30, "total_weekday_am_stops": 4, "high_freq": false }, "geometry": { "type": "Point", "coordinates": [ 1294512.565154017647728, 478747.352720847819 ] } },
{ "type": "Feature", "properties": { "fid": 455, "stop_id": 691, "stop_code": 985, "stop_name": "St. Nicholas Ave at Ontario", "stop_lat": 42.30816, "stop_lon": -71.779603, "total_stops": 87, "total_weekday_stops": 30, "total_weekday_am_stops": 4, "high_freq": false }, "geometry": { "type": "Point", "coordinates": [ 1294246.738360139308497, 479252.125519378401805 ] } },
{ "type": "Feature", "properties": { "fid": 456, "stop_id": 693, "stop_code": 983, "stop_name": "St. Nicholas Ave at Clark", "stop_lat": 42.310521, "stop_lon": -71.781343, "total_stops": 87, "total_weekday_stops": 30, "total_weekday_am_stops": 4, "high_freq": false }, "geometry": { "type": "Point", "coordinates": [ 1293788.774011891335249, 480119.522789472423028 ] } },
{ "type": "Feature", "properties": { "fid": 457, "stop_id": 697, "stop_code": 1197, "stop_name": "Mountain St East + Mosque", "stop_lat": 42.315218, "stop_lon": -71.772852, "total_stops": 103, "total_weekday_stops": 33, "total_weekday_am_stops": 5, "high_freq": false }, "geometry": { "type": "Point", "coordinates": [ 1296110.728769701672718, 481797.455188706982881 ] } },
{ "type": "Feature", "properties": { "fid": 458, "stop_id": 701, "stop_code": 478, "stop_name": "HOSPITAL DR + BELMONT ST", "stop_lat": 42.273986, "stop_lon": -71.772656, "total_stops": 60, "total_weekday_stops": 29, "total_weekday_am_stops": 4, "high_freq": false }, "geometry": { "type": "Point", "coordinates": [ 1295943.07410189229995, 466770.168521519633941 ] } },
{ "type": "Feature", "properties": { "fid": 459, "stop_id": 702, "stop_code": 25, "stop_name": "BELMONT ST + MCRAE CT", "stop_lat": 42.273733, "stop_lon": -71.773896, "total_stops": 82, "total_weekday_stops": 29, "total_weekday_am_stops": 4, "high_freq": false }, "geometry": { "type": "Point", "coordinates": [ 1295606.10843292134814, 466682.897527167282533 ] } },
{ "type": "Feature", "properties": { "fid": 460, "stop_id": 703, "stop_code": 26, "stop_name": "BELMONT ST + PRENTICE ST", "stop_lat": 42.273653, "stop_lon": -71.775725, "total_stops": 82, "total_weekday_stops": 29, "total_weekday_am_stops": 4, "high_freq": false }, "geometry": { "type": "Point", "coordinates": [ 1295110.652190834283829, 466661.024706051684916 ] } },
{ "type": "Feature", "properties": { "fid": 461, "stop_id": 704, "stop_code": 27, "stop_name": "BELMONT ST + ODEN AVE", "stop_lat": 42.273581, "stop_lon": -71.778633, "total_stops": 82, "total_weekday_stops": 29, "total_weekday_am_stops": 4, "high_freq": false }, "geometry": { "type": "Point", "coordinates": [ 1294323.201129407389089, 466646.384797860810068 ] } },
{ "type": "Feature", "properties": { "fid": 462, "stop_id": 705, "stop_code": 28, "stop_name": "BELMONT ST + SKYLINE DR", "stop_lat": 42.273406, "stop_lon": -71.782083, "total_stops": 82, "total_weekday_stops": 29, "total_weekday_am_stops": 4, "high_freq": false }, "geometry": { "type": "Point", "coordinates": [ 1293388.498305775923654, 466596.404390287760179 ] } },
{ "type": "Feature", "properties": { "fid": 463, "stop_id": 712, "stop_code": 35, "stop_name": "BELMONT ST + EDWARD ST", "stop_lat": 42.272096, "stop_lon": -71.7927, "total_stops": 82, "total_weekday_stops": 29, "total_weekday_am_stops": 4, "high_freq": false }, "geometry": { "type": "Point", "coordinates": [ 1290507.82984196068719, 466161.684511071420275 ] } },
{ "type": "Feature", "properties": { "fid": 464, "stop_id": 722, "stop_code": 5, "stop_name": "BELMONT ST + EDWARD ST", "stop_lat": 42.272095, "stop_lon": -71.791856, "total_stops": 86, "total_weekday_stops": 31, "total_weekday_am_stops": 4, "high_freq": false }, "geometry": { "type": "Point", "coordinates": [ 1290736.261927188374102, 466157.913674067473039 ] } },
{ "type": "Feature", "properties": { "fid": 465, "stop_id": 723, "stop_code": 6, "stop_name": "Belmont St at Elizabeth", "stop_lat": 42.272216, "stop_lon": -71.79067, "total_stops": 86, "total_weekday_stops": 31, "total_weekday_am_stops": 4, "high_freq": false }, "geometry": { "type": "Point", "coordinates": [ 1291057.922156170941889, 466197.227126755809877 ] } },
{ "type": "Feature", "properties": { "fid": 466, "stop_id": 724, "stop_code": 7, "stop_name": "BELMONT ST + EASTERN AVE", "stop_lat": 42.272358, "stop_lon": -71.789728, "total_stops": 86, "total_weekday_stops": 31, "total_weekday_am_stops": 4, "high_freq": false }, "geometry": { "type": "Point", "coordinates": [ 1291313.654178459662944, 466245.180841649067588 ] } },
{ "type": "Feature", "properties": { "fid": 467, "stop_id": 725, "stop_code": 8, "stop_name": "BELMONT ST + MERRIFIELD ST", "stop_lat": 42.272409, "stop_lon": -71.788926, "total_stops": 86, "total_weekday_stops": 31, "total_weekday_am_stops": 4, "high_freq": false }, "geometry": { "type": "Point", "coordinates": [ 1291530.999611348146573, 466260.537455718324054 ] } },
{ "type": "Feature", "properties": { "fid": 468, "stop_id": 726, "stop_code": 9, "stop_name": "BELMONT ST + EVERARD ST", "stop_lat": 42.27262, "stop_lon": -71.787017, "total_stops": 86, "total_weekday_stops": 31, "total_weekday_am_stops": 4, "high_freq": false }, "geometry": { "type": "Point", "coordinates": [ 1292048.830479119904339, 466329.753864190366585 ] } },
{ "type": "Feature", "properties": { "fid": 469, "stop_id": 727, "stop_code": 10, "stop_name": "BELMONT ST + STANTON ST", "stop_lat": 42.272656, "stop_lon": -71.785641, "total_stops": 86, "total_weekday_stops": 31, "total_weekday_am_stops": 4, "high_freq": false }, "geometry": { "type": "Point", "coordinates": [ 1292421.451398005243391, 466337.345514103712048 ] } },
{ "type": "Feature", "properties": { "fid": 470, "stop_id": 728, "stop_code": 11, "stop_name": "BELMONT ST + OLGA AVE", "stop_lat": 42.272672, "stop_lon": -71.784615, "total_stops": 86, "total_weekday_stops": 31, "total_weekday_am_stops": 4, "high_freq": false }, "geometry": { "type": "Point", "coordinates": [ 1292699.233497360721231, 466339.058438042295165 ] } },
{ "type": "Feature", "properties": { "fid": 471, "stop_id": 729, "stop_code": 12, "stop_name": "BELMONT ST + SKYLINE DR", "stop_lat": 42.273303, "stop_lon": -71.781701, "total_stops": 86, "total_weekday_stops": 31, "total_weekday_am_stops": 4, "high_freq": false }, "geometry": { "type": "Point", "coordinates": [ 1293491.333565841196105, 466557.338353114027996 ] } },
{ "type": "Feature", "properties": { "fid": 472, "stop_id": 730, "stop_code": 13, "stop_name": "BELMONT ST + ADAMS ST", "stop_lat": 42.273478, "stop_lon": -71.778141, "total_stops": 86, "total_weekday_stops": 31, "total_weekday_am_stops": 4, "high_freq": false }, "geometry": { "type": "Point", "coordinates": [ 1294455.809758126968518, 466606.883739855140448 ] } },
{ "type": "Feature", "properties": { "fid": 473, "stop_id": 731, "stop_code": 14, "stop_name": "BELMONT ST + PRENTICE ST", "stop_lat": 42.273566, "stop_lon": -71.77528, "total_stops": 86, "total_weekday_stops": 31, "total_weekday_am_stops": 4, "high_freq": false }, "geometry": { "type": "Point", "coordinates": [ 1295230.627005463698879, 466627.546239185146987 ] } },
{ "type": "Feature", "properties": { "fid": 474, "stop_id": 732, "stop_code": 15, "stop_name": "BELMONT ST + MCRAE CT", "stop_lat": 42.273581, "stop_lon": -71.774071, "total_stops": 86, "total_weekday_stops": 31, "total_weekday_am_stops": 4, "high_freq": false }, "geometry": { "type": "Point", "coordinates": [ 1295557.929507739376277, 466628.199774586420972 ] } },
{ "type": "Feature", "properties": { "fid": 475, "stop_id": 733, "stop_code": 477, "stop_name": "HOSPITAL DR + BELMONT ST", "stop_lat": 42.273963, "stop_lon": -71.772546, "total_stops": 62, "total_weekday_stops": 31, "total_weekday_am_stops": 4, "high_freq": false }, "geometry": { "type": "Point", "coordinates": [ 1295972.722908494062722, 466761.349334955157246 ] } },
{ "type": "Feature", "properties": { "fid": 476, "stop_id": 736, "stop_code": 786, "stop_name": "NORTH LAKE AVE + NORTH LAKE AVE", "stop_lat": 42.278096, "stop_lon": -71.75921, "total_stops": 86, "total_weekday_stops": 31, "total_weekday_am_stops": 4, "high_freq": false }, "geometry": { "type": "Point", "coordinates": [ 1299604.049207795178518, 468214.839029665163253 ] } },
{ "type": "Feature", "properties": { "fid": 477, "stop_id": 749, "stop_code": 962, "stop_name": "Southbridge St at Kendig", "stop_lat": 42.236251, "stop_lon": -71.815732, "total_stops": 47, "total_weekday_stops": 17, "total_weekday_am_stops": 3, "high_freq": false }, "geometry": { "type": "Point", "coordinates": [ 1284075.66124421544373, 453192.553637964767404 ] } },
{ "type": "Feature", "properties": { "fid": 478, "stop_id": 751, "stop_code": 964, "stop_name": "Southbridge St at College", "stop_lat": 42.239433, "stop_lon": -71.813346, "total_stops": 47, "total_weekday_stops": 17, "total_weekday_am_stops": 3, "high_freq": false }, "geometry": { "type": "Point", "coordinates": [ 1284739.388170483289286, 454342.356682561687194 ] } },
{ "type": "Feature", "properties": { "fid": 479, "stop_id": 752, "stop_code": 965, "stop_name": "Southbridge St at Crompton", "stop_lat": 42.241768, "stop_lon": -71.811996, "total_stops": 47, "total_weekday_stops": 17, "total_weekday_am_stops": 3, "high_freq": false }, "geometry": { "type": "Point", "coordinates": [ 1285117.846653917338699, 455187.755784031876829 ] } },
{ "type": "Feature", "properties": { "fid": 480, "stop_id": 759, "stop_code": 121, "stop_name": "Canterbury St + S.Crystal St", "stop_lat": 42.24419, "stop_lon": -71.82163, "total_stops": 20, "total_weekday_stops": 10, "total_weekday_am_stops": 2, "high_freq": false }, "geometry": { "type": "Point", "coordinates": [ 1282522.546010738937184, 456110.036749619408511 ] } },
{ "type": "Feature", "properties": { "fid": 481, "stop_id": 761, "stop_code": 123, "stop_name": "Canterbury St + Grand St", "stop_lat": 42.24726, "stop_lon": -71.81678, "total_stops": 20, "total_weekday_stops": 10, "total_weekday_am_stops": 2, "high_freq": false }, "geometry": { "type": "Point", "coordinates": [ 1283852.81222962285392, 457208.837298194353934 ] } },
{ "type": "Feature", "properties": { "fid": 482, "stop_id": 762, "stop_code": 124, "stop_name": "Canterbury St + Gardner St", "stop_lat": 42.24855, "stop_lon": -71.81474, "total_stops": 20, "total_weekday_stops": 10, "total_weekday_am_stops": 2, "high_freq": false }, "geometry": { "type": "Point", "coordinates": [ 1284412.302634833147749, 457670.562793682969641 ] } },
{ "type": "Feature", "properties": { "fid": 483, "stop_id": 763, "stop_code": 125, "stop_name": "47 Canterbury St", "stop_lat": 42.24933, "stop_lon": -71.8135, "total_stops": 20, "total_weekday_stops": 10, "total_weekday_am_stops": 2, "high_freq": false }, "geometry": { "type": "Point", "coordinates": [ 1284752.351577963680029, 457949.725528664595913 ] } },
{ "type": "Feature", "properties": { "fid": 484, "stop_id": 764, "stop_code": 126, "stop_name": "Canterbury St + Hammond St", "stop_lat": 42.25138, "stop_lon": -71.81034, "total_stops": 20, "total_weekday_stops": 10, "total_weekday_am_stops": 2, "high_freq": false }, "geometry": { "type": "Point", "coordinates": [ 1285619.234533110633492, 458683.851575699867681 ] } },
{ "type": "Feature", "properties": { "fid": 485, "stop_id": 765, "stop_code": 971, "stop_name": "Southbridge St + Lafayette St", "stop_lat": 42.2525, "stop_lon": -71.80785, "total_stops": 67, "total_weekday_stops": 27, "total_weekday_am_stops": 5, "high_freq": false }, "geometry": { "type": "Point", "coordinates": [ 1286299.55401846440509, 459081.828141826612409 ] } },
{ "type": "Feature", "properties": { "fid": 486, "stop_id": 766, "stop_code": 972, "stop_name": "Southbridge St + Quinsigamond Ave", "stop_lat": 42.25368, "stop_lon": -71.80701, "total_stops": 67, "total_weekday_stops": 27, "total_weekday_am_stops": 5, "high_freq": false }, "geometry": { "type": "Point", "coordinates": [ 1286533.463072584010661, 459508.423414362594485 ] } },
{ "type": "Feature", "properties": { "fid": 487, "stop_id": 770, "stop_code": 6210, "stop_name": "Southbridge St at Auburn St", "stop_lat": 42.206838, "stop_lon": -71.832956, "total_stops": 47, "total_weekday_stops": 17, "total_weekday_am_stops": 2, "high_freq": false }, "geometry": { "type": "Point", "coordinates": [ 1279246.366143289022148, 442545.077963070885744 ] } },
{ "type": "Feature", "properties": { "fid": 488, "stop_id": 776, "stop_code": 1219, "stop_name": "Southbridge St + Old DMV", "stop_lat": 42.2595, "stop_lon": -71.80367, "total_stops": 67, "total_weekday_stops": 27, "total_weekday_am_stops": 3, "high_freq": false }, "geometry": { "type": "Point", "coordinates": [ 1287469.632372339023277, 461615.784757875429932 ] } },
{ "type": "Feature", "properties": { "fid": 489, "stop_id": 779, "stop_code": 114, "stop_name": "Canterbury St + Hammond St", "stop_lat": 42.25131, "stop_lon": -71.81052, "total_stops": 20, "total_weekday_stops": 10, "total_weekday_am_stops": 1, "high_freq": false }, "geometry": { "type": "Point", "coordinates": [ 1285570.114335472229868, 458659.078499840921722 ] } },
{ "type": "Feature", "properties": { "fid": 490, "stop_id": 781, "stop_code": 116, "stop_name": "Canterbury St + Gardner St", "stop_lat": 42.24909, "stop_lon": -71.81399, "total_stops": 20, "total_weekday_stops": 10, "total_weekday_am_stops": 1, "high_freq": false }, "geometry": { "type": "Point", "coordinates": [ 1284618.355348933488131, 457864.274015697475988 ] } },
{ "type": "Feature", "properties": { "fid": 491, "stop_id": 785, "stop_code": 120, "stop_name": "Canterbury St + Cambridge St", "stop_lat": 42.24389, "stop_lon": -71.8222, "total_stops": 20, "total_weekday_stops": 10, "total_weekday_am_stops": 1, "high_freq": false }, "geometry": { "type": "Point", "coordinates": [ 1282366.535373175051063, 456003.063058317347895 ] } },
{ "type": "Feature", "properties": { "fid": 492, "stop_id": 811, "stop_code": 6160, "stop_name": "Southbridge St + Swanson St", "stop_lat": 42.203753, "stop_lon": -71.836987, "total_stops": 121, "total_weekday_stops": 45, "total_weekday_am_stops": 6, "high_freq": false }, "geometry": { "type": "Point", "coordinates": [ 1278136.891051768790931, 441437.667144372826442 ] } },
{ "type": "Feature", "properties": { "fid": 493, "stop_id": 817, "stop_code": 1025, "stop_name": "TACOMA ST + 134 TACOMA ST", "stop_lat": 42.30621, "stop_lon": -71.77039, "total_stops": 156, "total_weekday_stops": 59, "total_weekday_am_stops": 7, "high_freq": false }, "geometry": { "type": "Point", "coordinates": [ 1296728.526737286476418, 478504.800957315950654 ] } },
{ "type": "Feature", "properties": { "fid": 494, "stop_id": 818, "stop_code": 1024, "stop_name": "TACOMA ST + GREAT BROOK VALLEY AVE 2", "stop_lat": 42.30507, "stop_lon": -71.76823, "total_stops": 156, "total_weekday_stops": 59, "total_weekday_am_stops": 7, "high_freq": false }, "geometry": { "type": "Point", "coordinates": [ 1297306.766042623203248, 478080.780894944444299 ] } },
{ "type": "Feature", "properties": { "fid": 495, "stop_id": 819, "stop_code": 1021, "stop_name": "TACOMA ST + PASADENA PKWY 1", "stop_lat": 42.304211, "stop_lon": -71.767571, "total_stops": 110, "total_weekday_stops": 41, "total_weekday_am_stops": 4, "high_freq": false }, "geometry": { "type": "Point", "coordinates": [ 1297480.461803664453328, 477765.118717686797027 ] } },
{ "type": "Feature", "properties": { "fid": 496, "stop_id": 828, "stop_code": 1029, "stop_name": "Tacoma St + 67 Tacoma", "stop_lat": 42.30499, "stop_lon": -71.76808, "total_stops": 159, "total_weekday_stops": 60, "total_weekday_am_stops": 6, "high_freq": false }, "geometry": { "type": "Point", "coordinates": [ 1297346.917883075773716, 478051.03189482470043 ] } },
{ "type": "Feature", "properties": { "fid": 497, "stop_id": 829, "stop_code": 1026, "stop_name": "Tacoma St + Constitution", "stop_lat": 42.30625, "stop_lon": -71.77059, "total_stops": 159, "total_weekday_stops": 60, "total_weekday_am_stops": 7, "high_freq": false }, "geometry": { "type": "Point", "coordinates": [ 1296674.636841430328786, 478520.171735241194256 ] } },
{ "type": "Feature", "properties": { "fid": 498, "stop_id": 830, "stop_code": 1196, "stop_name": "Tacoma St + New Vista Ln", "stop_lat": 42.30647, "stop_lon": -71.7724, "total_stops": 159, "total_weekday_stops": 60, "total_weekday_am_stops": 7, "high_freq": false }, "geometry": { "type": "Point", "coordinates": [ 1296186.176608623703942, 478607.532440389390104 ] } },
{ "type": "Feature", "properties": { "fid": 499, "stop_id": 831, "stop_code": 1027, "stop_name": "TACOMA ST + CHINO AVE", "stop_lat": 42.306626, "stop_lon": -71.773523, "total_stops": 115, "total_weekday_stops": 43, "total_weekday_am_stops": 4, "high_freq": false }, "geometry": { "type": "Point", "coordinates": [ 1295883.221577377989888, 478668.8473954363144 ] } },
{ "type": "Feature", "properties": { "fid": 500, "stop_id": 837, "stop_code": 6120, "stop_name": "OXFORD ST NORTH + AUBURN ST", "stop_lat": 42.21479, "stop_lon": -71.84587, "total_stops": 71, "total_weekday_stops": 27, "total_weekday_am_stops": 3, "high_freq": false }, "geometry": { "type": "Point", "coordinates": [ 1275792.545486976858228, 445497.021905823959969 ] } },
{ "type": "Feature", "properties": { "fid": 501, "stop_id": 838, "stop_code": 6125, "stop_name": "OXFORD ST NORTH + ROCHDALE ST", "stop_lat": 42.217851, "stop_lon": -71.845346, "total_stops": 71, "total_weekday_stops": 27, "total_weekday_am_stops": 3, "high_freq": false }, "geometry": { "type": "Point", "coordinates": [ 1275951.813689841190353, 446610.309842213580851 ] } },
{ "type": "Feature", "properties": { "fid": 502, "stop_id": 845, "stop_code": 480, "stop_name": "JAMES ST + GENESEE ST", "stop_lat": 42.23443, "stop_lon": -71.84963, "total_stops": 71, "total_weekday_stops": 27, "total_weekday_am_stops": 3, "high_freq": false }, "geometry": { "type": "Point", "coordinates": [ 1274885.430079828249291, 452670.107247695734259 ] } },
{ "type": "Feature", "properties": { "fid": 503, "stop_id": 846, "stop_code": 481, "stop_name": "JAMES ST + AIRPORT CIRCLE", "stop_lat": 42.23561, "stop_lon": -71.84982, "total_stops": 71, "total_weekday_stops": 27, "total_weekday_am_stops": 3, "high_freq": false }, "geometry": { "type": "Point", "coordinates": [ 1274840.672918253345415, 453100.928312722826377 ] } },
{ "type": "Feature", "properties": { "fid": 504, "stop_id": 847, "stop_code": 1004, "stop_name": "STAFFORD ST + EUREKA ST", "stop_lat": 42.23669, "stop_lon": -71.84828, "total_stops": 71, "total_weekday_stops": 27, "total_weekday_am_stops": 3, "high_freq": false }, "geometry": { "type": "Point", "coordinates": [ 1275263.845601043198258, 453488.013746722834185 ] } },
{ "type": "Feature", "properties": { "fid": 505, "stop_id": 848, "stop_code": 1005, "stop_name": "STAFFORD ST + HENSHAW ST", "stop_lat": 42.23751, "stop_lon": -71.84689, "total_stops": 71, "total_weekday_stops": 27, "total_weekday_am_stops": 2, "high_freq": false }, "geometry": { "type": "Point", "coordinates": [ 1275644.911457790061831, 453780.988027591723949 ] } },
{ "type": "Feature", "properties": { "fid": 506, "stop_id": 850, "stop_code": 1007, "stop_name": "STAFFORD ST + VARNUM ST", "stop_lat": 42.23885, "stop_lon": -71.84456, "total_stops": 71, "total_weekday_stops": 27, "total_weekday_am_stops": 2, "high_freq": false }, "geometry": { "type": "Point", "coordinates": [ 1276283.459991497686133, 454259.518475936492905 ] } },
{ "type": "Feature", "properties": { "fid": 507, "stop_id": 851, "stop_code": 1008, "stop_name": "Stafford St + Heard St", "stop_lat": 42.23979, "stop_lon": -71.84296, "total_stops": 111, "total_weekday_stops": 47, "total_weekday_am_stops": 5, "high_freq": false }, "geometry": { "type": "Point", "coordinates": [ 1276722.045182060217485, 454595.359231362643186 ] } },
{ "type": "Feature", "properties": { "fid": 508, "stop_id": 852, "stop_code": 1009, "stop_name": "Stafford St + Webster Sq Plaza", "stop_lat": 42.240758, "stop_lon": -71.841519, "total_stops": 114, "total_weekday_stops": 47, "total_weekday_am_stops": 5, "high_freq": false }, "geometry": { "type": "Point", "coordinates": [ 1277117.720177839510143, 454942.078682569903322 ] } },
{ "type": "Feature", "properties": { "fid": 509, "stop_id": 853, "stop_code": 1010, "stop_name": "Stafford St + Young St", "stop_lat": 42.242051, "stop_lon": -71.839838, "total_stops": 114, "total_weekday_stops": 47, "total_weekday_am_stops": 5, "high_freq": false }, "geometry": { "type": "Point", "coordinates": [ 1277580.203317495295778, 455406.238282673060894 ] } },
{ "type": "Feature", "properties": { "fid": 510, "stop_id": 854, "stop_code": 1011, "stop_name": "Stafford St + Webster Sq", "stop_lat": 42.24334, "stop_lon": -71.83807, "total_stops": 114, "total_weekday_stops": 47, "total_weekday_am_stops": 5, "high_freq": false }, "geometry": { "type": "Point", "coordinates": [ 1278066.203610216733068, 455868.585808691219427 ] } },
{ "type": "Feature", "properties": { "fid": 511, "stop_id": 856, "stop_code": 993, "stop_name": "Stafford St + Webster Sq", "stop_lat": 42.24342, "stop_lon": -71.83819, "total_stops": 78, "total_weekday_stops": 29, "total_weekday_am_stops": 2, "high_freq": false }, "geometry": { "type": "Point", "coordinates": [ 1278034.160278899595141, 455898.241581397422124 ] } },
{ "type": "Feature", "properties": { "fid": 512, "stop_id": 858, "stop_code": 995, "stop_name": "STAFFORD ST + WEBSTER SQ PLAZA", "stop_lat": 42.240887, "stop_lon": -71.841604, "total_stops": 78, "total_weekday_stops": 29, "total_weekday_am_stops": 2, "high_freq": false }, "geometry": { "type": "Point", "coordinates": [ 1277095.430803295923397, 454989.445812836347613 ] } },
{ "type": "Feature", "properties": { "fid": 513, "stop_id": 860, "stop_code": 997, "stop_name": "STAFFORD ST + VARNUM ST", "stop_lat": 42.23895, "stop_lon": -71.84472, "total_stops": 76, "total_weekday_stops": 29, "total_weekday_am_stops": 2, "high_freq": false }, "geometry": { "type": "Point", "coordinates": [ 1276240.697808545548469, 454296.633189965446945 ] } },
{ "type": "Feature", "properties": { "fid": 514, "stop_id": 863, "stop_code": 1000, "stop_name": "STAFFORD ST + EUREKA ST", "stop_lat": 42.23664, "stop_lon": -71.84864, "total_stops": 76, "total_weekday_stops": 29, "total_weekday_am_stops": 2, "high_freq": false }, "geometry": { "type": "Point", "coordinates": [ 1275166.071601656964049, 453471.309523051662836 ] } },
{ "type": "Feature", "properties": { "fid": 515, "stop_id": 864, "stop_code": 1001, "stop_name": "STAFFORD ST + GRANDVIEW AVE", "stop_lat": 42.236, "stop_lon": -71.84973, "total_stops": 76, "total_weekday_stops": 29, "total_weekday_am_stops": 2, "high_freq": false }, "geometry": { "type": "Point", "coordinates": [ 1274867.259502506814897, 453242.673889631754719 ] } },
{ "type": "Feature", "properties": { "fid": 516, "stop_id": 879, "stop_code": 701, "stop_name": "MAY ST + ZENITH DR", "stop_lat": 42.2658, "stop_lon": -71.83961, "total_stops": 54, "total_weekday_stops": 22, "total_weekday_am_stops": 3, "high_freq": false }, "geometry": { "type": "Point", "coordinates": [ 1277775.727879213634878, 464060.063804256613366 ] } },
{ "type": "Feature", "properties": { "fid": 517, "stop_id": 882, "stop_code": 490, "stop_name": "JUNE ST + MAY ST", "stop_lat": 42.26331, "stop_lon": -71.83618, "total_stops": 54, "total_weekday_stops": 22, "total_weekday_am_stops": 3, "high_freq": false }, "geometry": { "type": "Point", "coordinates": [ 1278690.185897273709998, 463138.301829703443218 ] } },
{ "type": "Feature", "properties": { "fid": 518, "stop_id": 886, "stop_code": 493, "stop_name": "JUNE ST + BROWNELL ST", "stop_lat": 42.26644, "stop_lon": -71.83029, "total_stops": 54, "total_weekday_stops": 22, "total_weekday_am_stops": 3, "high_freq": false }, "geometry": { "type": "Point", "coordinates": [ 1280302.092526737367734, 464254.43726920284098 ] } },
{ "type": "Feature", "properties": { "fid": 519, "stop_id": 893, "stop_code": 449, "stop_name": "HIGHLAND ST + HAVILAND ST", "stop_lat": 42.27009, "stop_lon": -71.82003, "total_stops": 54, "total_weekday_stops": 22, "total_weekday_am_stops": 3, "high_freq": false }, "geometry": { "type": "Point", "coordinates": [ 1283099.55926414928399, 465542.142438919399865 ] } },
{ "type": "Feature", "properties": { "fid": 520, "stop_id": 897, "stop_code": 456, "stop_name": "HIGHLAND ST + SOMERSET ST", "stop_lat": 42.27049, "stop_lon": -71.81361, "total_stops": 54, "total_weekday_stops": 22, "total_weekday_am_stops": 3, "high_freq": false }, "geometry": { "type": "Point", "coordinates": [ 1284839.456456545274705, 465661.51087365928106 ] } },
{ "type": "Feature", "properties": { "fid": 521, "stop_id": 898, "stop_code": 458, "stop_name": "HIGHLAND ST + SEVER ST", "stop_lat": 42.27067, "stop_lon": -71.81133, "total_stops": 54, "total_weekday_stops": 22, "total_weekday_am_stops": 3, "high_freq": false }, "geometry": { "type": "Point", "coordinates": [ 1285457.568383649224415, 465717.762428507034201 ] } },
{ "type": "Feature", "properties": { "fid": 522, "stop_id": 899, "stop_code": 459, "stop_name": "HIGHLAND ST + WEST ST", "stop_lat": 42.270916, "stop_lon": -71.808105, "total_stops": 54, "total_weekday_stops": 22, "total_weekday_am_stops": 3, "high_freq": false }, "geometry": { "type": "Point", "coordinates": [ 1286331.818627787288278, 465794.22056067280937 ] } },
{ "type": "Feature", "properties": { "fid": 523, "stop_id": 900, "stop_code": 460, "stop_name": "HIGHLAND ST + NORTH ASHLAND ST", "stop_lat": 42.27108, "stop_lon": -71.8064, "total_stops": 54, "total_weekday_stops": 22, "total_weekday_am_stops": 3, "high_freq": false }, "geometry": { "type": "Point", "coordinates": [ 1286794.203126334119588, 465847.026130771148019 ] } },
{ "type": "Feature", "properties": { "fid": 524, "stop_id": 901, "stop_code": 461, "stop_name": "HIGHLAND ST + GOULDING ST", "stop_lat": 42.27123, "stop_lon": -71.80452, "total_stops": 54, "total_weekday_stops": 22, "total_weekday_am_stops": 3, "high_freq": false }, "geometry": { "type": "Point", "coordinates": [ 1287303.874733959790319, 465894.025716973294038 ] } },
{ "type": "Feature", "properties": { "fid": 525, "stop_id": 904, "stop_code": 557, "stop_name": "LINDEN ST + WILLIAM ST", "stop_lat": 42.26692, "stop_lon": -71.80462, "total_stops": 54, "total_weekday_stops": 22, "total_weekday_am_stops": 3, "high_freq": false }, "geometry": { "type": "Point", "coordinates": [ 1287253.162736400729045, 464323.732010862091556 ] } },
{ "type": "Feature", "properties": { "fid": 526, "stop_id": 905, "stop_code": 558, "stop_name": "LINDEN ST + CEDAR ST", "stop_lat": 42.26631, "stop_lon": -71.80524, "total_stops": 54, "total_weekday_stops": 22, "total_weekday_am_stops": 3, "high_freq": false }, "geometry": { "type": "Point", "coordinates": [ 1287081.991873910883442, 464103.955901950655971 ] } },
{ "type": "Feature", "properties": { "fid": 527, "stop_id": 906, "stop_code": 556, "stop_name": "Linden St + 11 Linden St", "stop_lat": 42.26472, "stop_lon": -71.80586, "total_stops": 98, "total_weekday_stops": 39, "total_weekday_am_stops": 5, "high_freq": false }, "geometry": { "type": "Point", "coordinates": [ 1286905.436247730161995, 463527.038607726572081 ] } },
{ "type": "Feature", "properties": { "fid": 528, "stop_id": 908, "stop_code": 178, "stop_name": "CHESTNUT ST + WALNUT ST", "stop_lat": 42.265662, "stop_lon": -71.803958, "total_stops": 54, "total_weekday_stops": 22, "total_weekday_am_stops": 2, "high_freq": false }, "geometry": { "type": "Point", "coordinates": [ 1287425.455905343173072, 463862.580398608930409 ] } },
{ "type": "Feature", "properties": { "fid": 529, "stop_id": 909, "stop_code": 179, "stop_name": "CHESTNUT ST + BOWDOIN ST", "stop_lat": 42.26742, "stop_lon": -71.80349, "total_stops": 54, "total_weekday_stops": 22, "total_weekday_am_stops": 2, "high_freq": false }, "geometry": { "type": "Point", "coordinates": [ 1287561.773882491514087, 464501.345165974111296 ] } },
{ "type": "Feature", "properties": { "fid": 530, "stop_id": 911, "stop_code": 438, "stop_name": "HIGHLAND ST + HARVARD ST", "stop_lat": 42.27148, "stop_lon": -71.8021, "total_stops": 54, "total_weekday_stops": 22, "total_weekday_am_stops": 2, "high_freq": false }, "geometry": { "type": "Point", "coordinates": [ 1287960.249776472803205, 465975.283120590320323 ] } },
{ "type": "Feature", "properties": { "fid": 531, "stop_id": 912, "stop_code": 439, "stop_name": "HIGHLAND ST + DEAN ST", "stop_lat": 42.2713, "stop_lon": -71.80448, "total_stops": 54, "total_weekday_stops": 22, "total_weekday_am_stops": 2, "high_freq": false }, "geometry": { "type": "Point", "coordinates": [ 1287315.085274377139285, 465919.373000160092488 ] } },
{ "type": "Feature", "properties": { "fid": 532, "stop_id": 914, "stop_code": 441, "stop_name": "HIGHLAND ST + SCHUSSLER RD", "stop_lat": 42.27095, "stop_lon": -71.809005, "total_stops": 54, "total_weekday_stops": 22, "total_weekday_am_stops": 2, "high_freq": false }, "geometry": { "type": "Point", "coordinates": [ 1286088.40749792708084, 465810.289481094980147 ] } },
{ "type": "Feature", "properties": { "fid": 533, "stop_id": 915, "stop_code": 442, "stop_name": "HIGHLAND ST + EINHORN RD", "stop_lat": 42.27069, "stop_lon": -71.81167, "total_stops": 54, "total_weekday_stops": 22, "total_weekday_am_stops": 2, "high_freq": false }, "geometry": { "type": "Point", "coordinates": [ 1285365.652376568410546, 465726.443750044621993 ] } },
{ "type": "Feature", "properties": { "fid": 534, "stop_id": 916, "stop_code": 443, "stop_name": "HIGHLAND ST + DOVER ST", "stop_lat": 42.27055, "stop_lon": -71.81348, "total_stops": 54, "total_weekday_stops": 22, "total_weekday_am_stops": 2, "high_freq": false }, "geometry": { "type": "Point", "coordinates": [ 1284874.974487335188314, 465682.843432882276829 ] } },
{ "type": "Feature", "properties": { "fid": 535, "stop_id": 917, "stop_code": 444, "stop_name": "HIGHLAND ST + PARK AVE", "stop_lat": 42.27037, "stop_lon": -71.81577, "total_stops": 54, "total_weekday_stops": 22, "total_weekday_am_stops": 2, "high_freq": false }, "geometry": { "type": "Point", "coordinates": [ 1284254.153347363229841, 465626.648327505798079 ] } },
{ "type": "Feature", "properties": { "fid": 536, "stop_id": 950, "stop_code": 1118, "stop_name": "West Boylston St + Marland Rd", "stop_lat": 42.316886, "stop_lon": -71.796411, "total_stops": 185, "total_weekday_stops": 81, "total_weekday_am_stops": 11, "high_freq": true }, "geometry": { "type": "Point", "coordinates": [ 1289747.593669303460047, 482499.800038921821397 ] } },
{ "type": "Feature", "properties": { "fid": 537, "stop_id": 951, "stop_code": 1119, "stop_name": "West Boylston St + Quinsigamond College", "stop_lat": 42.314485, "stop_lon": -71.79706, "total_stops": 147, "total_weekday_stops": 58, "total_weekday_am_stops": 8, "high_freq": false }, "geometry": { "type": "Point", "coordinates": [ 1289558.960950320586562, 481627.406203284510411 ] } },
{ "type": "Feature", "properties": { "fid": 538, "stop_id": 952, "stop_code": 1120, "stop_name": "West Boylston St + Assumption Ave", "stop_lat": 42.312641, "stop_lon": -71.797651, "total_stops": 103, "total_weekday_stops": 41, "total_weekday_am_stops": 5, "high_freq": false }, "geometry": { "type": "Point", "coordinates": [ 1289389.043271293397993, 480957.772667019278742 ] } },
{ "type": "Feature", "properties": { "fid": 539, "stop_id": 953, "stop_code": 1121, "stop_name": "West Boylston St + Randall St", "stop_lat": 42.311653, "stop_lon": -71.797898, "total_stops": 103, "total_weekday_stops": 41, "total_weekday_am_stops": 5, "high_freq": false }, "geometry": { "type": "Point", "coordinates": [ 1289316.839715723646805, 480598.707099740800913 ] } },
{ "type": "Feature", "properties": { "fid": 540, "stop_id": 954, "stop_code": 1122, "stop_name": "West Boylston St + Fales St", "stop_lat": 42.31066, "stop_lon": -71.798251, "total_stops": 103, "total_weekday_stops": 41, "total_weekday_am_stops": 5, "high_freq": false }, "geometry": { "type": "Point", "coordinates": [ 1289215.934015851002187, 480238.249242146906909 ] } },
{ "type": "Feature", "properties": { "fid": 541, "stop_id": 955, "stop_code": 1123, "stop_name": "West Boylston St + Francis St", "stop_lat": 42.309932, "stop_lon": -71.798485, "total_stops": 147, "total_weekday_stops": 58, "total_weekday_am_stops": 8, "high_freq": false }, "geometry": { "type": "Point", "coordinates": [ 1289148.662189021939412, 479973.88596150605008 ] } },
{ "type": "Feature", "properties": { "fid": 542, "stop_id": 956, "stop_code": 1124, "stop_name": "West Boylston St + Brooks St", "stop_lat": 42.308749, "stop_lon": -71.798884, "total_stops": 147, "total_weekday_stops": 58, "total_weekday_am_stops": 8, "high_freq": false }, "geometry": { "type": "Point", "coordinates": [ 1289034.270433117868379, 479544.372247911232989 ] } },
{ "type": "Feature", "properties": { "fid": 543, "stop_id": 963, "stop_code": 1131, "stop_name": "West Boylston St + Boardman St", "stop_lat": 42.293482, "stop_lon": -71.804454, "total_stops": 167, "total_weekday_stops": 68, "total_weekday_am_stops": 9, "high_freq": true }, "geometry": { "type": "Point", "coordinates": [ 1287443.803230580175295, 474003.142226154508535 ] } },
{ "type": "Feature", "properties": { "fid": 544, "stop_id": 964, "stop_code": 1132, "stop_name": "West Boylston St + Huntington Ave", "stop_lat": 42.29157, "stop_lon": -71.80562, "total_stops": 167, "total_weekday_stops": 68, "total_weekday_am_stops": 9, "high_freq": true }, "geometry": { "type": "Point", "coordinates": [ 1287117.820746735669672, 473311.092246522312053 ] } },
{ "type": "Feature", "properties": { "fid": 545, "stop_id": 965, "stop_code": 1133, "stop_name": "West Boylston St + Barnes Ave", "stop_lat": 42.29096, "stop_lon": -71.80607, "total_stops": 167, "total_weekday_stops": 68, "total_weekday_am_stops": 9, "high_freq": true }, "geometry": { "type": "Point", "coordinates": [ 1286992.71027636830695, 473090.621397216280457 ] } },
{ "type": "Feature", "properties": { "fid": 546, "stop_id": 966, "stop_code": 1134, "stop_name": "West Boylston St + Grove St", "stop_lat": 42.28872, "stop_lon": -71.80736, "total_stops": 167, "total_weekday_stops": 68, "total_weekday_am_stops": 9, "high_freq": true }, "geometry": { "type": "Point", "coordinates": [ 1286631.34627421409823, 472279.549984445737209 ] } },
{ "type": "Feature", "properties": { "fid": 547, "stop_id": 967, "stop_code": 379, "stop_name": "Grove St + Chadwick St", "stop_lat": 42.2866, "stop_lon": -71.80729, "total_stops": 167, "total_weekday_stops": 68, "total_weekday_am_stops": 9, "high_freq": true }, "geometry": { "type": "Point", "coordinates": [ 1286638.63287343760021, 471506.662702888075728 ] } },
{ "type": "Feature", "properties": { "fid": 548, "stop_id": 968, "stop_code": 378, "stop_name": "Grove St at North", "stop_lat": 42.280981, "stop_lon": -71.805543, "total_stops": 103, "total_weekday_stops": 41, "total_weekday_am_stops": 5, "high_freq": false }, "geometry": { "type": "Point", "coordinates": [ 1287080.52006364078261, 469451.780661149008665 ] } },
{ "type": "Feature", "properties": { "fid": 549, "stop_id": 981, "stop_code": 373, "stop_name": "GROVE ST + BROOKFIELD ST", "stop_lat": 42.282555, "stop_lon": -71.80633, "total_stops": 104, "total_weekday_stops": 41, "total_weekday_am_stops": 5, "high_freq": false }, "geometry": { "type": "Point", "coordinates": [ 1286876.186790887266397, 470028.608914358599577 ] } },
{ "type": "Feature", "properties": { "fid": 550, "stop_id": 982, "stop_code": 374, "stop_name": "GROVE ST + GLENNIE ST", "stop_lat": 42.284016, "stop_lon": -71.80722, "total_stops": 104, "total_weekday_stops": 41, "total_weekday_am_stops": 5, "high_freq": false }, "geometry": { "type": "Point", "coordinates": [ 1286643.370033025974408, 470564.678718233422842 ] } },
{ "type": "Feature", "properties": { "fid": 551, "stop_id": 983, "stop_code": 253, "stop_name": "GOLD STAR BLVD + CHADWICK ST", "stop_lat": 42.288156, "stop_lon": -71.805138, "total_stops": 104, "total_weekday_stops": 41, "total_weekday_am_stops": 5, "high_freq": false }, "geometry": { "type": "Point", "coordinates": [ 1287229.501787754939869, 472064.946019096765667 ] } },
{ "type": "Feature", "properties": { "fid": 552, "stop_id": 984, "stop_code": 255, "stop_name": "Gold Star Blvd + Millbrook St", "stop_lat": 42.2893, "stop_lon": -71.80418, "total_stops": 170, "total_weekday_stops": 69, "total_weekday_am_stops": 9, "high_freq": true }, "geometry": { "type": "Point", "coordinates": [ 1287495.003541534300894, 472477.957153832307085 ] } },
{ "type": "Feature", "properties": { "fid": 553, "stop_id": 985, "stop_code": 256, "stop_name": "Gold Star Blvd + Ruthven Ave", "stop_lat": 42.29082, "stop_lon": -71.80323, "total_stops": 170, "total_weekday_stops": 69, "total_weekday_am_stops": 9, "high_freq": true }, "geometry": { "type": "Point", "coordinates": [ 1287760.392104906029999, 473028.031785031314939 ] } },
{ "type": "Feature", "properties": { "fid": 554, "stop_id": 986, "stop_code": 257, "stop_name": "Gold Star Blvd + West Boylston Ter", "stop_lat": 42.29209, "stop_lon": -71.8027, "total_stops": 170, "total_weekday_stops": 69, "total_weekday_am_stops": 9, "high_freq": true }, "geometry": { "type": "Point", "coordinates": [ 1287910.757535238051787, 473488.708851445990149 ] } },
{ "type": "Feature", "properties": { "fid": 555, "stop_id": 1000, "stop_code": 1092, "stop_name": "WEST BOYLSTON ST + CLYDE RD", "stop_lat": 42.31829, "stop_lon": -71.79583, "total_stops": 190, "total_weekday_stops": 83, "total_weekday_am_stops": 12, "high_freq": true }, "geometry": { "type": "Point", "coordinates": [ 1289912.388864367036149, 483009.124079114175402 ] } },
{ "type": "Feature", "properties": { "fid": 556, "stop_id": 1001, "stop_code": 1093, "stop_name": "WEST BOYLSTON ST + VOLKMAR RD", "stop_lat": 42.32055, "stop_lon": -71.79497, "total_stops": 190, "total_weekday_stops": 83, "total_weekday_am_stops": 12, "high_freq": true }, "geometry": { "type": "Point", "coordinates": [ 1290157.297222808469087, 483829.283306421071757 ] } },
{ "type": "Feature", "properties": { "fid": 557, "stop_id": 1002, "stop_code": 1094, "stop_name": "WEST BOYLSTON ST + HASTINGS RD", "stop_lat": 42.32223, "stop_lon": -71.79431, "total_stops": 190, "total_weekday_stops": 83, "total_weekday_am_stops": 12, "high_freq": true }, "geometry": { "type": "Point", "coordinates": [ 1290344.942894679959863, 484438.87775794765912 ] } },
{ "type": "Feature", "properties": { "fid": 558, "stop_id": 1003, "stop_code": 1095, "stop_name": "WEST BOYLSTON ST + VENDORA RD", "stop_lat": 42.32326, "stop_lon": -71.793903, "total_stops": 190, "total_weekday_stops": 83, "total_weekday_am_stops": 11, "high_freq": true }, "geometry": { "type": "Point", "coordinates": [ 1290460.620443267282099, 484812.608671498659533 ] } },
{ "type": "Feature", "properties": { "fid": 559, "stop_id": 1004, "stop_code": 1096, "stop_name": "WEST BOYLSTON ST + MALDEN ST", "stop_lat": 42.324588, "stop_lon": -71.793145, "total_stops": 104, "total_weekday_stops": 41, "total_weekday_am_stops": 5, "high_freq": false }, "geometry": { "type": "Point", "coordinates": [ 1290672.839839985361323, 485293.527325537404977 ] } },
{ "type": "Feature", "properties": { "fid": 560, "stop_id": 1005, "stop_code": 1097, "stop_name": "WEST BOYLSTON ST + REYNOLDS ST", "stop_lat": 42.325343, "stop_lon": -71.792788, "total_stops": 104, "total_weekday_stops": 41, "total_weekday_am_stops": 5, "high_freq": false }, "geometry": { "type": "Point", "coordinates": [ 1290773.491492594592273, 485567.240448046242818 ] } },
{ "type": "Feature", "properties": { "fid": 561, "stop_id": 1006, "stop_code": 1098, "stop_name": "WEST BOYLSTON ST + STOP & SHOP", "stop_lat": 42.327138, "stop_lon": -71.791841, "total_stops": 104, "total_weekday_stops": 41, "total_weekday_am_stops": 5, "high_freq": false }, "geometry": { "type": "Point", "coordinates": [ 1291039.346586998319253, 486217.594949301041197 ] } },
{ "type": "Feature", "properties": { "fid": 562, "stop_id": 1007, "stop_code": 1099, "stop_name": "WEST BOYLSTON ST + DIXFIELD RD", "stop_lat": 42.328251, "stop_lon": -71.791485, "total_stops": 104, "total_weekday_stops": 41, "total_weekday_am_stops": 5, "high_freq": false }, "geometry": { "type": "Point", "coordinates": [ 1291141.66422035288997, 486621.784387361083645 ] } },
{ "type": "Feature", "properties": { "fid": 563, "stop_id": 1008, "stop_code": 1100, "stop_name": "WEST BOYLSTON ST + COTUIT ST", "stop_lat": 42.329793, "stop_lon": -71.791206, "total_stops": 104, "total_weekday_stops": 41, "total_weekday_am_stops": 5, "high_freq": false }, "geometry": { "type": "Point", "coordinates": [ 1291225.485662753228098, 487182.630628638609778 ] } },
{ "type": "Feature", "properties": { "fid": 564, "stop_id": 1014, "stop_code": 5005, "stop_name": "WEST BOYLSTON ST + CHAPMAN AVE", "stop_lat": 42.341753, "stop_lon": -71.787963, "total_stops": 104, "total_weekday_stops": 41, "total_weekday_am_stops": 5, "high_freq": false }, "geometry": { "type": "Point", "coordinates": [ 1292167.231024542124942, 491528.330477612791583 ] } },
{ "type": "Feature", "properties": { "fid": 565, "stop_id": 1018, "stop_code": 1194, "stop_name": "MOUNTAIN ST. EAST + BURNCOAT ST", "stop_lat": 42.323568, "stop_lon": -71.792244, "total_stops": 46, "total_weekday_stops": 18, "total_weekday_am_stops": 3, "high_freq": false }, "geometry": { "type": "Point", "coordinates": [ 1290910.963108803378418, 484918.162123354442883 ] } },
{ "type": "Feature", "properties": { "fid": 566, "stop_id": 1025, "stop_code": 8725, "stop_name": "E Main at N Brookfield", "stop_lat": 42.225048, "stop_lon": -72.057296, "total_stops": 8, "total_weekday_stops": 4, "total_weekday_am_stops": 1, "high_freq": false }, "geometry": { "type": "Point", "coordinates": [ 1218585.774260203586891, 450194.45988461660454 ] } },
{ "type": "Feature", "properties": { "fid": 567, "stop_id": 1040, "stop_code": 738, "stop_name": "MILLBURY ST + FOOTBRIDGE OVER 146", "stop_lat": 42.237811, "stop_lon": -71.796595, "total_stops": 42, "total_weekday_stops": 12, "total_weekday_am_stops": 2, "high_freq": false }, "geometry": { "type": "Point", "coordinates": [ 1289266.670202891808003, 453682.949332856223918 ] } },
{ "type": "Feature", "properties": { "fid": 568, "stop_id": 1041, "stop_code": 739, "stop_name": "MILLBURY ST + BURTON ST", "stop_lat": 42.238333, "stop_lon": -71.798048, "total_stops": 42, "total_weekday_stops": 12, "total_weekday_am_stops": 2, "high_freq": false }, "geometry": { "type": "Point", "coordinates": [ 1288876.040616757469252, 453879.070723804121371 ] } },
{ "type": "Feature", "properties": { "fid": 569, "stop_id": 1042, "stop_code": 740, "stop_name": "MILLBURY ST + ESTHER ST", "stop_lat": 42.239813, "stop_lon": -71.800298, "total_stops": 42, "total_weekday_stops": 12, "total_weekday_am_stops": 2, "high_freq": false }, "geometry": { "type": "Point", "coordinates": [ 1288274.828246124554425, 454427.557377791323233 ] } },
{ "type": "Feature", "properties": { "fid": 570, "stop_id": 1046, "stop_code": 743, "stop_name": "MILLBURY ST + HARLEM ST", "stop_lat": 42.246505, "stop_lon": -71.801005, "total_stops": 42, "total_weekday_stops": 12, "total_weekday_am_stops": 2, "high_freq": false }, "geometry": { "type": "Point", "coordinates": [ 1288119.98721195361577, 456869.18214165471727 ] } },
{ "type": "Feature", "properties": { "fid": 571, "stop_id": 1047, "stop_code": 1176, "stop_name": "MILLBURY ST + WARD ST", "stop_lat": 42.247183, "stop_lon": -71.800559, "total_stops": 42, "total_weekday_stops": 12, "total_weekday_am_stops": 2, "high_freq": false }, "geometry": { "type": "Point", "coordinates": [ 1288244.45768734999001, 457114.452030081185512 ] } },
{ "type": "Feature", "properties": { "fid": 572, "stop_id": 1049, "stop_code": 745, "stop_name": "MILLBURY ST + SEYMOUR ST", "stop_lat": 42.249887, "stop_lon": -71.800709, "total_stops": 45, "total_weekday_stops": 13, "total_weekday_am_stops": 1, "high_freq": false }, "geometry": { "type": "Point", "coordinates": [ 1288218.633099934784696, 458100.476941896427888 ] } },
{ "type": "Feature", "properties": { "fid": 573, "stop_id": 1052, "stop_code": 747, "stop_name": "MILLBURY ST + LAFAYETTE ST", "stop_lat": 42.25443, "stop_lon": -71.798333, "total_stops": 42, "total_weekday_stops": 12, "total_weekday_am_stops": 2, "high_freq": false }, "geometry": { "type": "Point", "coordinates": [ 1288886.747326935175806, 459746.433440275548492 ] } },
{ "type": "Feature", "properties": { "fid": 574, "stop_id": 1057, "stop_code": 432, "stop_name": "HARDING ST + CROMPTON PARK", "stop_lat": 42.249606, "stop_lon": -71.801243, "total_stops": 42, "total_weekday_stops": 12, "total_weekday_am_stops": 2, "high_freq": false }, "geometry": { "type": "Point", "coordinates": [ 1288072.513080049771816, 458000.242906700877938 ] } },
{ "type": "Feature", "properties": { "fid": 575, "stop_id": 1067, "stop_code": 7040, "stop_name": "EAST MAIN ST + LAKE ST", "stop_lat": 42.050248, "stop_lon": -71.879978, "total_stops": 27, "total_weekday_stops": 10, "total_weekday_am_stops": 2, "high_freq": false }, "geometry": { "type": "Point", "coordinates": [ 1265597.953263150062412, 385682.259777177940123 ] } },
{ "type": "Feature", "properties": { "fid": 576, "stop_id": 1068, "stop_code": 7045, "stop_name": "EAST MAIN ST + DAY ST", "stop_lat": 42.054928, "stop_lon": -71.876353, "total_stops": 27, "total_weekday_stops": 10, "total_weekday_am_stops": 2, "high_freq": false }, "geometry": { "type": "Point", "coordinates": [ 1266609.548965293681249, 387371.969972529506776 ] } },
{ "type": "Feature", "properties": { "fid": 577, "stop_id": 1069, "stop_code": 7055, "stop_name": "EAST MAIN ST + PARK AVE", "stop_lat": 42.057526, "stop_lon": -71.869581, "total_stops": 27, "total_weekday_stops": 10, "total_weekday_am_stops": 2, "high_freq": false }, "geometry": { "type": "Point", "coordinates": [ 1268463.581281801685691, 388289.53332336602034 ] } },
{ "type": "Feature", "properties": { "fid": 578, "stop_id": 1070, "stop_code": 7060, "stop_name": "EAST MAIN ST + PARADIS LN", "stop_lat": 42.058465, "stop_lon": -71.867261, "total_stops": 27, "total_weekday_stops": 10, "total_weekday_am_stops": 2, "high_freq": false }, "geometry": { "type": "Point", "coordinates": [ 1269098.996851660078391, 388621.75285177398473 ] } },
{ "type": "Feature", "properties": { "fid": 579, "stop_id": 1075, "stop_code": 6575, "stop_name": "Oxford Center", "stop_lat": 42.11784, "stop_lon": -71.864551, "total_stops": 27, "total_weekday_stops": 10, "total_weekday_am_stops": 2, "high_freq": false }, "geometry": { "type": "Point", "coordinates": [ 1270175.593312393641099, 410246.428142605931498 ] } },
{ "type": "Feature", "properties": { "fid": 580, "stop_id": 1080, "stop_code": 6600, "stop_name": "Main St at 742", "stop_lat": 42.172023, "stop_lon": -71.880128, "total_stops": 27, "total_weekday_stops": 10, "total_weekday_am_stops": 2, "high_freq": false }, "geometry": { "type": "Point", "coordinates": [ 1266263.91702186060138, 430058.050033234874718 ] } },
{ "type": "Feature", "properties": { "fid": 581, "stop_id": 1083, "stop_code": 6195, "stop_name": "Southbridge at 711", "stop_lat": 42.183141, "stop_lon": -71.860093, "total_stops": 47, "total_weekday_stops": 17, "total_weekday_am_stops": 3, "high_freq": false }, "geometry": { "type": "Point", "coordinates": [ 1271758.543778080958873, 434023.73834204551531 ] } },
{ "type": "Feature", "properties": { "fid": 582, "stop_id": 1084, "stop_code": 6200, "stop_name": "Southbridge St at Oxford", "stop_lat": 42.188507, "stop_lon": -71.849654, "total_stops": 47, "total_weekday_stops": 17, "total_weekday_am_stops": 4, "high_freq": false }, "geometry": { "type": "Point", "coordinates": [ 1274618.296954728430137, 435934.959742357139476 ] } },
{ "type": "Feature", "properties": { "fid": 583, "stop_id": 1086, "stop_code": 966, "stop_name": "Southbridge St at Cambridge", "stop_lat": 42.244535, "stop_lon": -71.810518, "total_stops": 47, "total_weekday_stops": 17, "total_weekday_am_stops": 3, "high_freq": false }, "geometry": { "type": "Point", "coordinates": [ 1285533.318973778979853, 456190.070357490330935 ] } },
{ "type": "Feature", "properties": { "fid": 584, "stop_id": 1087, "stop_code": 967, "stop_name": "Southbridge St at Washburn", "stop_lat": 42.246091, "stop_lon": -71.810271, "total_stops": 47, "total_weekday_stops": 17, "total_weekday_am_stops": 3, "high_freq": false }, "geometry": { "type": "Point", "coordinates": [ 1285608.774000093108043, 456756.108453497756273 ] } },
{ "type": "Feature", "properties": { "fid": 585, "stop_id": 1088, "stop_code": 968, "stop_name": "Southbridge St at 539 Southbridge", "stop_lat": 42.247236, "stop_lon": -71.810168, "total_stops": 47, "total_weekday_stops": 17, "total_weekday_am_stops": 3, "high_freq": false }, "geometry": { "type": "Point", "coordinates": [ 1285642.971592437941581, 457172.956699167960323 ] } },
{ "type": "Feature", "properties": { "fid": 586, "stop_id": 1089, "stop_code": 969, "stop_name": "Southbridge St at 459 Southbridge", "stop_lat": 42.250336, "stop_lon": -71.80916, "total_stops": 47, "total_weekday_stops": 17, "total_weekday_am_stops": 3, "high_freq": false }, "geometry": { "type": "Point", "coordinates": [ 1285932.968318740138784, 458298.559676727454644 ] } },
{ "type": "Feature", "properties": { "fid": 587, "stop_id": 1090, "stop_code": 970, "stop_name": "Southbridge St at Hammond", "stop_lat": 42.251011, "stop_lon": -71.808793, "total_stops": 47, "total_weekday_stops": 17, "total_weekday_am_stops": 3, "high_freq": false }, "geometry": { "type": "Point", "coordinates": [ 1286036.049055815208703, 458543.048106953501701 ] } },
{ "type": "Feature", "properties": { "fid": 588, "stop_id": 1093, "stop_code": 952, "stop_name": "Southbridge St at Hammond", "stop_lat": 42.250908, "stop_lon": -71.80896, "total_stops": 45, "total_weekday_stops": 16, "total_weekday_am_stops": 2, "high_freq": false }, "geometry": { "type": "Point", "coordinates": [ 1285990.267108524683863, 458506.194855019333772 ] } },
{ "type": "Feature", "properties": { "fid": 589, "stop_id": 1095, "stop_code": 954, "stop_name": "Southbridge St at Lewis", "stop_lat": 42.246163, "stop_lon": -71.810391, "total_stops": 45, "total_weekday_stops": 16, "total_weekday_am_stops": 2, "high_freq": false }, "geometry": { "type": "Point", "coordinates": [ 1285576.678463418036699, 456782.838538750191219 ] } },
{ "type": "Feature", "properties": { "fid": 590, "stop_id": 1096, "stop_code": 955, "stop_name": "Southbridge St at Colton", "stop_lat": 42.245146, "stop_lon": -71.810533, "total_stops": 45, "total_weekday_stops": 16, "total_weekday_am_stops": 2, "high_freq": false }, "geometry": { "type": "Point", "coordinates": [ 1285532.6245794929564, 456412.797008040302899 ] } },
{ "type": "Feature", "properties": { "fid": 591, "stop_id": 1097, "stop_code": 956, "stop_name": "Southbridge St at Cambridge", "stop_lat": 42.24424, "stop_lon": -71.810773, "total_stops": 45, "total_weekday_stops": 16, "total_weekday_am_stops": 2, "high_freq": false }, "geometry": { "type": "Point", "coordinates": [ 1285462.645145482383668, 456083.608517913788091 ] } },
{ "type": "Feature", "properties": { "fid": 592, "stop_id": 1098, "stop_code": 957, "stop_name": "Southbridge St at Riverside", "stop_lat": 42.24293, "stop_lon": -71.811551, "total_stops": 45, "total_weekday_stops": 16, "total_weekday_am_stops": 2, "high_freq": false }, "geometry": { "type": "Point", "coordinates": [ 1285244.755732354475185, 455609.396069868584163 ] } },
{ "type": "Feature", "properties": { "fid": 593, "stop_id": 1100, "stop_code": 6175, "stop_name": "Southbridge St at Oxford St N", "stop_lat": 42.18865, "stop_lon": -71.8495, "total_stops": 45, "total_weekday_stops": 16, "total_weekday_am_stops": 3, "high_freq": false }, "geometry": { "type": "Point", "coordinates": [ 1274660.84387748176232, 435986.421314606850501 ] } },
{ "type": "Feature", "properties": { "fid": 594, "stop_id": 1101, "stop_code": 6180, "stop_name": "Southbridge St at Goulding St", "stop_lat": 42.18327, "stop_lon": -71.859935, "total_stops": 45, "total_weekday_stops": 16, "total_weekday_am_stops": 3, "high_freq": false }, "geometry": { "type": "Point", "coordinates": [ 1271802.104434328619391, 434070.075798386416864 ] } },
{ "type": "Feature", "properties": { "fid": 595, "stop_id": 1104, "stop_code": 6505, "stop_name": "Walmart", "stop_lat": 42.172086, "stop_lon": -71.880176, "total_stops": 25, "total_weekday_stops": 9, "total_weekday_am_stops": 2, "high_freq": false }, "geometry": { "type": "Point", "coordinates": [ 1266251.270952492253855, 430081.215191715979017 ] } },
{ "type": "Feature", "properties": { "fid": 596, "stop_id": 1109, "stop_code": 6530, "stop_name": "Oxford Center", "stop_lat": 42.118287, "stop_lon": -71.864642, "total_stops": 25, "total_weekday_stops": 9, "total_weekday_am_stops": 2, "high_freq": false }, "geometry": { "type": "Point", "coordinates": [ 1270153.469488747417927, 410409.7057981666876 ] } },
{ "type": "Feature", "properties": { "fid": 597, "stop_id": 1114, "stop_code": 7010, "stop_name": "Worcester Rd at East Main", "stop_lat": 42.059848, "stop_lon": -71.864511, "total_stops": 25, "total_weekday_stops": 9, "total_weekday_am_stops": 2, "high_freq": false }, "geometry": { "type": "Point", "coordinates": [ 1269853.708951231325045, 389113.942819316347595 ] } },
{ "type": "Feature", "properties": { "fid": 598, "stop_id": 1115, "stop_code": 7020, "stop_name": "East Main St at Slater", "stop_lat": 42.057216, "stop_lon": -71.870695, "total_stops": 25, "total_weekday_stops": 9, "total_weekday_am_stops": 2, "high_freq": false }, "geometry": { "type": "Point", "coordinates": [ 1268159.277820476563647, 388181.35355810780311 ] } },
{ "type": "Feature", "properties": { "fid": 599, "stop_id": 1116, "stop_code": 7025, "stop_name": "East Main St at Day", "stop_lat": 42.05488, "stop_lon": -71.876623, "total_stops": 25, "total_weekday_stops": 9, "total_weekday_am_stops": 2, "high_freq": false }, "geometry": { "type": "Point", "coordinates": [ 1266535.947316471021622, 387355.64366341533605 ] } },
{ "type": "Feature", "properties": { "fid": 600, "stop_id": 1120, "stop_code": 309, "stop_name": "GRAFTON ST + BLITHEWOOD AVE", "stop_lat": 42.236818, "stop_lon": -71.751811, "total_stops": 72, "total_weekday_stops": 21, "total_weekday_am_stops": 2, "high_freq": false }, "geometry": { "type": "Point", "coordinates": [ 1301389.199343386339024, 453142.754086113884114 ] } },
{ "type": "Feature", "properties": { "fid": 601, "stop_id": 1124, "stop_code": 292, "stop_name": "Grafton St at Sunderland", "stop_lat": 42.24153, "stop_lon": -71.754266, "total_stops": 102, "total_weekday_stops": 36, "total_weekday_am_stops": 3, "high_freq": false }, "geometry": { "type": "Point", "coordinates": [ 1300749.212131917243823, 454869.561772558081429 ] } },
{ "type": "Feature", "properties": { "fid": 602, "stop_id": 1137, "stop_code": 302, "stop_name": "Grafton St at Fairmont", "stop_lat": 42.251051, "stop_lon": -71.778561, "total_stops": 102, "total_weekday_stops": 36, "total_weekday_am_stops": 3, "high_freq": false }, "geometry": { "type": "Point", "coordinates": [ 1294221.552724455017596, 458435.43616839509923 ] } },
{ "type": "Feature", "properties": { "fid": 603, "stop_id": 1139, "stop_code": 316, "stop_name": "Grafton St at Flower", "stop_lat": 42.252688, "stop_lon": -71.782606, "total_stops": 102, "total_weekday_stops": 36, "total_weekday_am_stops": 3, "high_freq": false }, "geometry": { "type": "Point", "coordinates": [ 1293135.199942261911929, 459048.192050926270895 ] } },
{ "type": "Feature", "properties": { "fid": 604, "stop_id": 1141, "stop_code": 296, "stop_name": "Grafton St at Carole", "stop_lat": 42.255231, "stop_lon": -71.784633, "total_stops": 102, "total_weekday_stops": 36, "total_weekday_am_stops": 3, "high_freq": false }, "geometry": { "type": "Point", "coordinates": [ 1292600.142396459821612, 459983.067815874586813 ] } },
{ "type": "Feature", "properties": { "fid": 605, "stop_id": 1147, "stop_code": 273, "stop_name": "Grafton St at Arthur", "stop_lat": 42.255328, "stop_lon": -71.785029, "total_stops": 102, "total_weekday_stops": 36, "total_weekday_am_stops": 4, "high_freq": false }, "geometry": { "type": "Point", "coordinates": [ 1292493.4567626491189, 460020.007077718910296 ] } },
{ "type": "Feature", "properties": { "fid": 606, "stop_id": 1148, "stop_code": 274, "stop_name": "Grafton St at Palm", "stop_lat": 42.254726, "stop_lon": -71.784259, "total_stops": 102, "total_weekday_stops": 36, "total_weekday_am_stops": 4, "high_freq": false }, "geometry": { "type": "Point", "coordinates": [ 1292698.668815873097628, 459797.529532348620705 ] } },
{ "type": "Feature", "properties": { "fid": 607, "stop_id": 1149, "stop_code": 275, "stop_name": "Grafton St at Flower", "stop_lat": 42.252693, "stop_lon": -71.782837, "total_stops": 102, "total_weekday_stops": 36, "total_weekday_am_stops": 4, "high_freq": false }, "geometry": { "type": "Point", "coordinates": [ 1293072.685370350023732, 459050.93991003127303 ] } },
{ "type": "Feature", "properties": { "fid": 608, "stop_id": 1150, "stop_code": 264, "stop_name": "Grafton St at Fairmont", "stop_lat": 42.250853, "stop_lon": -71.779603, "total_stops": 102, "total_weekday_stops": 36, "total_weekday_am_stops": 4, "high_freq": false }, "geometry": { "type": "Point", "coordinates": [ 1293938.366132681258023, 458367.442892420920543 ] } },
{ "type": "Feature", "properties": { "fid": 609, "stop_id": 1151, "stop_code": 265, "stop_name": "Grafton St at Puritan", "stop_lat": 42.250874, "stop_lon": -71.77743, "total_stops": 102, "total_weekday_stops": 36, "total_weekday_am_stops": 4, "high_freq": false }, "geometry": { "type": "Point", "coordinates": [ 1294526.819840139709413, 458366.41618002433097 ] } },
{ "type": "Feature", "properties": { "fid": 610, "stop_id": 1152, "stop_code": 266, "stop_name": "Grafton St at Lamar", "stop_lat": 42.250133, "stop_lon": -71.77544, "total_stops": 102, "total_weekday_stops": 36, "total_weekday_am_stops": 4, "high_freq": false }, "geometry": { "type": "Point", "coordinates": [ 1295061.639066621894017, 458088.437224181718193 ] } },
{ "type": "Feature", "properties": { "fid": 611, "stop_id": 1154, "stop_code": 268, "stop_name": "Grafton St at Inverness", "stop_lat": 42.250741, "stop_lon": -71.771998, "total_stops": 102, "total_weekday_stops": 36, "total_weekday_am_stops": 4, "high_freq": false }, "geometry": { "type": "Point", "coordinates": [ 1295996.825763720786199, 458296.314012753951829 ] } },
{ "type": "Feature", "properties": { "fid": 612, "stop_id": 1155, "stop_code": 269, "stop_name": "Grafton St at Corre", "stop_lat": 42.250504, "stop_lon": -71.768891, "total_stops": 102, "total_weekday_stops": 36, "total_weekday_am_stops": 4, "high_freq": false }, "geometry": { "type": "Point", "coordinates": [ 1296836.785652542952448, 458197.61168404208729 ] } },
{ "type": "Feature", "properties": { "fid": 613, "stop_id": 1156, "stop_code": 277, "stop_name": "Grafton St at Valmor", "stop_lat": 42.250676, "stop_lon": -71.767042, "total_stops": 102, "total_weekday_stops": 36, "total_weekday_am_stops": 4, "high_freq": false }, "geometry": { "type": "Point", "coordinates": [ 1297338.323433829238638, 458252.969166953407694 ] } },
{ "type": "Feature", "properties": { "fid": 614, "stop_id": 1158, "stop_code": 271, "stop_name": "Grafton St at Progressive", "stop_lat": 42.250521, "stop_lon": -71.765038, "total_stops": 102, "total_weekday_stops": 36, "total_weekday_am_stops": 4, "high_freq": false }, "geometry": { "type": "Point", "coordinates": [ 1297880.085571130272001, 458188.555694385489915 ] } },
{ "type": "Feature", "properties": { "fid": 615, "stop_id": 1159, "stop_code": 278, "stop_name": "Grafton St at Jenngs", "stop_lat": 42.248697, "stop_lon": -71.762426, "total_stops": 102, "total_weekday_stops": 36, "total_weekday_am_stops": 4, "high_freq": false }, "geometry": { "type": "Point", "coordinates": [ 1298577.608193757943809, 457513.520291997527238 ] } },
{ "type": "Feature", "properties": { "fid": 616, "stop_id": 1160, "stop_code": 279, "stop_name": "Grafton St at Arcadia", "stop_lat": 42.247703, "stop_lon": -71.761411, "total_stops": 102, "total_weekday_stops": 36, "total_weekday_am_stops": 4, "high_freq": false }, "geometry": { "type": "Point", "coordinates": [ 1298847.15729398583062, 457147.273948758142069 ] } },
{ "type": "Feature", "properties": { "fid": 617, "stop_id": 1161, "stop_code": 280, "stop_name": "Grafton St at Dalton", "stop_lat": 42.246171, "stop_lon": -71.759886, "total_stops": 102, "total_weekday_stops": 36, "total_weekday_am_stops": 4, "high_freq": false }, "geometry": { "type": "Point", "coordinates": [ 1299251.956651750719175, 456582.959024874435272 ] } },
{ "type": "Feature", "properties": { "fid": 618, "stop_id": 1162, "stop_code": 281, "stop_name": "Grafton St at 1003 Grafton St", "stop_lat": 42.244161, "stop_lon": -71.757318, "total_stops": 102, "total_weekday_stops": 36, "total_weekday_am_stops": 4, "high_freq": false }, "geometry": { "type": "Point", "coordinates": [ 1299936.669494904344901, 455840.354393913643435 ] } },
{ "type": "Feature", "properties": { "fid": 619, "stop_id": 1163, "stop_code": 282, "stop_name": "Grafton St at Pine Hill", "stop_lat": 42.243588, "stop_lon": -71.756413, "total_stops": 102, "total_weekday_stops": 36, "total_weekday_am_stops": 4, "high_freq": false }, "geometry": { "type": "Point", "coordinates": [ 1300178.697661970974877, 455627.981511234072968 ] } },
{ "type": "Feature", "properties": { "fid": 620, "stop_id": 1164, "stop_code": 283, "stop_name": "Grafton St at Sunderland", "stop_lat": 42.241316, "stop_lon": -71.754196, "total_stops": 102, "total_weekday_stops": 36, "total_weekday_am_stops": 4, "high_freq": false }, "geometry": { "type": "Point", "coordinates": [ 1300767.038826375035569, 454791.299310245143715 ] } },
{ "type": "Feature", "properties": { "fid": 621, "stop_id": 1166, "stop_code": 285, "stop_name": "GRAFTON ST + MONTEFORTE ST", "stop_lat": 42.239155, "stop_lon": -71.753258, "total_stops": 72, "total_weekday_stops": 21, "total_weekday_am_stops": 3, "high_freq": false }, "geometry": { "type": "Point", "coordinates": [ 1301009.652628694893792, 454000.090659388457425 ] } },
{ "type": "Feature", "properties": { "fid": 622, "stop_id": 1167, "stop_code": 286, "stop_name": "GRAFTON ST + CLARISSA ST", "stop_lat": 42.23793, "stop_lon": -71.752754, "total_stops": 72, "total_weekday_stops": 21, "total_weekday_am_stops": 3, "high_freq": false }, "geometry": { "type": "Point", "coordinates": [ 1301139.68289677775465, 453551.690394233679399 ] } },
{ "type": "Feature", "properties": { "fid": 623, "stop_id": 1188, "stop_code": 161, "stop_name": "CHANDLER ST + PLEASANT ST", "stop_lat": 42.278166, "stop_lon": -71.853994, "total_stops": 57, "total_weekday_stops": 17, "total_weekday_am_stops": 2, "high_freq": false }, "geometry": { "type": "Point", "coordinates": [ 1273952.612890837481245, 468627.103506720392033 ] } },
{ "type": "Feature", "properties": { "fid": 624, "stop_id": 1189, "stop_code": 162, "stop_name": "CHANDLER ST + MILL ST", "stop_lat": 42.276768, "stop_lon": -71.852941, "total_stops": 57, "total_weekday_stops": 17, "total_weekday_am_stops": 2, "high_freq": false }, "geometry": { "type": "Point", "coordinates": [ 1274229.63469292386435, 468113.179532213020138 ] } },
{ "type": "Feature", "properties": { "fid": 625, "stop_id": 1190, "stop_code": 1253, "stop_name": "CHANDLER ST + ANNISQUAM ST", "stop_lat": 42.275553, "stop_lon": -71.85167, "total_stops": 57, "total_weekday_stops": 17, "total_weekday_am_stops": 2, "high_freq": false }, "geometry": { "type": "Point", "coordinates": [ 1274566.709505429724231, 467665.029490184504539 ] } },
{ "type": "Feature", "properties": { "fid": 626, "stop_id": 1192, "stop_code": 164, "stop_name": "CHANDLER ST + MANHATTEN RD", "stop_lat": 42.273544, "stop_lon": -71.849645, "total_stops": 57, "total_weekday_stops": 17, "total_weekday_am_stops": 2, "high_freq": false }, "geometry": { "type": "Point", "coordinates": [ 1275103.359875423833728, 466924.348317407420836 ] } },
{ "type": "Feature", "properties": { "fid": 627, "stop_id": 1197, "stop_code": 154, "stop_name": "CHANDLER ST + UNDERWOOD ST", "stop_lat": 42.265706, "stop_lon": -71.836713, "total_stops": 57, "total_weekday_stops": 17, "total_weekday_am_stops": 2, "high_freq": false }, "geometry": { "type": "Point", "coordinates": [ 1278559.373544673901051, 464013.698797029152047 ] } },
{ "type": "Feature", "properties": { "fid": 628, "stop_id": 1198, "stop_code": 155, "stop_name": "CHANDLER ST + FISKE ST", "stop_lat": 42.264753, "stop_lon": -71.83502, "total_stops": 57, "total_weekday_stops": 17, "total_weekday_am_stops": 2, "high_freq": false }, "geometry": { "type": "Point", "coordinates": [ 1279012.293692899402231, 463659.333572847419418 ] } },
{ "type": "Feature", "properties": { "fid": 629, "stop_id": 1199, "stop_code": 156, "stop_name": "CHANDLER ST + JUNE ST", "stop_lat": 42.263846, "stop_lon": -71.833421, "total_stops": 57, "total_weekday_stops": 17, "total_weekday_am_stops": 2, "high_freq": false }, "geometry": { "type": "Point", "coordinates": [ 1279440.040296963648871, 463322.132479362713639 ] } },
{ "type": "Feature", "properties": { "fid": 630, "stop_id": 1200, "stop_code": 157, "stop_name": "CHANDLER ST + GENEVA ST", "stop_lat": 42.263177, "stop_lon": -71.831261, "total_stops": 57, "total_weekday_stops": 17, "total_weekday_am_stops": 2, "high_freq": false }, "geometry": { "type": "Point", "coordinates": [ 1280020.992739304667339, 463069.340123471687548 ] } },
{ "type": "Feature", "properties": { "fid": 631, "stop_id": 1209, "stop_code": 174, "stop_name": "CHANDLER ST + QUEEN ST", "stop_lat": 42.260499, "stop_lon": -71.813802, "total_stops": 56, "total_weekday_stops": 17, "total_weekday_am_stops": 2, "high_freq": false }, "geometry": { "type": "Point", "coordinates": [ 1284732.289980615722016, 462021.27195169305196 ] } },
{ "type": "Feature", "properties": { "fid": 632, "stop_id": 31, "stop_code": 888, "stop_name": "PROVIDENCE ST + JEFFERSON ST", "stop_lat": 42.25341, "stop_lon": -71.79275, "total_stops": 63, "total_weekday_stops": 21, "total_weekday_am_stops": 2, "high_freq": false }, "geometry": { "type": "Point", "coordinates": [ 1290392.714141901349649, 459352.118496512644924 ] } },
{ "type": "Feature", "properties": { "fid": 633, "stop_id": 32, "stop_code": 889, "stop_name": "PROVIDENCE ST + PATTISON ST", "stop_lat": 42.25231, "stop_lon": -71.79267, "total_stops": 63, "total_weekday_stops": 21, "total_weekday_am_stops": 2, "high_freq": false }, "geometry": { "type": "Point", "coordinates": [ 1290408.393739337800071, 458950.922461332462262 ] } },
{ "type": "Feature", "properties": { "fid": 634, "stop_id": 37, "stop_code": 894, "stop_name": "PROVIDENCE ST + 133 PROVIDENCE ST", "stop_lat": 42.24661, "stop_lon": -71.79193, "total_stops": 63, "total_weekday_stops": 21, "total_weekday_am_stops": 2, "high_freq": false }, "geometry": { "type": "Point", "coordinates": [ 1290577.777058771578595, 456870.686929136689287 ] } },
{ "type": "Feature", "properties": { "fid": 635, "stop_id": 45, "stop_code": 353, "stop_name": "Fair Plaza Shelter", "stop_lat": 42.214056, "stop_lon": -71.795848, "total_stops": 103, "total_weekday_stops": 36, "total_weekday_am_stops": 4, "high_freq": false }, "geometry": { "type": "Point", "coordinates": [ 1289339.514565589139238, 445022.996442827163264 ] } },
{ "type": "Feature", "properties": { "fid": 636, "stop_id": 46, "stop_code": 354, "stop_name": "Greenwood St at Arnold", "stop_lat": 42.21513, "stop_lon": -71.795895, "total_stops": 103, "total_weekday_stops": 36, "total_weekday_am_stops": 4, "high_freq": false }, "geometry": { "type": "Point", "coordinates": [ 1289332.634721046546474, 445414.577878163952846 ] } },
{ "type": "Feature", "properties": { "fid": 637, "stop_id": 47, "stop_code": 356, "stop_name": "Greenwood St at 327 Greenwood", "stop_lat": 42.216958, "stop_lon": -71.796293, "total_stops": 103, "total_weekday_stops": 36, "total_weekday_am_stops": 4, "high_freq": false }, "geometry": { "type": "Point", "coordinates": [ 1289234.781135629862547, 446082.357259096985217 ] } },
{ "type": "Feature", "properties": { "fid": 638, "stop_id": 48, "stop_code": 357, "stop_name": "Greenwood St at Ryberg", "stop_lat": 42.2185, "stop_lon": -71.796626, "total_stops": 103, "total_weekday_stops": 36, "total_weekday_am_stops": 4, "high_freq": false }, "geometry": { "type": "Point", "coordinates": [ 1289152.981765281176195, 446645.648774493660312 ] } },
{ "type": "Feature", "properties": { "fid": 639, "stop_id": 49, "stop_code": 358, "stop_name": "Greenwood St at Conway", "stop_lat": 42.219406, "stop_lon": -71.796612, "total_stops": 103, "total_weekday_stops": 36, "total_weekday_am_stops": 4, "high_freq": false }, "geometry": { "type": "Point", "coordinates": [ 1289161.71407014830038, 446975.760473980975803 ] } },
{ "type": "Feature", "properties": { "fid": 640, "stop_id": 50, "stop_code": 359, "stop_name": "Greenwood St at Southold", "stop_lat": 42.220645, "stop_lon": -71.796658, "total_stops": 103, "total_weekday_stops": 36, "total_weekday_am_stops": 4, "high_freq": false }, "geometry": { "type": "Point", "coordinates": [ 1289156.009309706743807, 447427.468856205174234 ] } },
{ "type": "Feature", "properties": { "fid": 641, "stop_id": 4, "stop_code": 380, "stop_name": "Grove St at Glennie", "stop_lat": 42.284398, "stop_lon": -71.807561, "total_stops": 103, "total_weekday_stops": 41, "total_weekday_am_stops": 5, "high_freq": false }, "geometry": { "type": "Point", "coordinates": [ 1286553.192589870421216, 470705.284666658029892 ] } },
{ "type": "Feature", "properties": { "fid": 642, "stop_id": 5, "stop_code": 381, "stop_name": "Grove and Sagamore", "stop_lat": 42.28226, "stop_lon": -71.806275, "total_stops": 103, "total_weekday_stops": 41, "total_weekday_am_stops": 5, "high_freq": false }, "geometry": { "type": "Point", "coordinates": [ 1286889.450167741626501, 469920.876562350662425 ] } },
{ "type": "Feature", "properties": { "fid": 643, "stop_id": 18, "stop_code": 902, "stop_name": "PROVIDENCE ST + AETNA ST", "stop_lat": 42.25318, "stop_lon": -71.79265, "total_stops": 63, "total_weekday_stops": 21, "total_weekday_am_stops": 3, "high_freq": false }, "geometry": { "type": "Point", "coordinates": [ 1290418.537807143293321, 459267.895738928695209 ] } },
{ "type": "Feature", "properties": { "fid": 644, "stop_id": 21, "stop_code": 298, "stop_name": "Grafton St + Franklin St", "stop_lat": 42.25971, "stop_lon": -71.79366, "total_stops": 219, "total_weekday_stops": 79, "total_weekday_am_stops": 10, "high_freq": true }, "geometry": { "type": "Point", "coordinates": [ 1290180.614257539156824, 461651.707060330198146 ] } },
{ "type": "Feature", "properties": { "fid": 645, "stop_id": 24, "stop_code": 243, "stop_name": "Franklin St + City Hall", "stop_lat": 42.26178, "stop_lon": -71.80149, "total_stops": 357, "total_weekday_stops": 128, "total_weekday_am_stops": 16, "high_freq": true }, "geometry": { "type": "Point", "coordinates": [ 1288072.265360813355073, 462437.816245271300431 ] } },
{ "type": "Feature", "properties": { "fid": 646, "stop_id": 53, "stop_code": 1187, "stop_name": "Spofford Rd at Broughton", "stop_lat": 42.220974, "stop_lon": -71.799507, "total_stops": 103, "total_weekday_stops": 36, "total_weekday_am_stops": 4, "high_freq": false }, "geometry": { "type": "Point", "coordinates": [ 1288386.079618830932304, 447558.924003688793164 ] } },
{ "type": "Feature", "properties": { "fid": 647, "stop_id": 54, "stop_code": 1039, "stop_name": "Upland Garden Dr at 48 Upland Garden", "stop_lat": 42.220622, "stop_lon": -71.803364, "total_stops": 103, "total_weekday_stops": 36, "total_weekday_am_stops": 4, "high_freq": false }, "geometry": { "type": "Point", "coordinates": [ 1287339.38510801945813, 447446.33638646529289 ] } },
{ "type": "Feature", "properties": { "fid": 648, "stop_id": 1210, "stop_code": 175, "stop_name": "Chandler St at Piedmont", "stop_lat": 42.260525, "stop_lon": -71.811891, "total_stops": 133, "total_weekday_stops": 48, "total_weekday_am_stops": 6, "high_freq": false }, "geometry": { "type": "Point", "coordinates": [ 1285249.757102099945769, 462022.91012639348628 ] } },
{ "type": "Feature", "properties": { "fid": 649, "stop_id": 1211, "stop_code": 176, "stop_name": "Chandler St at Wellington", "stop_lat": 42.260539, "stop_lon": -71.80973, "total_stops": 133, "total_weekday_stops": 48, "total_weekday_am_stops": 6, "high_freq": false }, "geometry": { "type": "Point", "coordinates": [ 1285834.834958012448624, 462019.163640567159746 ] } },
{ "type": "Feature", "properties": { "fid": 650, "stop_id": 1212, "stop_code": 177, "stop_name": "Chandler St at Irving", "stop_lat": 42.260152, "stop_lon": -71.807105, "total_stops": 133, "total_weekday_stops": 48, "total_weekday_am_stops": 6, "high_freq": false }, "geometry": { "type": "Point", "coordinates": [ 1286543.317318349145353, 461867.400338191189803 ] } },
{ "type": "Feature", "properties": { "fid": 651, "stop_id": 1213, "stop_code": 131, "stop_name": "Chandler St at Main", "stop_lat": 42.259888, "stop_lon": -71.805368, "total_stops": 129, "total_weekday_stops": 46, "total_weekday_am_stops": 6, "high_freq": false }, "geometry": { "type": "Point", "coordinates": [ 1287012.091636278200895, 461764.10313012736151 ] } },
{ "type": "Feature", "properties": { "fid": 652, "stop_id": 1214, "stop_code": 132, "stop_name": "Chandler St at Irving", "stop_lat": 42.260295, "stop_lon": -71.80691, "total_stops": 129, "total_weekday_stops": 46, "total_weekday_am_stops": 6, "high_freq": false }, "geometry": { "type": "Point", "coordinates": [ 1286596.891691997647285, 461918.717720812594052 ] } },
{ "type": "Feature", "properties": { "fid": 653, "stop_id": 1215, "stop_code": 133, "stop_name": "Chandler St at Wellington", "stop_lat": 42.260636, "stop_lon": -71.809373, "total_stops": 129, "total_weekday_stops": 46, "total_weekday_am_stops": 6, "high_freq": false }, "geometry": { "type": "Point", "coordinates": [ 1285932.011940361466259, 462053.052984053443652 ] } },
{ "type": "Feature", "properties": { "fid": 654, "stop_id": 1216, "stop_code": 134, "stop_name": "Chandler St at Piedmont", "stop_lat": 42.260691, "stop_lon": -71.812028, "total_stops": 129, "total_weekday_stops": 46, "total_weekday_am_stops": 6, "high_freq": false }, "geometry": { "type": "Point", "coordinates": [ 1285213.58594631915912, 462083.966959887533449 ] } },
{ "type": "Feature", "properties": { "fid": 655, "stop_id": 1217, "stop_code": 135, "stop_name": "Chandler St at Queen", "stop_lat": 42.260675, "stop_lon": -71.813251, "total_stops": 129, "total_weekday_stops": 46, "total_weekday_am_stops": 6, "high_freq": false }, "geometry": { "type": "Point", "coordinates": [ 1284882.422231531236321, 462083.150794467248488 ] } },
{ "type": "Feature", "properties": { "fid": 656, "stop_id": 1218, "stop_code": 136, "stop_name": "CHANDLER ST + BELLEVUE ST", "stop_lat": 42.260611, "stop_lon": -71.815565, "total_stops": 55, "total_weekday_stops": 17, "total_weekday_am_stops": 2, "high_freq": false }, "geometry": { "type": "Point", "coordinates": [ 1284255.650896244915202, 462069.328256285050884 ] } },
{ "type": "Feature", "properties": { "fid": 657, "stop_id": 1219, "stop_code": 137, "stop_name": "CHANDLER ST + BANCROFT ST", "stop_lat": 42.260811, "stop_lon": -71.817631, "total_stops": 55, "total_weekday_stops": 17, "total_weekday_am_stops": 2, "high_freq": false }, "geometry": { "type": "Point", "coordinates": [ 1283697.476937807165086, 462150.711037556116935 ] } },
{ "type": "Feature", "properties": { "fid": 658, "stop_id": 1220, "stop_code": 138, "stop_name": "CHANDLER ST + DEWEY ST", "stop_lat": 42.261343, "stop_lon": -71.819586, "total_stops": 55, "total_weekday_stops": 17, "total_weekday_am_stops": 2, "high_freq": false }, "geometry": { "type": "Point", "coordinates": [ 1283171.197324390755966, 462352.640165540040471 ] } },
{ "type": "Feature", "properties": { "fid": 659, "stop_id": 1221, "stop_code": 139, "stop_name": "CHANDLER ST + ABBOTT ST", "stop_lat": 42.261775, "stop_lon": -71.821405, "total_stops": 57, "total_weekday_stops": 17, "total_weekday_am_stops": 2, "high_freq": false }, "geometry": { "type": "Point", "coordinates": [ 1282681.186456407653168, 462517.576798161200713 ] } },
{ "type": "Feature", "properties": { "fid": 660, "stop_id": 1222, "stop_code": 140, "stop_name": "CHANDLER ST + FOLEY STADIUM", "stop_lat": 42.262305, "stop_lon": -71.823583, "total_stops": 57, "total_weekday_stops": 17, "total_weekday_am_stops": 2, "high_freq": false }, "geometry": { "type": "Point", "coordinates": [ 1282094.546273100888357, 462719.721843041828834 ] } },
{ "type": "Feature", "properties": { "fid": 661, "stop_id": 1223, "stop_code": 141, "stop_name": "CHANDLER ST + COOLIDGE RD", "stop_lat": 42.262503, "stop_lon": -71.826755, "total_stops": 57, "total_weekday_stops": 17, "total_weekday_am_stops": 2, "high_freq": false }, "geometry": { "type": "Point", "coordinates": [ 1281236.989984689280391, 462805.00893124617869 ] } },
{ "type": "Feature", "properties": { "fid": 662, "stop_id": 1224, "stop_code": 142, "stop_name": "CHANDLER ST + LOVELL ST", "stop_lat": 42.262925, "stop_lon": -71.829195, "total_stops": 57, "total_weekday_stops": 17, "total_weekday_am_stops": 2, "high_freq": false }, "geometry": { "type": "Point", "coordinates": [ 1280578.842680361121893, 462968.919478658295702 ] } },
{ "type": "Feature", "properties": { "fid": 663, "stop_id": 1225, "stop_code": 143, "stop_name": "CHANDLER ST + GENEVA ST", "stop_lat": 42.263315, "stop_lon": -71.831388, "total_stops": 57, "total_weekday_stops": 17, "total_weekday_am_stops": 2, "high_freq": false }, "geometry": { "type": "Point", "coordinates": [ 1279987.386948926607147, 463120.159482817398384 ] } },
{ "type": "Feature", "properties": { "fid": 664, "stop_id": 1226, "stop_code": 144, "stop_name": "CHANDLER ST + JUNE ST", "stop_lat": 42.264013, "stop_lon": -71.833525, "total_stops": 57, "total_weekday_stops": 17, "total_weekday_am_stops": 2, "high_freq": false }, "geometry": { "type": "Point", "coordinates": [ 1279412.824688222724944, 463383.425326870987192 ] } },
{ "type": "Feature", "properties": { "fid": 665, "stop_id": 55, "stop_code": 1040, "stop_name": "Upland Garden Dr at 36 Upland Garden", "stop_lat": 42.221551, "stop_lon": -71.803588, "total_stops": 103, "total_weekday_stops": 36, "total_weekday_am_stops": 4, "high_freq": false }, "geometry": { "type": "Point", "coordinates": [ 1287283.801341167185456, 447785.799120969546493 ] } },
{ "type": "Feature", "properties": { "fid": 666, "stop_id": 56, "stop_code": 1041, "stop_name": "Upland Garden Dr at 22 Upland Garden", "stop_lat": 42.22255, "stop_lon": -71.804006, "total_stops": 103, "total_weekday_stops": 36, "total_weekday_am_stops": 4, "high_freq": false }, "geometry": { "type": "Point", "coordinates": [ 1287176.054657705128193, 448151.56247516523581 ] } },
{ "type": "Feature", "properties": { "fid": 667, "stop_id": 57, "stop_code": 1042, "stop_name": "Upland Garden Dr at 10 Upland Garden", "stop_lat": 42.223268, "stop_lon": -71.80478, "total_stops": 103, "total_weekday_stops": 36, "total_weekday_am_stops": 3, "high_freq": false }, "geometry": { "type": "Point", "coordinates": [ 1286970.342080927453935, 448416.374811495305039 ] } },
{ "type": "Feature", "properties": { "fid": 668, "stop_id": 1229, "stop_code": 127, "stop_name": "CHANDLER ST + MANHATTEN RD 1", "stop_lat": 42.27371, "stop_lon": -71.849618, "total_stops": 57, "total_weekday_stops": 17, "total_weekday_am_stops": 2, "high_freq": false }, "geometry": { "type": "Point", "coordinates": [ 1275111.609597203787416, 466984.72983568260679 ] } },
{ "type": "Feature", "properties": { "fid": 669, "stop_id": 1230, "stop_code": 128, "stop_name": "CHANDLER ST + ATWATER ST", "stop_lat": 42.274981, "stop_lon": -71.850921, "total_stops": 57, "total_weekday_stops": 17, "total_weekday_am_stops": 2, "high_freq": false }, "geometry": { "type": "Point", "coordinates": [ 1274766.17178278719075, 467453.41475924680708 ] } },
{ "type": "Feature", "properties": { "fid": 670, "stop_id": 1231, "stop_code": 129, "stop_name": "CHANDLER ST + MILL ST", "stop_lat": 42.276991, "stop_lon": -71.852925, "total_stops": 57, "total_weekday_stops": 17, "total_weekday_am_stops": 2, "high_freq": false }, "geometry": { "type": "Point", "coordinates": [ 1274235.233629416907206, 468194.379815207037609 ] } },
{ "type": "Feature", "properties": { "fid": 671, "stop_id": 1232, "stop_code": 130, "stop_name": "CHANDLER ST + PLEASANT ST", "stop_lat": 42.27808, "stop_lon": -71.853751, "total_stops": 57, "total_weekday_stops": 17, "total_weekday_am_stops": 2, "high_freq": false }, "geometry": { "type": "Point", "coordinates": [ 1274017.886908309301361, 468594.735116485739127 ] } },
{ "type": "Feature", "properties": { "fid": 672, "stop_id": 1252, "stop_code": 1138, "stop_name": "Williamsburg Dr at Mill", "stop_lat": 42.257739, "stop_lon": -71.849117, "total_stops": 86, "total_weekday_stops": 31, "total_weekday_am_stops": 4, "high_freq": false }, "geometry": { "type": "Point", "coordinates": [ 1275156.597140377853066, 461162.332306901051197 ] } },
{ "type": "Feature", "properties": { "fid": 673, "stop_id": 1253, "stop_code": 723, "stop_name": "Mill St at Fourth", "stop_lat": 42.256718, "stop_lon": -71.847895, "total_stops": 86, "total_weekday_stops": 31, "total_weekday_am_stops": 4, "high_freq": false }, "geometry": { "type": "Point", "coordinates": [ 1275481.6276595746167, 460785.104468730569351 ] } },
{ "type": "Feature", "properties": { "fid": 674, "stop_id": 1255, "stop_code": 725, "stop_name": "Mill St at Bay State Savgs", "stop_lat": 42.254824, "stop_lon": -71.846171, "total_stops": 86, "total_weekday_stops": 31, "total_weekday_am_stops": 4, "high_freq": false }, "geometry": { "type": "Point", "coordinates": [ 1275937.631700507132336, 460087.625097435258795 ] } },
{ "type": "Feature", "properties": { "fid": 675, "stop_id": 1256, "stop_code": 726, "stop_name": "Mill St at O'Coins", "stop_lat": 42.253221, "stop_lon": -71.844556, "total_stops": 86, "total_weekday_stops": 31, "total_weekday_am_stops": 4, "high_freq": false }, "geometry": { "type": "Point", "coordinates": [ 1276365.798185643274337, 459496.661161827330943 ] } },
{ "type": "Feature", "properties": { "fid": 676, "stop_id": 1261, "stop_code": 730, "stop_name": "Mill St at 103 Mill", "stop_lat": 42.248829, "stop_lon": -71.835769, "total_stops": 86, "total_weekday_stops": 31, "total_weekday_am_stops": 4, "high_freq": false }, "geometry": { "type": "Point", "coordinates": [ 1278720.099454421782866, 457859.308822784107178 ] } },
{ "type": "Feature", "properties": { "fid": 677, "stop_id": 1262, "stop_code": 731, "stop_name": "Mill St at Sh Buffum", "stop_lat": 42.248278, "stop_lon": -71.834701, "total_stops": 86, "total_weekday_stops": 31, "total_weekday_am_stops": 4, "high_freq": false }, "geometry": { "type": "Point", "coordinates": [ 1279006.17467741924338, 457654.054416071332525 ] } },
{ "type": "Feature", "properties": { "fid": 678, "stop_id": 1263, "stop_code": 1260, "stop_name": "Park Ave + Coes St", "stop_lat": 42.24885, "stop_lon": -71.83235, "total_stops": 106, "total_weekday_stops": 41, "total_weekday_am_stops": 5, "high_freq": false }, "geometry": { "type": "Point", "coordinates": [ 1279645.933325445279479, 457852.711356153187808 ] } },
{ "type": "Feature", "properties": { "fid": 679, "stop_id": 1264, "stop_code": 562, "stop_name": "LOVELL ST + LAKESIDE AVE", "stop_lat": 42.250241, "stop_lon": -71.831848, "total_stops": 86, "total_weekday_stops": 31, "total_weekday_am_stops": 4, "high_freq": false }, "geometry": { "type": "Point", "coordinates": [ 1279789.643583290744573, 458357.539949349302333 ] } },
{ "type": "Feature", "properties": { "fid": 680, "stop_id": 1265, "stop_code": 563, "stop_name": "LOVELL ST + SPAULDING ST", "stop_lat": 42.252481, "stop_lon": -71.832436, "total_stops": 86, "total_weekday_stops": 31, "total_weekday_am_stops": 4, "high_freq": false }, "geometry": { "type": "Point", "coordinates": [ 1279642.993289261125028, 459176.304053345869761 ] } },
{ "type": "Feature", "properties": { "fid": 681, "stop_id": 1276, "stop_code": 1141, "stop_name": "Woodland St at May st", "stop_lat": 42.256243, "stop_lon": -71.817904, "total_stops": 77, "total_weekday_stops": 31, "total_weekday_am_stops": 4, "high_freq": false }, "geometry": { "type": "Point", "coordinates": [ 1283598.257854729192331, 460487.121895763848443 ] } },
{ "type": "Feature", "properties": { "fid": 682, "stop_id": 1282, "stop_code": 229, "stop_name": "FIRST ST + 7 FIRST ST", "stop_lat": 42.254889, "stop_lon": -71.847283, "total_stops": 32, "total_weekday_stops": 11, "total_weekday_am_stops": 2, "high_freq": false }, "geometry": { "type": "Point", "coordinates": [ 1275636.947532275458798, 460115.991236791072879 ] } },
{ "type": "Feature", "properties": { "fid": 683, "stop_id": 1283, "stop_code": 906, "stop_name": "Queen St at Chandler", "stop_lat": 42.260253, "stop_lon": -71.81368, "total_stops": 74, "total_weekday_stops": 29, "total_weekday_am_stops": 4, "high_freq": false }, "geometry": { "type": "Point", "coordinates": [ 1284763.957417870406061, 461931.121549149160273 ] } },
{ "type": "Feature", "properties": { "fid": 684, "stop_id": 1288, "stop_code": 1140, "stop_name": "Woodland St at May st", "stop_lat": 42.256045, "stop_lon": -71.818187, "total_stops": 74, "total_weekday_stops": 29, "total_weekday_am_stops": 4, "high_freq": false }, "geometry": { "type": "Point", "coordinates": [ 1283520.54483071458526, 460416.130234700278379 ] } },
{ "type": "Feature", "properties": { "fid": 685, "stop_id": 1289, "stop_code": 695, "stop_name": "May St at Hollywood", "stop_lat": 42.256116, "stop_lon": -71.819191, "total_stops": 74, "total_weekday_stops": 29, "total_weekday_am_stops": 4, "high_freq": false }, "geometry": { "type": "Point", "coordinates": [ 1283249.1289770482108, 460446.14068786369171 ] } },
{ "type": "Feature", "properties": { "fid": 686, "stop_id": 1290, "stop_code": 696, "stop_name": "May St at Florence", "stop_lat": 42.256551, "stop_lon": -71.820894, "total_stops": 74, "total_weekday_stops": 29, "total_weekday_am_stops": 4, "high_freq": false }, "geometry": { "type": "Point", "coordinates": [ 1282790.498088897205889, 460611.689936475653667 ] } },
{ "type": "Feature", "properties": { "fid": 687, "stop_id": 1292, "stop_code": 789, "stop_name": "Park Ave + Oberlin St", "stop_lat": 42.25616, "stop_lon": -71.8241, "total_stops": 102, "total_weekday_stops": 39, "total_weekday_am_stops": 6, "high_freq": false }, "geometry": { "type": "Point", "coordinates": [ 1281920.378188722534105, 460482.44363119348418 ] } },
{ "type": "Feature", "properties": { "fid": 688, "stop_id": 1294, "stop_code": 791, "stop_name": "Park Ave + Downing St", "stop_lat": 42.25432, "stop_lon": -71.82624, "total_stops": 102, "total_weekday_stops": 39, "total_weekday_am_stops": 6, "high_freq": false }, "geometry": { "type": "Point", "coordinates": [ 1281330.762630074284971, 459820.754836581822019 ] } },
{ "type": "Feature", "properties": { "fid": 689, "stop_id": 1295, "stop_code": 792, "stop_name": "Park Ave + Maywood St", "stop_lat": 42.25297, "stop_lon": -71.82781, "total_stops": 102, "total_weekday_stops": 39, "total_weekday_am_stops": 6, "high_freq": false }, "geometry": { "type": "Point", "coordinates": [ 1280898.172770243138075, 459335.285960909619462 ] } },
{ "type": "Feature", "properties": { "fid": 690, "stop_id": 1298, "stop_code": 560, "stop_name": "LOVELL ST + COLUMBUS ST", "stop_lat": 42.253578, "stop_lon": -71.832774, "total_stops": 74, "total_weekday_stops": 25, "total_weekday_am_stops": 2, "high_freq": false }, "geometry": { "type": "Point", "coordinates": [ 1279557.630999157205224, 459577.488114773004781 ] } },
{ "type": "Feature", "properties": { "fid": 691, "stop_id": 1306, "stop_code": 721, "stop_name": "Mill St at Bowling Alley", "stop_lat": 42.253411, "stop_lon": -71.844485, "total_stops": 82, "total_weekday_stops": 29, "total_weekday_am_stops": 4, "high_freq": false }, "geometry": { "type": "Point", "coordinates": [ 1276386.094769467134029, 459565.604008765774779 ] } },
{ "type": "Feature", "properties": { "fid": 692, "stop_id": 1308, "stop_code": 1135, "stop_name": "Williamsburg Dr at Mill", "stop_lat": 42.25784, "stop_lon": -71.849198, "total_stops": 82, "total_weekday_stops": 29, "total_weekday_am_stops": 4, "high_freq": false }, "geometry": { "type": "Point", "coordinates": [ 1275135.242001869948581, 461199.480828780040611 ] } },
{ "type": "Feature", "properties": { "fid": 693, "stop_id": 1363, "stop_code": 4535, "stop_name": "MAPLE AVE + BRIGHTSIDE AVE", "stop_lat": 42.290938, "stop_lon": -71.721461, "total_stops": 34, "total_weekday_stops": 13, "total_weekday_am_stops": 1, "high_freq": false }, "geometry": { "type": "Point", "coordinates": [ 1309886.315910144243389, 472748.751547971041873 ] } },
{ "type": "Feature", "properties": { "fid": 694, "stop_id": 1364, "stop_code": 4540, "stop_name": "MAPLE AVE + MAIN ST", "stop_lat": 42.295953, "stop_lon": -71.715945, "total_stops": 34, "total_weekday_stops": 13, "total_weekday_am_stops": 1, "high_freq": false }, "geometry": { "type": "Point", "coordinates": [ 1311404.504663162399083, 474555.435214177472517 ] } },
{ "type": "Feature", "properties": { "fid": 695, "stop_id": 1365, "stop_code": 4545, "stop_name": "MAIN ST + GRAFTON ST", "stop_lat": 42.296636, "stop_lon": -71.713395, "total_stops": 34, "total_weekday_stops": 13, "total_weekday_am_stops": 1, "high_freq": false }, "geometry": { "type": "Point", "coordinates": [ 1312097.927372100995854, 474794.678766071272548 ] } },
{ "type": "Feature", "properties": { "fid": 696, "stop_id": 1370, "stop_code": 4086, "stop_name": "NORTH MAIN ST + HAMILTON ST", "stop_lat": 42.195996, "stop_lon": -71.76301, "total_stops": 84, "total_weekday_stops": 24, "total_weekday_am_stops": 3, "high_freq": false }, "geometry": { "type": "Point", "coordinates": [ 1298139.581229231320322, 438310.159042470448185 ] } },
{ "type": "Feature", "properties": { "fid": 697, "stop_id": 1372, "stop_code": 4088, "stop_name": "NORTH MAIN ST + DEWEY ST", "stop_lat": 42.19881, "stop_lon": -71.770606, "total_stops": 84, "total_weekday_stops": 24, "total_weekday_am_stops": 3, "high_freq": false }, "geometry": { "type": "Point", "coordinates": [ 1296096.239293636521325, 439365.733190035040025 ] } },
{ "type": "Feature", "properties": { "fid": 698, "stop_id": 1373, "stop_code": 4051, "stop_name": "NORTH MAIN ST + DEWEY ST", "stop_lat": 42.198663, "stop_lon": -71.770615, "total_stops": 87, "total_weekday_stops": 25, "total_weekday_am_stops": 3, "high_freq": false }, "geometry": { "type": "Point", "coordinates": [ 1296093.015134204411879, 439312.198794310272206 ] } },
{ "type": "Feature", "properties": { "fid": 699, "stop_id": 1374, "stop_code": 4052, "stop_name": "NORTH MAIN ST + MARTIN ST", "stop_lat": 42.198062, "stop_lon": -71.766998, "total_stops": 87, "total_weekday_stops": 25, "total_weekday_am_stops": 3, "high_freq": false }, "geometry": { "type": "Point", "coordinates": [ 1297069.91311770118773, 439078.831071707536466 ] } },
{ "type": "Feature", "properties": { "fid": 700, "stop_id": 1375, "stop_code": 4053, "stop_name": "NORTH MAIN ST + HAMILTON ST", "stop_lat": 42.195655, "stop_lon": -71.762903, "total_stops": 87, "total_weekday_stops": 25, "total_weekday_am_stops": 3, "high_freq": false }, "geometry": { "type": "Point", "coordinates": [ 1298166.765365010825917, 438185.468303735251538 ] } },
{ "type": "Feature", "properties": { "fid": 701, "stop_id": 1376, "stop_code": 4054, "stop_name": "NORTH MAIN ST + GROVE ST", "stop_lat": 42.192393, "stop_lon": -71.761035, "total_stops": 45, "total_weekday_stops": 13, "total_weekday_am_stops": 1, "high_freq": false }, "geometry": { "type": "Point", "coordinates": [ 1298655.664656735258177, 436989.350359900330659 ] } },
{ "type": "Feature", "properties": { "fid": 702, "stop_id": 1383, "stop_code": 3053, "stop_name": "MAJ Taylor Blvd at Thomas St", "stop_lat": 42.268153, "stop_lon": -71.79851, "total_stops": 303, "total_weekday_stops": 112, "total_weekday_am_stops": 12, "high_freq": true }, "geometry": { "type": "Point", "coordinates": [ 1288913.761958754621446, 464748.237306441296823 ] } },
{ "type": "Feature", "properties": { "fid": 703, "stop_id": 1384, "stop_code": 3054, "stop_name": "Major Taylor BLVD and MLK Inbound", "stop_lat": 42.267328, "stop_lon": -71.798352, "total_stops": 303, "total_weekday_stops": 112, "total_weekday_am_stops": 12, "high_freq": true }, "geometry": { "type": "Point", "coordinates": [ 1288952.024512666277587, 464446.940138551057316 ] } },
{ "type": "Feature", "properties": { "fid": 704, "stop_id": 1385, "stop_code": 3055, "stop_name": "Major Taylor BLVD at DCU Center", "stop_lat": 42.266263, "stop_lon": -71.798137, "total_stops": 303, "total_weekday_stops": 112, "total_weekday_am_stops": 12, "high_freq": true }, "geometry": { "type": "Point", "coordinates": [ 1289004.406992581905797, 464057.94839050527662 ] } },
{ "type": "Feature", "properties": { "fid": 705, "stop_id": 1459, "stop_code": 3002, "stop_name": "Major Taylor BLVD at DCU Outbound", "stop_lat": 42.266479, "stop_lon": -71.797902, "total_stops": 309, "total_weekday_stops": 114, "total_weekday_am_stops": 13, "high_freq": true }, "geometry": { "type": "Point", "coordinates": [ 1289069.196848262799904, 464135.712895358796231 ] } },
{ "type": "Feature", "properties": { "fid": 706, "stop_id": 1461, "stop_code": 3004, "stop_name": "MAJ Taylor Blvd at Thomas Outbound", "stop_lat": 42.268085, "stop_lon": -71.798281, "total_stops": 309, "total_weekday_stops": 114, "total_weekday_am_stops": 13, "high_freq": true }, "geometry": { "type": "Point", "coordinates": [ 1288975.375709136715159, 464722.527244644472376 ] } },
{ "type": "Feature", "properties": { "fid": 707, "stop_id": 1488, "stop_code": 3133, "stop_name": "Front St + Church St", "stop_lat": 42.262402, "stop_lon": -71.79979, "total_stops": 404, "total_weekday_stops": 143, "total_weekday_am_stops": 18, "high_freq": true }, "geometry": { "type": "Point", "coordinates": [ 1288535.861190794734284, 462657.585583636711817 ] } },
{ "type": "Feature", "properties": { "fid": 708, "stop_id": 127, "stop_code": 341, "stop_name": "Greenwood St at 137 Greenwood", "stop_lat": 42.227201, "stop_lon": -71.793058, "total_stops": 103, "total_weekday_stops": 36, "total_weekday_am_stops": 4, "high_freq": false }, "geometry": { "type": "Point", "coordinates": [ 1290166.81401430000551, 449802.07100294099655 ] } },
{ "type": "Feature", "properties": { "fid": 709, "stop_id": 128, "stop_code": 342, "stop_name": "Greenwood St at 159 Greenwood", "stop_lat": 42.226088, "stop_lon": -71.79371, "total_stops": 103, "total_weekday_stops": 36, "total_weekday_am_stops": 4, "high_freq": false }, "geometry": { "type": "Point", "coordinates": [ 1289984.165278173983097, 449399.100753764272667 ] } },
{ "type": "Feature", "properties": { "fid": 710, "stop_id": 129, "stop_code": 343, "stop_name": "Greenwood St at 192 Greenwood", "stop_lat": 42.224789, "stop_lon": -71.795098, "total_stops": 103, "total_weekday_stops": 36, "total_weekday_am_stops": 4, "high_freq": false }, "geometry": { "type": "Point", "coordinates": [ 1289601.145568755455315, 448931.327331485343166 ] } },
{ "type": "Feature", "properties": { "fid": 711, "stop_id": 130, "stop_code": 344, "stop_name": "Greenwood St at Upland", "stop_lat": 42.223878, "stop_lon": -71.796104, "total_stops": 103, "total_weekday_stops": 36, "total_weekday_am_stops": 4, "high_freq": false }, "geometry": { "type": "Point", "coordinates": [ 1289323.695848948089406, 448603.409641198872123 ] } },
{ "type": "Feature", "properties": { "fid": 712, "stop_id": 131, "stop_code": 1036, "stop_name": "Upland St at Emmanuel", "stop_lat": 42.223679, "stop_lon": -71.797237, "total_stops": 103, "total_weekday_stops": 36, "total_weekday_am_stops": 4, "high_freq": false }, "geometry": { "type": "Point", "coordinates": [ 1289015.722383551765233, 448535.480850851687137 ] } },
{ "type": "Feature", "properties": { "fid": 713, "stop_id": 132, "stop_code": 1037, "stop_name": "Upland St at Mallard", "stop_lat": 42.223412, "stop_lon": -71.799605, "total_stops": 103, "total_weekday_stops": 36, "total_weekday_am_stops": 4, "high_freq": false }, "geometry": { "type": "Point", "coordinates": [ 1288372.857584015699103, 448447.789368420955725 ] } },
{ "type": "Feature", "properties": { "fid": 714, "stop_id": 133, "stop_code": 1038, "stop_name": "Upland St at Upland Garden", "stop_lat": 42.224161, "stop_lon": -71.804614, "total_stops": 103, "total_weekday_stops": 36, "total_weekday_am_stops": 4, "high_freq": false }, "geometry": { "type": "Point", "coordinates": [ 1287020.204800654901192, 448741.129021753382403 ] } },
{ "type": "Feature", "properties": { "fid": 715, "stop_id": 134, "stop_code": 1033, "stop_name": "Upland Garden Dr at 10 Upland Garden", "stop_lat": 42.223088, "stop_lon": -71.804868, "total_stops": 103, "total_weekday_stops": 36, "total_weekday_am_stops": 4, "high_freq": false }, "geometry": { "type": "Point", "coordinates": [ 1286945.518246496329084, 448351.137296895380132 ] } },
{ "type": "Feature", "properties": { "fid": 716, "stop_id": 135, "stop_code": 1035, "stop_name": "Upland Garden Dr at 36 Upland Garden", "stop_lat": 42.221562, "stop_lon": -71.803858, "total_stops": 103, "total_weekday_stops": 36, "total_weekday_am_stops": 4, "high_freq": false }, "geometry": { "type": "Point", "coordinates": [ 1287210.726060338784009, 447790.908028066449333 ] } },
{ "type": "Feature", "properties": { "fid": 717, "stop_id": 1507, "stop_code": 3104, "stop_name": "Mrytle St + Salem St", "stop_lat": 42.259068, "stop_lon": -71.801659, "total_stops": 20, "total_weekday_stops": 10, "total_weekday_am_stops": 1, "high_freq": false }, "geometry": { "type": "Point", "coordinates": [ 1288011.67164612794295, 461450.167540296155494 ] } },
{ "type": "Feature", "properties": { "fid": 718, "stop_id": 1514, "stop_code": 3107, "stop_name": "Apricot St at Goddard", "stop_lat": 42.241633, "stop_lon": -71.853543, "total_stops": 142, "total_weekday_stops": 42, "total_weekday_am_stops": 3, "high_freq": false }, "geometry": { "type": "Point", "coordinates": [ 1273866.72509762016125, 455311.578388439200353 ] } },
{ "type": "Feature", "properties": { "fid": 719, "stop_id": 1535, "stop_code": 3149, "stop_name": "FRONT ST + CHURCH ST", "stop_lat": 42.262759, "stop_lon": -71.800287, "total_stops": 50, "total_weekday_stops": 16, "total_weekday_am_stops": 2, "high_freq": false }, "geometry": { "type": "Point", "coordinates": [ 1288403.27488324441947, 462789.705718816549052 ] } },
{ "type": "Feature", "properties": { "fid": 720, "stop_id": 1539, "stop_code": 3153, "stop_name": "HIGHLAND ST + LANCASTER ST", "stop_lat": 42.27133, "stop_lon": -71.80347, "total_stops": 54, "total_weekday_stops": 22, "total_weekday_am_stops": 3, "high_freq": false }, "geometry": { "type": "Point", "coordinates": [ 1287588.619715947657824, 465926.192638811247889 ] } },
{ "type": "Feature", "properties": { "fid": 721, "stop_id": 1545, "stop_code": 3159, "stop_name": "PLEASANT ST + BRANTWOOD RD", "stop_lat": 42.27871, "stop_lon": -71.84499, "total_stops": 40, "total_weekday_stops": 16, "total_weekday_am_stops": 2, "high_freq": false }, "geometry": { "type": "Point", "coordinates": [ 1276392.463155349483714, 468787.408261853561271 ] } },
{ "type": "Feature", "properties": { "fid": 722, "stop_id": 1547, "stop_code": 3161, "stop_name": "PLEASANT ST + BRANTWOOD RD INBOUND", "stop_lat": 42.2788, "stop_lon": -71.84562, "total_stops": 40, "total_weekday_stops": 16, "total_weekday_am_stops": 2, "high_freq": false }, "geometry": { "type": "Point", "coordinates": [ 1276222.475385995348915, 468822.853781470679678 ] } },
{ "type": "Feature", "properties": { "fid": 723, "stop_id": 1548, "stop_code": 3162, "stop_name": "PLEASANT ST + PIEDMONT ST", "stop_lat": 42.263951, "stop_lon": -71.812788, "total_stops": 50, "total_weekday_stops": 16, "total_weekday_am_stops": 2, "high_freq": false }, "geometry": { "type": "Point", "coordinates": [ 1285025.845196701586246, 463275.125147944840137 ] } },
{ "type": "Feature", "properties": { "fid": 724, "stop_id": 1549, "stop_code": 3163, "stop_name": "Pleasant St + Main St", "stop_lat": 42.2635, "stop_lon": -71.80275, "total_stops": 148, "total_weekday_stops": 55, "total_weekday_am_stops": 7, "high_freq": false }, "geometry": { "type": "Point", "coordinates": [ 1287740.601728313369676, 463069.762327072385233 ] } },
{ "type": "Feature", "properties": { "fid": 725, "stop_id": 1584, "stop_code": 3526, "stop_name": "SUMMER AND MLK", "stop_lat": 42.266038, "stop_lon": -71.795384, "total_stops": 40, "total_weekday_stops": 24, "total_weekday_am_stops": 3, "high_freq": false }, "geometry": { "type": "Point", "coordinates": [ 1289748.376817933749408, 463964.800484757404774 ] } },
{ "type": "Feature", "properties": { "fid": 726, "stop_id": 1632, "stop_code": 3013, "stop_name": "Park Ave + Grove St", "stop_lat": 42.28392, "stop_lon": -71.80816, "total_stops": 66, "total_weekday_stops": 28, "total_weekday_am_stops": 4, "high_freq": false }, "geometry": { "type": "Point", "coordinates": [ 1286388.468784703407437, 470533.531445703003556 ] } },
{ "type": "Feature", "properties": { "fid": 727, "stop_id": 1633, "stop_code": 3102, "stop_name": "Waverly St and CORAL ST out", "stop_lat": 42.25648, "stop_lon": -71.79158, "total_stops": 63, "total_weekday_stops": 21, "total_weekday_am_stops": 3, "high_freq": false }, "geometry": { "type": "Point", "coordinates": [ 1290726.153215651400387, 460466.19659466529265 ] } },
{ "type": "Feature", "properties": { "fid": 728, "stop_id": 1639, "stop_code": 3540, "stop_name": "Providence St and Shine Pool", "stop_lat": 42.24417, "stop_lon": -71.7915, "total_stops": 63, "total_weekday_stops": 21, "total_weekday_am_stops": 2, "high_freq": false }, "geometry": { "type": "Point", "coordinates": [ 1290680.95555321010761, 455979.745156046294142 ] } },
{ "type": "Feature", "properties": { "fid": 729, "stop_id": 1643, "stop_code": 3544, "stop_name": "Heywood and Samoset Rd", "stop_lat": 42.24939, "stop_lon": -71.78018, "total_stops": 63, "total_weekday_stops": 21, "total_weekday_am_stops": 3, "high_freq": false }, "geometry": { "type": "Point", "coordinates": [ 1293774.267181601142511, 457836.588596008485183 ] } },
{ "type": "Feature", "properties": { "fid": 730, "stop_id": 1644, "stop_code": 3545, "stop_name": "Heywood St opp. Samoset Rd.", "stop_lat": 42.24948, "stop_lon": -71.78028, "total_stops": 63, "total_weekday_stops": 21, "total_weekday_am_stops": 2, "high_freq": false }, "geometry": { "type": "Point", "coordinates": [ 1293747.676066303625703, 457869.787293067958672 ] } },
{ "type": "Feature", "properties": { "fid": 731, "stop_id": 1646, "stop_code": 3547, "stop_name": "Heywood St opp Jones St", "stop_lat": 42.24858, "stop_lon": -71.78751, "total_stops": 63, "total_weekday_stops": 21, "total_weekday_am_stops": 2, "high_freq": false }, "geometry": { "type": "Point", "coordinates": [ 1291785.236991448327899, 457570.801951874629594 ] } },
{ "type": "Feature", "properties": { "fid": 732, "stop_id": 1647, "stop_code": 3548, "stop_name": "Heywood and Academy Fields", "stop_lat": 42.24821, "stop_lon": -71.79008, "total_stops": 63, "total_weekday_stops": 21, "total_weekday_am_stops": 2, "high_freq": false }, "geometry": { "type": "Point", "coordinates": [ 1291087.377528396900743, 457446.311478323186748 ] } },
{ "type": "Feature", "properties": { "fid": 733, "stop_id": 1652, "stop_code": 3553, "stop_name": "Elm and Russel St", "stop_lat": 42.26618, "stop_lon": -71.81568, "total_stops": 46, "total_weekday_stops": 18, "total_weekday_am_stops": 3, "high_freq": false }, "geometry": { "type": "Point", "coordinates": [ 1284255.331212114542723, 464099.312641497002915 ] } },
{ "type": "Feature", "properties": { "fid": 734, "stop_id": 1653, "stop_code": 3554, "stop_name": "Elm St + Park Ave", "stop_lat": 42.266288, "stop_lon": -71.817711, "total_stops": 44, "total_weekday_stops": 17, "total_weekday_am_stops": 2, "high_freq": false }, "geometry": { "type": "Point", "coordinates": [ 1283706.16986672510393, 464147.023943041625898 ] } },
{ "type": "Feature", "properties": { "fid": 735, "stop_id": 1654, "stop_code": 3555, "stop_name": "Elm St + Russell St", "stop_lat": 42.266102, "stop_lon": -71.815651, "total_stops": 44, "total_weekday_stops": 17, "total_weekday_am_stops": 2, "high_freq": false }, "geometry": { "type": "Point", "coordinates": [ 1284262.749515024246648, 464070.7678774894448 ] } },
{ "type": "Feature", "properties": { "fid": 736, "stop_id": 1655, "stop_code": 3556, "stop_name": "Elm St + Fruit St", "stop_lat": 42.26562, "stop_lon": -71.811124, "total_stops": 44, "total_weekday_stops": 17, "total_weekday_am_stops": 2, "high_freq": false }, "geometry": { "type": "Point", "coordinates": [ 1285485.481971221975982, 463876.540944342152216 ] } },
{ "type": "Feature", "properties": { "fid": 737, "stop_id": 1656, "stop_code": 3557, "stop_name": "Elm St + West St", "stop_lat": 42.26553, "stop_lon": -71.80942, "total_stops": 44, "total_weekday_stops": 17, "total_weekday_am_stops": 2, "high_freq": false }, "geometry": { "type": "Point", "coordinates": [ 1285946.236963520990685, 463836.768317990703508 ] } },
{ "type": "Feature", "properties": { "fid": 738, "stop_id": 210, "stop_code": 49, "stop_name": "BURNCOAT ST + MELVILLE ST", "stop_lat": 42.288006, "stop_lon": -71.790698, "total_stops": 40, "total_weekday_stops": 24, "total_weekday_am_stops": 3, "high_freq": false }, "geometry": { "type": "Point", "coordinates": [ 1291136.047245251014829, 471951.760734481213149 ] } },
{ "type": "Feature", "properties": { "fid": 739, "stop_id": 211, "stop_code": 50, "stop_name": "BURNCOAT ST + RANKIN ST", "stop_lat": 42.289289, "stop_lon": -71.79051, "total_stops": 40, "total_weekday_stops": 24, "total_weekday_am_stops": 3, "high_freq": false }, "geometry": { "type": "Point", "coordinates": [ 1291193.881636038655415, 472418.574405727267731 ] } },
{ "type": "Feature", "properties": { "fid": 740, "stop_id": 212, "stop_code": 51, "stop_name": "BURNCOAT ST + WAWECUS RD", "stop_lat": 42.291992, "stop_lon": -71.790521, "total_stops": 40, "total_weekday_stops": 24, "total_weekday_am_stops": 3, "high_freq": false }, "geometry": { "type": "Point", "coordinates": [ 1291205.574327559908852, 473403.689882100967225 ] } },
{ "type": "Feature", "properties": { "fid": 741, "stop_id": 1657, "stop_code": 3558, "stop_name": "48 Elm St", "stop_lat": 42.265215, "stop_lon": -71.806144, "total_stops": 44, "total_weekday_stops": 17, "total_weekday_am_stops": 2, "high_freq": false }, "geometry": { "type": "Point", "coordinates": [ 1286831.278870080132037, 463708.590517503151204 ] } },
{ "type": "Feature", "properties": { "fid": 742, "stop_id": 1658, "stop_code": 3559, "stop_name": "Park Ave + Highland St", "stop_lat": 42.27023, "stop_lon": -71.81638, "total_stops": 66, "total_weekday_stops": 28, "total_weekday_am_stops": 4, "high_freq": false }, "geometry": { "type": "Point", "coordinates": [ 1284088.271662057144567, 465578.135324109287467 ] } },
{ "type": "Feature", "properties": { "fid": 743, "stop_id": 1659, "stop_code": 3560, "stop_name": "Park Ave + Russell St", "stop_lat": 42.272238, "stop_lon": -71.814499, "total_stops": 66, "total_weekday_stops": 28, "total_weekday_am_stops": 4, "high_freq": false }, "geometry": { "type": "Point", "coordinates": [ 1284608.49666435807012, 466302.185825559485238 ] } },
{ "type": "Feature", "properties": { "fid": 744, "stop_id": 1660, "stop_code": 3561, "stop_name": "Park Ave opp Russel St", "stop_lat": 42.272274, "stop_lon": -71.814619, "total_stops": 64, "total_weekday_stops": 27, "total_weekday_am_stops": 5, "high_freq": false }, "geometry": { "type": "Point", "coordinates": [ 1284576.216611700830981, 466315.798038511013146 ] } },
{ "type": "Feature", "properties": { "fid": 745, "stop_id": 1662, "stop_code": 3567, "stop_name": "N Main and Canal St OB Millbury", "stop_lat": 42.193459, "stop_lon": -71.761312, "total_stops": 42, "total_weekday_stops": 12, "total_weekday_am_stops": 2, "high_freq": false }, "geometry": { "type": "Point", "coordinates": [ 1298586.252453520894051, 437378.917141053709202 ] } },
{ "type": "Feature", "properties": { "fid": 746, "stop_id": 1663, "stop_code": 3568, "stop_name": "Canal St and Howe Ave OB Millbury", "stop_lat": 42.193466, "stop_lon": -71.759176, "total_stops": 42, "total_weekday_stops": 12, "total_weekday_am_stops": 1, "high_freq": false }, "geometry": { "type": "Point", "coordinates": [ 1299165.129921759245917, 437373.05057018622756 ] } },
{ "type": "Feature", "properties": { "fid": 747, "stop_id": 1665, "stop_code": 3570, "stop_name": "Elm and N Main St IB Millbury", "stop_lat": 42.1915, "stop_lon": -71.759518, "total_stops": 45, "total_weekday_stops": 13, "total_weekday_am_stops": 1, "high_freq": false }, "geometry": { "type": "Point", "coordinates": [ 1299062.037693861173466, 436657.942692759505007 ] } },
{ "type": "Feature", "properties": { "fid": 748, "stop_id": 1666, "stop_code": 3571, "stop_name": "Canal and Elm St IB Millbury", "stop_lat": 42.193107, "stop_lon": -71.757635, "total_stops": 84, "total_weekday_stops": 24, "total_weekday_am_stops": 3, "high_freq": false }, "geometry": { "type": "Point", "coordinates": [ 1299580.83118757349439, 437236.158901125774719 ] } },
{ "type": "Feature", "properties": { "fid": 749, "stop_id": 1667, "stop_code": 3572, "stop_name": "Canal St and Howe Ave IB Millbury", "stop_lat": 42.193431, "stop_lon": -71.759056, "total_stops": 42, "total_weekday_stops": 12, "total_weekday_am_stops": 2, "high_freq": false }, "geometry": { "type": "Point", "coordinates": [ 1299197.463742110179737, 437359.823304265446495 ] } },
{ "type": "Feature", "properties": { "fid": 750, "stop_id": 1668, "stop_code": 3573, "stop_name": "N Main and Canal St IB Millbury", "stop_lat": 42.193596, "stop_lon": -71.761189, "total_stops": 84, "total_weekday_stops": 24, "total_weekday_am_stops": 3, "high_freq": false }, "geometry": { "type": "Point", "coordinates": [ 1298620.311119404854253, 437428.357929514779244 ] } },
{ "type": "Feature", "properties": { "fid": 751, "stop_id": 1686, "stop_code": 3058, "stop_name": "QCC Traffic Circle", "stop_lat": 42.314416, "stop_lon": -71.79537, "total_stops": 78, "total_weekday_stops": 47, "total_weekday_am_stops": 6, "high_freq": false }, "geometry": { "type": "Point", "coordinates": [ 1290015.699890477349982, 481595.422697911562864 ] } },
{ "type": "Feature", "properties": { "fid": 752, "stop_id": 1691, "stop_code": 594, "stop_name": "Main St at Chatham", "stop_lat": 42.261566, "stop_lon": -71.80327, "total_stops": 82, "total_weekday_stops": 29, "total_weekday_am_stops": 4, "high_freq": false }, "geometry": { "type": "Point", "coordinates": [ 1287589.240347533486784, 462367.069511588837486 ] } },
{ "type": "Feature", "properties": { "fid": 753, "stop_id": 1713, "stop_code": 3598, "stop_name": "GRANITE ST and OPP WABASH AVE", "stop_lat": 42.24749, "stop_lon": -71.79003, "total_stops": 63, "total_weekday_stops": 21, "total_weekday_am_stops": 3, "high_freq": false }, "geometry": { "type": "Point", "coordinates": [ 1291097.009709515841678, 457183.720840385882184 ] } },
{ "type": "Feature", "properties": { "fid": 754, "stop_id": 1751, "stop_code": 3606, "stop_name": "Park Ave Opp Townsend St", "stop_lat": 42.26475, "stop_lon": -71.81913, "total_stops": 20, "total_weekday_stops": 10, "total_weekday_am_stops": 2, "high_freq": false }, "geometry": { "type": "Point", "coordinates": [ 1283313.537973053753376, 463592.373602838430088 ] } },
{ "type": "Feature", "properties": { "fid": 755, "stop_id": 1752, "stop_code": 3607, "stop_name": "Park Ave + Chandler St", "stop_lat": 42.26123, "stop_lon": -71.82089, "total_stops": 28, "total_weekday_stops": 10, "total_weekday_am_stops": 2, "high_freq": false }, "geometry": { "type": "Point", "coordinates": [ 1282817.571029642596841, 462316.83736441511428 ] } },
{ "type": "Feature", "properties": { "fid": 756, "stop_id": 1753, "stop_code": 3608, "stop_name": "Park Ave + Parker St", "stop_lat": 42.25886, "stop_lon": -71.82214, "total_stops": 28, "total_weekday_stops": 10, "total_weekday_am_stops": 2, "high_freq": false }, "geometry": { "type": "Point", "coordinates": [ 1282466.01302955718711, 461458.300090032047592 ] } },
{ "type": "Feature", "properties": { "fid": 757, "stop_id": 1754, "stop_code": 3609, "stop_name": "Park Ave + Beaver Brook Pkway", "stop_lat": 42.25019, "stop_lon": -71.83106, "total_stops": 28, "total_weekday_stops": 14, "total_weekday_am_stops": 4, "high_freq": false }, "geometry": { "type": "Point", "coordinates": [ 1280002.709600074449554, 458335.6762613018509 ] } },
{ "type": "Feature", "properties": { "fid": 758, "stop_id": 1755, "stop_code": 3610, "stop_name": "Park Ave + Mill St", "stop_lat": 42.24705, "stop_lon": -71.83404, "total_stops": 20, "total_weekday_stops": 10, "total_weekday_am_stops": 2, "high_freq": false }, "geometry": { "type": "Point", "coordinates": [ 1279178.257261079736054, 457203.78296936332481 ] } },
{ "type": "Feature", "properties": { "fid": 759, "stop_id": 1756, "stop_code": 3611, "stop_name": "666 Park Ave", "stop_lat": 42.24532, "stop_lon": -71.83576, "total_stops": 20, "total_weekday_stops": 10, "total_weekday_am_stops": 2, "high_freq": false }, "geometry": { "type": "Point", "coordinates": [ 1278702.825815527234226, 456580.499442372645717 ] } },
{ "type": "Feature", "properties": { "fid": 760, "stop_id": 1757, "stop_code": 3612, "stop_name": "Park Ave + Townsend St", "stop_lat": 42.26481, "stop_lon": -71.81899, "total_stops": 20, "total_weekday_stops": 10, "total_weekday_am_stops": 1, "high_freq": false }, "geometry": { "type": "Point", "coordinates": [ 1283351.767398776486516, 463613.662596929469146 ] } },
{ "type": "Feature", "properties": { "fid": 761, "stop_id": 1758, "stop_code": 3613, "stop_name": "Park Ave + Chandler St", "stop_lat": 42.26123, "stop_lon": -71.82076, "total_stops": 29, "total_weekday_stops": 10, "total_weekday_am_stops": 1, "high_freq": false }, "geometry": { "type": "Point", "coordinates": [ 1282852.762668254086748, 462316.301001229265239 ] } },
{ "type": "Feature", "properties": { "fid": 762, "stop_id": 1759, "stop_code": 3614, "stop_name": "Park Ave + Parker St", "stop_lat": 42.25904, "stop_lon": -71.82192, "total_stops": 29, "total_weekday_stops": 10, "total_weekday_am_stops": 1, "high_freq": false }, "geometry": { "type": "Point", "coordinates": [ 1282526.570900351041928, 461522.988771539356094 ] } },
{ "type": "Feature", "properties": { "fid": 763, "stop_id": 1760, "stop_code": 3615, "stop_name": "Park Ave + Beaver St", "stop_lat": 42.24983, "stop_lon": -71.83136, "total_stops": 20, "total_weekday_stops": 10, "total_weekday_am_stops": 1, "high_freq": false }, "geometry": { "type": "Point", "coordinates": [ 1279919.468846291070804, 458205.730234711896628 ] } },
{ "type": "Feature", "properties": { "fid": 764, "stop_id": 1761, "stop_code": 3616, "stop_name": "Park Ave + Mill St", "stop_lat": 42.24688, "stop_lon": -71.83397, "total_stops": 20, "total_weekday_stops": 10, "total_weekday_am_stops": 1, "high_freq": false }, "geometry": { "type": "Point", "coordinates": [ 1279196.257105100434273, 457141.538727957115043 ] } },
{ "type": "Feature", "properties": { "fid": 765, "stop_id": 1762, "stop_code": 3617, "stop_name": "661 Park Ave (meinke)", "stop_lat": 42.24508, "stop_lon": -71.8359, "total_stops": 20, "total_weekday_stops": 10, "total_weekday_am_stops": 1, "high_freq": false }, "geometry": { "type": "Point", "coordinates": [ 1278663.569615409243852, 456493.621536731603555 ] } },
{ "type": "Feature", "properties": { "fid": 766, "stop_id": 1763, "stop_code": 3618, "stop_name": "Cambridge + Webster Sq", "stop_lat": 42.24479, "stop_lon": -71.83102, "total_stops": 20, "total_weekday_stops": 10, "total_weekday_am_stops": 2, "high_freq": false }, "geometry": { "type": "Point", "coordinates": [ 1279983.314850976457819, 456367.605988449300639 ] } },
{ "type": "Feature", "properties": { "fid": 767, "stop_id": 1764, "stop_code": 3619, "stop_name": "Cambridge Street + Price Chopper", "stop_lat": 42.24406, "stop_lon": -71.82898, "total_stops": 20, "total_weekday_stops": 10, "total_weekday_am_stops": 2, "high_freq": false }, "geometry": { "type": "Point", "coordinates": [ 1280531.613323642173782, 456093.097390083712526 ] } },
{ "type": "Feature", "properties": { "fid": 768, "stop_id": 1765, "stop_code": 3620, "stop_name": "Cambridge St + Exeter", "stop_lat": 42.24355, "stop_lon": -71.82505, "total_stops": 20, "total_weekday_stops": 10, "total_weekday_am_stops": 2, "high_freq": false }, "geometry": { "type": "Point", "coordinates": [ 1281592.924449072452262, 455890.944900447968394 ] } },
{ "type": "Feature", "properties": { "fid": 769, "stop_id": 1766, "stop_code": 3621, "stop_name": "Cambridge St + Freeland St", "stop_lat": 42.2437, "stop_lon": -71.82459, "total_stops": 20, "total_weekday_stops": 10, "total_weekday_am_stops": 1, "high_freq": false }, "geometry": { "type": "Point", "coordinates": [ 1281718.318338801385835, 455943.704704801377375 ] } },
{ "type": "Feature", "properties": { "fid": 770, "stop_id": 1767, "stop_code": 3622, "stop_name": "Cambridge St + Salvation Army", "stop_lat": 42.24401, "stop_lon": -71.82838, "total_stops": 20, "total_weekday_stops": 10, "total_weekday_am_stops": 1, "high_freq": false }, "geometry": { "type": "Point", "coordinates": [ 1280693.800060922047123, 456072.385169016371947 ] } },
{ "type": "Feature", "properties": { "fid": 771, "stop_id": 1768, "stop_code": 3623, "stop_name": "Cambridge St + Nixon Ave", "stop_lat": 42.24474, "stop_lon": -71.83071, "total_stops": 20, "total_weekday_stops": 10, "total_weekday_am_stops": 1, "high_freq": false }, "geometry": { "type": "Point", "coordinates": [ 1280066.974861163645983, 456348.095606044866145 ] } },
{ "type": "Feature", "properties": { "fid": 772, "stop_id": 1770, "stop_code": 3625, "stop_name": "BROAD MEADOW BROOK", "stop_lat": 42.232915, "stop_lon": -71.764187, "total_stops": 144, "total_weekday_stops": 42, "total_weekday_am_stops": 5, "high_freq": false }, "geometry": { "type": "Point", "coordinates": [ 1298016.899968362180516, 451769.039880565484054 ] } },
{ "type": "Feature", "properties": { "fid": 773, "stop_id": 1785, "stop_code": 1072, "stop_name": "Vernon St at Spurr", "stop_lat": 42.247776, "stop_lon": -71.794655, "total_stops": 103, "total_weekday_stops": 36, "total_weekday_am_stops": 4, "high_freq": false }, "geometry": { "type": "Point", "coordinates": [ 1289846.283137714024633, 457306.622209198074415 ] } },
{ "type": "Feature", "properties": { "fid": 774, "stop_id": 1805, "stop_code": 3639, "stop_name": "Foster St + Norwich St", "stop_lat": 42.26459, "stop_lon": -71.80046, "total_stops": 82, "total_weekday_stops": 29, "total_weekday_am_stops": 4, "high_freq": false }, "geometry": { "type": "Point", "coordinates": [ 1288366.457105739740655, 463457.681970799516421 ] } },
{ "type": "Feature", "properties": { "fid": 775, "stop_id": 1806, "stop_code": 3640, "stop_name": "Harding St + Endicott St", "stop_lat": 42.250713, "stop_lon": -71.800676, "total_stops": 42, "total_weekday_stops": 12, "total_weekday_am_stops": 2, "high_freq": false }, "geometry": { "type": "Point", "coordinates": [ 1288232.085854037432, 458401.361228000896517 ] } },
{ "type": "Feature", "properties": { "fid": 776, "stop_id": 1808, "stop_code": 3642, "stop_name": "Harding St + Lafayette St", "stop_lat": 42.252888, "stop_lon": -71.799516, "total_stops": 42, "total_weekday_stops": 12, "total_weekday_am_stops": 2, "high_freq": false }, "geometry": { "type": "Point", "coordinates": [ 1288558.041757771978155, 459189.283402278262656 ] } },
{ "type": "Feature", "properties": { "fid": 777, "stop_id": 1809, "stop_code": 3643, "stop_name": "Ashmont Ave + Harding St", "stop_lat": 42.248387, "stop_lon": -71.801706, "total_stops": 42, "total_weekday_stops": 12, "total_weekday_am_stops": 2, "high_freq": false }, "geometry": { "type": "Point", "coordinates": [ 1287940.480938157765195, 457557.886872882489115 ] } },
{ "type": "Feature", "properties": { "fid": 778, "stop_id": 1810, "stop_code": 3644, "stop_name": "Millbury St + Ashmont Ave", "stop_lat": 42.24848, "stop_lon": -71.80127, "total_stops": 45, "total_weekday_stops": 13, "total_weekday_am_stops": 1, "high_freq": false }, "geometry": { "type": "Point", "coordinates": [ 1288059.041128190001473, 457590.005842989485245 ] } },
{ "type": "Feature", "properties": { "fid": 779, "stop_id": 1812, "stop_code": 3646, "stop_name": "Millbury St + Endicott St", "stop_lat": 42.251178, "stop_lon": -71.800108, "total_stops": 45, "total_weekday_stops": 13, "total_weekday_am_stops": 1, "high_freq": false }, "geometry": { "type": "Point", "coordinates": [ 1288388.414163548732176, 458568.513176472624764 ] } },
{ "type": "Feature", "properties": { "fid": 780, "stop_id": 1813, "stop_code": 3647, "stop_name": "Millbury St + Lafayette St", "stop_lat": 42.25295, "stop_lon": -71.79904, "total_stops": 45, "total_weekday_stops": 13, "total_weekday_am_stops": 1, "high_freq": false }, "geometry": { "type": "Point", "coordinates": [ 1288687.253165966598317, 459209.94590601301752 ] } },
{ "type": "Feature", "properties": { "fid": 781, "stop_id": 288, "stop_code": 930, "stop_name": "SHREWSBURY ST + AITCHISON ST", "stop_lat": 42.273288, "stop_lon": -71.770503, "total_stops": 34, "total_weekday_stops": 13, "total_weekday_am_stops": 1, "high_freq": false }, "geometry": { "type": "Point", "coordinates": [ 1296522.061989995883778, 466507.242967573110946 ] } },
{ "type": "Feature", "properties": { "fid": 782, "stop_id": 289, "stop_code": 1148, "stop_name": "South Rd + UMASS", "stop_lat": 42.275789, "stop_lon": -71.762795, "total_stops": 86, "total_weekday_stops": 34, "total_weekday_am_stops": 3, "high_freq": false }, "geometry": { "type": "Point", "coordinates": [ 1298621.565336661646143, 467388.203523943782784 ] } },
{ "type": "Feature", "properties": { "fid": 783, "stop_id": 290, "stop_code": 16, "stop_name": "BELMONT ST + LAKE AVE", "stop_lat": 42.274046, "stop_lon": -71.758298, "total_stops": 34, "total_weekday_stops": 13, "total_weekday_am_stops": 1, "high_freq": false }, "geometry": { "type": "Point", "coordinates": [ 1299829.439619133947417, 466735.288834559789393 ] } },
{ "type": "Feature", "properties": { "fid": 784, "stop_id": 292, "stop_code": 4505, "stop_name": "BOSTON TRPK + QUINSIGAMOND AVE", "stop_lat": 42.27429, "stop_lon": -71.75278, "total_stops": 34, "total_weekday_stops": 13, "total_weekday_am_stops": 1, "high_freq": false }, "geometry": { "type": "Point", "coordinates": [ 1301324.194137479178607, 466802.574168858584017 ] } },
{ "type": "Feature", "properties": { "fid": 785, "stop_id": 293, "stop_code": 4510, "stop_name": "BOSTON TRPK + WHITE CITY PLAZA", "stop_lat": 42.274598, "stop_lon": -71.750142, "total_stops": 34, "total_weekday_stops": 13, "total_weekday_am_stops": 1, "high_freq": false }, "geometry": { "type": "Point", "coordinates": [ 1302039.796514632413164, 466904.510066326707602 ] } },
{ "type": "Feature", "properties": { "fid": 786, "stop_id": 1818, "stop_code": 3160, "stop_name": "Pleasant St + Mapleleaf Rd", "stop_lat": 42.278434, "stop_lon": -71.855065, "total_stops": 40, "total_weekday_stops": 16, "total_weekday_am_stops": 2, "high_freq": false }, "geometry": { "type": "Point", "coordinates": [ 1273664.293101879768074, 468729.301129888626747 ] } },
{ "type": "Feature", "properties": { "fid": 787, "stop_id": 1821, "stop_code": 9005, "stop_name": "YMCA Shore Dr.", "stop_lat": 42.303766, "stop_lon": -71.811202, "total_stops": 40, "total_weekday_stops": 20, "total_weekday_am_stops": 2, "high_freq": false }, "geometry": { "type": "Point", "coordinates": [ 1285674.703203138895333, 477778.558278403535951 ] } },
{ "type": "Feature", "properties": { "fid": 788, "stop_id": 1827, "stop_code": 3350, "stop_name": "Elm St + Opp Ashland St", "stop_lat": 42.2653, "stop_lon": -71.80641, "total_stops": 46, "total_weekday_stops": 18, "total_weekday_am_stops": 3, "high_freq": false }, "geometry": { "type": "Point", "coordinates": [ 1286759.742605606326833, 463740.652487403771374 ] } },
{ "type": "Feature", "properties": { "fid": 789, "stop_id": 1833, "stop_code": 9054, "stop_name": "21 Tacoma St Opp Edward MK CHealth", "stop_lat": 42.302482, "stop_lon": -71.765942, "total_stops": 44, "total_weekday_stops": 17, "total_weekday_am_stops": 3, "high_freq": false }, "geometry": { "type": "Point", "coordinates": [ 1297911.945172301260754, 477128.560557289456483 ] } },
{ "type": "Feature", "properties": { "fid": 790, "stop_id": 1834, "stop_code": 9055, "stop_name": "Park Ave + Sagamore St", "stop_lat": 42.282333, "stop_lon": -71.808537, "total_stops": 66, "total_weekday_stops": 28, "total_weekday_am_stops": 4, "high_freq": false }, "geometry": { "type": "Point", "coordinates": [ 1286277.7159446508158, 469956.715117421932518 ] } },
{ "type": "Feature", "properties": { "fid": 791, "stop_id": 1837, "stop_code": 9058, "stop_name": "Park Ave + Sagamore St", "stop_lat": 42.281907, "stop_lon": -71.808676, "total_stops": 64, "total_weekday_stops": 27, "total_weekday_am_stops": 5, "high_freq": false }, "geometry": { "type": "Point", "coordinates": [ 1286237.755804220680147, 469802.034369128814433 ] } },
{ "type": "Feature", "properties": { "fid": 792, "stop_id": 1861, "stop_code": 423, "stop_name": "Hamilton St at Puritan", "stop_lat": 42.256269, "stop_lon": -71.77788, "total_stops": 12, "total_weekday_stops": 6, "total_weekday_am_stops": 2, "high_freq": false }, "geometry": { "type": "Point", "coordinates": [ 1294433.973502894164994, 460334.317638471431565 ] } },
{ "type": "Feature", "properties": { "fid": 793, "stop_id": 1865, "stop_code": 332, "stop_name": "Green St at Gold", "stop_lat": 42.25725, "stop_lon": -71.798065, "total_stops": 148, "total_weekday_stops": 49, "total_weekday_am_stops": 5, "high_freq": false }, "geometry": { "type": "Point", "coordinates": [ 1288974.697531507583335, 460773.039402935479302 ] } },
{ "type": "Feature", "properties": { "fid": 794, "stop_id": 366, "stop_code": 404, "stop_name": "Hamilton St + Boston Ave", "stop_lat": 42.258877, "stop_lon": -71.76213, "total_stops": 52, "total_weekday_stops": 21, "total_weekday_am_stops": 3, "high_freq": false }, "geometry": { "type": "Point", "coordinates": [ 1298711.78383540827781, 461222.270679265493527 ] } },
{ "type": "Feature", "properties": { "fid": 795, "stop_id": 368, "stop_code": 406, "stop_name": "Hamilton St + Coburn Ave", "stop_lat": 42.25952, "stop_lon": -71.75916, "total_stops": 52, "total_weekday_stops": 21, "total_weekday_am_stops": 3, "high_freq": false }, "geometry": { "type": "Point", "coordinates": [ 1299519.219840983627364, 461444.905141768278554 ] } },
{ "type": "Feature", "properties": { "fid": 796, "stop_id": 369, "stop_code": 407, "stop_name": "Hamilton St + Park Road Entrance", "stop_lat": 42.25996, "stop_lon": -71.75574, "total_stops": 52, "total_weekday_stops": 21, "total_weekday_am_stops": 3, "high_freq": false }, "geometry": { "type": "Point", "coordinates": [ 1300447.388796807965264, 461591.821971228579059 ] } },
{ "type": "Feature", "properties": { "fid": 797, "stop_id": 370, "stop_code": 502, "stop_name": "Lake Ave + Hamilton St", "stop_lat": 42.26044, "stop_lon": -71.7537, "total_stops": 52, "total_weekday_stops": 21, "total_weekday_am_stops": 3, "high_freq": false }, "geometry": { "type": "Point", "coordinates": [ 1301002.174574716249481, 461758.754353851021733 ] } },
{ "type": "Feature", "properties": { "fid": 798, "stop_id": 371, "stop_code": 504, "stop_name": "Lake Ave + Lake Park", "stop_lat": 42.26197, "stop_lon": -71.75397, "total_stops": 52, "total_weekday_stops": 21, "total_weekday_am_stops": 3, "high_freq": false }, "geometry": { "type": "Point", "coordinates": [ 1300937.150550951017067, 462317.395403914910275 ] } },
{ "type": "Feature", "properties": { "fid": 799, "stop_id": 372, "stop_code": 506, "stop_name": "Lake Ave + Anna St", "stop_lat": 42.266434, "stop_lon": -71.755256, "total_stops": 52, "total_weekday_stops": 21, "total_weekday_am_stops": 3, "high_freq": false }, "geometry": { "type": "Point", "coordinates": [ 1300612.587943279650062, 463949.269066720444243 ] } },
{ "type": "Feature", "properties": { "fid": 800, "stop_id": 373, "stop_code": 505, "stop_name": "Lake Ave + Othello Rd", "stop_lat": 42.264151, "stop_lon": -71.754542, "total_stops": 52, "total_weekday_stops": 21, "total_weekday_am_stops": 3, "high_freq": false }, "geometry": { "type": "Point", "coordinates": [ 1300793.813519250834361, 463114.466900378349237 ] } },
{ "type": "Feature", "properties": { "fid": 801, "stop_id": 374, "stop_code": 507, "stop_name": "Lake Ave + Lakeview St", "stop_lat": 42.268447, "stop_lon": -71.755694, "total_stops": 52, "total_weekday_stops": 21, "total_weekday_am_stops": 3, "high_freq": false }, "geometry": { "type": "Point", "coordinates": [ 1300504.657077351119369, 464684.593495767447166 ] } },
{ "type": "Feature", "properties": { "fid": 802, "stop_id": 376, "stop_code": 500, "stop_name": "Lake Ave + Belmont St", "stop_lat": 42.27499, "stop_lon": -71.75837, "total_stops": 86, "total_weekday_stops": 34, "total_weekday_am_stops": 5, "high_freq": false }, "geometry": { "type": "Point", "coordinates": [ 1299814.947958808625117, 467079.598978009889834 ] } },
{ "type": "Feature", "properties": { "fid": 803, "stop_id": 464, "stop_code": 581, "stop_name": "Main St at Gates Lane", "stop_lat": 42.242635, "stop_lon": -71.844318, "total_stops": 150, "total_weekday_stops": 53, "total_weekday_am_stops": 6, "high_freq": false }, "geometry": { "type": "Point", "coordinates": [ 1276370.38999209785834, 455637.849355708633084 ] } },
{ "type": "Feature", "properties": { "fid": 804, "stop_id": 465, "stop_code": 582, "stop_name": "Main St at Brookline", "stop_lat": 42.242333, "stop_lon": -71.845403, "total_stops": 150, "total_weekday_stops": 53, "total_weekday_am_stops": 6, "high_freq": false }, "geometry": { "type": "Point", "coordinates": [ 1276074.882969972444698, 455532.352371022338048 ] } },
{ "type": "Feature", "properties": { "fid": 805, "stop_id": 467, "stop_code": 584, "stop_name": "Main St at Sylvan", "stop_lat": 42.241757, "stop_lon": -71.848313, "total_stops": 150, "total_weekday_stops": 53, "total_weekday_am_stops": 6, "high_freq": false }, "geometry": { "type": "Point", "coordinates": [ 1275283.638238555053249, 455334.69026463321643 ] } },
{ "type": "Feature", "properties": { "fid": 806, "stop_id": 468, "stop_code": 585, "stop_name": "Main St at Eureka", "stop_lat": 42.241363, "stop_lon": -71.849921, "total_stops": 150, "total_weekday_stops": 53, "total_weekday_am_stops": 6, "high_freq": false }, "geometry": { "type": "Point", "coordinates": [ 1274845.978666389128193, 455197.885567184304819 ] } },
{ "type": "Feature", "properties": { "fid": 807, "stop_id": 469, "stop_code": 586, "stop_name": "Main St at Grandview", "stop_lat": 42.241021, "stop_lon": -71.852026, "total_stops": 49, "total_weekday_stops": 13, "total_weekday_am_stops": 2, "high_freq": false }, "geometry": { "type": "Point", "coordinates": [ 1274274.027595990337431, 455082.138384701975156 ] } },
{ "type": "Feature", "properties": { "fid": 808, "stop_id": 439, "stop_code": 8055, "stop_name": "Fallon Medical", "stop_lat": 42.256434, "stop_lon": -71.959018, "total_stops": 41, "total_weekday_stops": 13, "total_weekday_am_stops": 2, "high_freq": false }, "geometry": { "type": "Point", "coordinates": [ 1245396.687837562058121, 461168.802842241188046 ] } },
{ "type": "Feature", "properties": { "fid": 809, "stop_id": 471, "stop_code": 1210, "stop_name": "Goddard Dr at Lower Parsons Hill", "stop_lat": 42.243653, "stop_lon": -71.856096, "total_stops": 32, "total_weekday_stops": 20, "total_weekday_am_stops": 2, "high_freq": false }, "geometry": { "type": "Point", "coordinates": [ 1273186.928541279630736, 456058.523079087317456 ] } },
{ "type": "Feature", "properties": { "fid": 810, "stop_id": 472, "stop_code": 249, "stop_name": "Goddard Dr at Upper Parsons Hill", "stop_lat": 42.247618, "stop_lon": -71.861063, "total_stops": 32, "total_weekday_stops": 20, "total_weekday_am_stops": 2, "high_freq": false }, "geometry": { "type": "Point", "coordinates": [ 1271864.672883913852274, 457524.550493302929681 ] } },
{ "type": "Feature", "properties": { "fid": 811, "stop_id": 473, "stop_code": 248, "stop_name": "Goddard Dr at 135 G Drive", "stop_lat": 42.253988, "stop_lon": -71.86654, "total_stops": 32, "total_weekday_stops": 20, "total_weekday_am_stops": 2, "high_freq": false }, "geometry": { "type": "Point", "coordinates": [ 1270418.325483185471967, 459869.274387277837377 ] } },
{ "type": "Feature", "properties": { "fid": 812, "stop_id": 474, "stop_code": 1212, "stop_name": "Goddard Dr at 156", "stop_lat": 42.2576, "stop_lon": -71.866061, "total_stops": 32, "total_weekday_stops": 20, "total_weekday_am_stops": 2, "high_freq": false }, "geometry": { "type": "Point", "coordinates": [ 1270568.755963412579149, 461183.535434131219517 ] } },
{ "type": "Feature", "properties": { "fid": 813, "stop_id": 432, "stop_code": 625, "stop_name": "Main St at Ludlow", "stop_lat": 42.239726, "stop_lon": -71.856246, "total_stops": 49, "total_weekday_stops": 13, "total_weekday_am_stops": 2, "high_freq": false }, "geometry": { "type": "Point", "coordinates": [ 1273123.915354812750593, 454628.065317442116793 ] } },
{ "type": "Feature", "properties": { "fid": 814, "stop_id": 434, "stop_code": 8030, "stop_name": "SPENCER DPW", "stop_lat": 42.237864, "stop_lon": -72.009611, "total_stops": 38, "total_weekday_stops": 4, "total_weekday_am_stops": 1, "high_freq": false }, "geometry": { "type": "Point", "coordinates": [ 1231582.42773249745369, 454636.222174716356676 ] } },
{ "type": "Feature", "properties": { "fid": 815, "stop_id": 435, "stop_code": 8035, "stop_name": "MEADOW RD + MAIN ST", "stop_lat": 42.234505, "stop_lon": -72.012036, "total_stops": 19, "total_weekday_stops": 2, "total_weekday_am_stops": 1, "high_freq": false }, "geometry": { "type": "Point", "coordinates": [ 1230904.396108038257807, 453423.60952258890029 ] } },
{ "type": "Feature", "properties": { "fid": 816, "stop_id": 436, "stop_code": 8040, "stop_name": "Spencer Center", "stop_lat": 42.243872, "stop_lon": -71.994537, "total_stops": 41, "total_weekday_stops": 13, "total_weekday_am_stops": 2, "high_freq": false }, "geometry": { "type": "Point", "coordinates": [ 1235702.134158421773463, 456754.871150611201301 ] } },
{ "type": "Feature", "properties": { "fid": 817, "stop_id": 437, "stop_code": 8045, "stop_name": "Spencer Town Hall", "stop_lat": 42.244225, "stop_lon": -71.992161, "total_stops": 41, "total_weekday_stops": 13, "total_weekday_am_stops": 2, "high_freq": false }, "geometry": { "type": "Point", "coordinates": [ 1236347.696637829067186, 456872.423270982631948 ] } },
{ "type": "Feature", "properties": { "fid": 818, "stop_id": 438, "stop_code": 8050, "stop_name": "David Prouty High", "stop_lat": 42.250893, "stop_lon": -71.978175, "total_stops": 41, "total_weekday_stops": 13, "total_weekday_am_stops": 2, "high_freq": false }, "geometry": { "type": "Point", "coordinates": [ 1240176.107212481088936, 459237.452657090441789 ] } },
{ "type": "Feature", "properties": { "fid": 819, "stop_id": 606, "stop_code": 652, "stop_name": "MASSASOIT RD + HEYWOOD ST", "stop_lat": 42.24974, "stop_lon": -71.77958, "total_stops": 63, "total_weekday_stops": 21, "total_weekday_am_stops": 2, "high_freq": false }, "geometry": { "type": "Point", "coordinates": [ 1293938.604463012423366, 457961.73995239258511 ] } },
{ "type": "Feature", "properties": { "fid": 820, "stop_id": 619, "stop_code": 664, "stop_name": "MASSASOIT RD + MISCOE RD", "stop_lat": 42.235348, "stop_lon": -71.764646, "total_stops": 72, "total_weekday_stops": 21, "total_weekday_am_stops": 3, "high_freq": false }, "geometry": { "type": "Point", "coordinates": [ 1297905.529389504110441, 452657.508624147332739 ] } },
{ "type": "Feature", "properties": { "fid": 821, "stop_id": 635, "stop_code": 1153, "stop_name": "The Fairways", "stop_lat": 42.318095, "stop_lon": -71.778753, "total_stops": 114, "total_weekday_stops": 30, "total_weekday_am_stops": 3, "high_freq": false }, "geometry": { "type": "Point", "coordinates": [ 1294530.097560367779806, 482869.450007923762314 ] } },
{ "type": "Feature", "properties": { "fid": 822, "stop_id": 636, "stop_code": 751, "stop_name": "Mountain St. East + Mosque", "stop_lat": 42.31508, "stop_lon": -71.77286, "total_stops": 101, "total_weekday_stops": 32, "total_weekday_am_stops": 5, "high_freq": false }, "geometry": { "type": "Point", "coordinates": [ 1296107.826243677875027, 481747.194055674888659 ] } },
{ "type": "Feature", "properties": { "fid": 823, "stop_id": 637, "stop_code": 1155, "stop_name": "100 CENTURY DR", "stop_lat": 42.314047, "stop_lon": -71.769964, "total_stops": 28, "total_weekday_stops": 14, "total_weekday_am_stops": 2, "high_freq": false }, "geometry": { "type": "Point", "coordinates": [ 1296885.621740938629955, 481359.234064353280701 ] } },
{ "type": "Feature", "properties": { "fid": 824, "stop_id": 935, "stop_code": 5040, "stop_name": "326 West Boylston St", "stop_lat": 42.341451, "stop_lon": -71.78817, "total_stops": 103, "total_weekday_stops": 41, "total_weekday_am_stops": 4, "high_freq": false }, "geometry": { "type": "Point", "coordinates": [ 1292109.628873792942613, 491419.099941165477503 ] } },
{ "type": "Feature", "properties": { "fid": 825, "stop_id": 928, "stop_code": 145, "stop_name": "CHANDLER ST + FISKE ST", "stop_lat": 42.26474, "stop_lon": -71.83489, "total_stops": 111, "total_weekday_stops": 39, "total_weekday_am_stops": 4, "high_freq": false }, "geometry": { "type": "Point", "coordinates": [ 1279047.410342336399481, 463654.05392248701537 ] } },
{ "type": "Feature", "properties": { "fid": 826, "stop_id": 930, "stop_code": 147, "stop_name": "CHANDLER ST + PERROT ST", "stop_lat": 42.2662, "stop_lon": -71.83751, "total_stops": 111, "total_weekday_stops": 39, "total_weekday_am_stops": 4, "high_freq": false }, "geometry": { "type": "Point", "coordinates": [ 1278346.415863174712285, 464197.055456426693127 ] } },
{ "type": "Feature", "properties": { "fid": 827, "stop_id": 931, "stop_code": 149, "stop_name": "CHANDLER ST + HADWEN RD", "stop_lat": 42.266853, "stop_lon": -71.838618, "total_stops": 111, "total_weekday_stops": 39, "total_weekday_am_stops": 4, "high_freq": false }, "geometry": { "type": "Point", "coordinates": [ 1278050.174743826268241, 464439.658510242763441 ] } },
{ "type": "Feature", "properties": { "fid": 828, "stop_id": 934, "stop_code": 5035, "stop_name": "244 West Boylston St", "stop_lat": 42.345051, "stop_lon": -71.787073, "total_stops": 103, "total_weekday_stops": 41, "total_weekday_am_stops": 4, "high_freq": false }, "geometry": { "type": "Point", "coordinates": [ 1292425.709279153263196, 492726.696146595233586 ] } },
{ "type": "Feature", "properties": { "fid": 829, "stop_id": 937, "stop_code": 1105, "stop_name": "West Boylston St at Meola", "stop_lat": 42.335571, "stop_lon": -71.789005, "total_stops": 103, "total_weekday_stops": 41, "total_weekday_am_stops": 4, "high_freq": false }, "geometry": { "type": "Point", "coordinates": [ 1291851.996735251042992, 489279.52397644467419 ] } },
{ "type": "Feature", "properties": { "fid": 830, "stop_id": 938, "stop_code": 1106, "stop_name": "West Boylston St at Wilbur", "stop_lat": 42.33453, "stop_lon": -71.789408, "total_stops": 103, "total_weekday_stops": 41, "total_weekday_am_stops": 4, "high_freq": false }, "geometry": { "type": "Point", "coordinates": [ 1291737.383291620062664, 488901.759094852837734 ] } },
{ "type": "Feature", "properties": { "fid": 831, "stop_id": 939, "stop_code": 1107, "stop_name": "West Boylston St at Kennebec", "stop_lat": 42.333408, "stop_lon": -71.789863, "total_stops": 103, "total_weekday_stops": 41, "total_weekday_am_stops": 4, "high_freq": false }, "geometry": { "type": "Point", "coordinates": [ 1291608.266027854755521, 488494.684314884536434 ] } },
{ "type": "Feature", "properties": { "fid": 832, "stop_id": 940, "stop_code": 1108, "stop_name": "West Boylston St at Apthrop", "stop_lat": 42.33148, "stop_lon": -71.790722, "total_stops": 103, "total_weekday_stops": 41, "total_weekday_am_stops": 4, "high_freq": false }, "geometry": { "type": "Point", "coordinates": [ 1291365.524912545224652, 487795.496116215712391 ] } },
{ "type": "Feature", "properties": { "fid": 833, "stop_id": 990, "stop_code": 1082, "stop_name": "WEST BOYLSTON ST + BARBER AVE", "stop_lat": 42.300983, "stop_lon": -71.800022, "total_stops": 150, "total_weekday_stops": 59, "total_weekday_am_stops": 8, "high_freq": false }, "geometry": { "type": "Point", "coordinates": [ 1288683.97791567677632, 476718.762619831075426 ] } },
{ "type": "Feature", "properties": { "fid": 834, "stop_id": 991, "stop_code": 1083, "stop_name": "WEST BOYLSTON ST + BOURNE ST", "stop_lat": 42.30192, "stop_lon": -71.80017, "total_stops": 150, "total_weekday_stops": 59, "total_weekday_am_stops": 8, "high_freq": false }, "geometry": { "type": "Point", "coordinates": [ 1288649.061318805674091, 477060.841158256924246 ] } },
{ "type": "Feature", "properties": { "fid": 835, "stop_id": 992, "stop_code": 1084, "stop_name": "WEST BOYLSTON ST + NEW BOND ST", "stop_lat": 42.30512, "stop_lon": -71.80049, "total_stops": 150, "total_weekday_stops": 59, "total_weekday_am_stops": 8, "high_freq": false }, "geometry": { "type": "Point", "coordinates": [ 1288579.990811820374802, 478228.340912080835551 ] } },
{ "type": "Feature", "properties": { "fid": 836, "stop_id": 993, "stop_code": 1085, "stop_name": "WEST BOYLSTON ST + AIRLIE ST", "stop_lat": 42.30791, "stop_lon": -71.79905, "total_stops": 150, "total_weekday_stops": 59, "total_weekday_am_stops": 8, "high_freq": false }, "geometry": { "type": "Point", "coordinates": [ 1288984.783041205024347, 479239.281296242494136 ] } },
{ "type": "Feature", "properties": { "fid": 837, "stop_id": 994, "stop_code": 1086, "stop_name": "WEST BOYLSTON ST + FAIRHAVEN RD", "stop_lat": 42.30961, "stop_lon": -71.79844, "total_stops": 150, "total_weekday_stops": 59, "total_weekday_am_stops": 8, "high_freq": false }, "geometry": { "type": "Point", "coordinates": [ 1289159.076512540923432, 479856.354247884650249 ] } },
{ "type": "Feature", "properties": { "fid": 838, "stop_id": 1299, "stop_code": 561, "stop_name": "LOVELL ST + LAKESIDE AVE", "stop_lat": 42.250527, "stop_lon": -71.832163, "total_stops": 74, "total_weekday_stops": 25, "total_weekday_am_stops": 2, "high_freq": false }, "geometry": { "type": "Point", "coordinates": [ 1279705.959319608286023, 458463.076957245182712 ] } },
{ "type": "Feature", "properties": { "fid": 839, "stop_id": 1301, "stop_code": 187, "stop_name": "Coes St at 51 Coes", "stop_lat": 42.249731, "stop_lon": -71.835655, "total_stops": 82, "total_weekday_stops": 29, "total_weekday_am_stops": 4, "high_freq": false }, "geometry": { "type": "Point", "coordinates": [ 1278756.031919340370223, 458187.545911090506706 ] } },
{ "type": "Feature", "properties": { "fid": 840, "stop_id": 1302, "stop_code": 186, "stop_name": "Coes St at Buffum", "stop_lat": 42.249446, "stop_lon": -71.837816, "total_stops": 82, "total_weekday_stops": 29, "total_weekday_am_stops": 4, "high_freq": false }, "geometry": { "type": "Point", "coordinates": [ 1278169.332419678103179, 458092.709355237428099 ] } },
{ "type": "Feature", "properties": { "fid": 841, "stop_id": 1303, "stop_code": 718, "stop_name": "Mill St at Gates", "stop_lat": 42.249271, "stop_lon": -71.839406, "total_stops": 82, "total_weekday_stops": 29, "total_weekday_am_stops": 4, "high_freq": false }, "geometry": { "type": "Point", "coordinates": [ 1277737.848501166095957, 458035.584415470599197 ] } },
{ "type": "Feature", "properties": { "fid": 842, "stop_id": 1426, "stop_code": 3070, "stop_name": "Rt 169 and Rt 20  outbound", "stop_lat": 42.14374, "stop_lon": -71.99488, "total_stops": 20, "total_weekday_stops": 7, "total_weekday_am_stops": 1, "high_freq": false }, "geometry": { "type": "Point", "coordinates": [ 1234979.827200389001518, 420267.667258576664608 ] } },
{ "type": "Feature", "properties": { "fid": 843, "stop_id": 1428, "stop_code": 3072, "stop_name": "Rt 169 Entering Southbridge", "stop_lat": 42.101635, "stop_lon": -72.017783, "total_stops": 20, "total_weekday_stops": 7, "total_weekday_am_stops": 1, "high_freq": false }, "geometry": { "type": "Point", "coordinates": [ 1228500.054726246511564, 405032.791756810271181 ] } },
{ "type": "Feature", "properties": { "fid": 844, "stop_id": 1427, "stop_code": 3071, "stop_name": "Rt 169 and Berry Corner Rd Outbound", "stop_lat": 42.126303, "stop_lon": -72.005942, "total_stops": 20, "total_weekday_stops": 7, "total_weekday_am_stops": 1, "high_freq": false }, "geometry": { "type": "Point", "coordinates": [ 1231869.507903097197413, 413965.610861105727963 ] } },
{ "type": "Feature", "properties": { "fid": 845, "stop_id": 1429, "stop_code": 3073, "stop_name": "Rt 169 and Vinton St (Out)", "stop_lat": 42.090603, "stop_lon": -72.022805, "total_stops": 20, "total_weekday_stops": 7, "total_weekday_am_stops": 1, "high_freq": false }, "geometry": { "type": "Point", "coordinates": [ 1227066.616013016551733, 401036.744418540445622 ] } },
{ "type": "Feature", "properties": { "fid": 846, "stop_id": 1430, "stop_code": 3074, "stop_name": "Rt 169 and Randolph St", "stop_lat": 42.08144, "stop_lon": -72.027908, "total_stops": 20, "total_weekday_stops": 7, "total_weekday_am_stops": 1, "high_freq": false }, "geometry": { "type": "Point", "coordinates": [ 1225622.732607669895515, 397722.230132335796952 ] } },
{ "type": "Feature", "properties": { "fid": 847, "stop_id": 1431, "stop_code": 3075, "stop_name": "Rt 169 and Charlton St", "stop_lat": 42.078818, "stop_lon": -72.027335, "total_stops": 20, "total_weekday_stops": 7, "total_weekday_am_stops": 1, "high_freq": false }, "geometry": { "type": "Point", "coordinates": [ 1225761.434588417643681, 396764.063354580837768 ] } },
{ "type": "Feature", "properties": { "fid": 848, "stop_id": 74, "stop_code": 904, "stop_name": "Providence St + Millbury St", "stop_lat": 42.23797, "stop_lon": -71.79208, "total_stops": 166, "total_weekday_stops": 57, "total_weekday_am_stops": 7, "high_freq": false }, "geometry": { "type": "Point", "coordinates": [ 1290490.217043211916462, 453722.631914292753208 ] } },
{ "type": "Feature", "properties": { "fid": 849, "stop_id": 75, "stop_code": 905, "stop_name": "Providence St + Doane St", "stop_lat": 42.2401, "stop_lon": -71.79161, "total_stops": 166, "total_weekday_stops": 57, "total_weekday_am_stops": 7, "high_freq": false }, "geometry": { "type": "Point", "coordinates": [ 1290629.06394651485607, 454496.965854989713989 ] } },
{ "type": "Feature", "properties": { "fid": 850, "stop_id": 58, "stop_code": 1043, "stop_name": "Upland St at 65 Upland", "stop_lat": 42.224131, "stop_lon": -71.802758, "total_stops": 103, "total_weekday_stops": 36, "total_weekday_am_stops": 4, "high_freq": false }, "geometry": { "type": "Point", "coordinates": [ 1287522.75956879160367, 448722.633668644586578 ] } },
{ "type": "Feature", "properties": { "fid": 851, "stop_id": 59, "stop_code": 1044, "stop_name": "Upland St at Harwich", "stop_lat": 42.223646, "stop_lon": -71.800826, "total_stops": 103, "total_weekday_stops": 36, "total_weekday_am_stops": 4, "high_freq": false }, "geometry": { "type": "Point", "coordinates": [ 1288043.411552658770233, 448538.026768652256578 ] } },
{ "type": "Feature", "properties": { "fid": 852, "stop_id": 60, "stop_code": 1046, "stop_name": "Upland St at Mallard", "stop_lat": 42.223311, "stop_lon": -71.799616, "total_stops": 103, "total_weekday_stops": 36, "total_weekday_am_stops": 4, "high_freq": false }, "geometry": { "type": "Point", "coordinates": [ 1288369.326097158249468, 448411.027142437116709 ] } },
{ "type": "Feature", "properties": { "fid": 853, "stop_id": 61, "stop_code": 1045, "stop_name": "Upland St at Emmanuel", "stop_lat": 42.223544, "stop_lon": -71.797239, "total_stops": 103, "total_weekday_stops": 36, "total_weekday_am_stops": 4, "high_freq": false }, "geometry": { "type": "Point", "coordinates": [ 1289014.444219798315316, 448486.291582304169424 ] } },
{ "type": "Feature", "properties": { "fid": 854, "stop_id": 63, "stop_code": 362, "stop_name": "Greenwood St at 187 Greenwood", "stop_lat": 42.224454, "stop_lon": -71.795171, "total_stops": 103, "total_weekday_stops": 36, "total_weekday_am_stops": 4, "high_freq": false }, "geometry": { "type": "Point", "coordinates": [ 1289579.548296133521944, 448809.540350999333896 ] } },
{ "type": "Feature", "properties": { "fid": 855, "stop_id": 64, "stop_code": 363, "stop_name": "Greenwood St at Forsberg", "stop_lat": 42.226046, "stop_lon": -71.793634, "total_stops": 103, "total_weekday_stops": 36, "total_weekday_am_stops": 4, "high_freq": false }, "geometry": { "type": "Point", "coordinates": [ 1290004.521702107274905, 449383.487589049327653 ] } },
{ "type": "Feature", "properties": { "fid": 856, "stop_id": 65, "stop_code": 364, "stop_name": "Greenwood St at 127 Greenwood", "stop_lat": 42.22713, "stop_lon": -71.79297, "total_stops": 103, "total_weekday_stops": 36, "total_weekday_am_stops": 4, "high_freq": false }, "geometry": { "type": "Point", "coordinates": [ 1290190.262716739904135, 449775.841147534083575 ] } },
{ "type": "Feature", "properties": { "fid": 857, "stop_id": 66, "stop_code": 365, "stop_name": "Greenwood St at Tatman", "stop_lat": 42.228625, "stop_lon": -71.792906, "total_stops": 103, "total_weekday_stops": 36, "total_weekday_am_stops": 4, "high_freq": false }, "geometry": { "type": "Point", "coordinates": [ 1290215.725214467616752, 450320.399345980316866 ] } },
{ "type": "Feature", "properties": { "fid": 858, "stop_id": 67, "stop_code": 366, "stop_name": "Greenwood St at Kosta", "stop_lat": 42.230063, "stop_lon": -71.793098, "total_stops": 103, "total_weekday_stops": 36, "total_weekday_am_stops": 4, "high_freq": false }, "geometry": { "type": "Point", "coordinates": [ 1290171.542683258885518, 450845.220072298601735 ] } },
{ "type": "Feature", "properties": { "fid": 859, "stop_id": 68, "stop_code": 367, "stop_name": "Greenwood St at Ekman", "stop_lat": 42.231263, "stop_lon": -71.793526, "total_stops": 103, "total_weekday_stops": 36, "total_weekday_am_stops": 4, "high_freq": false }, "geometry": { "type": "Point", "coordinates": [ 1290062.151716966880485, 451284.261639615695458 ] } },
{ "type": "Feature", "properties": { "fid": 860, "stop_id": 69, "stop_code": 42, "stop_name": "Blackstone River Rd at Whipple", "stop_lat": 42.232423, "stop_lon": -71.794376, "total_stops": 93, "total_weekday_stops": 31, "total_weekday_am_stops": 3, "high_freq": false }, "geometry": { "type": "Point", "coordinates": [ 1289838.258310248842463, 451710.43361795792589 ] } },
{ "type": "Feature", "properties": { "fid": 861, "stop_id": 70, "stop_code": 43, "stop_name": "Blackstone River Rd at Falmouth", "stop_lat": 42.233916, "stop_lon": -71.795521, "total_stops": 93, "total_weekday_stops": 31, "total_weekday_am_stops": 3, "high_freq": false }, "geometry": { "type": "Point", "coordinates": [ 1289536.294779146788642, 452259.156236586510204 ] } },
{ "type": "Feature", "properties": { "fid": 862, "stop_id": 1826, "stop_code": 844, "stop_name": "Pleasant St + Mower St IB", "stop_lat": 42.279176, "stop_lon": -71.866224, "total_stops": 40, "total_weekday_stops": 16, "total_weekday_am_stops": 2, "high_freq": false }, "geometry": { "type": "Point", "coordinates": [ 1270648.588711698306724, 469047.123566791124176 ] } },
{ "type": "Feature", "properties": { "fid": 863, "stop_id": 1828, "stop_code": 3351, "stop_name": "Elm St + West St", "stop_lat": 42.26553, "stop_lon": -71.80887, "total_stops": 46, "total_weekday_stops": 18, "total_weekday_am_stops": 3, "high_freq": false }, "geometry": { "type": "Point", "coordinates": [ 1286095.115025232778862, 463834.519304503162857 ] } },
{ "type": "Feature", "properties": { "fid": 864, "stop_id": 1829, "stop_code": 3352, "stop_name": "81 Elm St", "stop_lat": 42.26572, "stop_lon": -71.81094, "total_stops": 46, "total_weekday_stops": 18, "total_weekday_am_stops": 3, "high_freq": false }, "geometry": { "type": "Point", "coordinates": [ 1285535.839643294923007, 463912.230550585081801 ] } },
{ "type": "Feature", "properties": { "fid": 865, "stop_id": 1830, "stop_code": 9051, "stop_name": "Elm St + Chestnut St", "stop_lat": 42.26515, "stop_lon": -71.80449, "total_stops": 46, "total_weekday_stops": 18, "total_weekday_am_stops": 3, "high_freq": false }, "geometry": { "type": "Point", "coordinates": [ 1287278.641725284047425, 463678.158834656118415 ] } },
{ "type": "Feature", "properties": { "fid": 866, "stop_id": 1831, "stop_code": 9052, "stop_name": "Lincoln St + Oriol Dr", "stop_lat": 42.29664, "stop_lon": -71.76903, "total_stops": 44, "total_weekday_stops": 17, "total_weekday_am_stops": 3, "high_freq": false }, "geometry": { "type": "Point", "coordinates": [ 1297045.359687713440508, 475011.726021756068803 ] } },
{ "type": "Feature", "properties": { "fid": 867, "stop_id": 1832, "stop_code": 9053, "stop_name": "Elm St Opp Hudson St", "stop_lat": 42.266436, "stop_lon": -71.817559, "total_stops": 46, "total_weekday_stops": 18, "total_weekday_am_stops": 3, "high_freq": false }, "geometry": { "type": "Point", "coordinates": [ 1283748.13381642405875, 464200.334097022598144 ] } },
{ "type": "Feature", "properties": { "fid": 868, "stop_id": 1835, "stop_code": 9056, "stop_name": "Tacoma St + Freedonway", "stop_lat": 42.30668, "stop_lon": -71.77343, "total_stops": 44, "total_weekday_stops": 17, "total_weekday_am_stops": 3, "high_freq": false }, "geometry": { "type": "Point", "coordinates": [ 1295908.668766404036433, 478688.157461890310515 ] } },
{ "type": "Feature", "properties": { "fid": 869, "stop_id": 1836, "stop_code": 9057, "stop_name": "69 Tacoma St", "stop_lat": 42.30421, "stop_lon": -71.76758, "total_stops": 46, "total_weekday_stops": 18, "total_weekday_am_stops": 3, "high_freq": false }, "geometry": { "type": "Point", "coordinates": [ 1297478.021733140572906, 477764.789889901643619 ] } },
{ "type": "Feature", "properties": { "fid": 870, "stop_id": 1839, "stop_code": 9060, "stop_name": "Holcombe St + Woodford St", "stop_lat": 42.24615, "stop_lon": -71.79096, "total_stops": 63, "total_weekday_stops": 21, "total_weekday_am_stops": 3, "high_freq": false }, "geometry": { "type": "Point", "coordinates": [ 1290837.924579761456698, 456699.135609122633468 ] } },
{ "type": "Feature", "properties": { "fid": 871, "stop_id": 1840, "stop_code": 9061, "stop_name": "Granite St + Holcombe St", "stop_lat": 42.2468, "stop_lon": -71.78893, "total_stops": 63, "total_weekday_stops": 21, "total_weekday_am_stops": 2, "high_freq": false }, "geometry": { "type": "Point", "coordinates": [ 1291391.110351039795205, 456927.832933590805624 ] } },
{ "type": "Feature", "properties": { "fid": 872, "stop_id": 1844, "stop_code": 9066, "stop_name": "Auburn St + McDonalds", "stop_lat": 42.208443, "stop_lon": -71.835481, "total_stops": 71, "total_weekday_stops": 27, "total_weekday_am_stops": 3, "high_freq": false }, "geometry": { "type": "Point", "coordinates": [ 1278571.273795753484592, 443140.504535661544651 ] } },
{ "type": "Feature", "properties": { "fid": 873, "stop_id": 25, "stop_code": 246, "stop_name": "Front St + City Hall", "stop_lat": 42.26318, "stop_lon": -71.80176, "total_stops": 330, "total_weekday_stops": 116, "total_weekday_am_stops": 15, "high_freq": true }, "geometry": { "type": "Point", "coordinates": [ 1288006.839271434349939, 462949.117336524126586 ] } },
{ "type": "Feature", "properties": { "fid": 874, "stop_id": 28, "stop_code": 272, "stop_name": "Grafton St +Temple St", "stop_lat": 42.25974, "stop_lon": -71.79381, "total_stops": 219, "total_weekday_stops": 79, "total_weekday_am_stops": 11, "high_freq": true }, "geometry": { "type": "Point", "coordinates": [ 1290140.170592952985317, 461663.246192697260994 ] } },
{ "type": "Feature", "properties": { "fid": 875, "stop_id": 76, "stop_code": 896, "stop_name": "Providence St + Astrid Ave", "stop_lat": 42.240592, "stop_lon": -71.791413, "total_stops": 166, "total_weekday_stops": 57, "total_weekday_am_stops": 7, "high_freq": false }, "geometry": { "type": "Point", "coordinates": [ 1290685.082455883268267, 454675.469427593459841 ] } },
{ "type": "Feature", "properties": { "fid": 876, "stop_id": 77, "stop_code": 1051, "stop_name": "Upsala St at Providence", "stop_lat": 42.241415, "stop_lon": -71.791829, "total_stops": 103, "total_weekday_stops": 36, "total_weekday_am_stops": 4, "high_freq": false }, "geometry": { "type": "Point", "coordinates": [ 1290576.903383220313117, 454977.072717778093647 ] } },
{ "type": "Feature", "properties": { "fid": 877, "stop_id": 78, "stop_code": 1052, "stop_name": "Upsala St at Esther", "stop_lat": 42.241785, "stop_lon": -71.793463, "total_stops": 103, "total_weekday_stops": 36, "total_weekday_am_stops": 4, "high_freq": false }, "geometry": { "type": "Point", "coordinates": [ 1290136.44576410530135, 455118.5110013607773 ] } },
{ "type": "Feature", "properties": { "fid": 878, "stop_id": 79, "stop_code": 1053, "stop_name": "Upsala St at Stockton", "stop_lat": 42.242101, "stop_lon": -71.794872, "total_stops": 103, "total_weekday_stops": 36, "total_weekday_am_stops": 4, "high_freq": false }, "geometry": { "type": "Point", "coordinates": [ 1289756.626241123303771, 455239.368025144096464 ] } },
{ "type": "Feature", "properties": { "fid": 879, "stop_id": 80, "stop_code": 1054, "stop_name": "Upsala St at Vernon", "stop_lat": 42.242635, "stop_lon": -71.797135, "total_stops": 103, "total_weekday_stops": 36, "total_weekday_am_stops": 4, "high_freq": false }, "geometry": { "type": "Point", "coordinates": [ 1289146.749153822194785, 455443.136694129381794 ] } },
{ "type": "Feature", "properties": { "fid": 880, "stop_id": 81, "stop_code": 1068, "stop_name": "Vernon St at Ames", "stop_lat": 42.243428, "stop_lon": -71.796838, "total_stops": 103, "total_weekday_stops": 36, "total_weekday_am_stops": 4, "high_freq": false }, "geometry": { "type": "Point", "coordinates": [ 1289231.496647662483156, 455730.924577351193875 ] } },
{ "type": "Feature", "properties": { "fid": 881, "stop_id": 82, "stop_code": 1069, "stop_name": "Vernon St at Windham", "stop_lat": 42.244718, "stop_lon": -71.796086, "total_stops": 103, "total_weekday_stops": 36, "total_weekday_am_stops": 4, "high_freq": false }, "geometry": { "type": "Point", "coordinates": [ 1289442.154759806580842, 456197.990857203607447 ] } },
{ "type": "Feature", "properties": { "fid": 882, "stop_id": 84, "stop_code": 1071, "stop_name": "Vernon St at Syme", "stop_lat": 42.246283, "stop_lon": -71.794886, "total_stops": 103, "total_weekday_stops": 36, "total_weekday_am_stops": 4, "high_freq": false }, "geometry": { "type": "Point", "coordinates": [ 1289775.607204196508974, 456763.464360190089792 ] } },
{ "type": "Feature", "properties": { "fid": 883, "stop_id": 87, "stop_code": 1075, "stop_name": "Vernon St at Suffield", "stop_lat": 42.249763, "stop_lon": -71.794735, "total_stops": 103, "total_weekday_stops": 36, "total_weekday_am_stops": 4, "high_freq": false }, "geometry": { "type": "Point", "coordinates": [ 1289835.440563524374738, 458031.066578749625478 ] } },
{ "type": "Feature", "properties": { "fid": 884, "stop_id": 72, "stop_code": 1145, "stop_name": "Route 146 + Walmart", "stop_lat": 42.234002, "stop_lon": -71.790407, "total_stops": 367, "total_weekday_stops": 122, "total_weekday_am_stops": 13, "high_freq": true }, "geometry": { "type": "Point", "coordinates": [ 1290921.740434443345293, 452269.833535925310571 ] } },
{ "type": "Feature", "properties": { "fid": 885, "stop_id": 89, "stop_code": 1263, "stop_name": "Vernon St at Dorchester St", "stop_lat": 42.251456, "stop_lon": -71.79537, "total_stops": 103, "total_weekday_stops": 36, "total_weekday_am_stops": 4, "high_freq": false }, "geometry": { "type": "Point", "coordinates": [ 1289672.733809822238982, 458650.614863984344993 ] } },
{ "type": "Feature", "properties": { "fid": 886, "stop_id": 90, "stop_code": 1077, "stop_name": "Vernon St at Pattison", "stop_lat": 42.25245, "stop_lon": -71.796055, "total_stops": 103, "total_weekday_stops": 36, "total_weekday_am_stops": 4, "high_freq": false }, "geometry": { "type": "Point", "coordinates": [ 1289492.689449734985828, 459015.630796368350275 ] } },
{ "type": "Feature", "properties": { "fid": 887, "stop_id": 91, "stop_code": 1078, "stop_name": "Vernon St at Jefferson", "stop_lat": 42.253546, "stop_lon": -71.796848, "total_stops": 103, "total_weekday_stops": 36, "total_weekday_am_stops": 4, "high_freq": false }, "geometry": { "type": "Point", "coordinates": [ 1289283.967309047235176, 459418.257647142745554 ] } },
{ "type": "Feature", "properties": { "fid": 888, "stop_id": 93, "stop_code": 335, "stop_name": "Green St at Harrison", "stop_lat": 42.256996, "stop_lon": -71.79793, "total_stops": 145, "total_weekday_stops": 48, "total_weekday_am_stops": 6, "high_freq": false }, "geometry": { "type": "Point", "coordinates": [ 1289009.858750591054559, 460679.926703191245906 ] } },
{ "type": "Feature", "properties": { "fid": 889, "stop_id": 94, "stop_code": 336, "stop_name": "Green St at Goddard", "stop_lat": 42.258156, "stop_lon": -71.798056, "total_stops": 145, "total_weekday_stops": 48, "total_weekday_am_stops": 5, "high_freq": false }, "geometry": { "type": "Point", "coordinates": [ 1288982.079525290522724, 461103.176847079594154 ] } },
{ "type": "Feature", "properties": { "fid": 890, "stop_id": 96, "stop_code": 239, "stop_name": "FOSTER ST + WALDO ST", "stop_lat": 42.264797, "stop_lon": -71.800535, "total_stops": 186, "total_weekday_stops": 71, "total_weekday_am_stops": 9, "high_freq": true }, "geometry": { "type": "Point", "coordinates": [ 1288347.287315857596695, 463533.423926755378488 ] } },
{ "type": "Feature", "properties": { "fid": 891, "stop_id": 99, "stop_code": 330, "stop_name": "Green St at Temple", "stop_lat": 42.259301, "stop_lon": -71.798248, "total_stops": 148, "total_weekday_stops": 49, "total_weekday_am_stops": 5, "high_freq": false }, "geometry": { "type": "Point", "coordinates": [ 1288936.352516201557592, 461521.228433780837804 ] } },
{ "type": "Feature", "properties": { "fid": 892, "stop_id": 102, "stop_code": 1056, "stop_name": "Vernon St at Pattison", "stop_lat": 42.252507, "stop_lon": -71.796218, "total_stops": 103, "total_weekday_stops": 36, "total_weekday_am_stops": 4, "high_freq": false }, "geometry": { "type": "Point", "coordinates": [ 1289448.869040242861956, 459037.063325026538223 ] } },
{ "type": "Feature", "properties": { "fid": 893, "stop_id": 180, "stop_code": 101, "stop_name": "BURNCOAT ST + FAIRHAVEN", "stop_lat": 42.29205, "stop_lon": -71.790688, "total_stops": 38, "total_weekday_stops": 23, "total_weekday_am_stops": 3, "high_freq": false }, "geometry": { "type": "Point", "coordinates": [ 1291160.702778048580512, 473425.500131602282636 ] } },
{ "type": "Feature", "properties": { "fid": 894, "stop_id": 183, "stop_code": 547, "stop_name": "Lincoln St at Norton", "stop_lat": 42.285678, "stop_lon": -71.791118, "total_stops": 238, "total_weekday_stops": 94, "total_weekday_am_stops": 11, "high_freq": true }, "geometry": { "type": "Point", "coordinates": [ 1291009.758015700615942, 471105.047628707834519 ] } },
{ "type": "Feature", "properties": { "fid": 895, "stop_id": 186, "stop_code": 549, "stop_name": "Lincoln St and Perkins St", "stop_lat": 42.278915, "stop_lon": -71.793868, "total_stops": 238, "total_weekday_stops": 94, "total_weekday_am_stops": 11, "high_freq": true }, "geometry": { "type": "Point", "coordinates": [ 1290228.800742062740028, 468651.474610972334631 ] } },
{ "type": "Feature", "properties": { "fid": 896, "stop_id": 187, "stop_code": 555, "stop_name": "Lincoln St at Frederick", "stop_lat": 42.277675, "stop_lon": -71.794615, "total_stops": 238, "total_weekday_stops": 94, "total_weekday_am_stops": 11, "high_freq": true }, "geometry": { "type": "Point", "coordinates": [ 1290019.888005470857024, 468202.595676910714246 ] } },
{ "type": "Feature", "properties": { "fid": 897, "stop_id": 188, "stop_code": 550, "stop_name": "Lincoln St at Crescent", "stop_lat": 42.275918, "stop_lon": -71.795783, "total_stops": 238, "total_weekday_stops": 94, "total_weekday_am_stops": 11, "high_freq": true }, "geometry": { "type": "Point", "coordinates": [ 1289694.209979632403702, 467567.010097578284331 ] } },
{ "type": "Feature", "properties": { "fid": 898, "stop_id": 189, "stop_code": 1266, "stop_name": "SUMMER ST + KENDALL ST", "stop_lat": 42.273705, "stop_lon": -71.796864, "total_stops": 38, "total_weekday_stops": 23, "total_weekday_am_stops": 3, "high_freq": false }, "geometry": { "type": "Point", "coordinates": [ 1289389.57460873411037, 466764.895665262592956 ] } },
{ "type": "Feature", "properties": { "fid": 899, "stop_id": 164, "stop_code": 84, "stop_name": "BURNCOAT ST + ASSUMPTION AVE", "stop_lat": 42.313938, "stop_lon": -71.789633, "total_stops": 38, "total_weekday_stops": 23, "total_weekday_am_stops": 3, "high_freq": false }, "geometry": { "type": "Point", "coordinates": [ 1291564.866229297360405, 481398.076834755018353 ] } },
{ "type": "Feature", "properties": { "fid": 900, "stop_id": 166, "stop_code": 86, "stop_name": "BURNCOAT ST + FALES ST", "stop_lat": 42.311736, "stop_lon": -71.789156, "total_stops": 38, "total_weekday_stops": 23, "total_weekday_am_stops": 3, "high_freq": false }, "geometry": { "type": "Point", "coordinates": [ 1291681.949736446142197, 480593.660292233224027 ] } },
{ "type": "Feature", "properties": { "fid": 901, "stop_id": 167, "stop_code": 87, "stop_name": "BURNCOAT ST + FAIRHAVEN RD", "stop_lat": 42.309098, "stop_lon": -71.789108, "total_stops": 38, "total_weekday_stops": 23, "total_weekday_am_stops": 3, "high_freq": false }, "geometry": { "type": "Point", "coordinates": [ 1291680.632586131570861, 479632.075465217989404 ] } },
{ "type": "Feature", "properties": { "fid": 902, "stop_id": 169, "stop_code": 89, "stop_name": "BURNCOAT ST + DOROTHY AVE", "stop_lat": 42.306428, "stop_lon": -71.789203, "total_stops": 38, "total_weekday_stops": 23, "total_weekday_am_stops": 3, "high_freq": false }, "geometry": { "type": "Point", "coordinates": [ 1291640.459211932029575, 478659.405183934606612 ] } },
{ "type": "Feature", "properties": { "fid": 903, "stop_id": 170, "stop_code": 90, "stop_name": "BURNCOAT ST + DEVENS RD", "stop_lat": 42.305713, "stop_lon": -71.78933, "total_stops": 38, "total_weekday_stops": 23, "total_weekday_am_stops": 3, "high_freq": false }, "geometry": { "type": "Point", "coordinates": [ 1291602.226889819139615, 478399.34249975316925 ] } },
{ "type": "Feature", "properties": { "fid": 904, "stop_id": 172, "stop_code": 93, "stop_name": "BURNCOAT ST + MONTEREY RD", "stop_lat": 42.30305, "stop_lon": -71.789608, "total_stops": 38, "total_weekday_stops": 23, "total_weekday_am_stops": 3, "high_freq": false }, "geometry": { "type": "Point", "coordinates": [ 1291512.580563442083076, 477429.961575275054201 ] } },
{ "type": "Feature", "properties": { "fid": 905, "stop_id": 173, "stop_code": 94, "stop_name": "BURNCOAT ST + THORNDYKE RD", "stop_lat": 42.30224, "stop_lon": -71.789576, "total_stops": 38, "total_weekday_stops": 23, "total_weekday_am_stops": 3, "high_freq": false }, "geometry": { "type": "Point", "coordinates": [ 1291516.844870440894738, 477134.637742413266096 ] } },
{ "type": "Feature", "properties": { "fid": 906, "stop_id": 175, "stop_code": 96, "stop_name": "BURNCOAT ST + REXAME RD", "stop_lat": 42.299911, "stop_lon": -71.789498, "total_stops": 38, "total_weekday_stops": 23, "total_weekday_am_stops": 3, "high_freq": false }, "geometry": { "type": "Point", "coordinates": [ 1291525.317008660174906, 476285.547578366240487 ] } },
{ "type": "Feature", "properties": { "fid": 907, "stop_id": 176, "stop_code": 97, "stop_name": "BURNCOAT ST + BURNCOAT HIGH SCHOOL", "stop_lat": 42.299061, "stop_lon": -71.789608, "total_stops": 38, "total_weekday_stops": 23, "total_weekday_am_stops": 3, "high_freq": false }, "geometry": { "type": "Point", "coordinates": [ 1291490.947498429566622, 475976.21831900626421 ] } },
{ "type": "Feature", "properties": { "fid": 908, "stop_id": 229, "stop_code": 69, "stop_name": "Burncoat St at Ascadilla", "stop_lat": 42.313824, "stop_lon": -71.789407, "total_stops": 40, "total_weekday_stops": 24, "total_weekday_am_stops": 3, "high_freq": false }, "geometry": { "type": "Point", "coordinates": [ 1291625.377633034950122, 481355.621052326809149 ] } },
{ "type": "Feature", "properties": { "fid": 909, "stop_id": 236, "stop_code": 750, "stop_name": "Mountain St. East + Burncoat St", "stop_lat": 42.32375, "stop_lon": -71.79205, "total_stops": 44, "total_weekday_stops": 17, "total_weekday_am_stops": 3, "high_freq": false }, "geometry": { "type": "Point", "coordinates": [ 1290964.418168641626835, 484983.708219959924463 ] } },
{ "type": "Feature", "properties": { "fid": 910, "stop_id": 237, "stop_code": 753, "stop_name": "MOUNTAIN ST WEST + MALDEN ST", "stop_lat": 42.323817, "stop_lon": -71.79458, "total_stops": 40, "total_weekday_stops": 24, "total_weekday_am_stops": 3, "high_freq": false }, "geometry": { "type": "Point", "coordinates": [ 1290280.561341798864305, 485018.336933146230876 ] } },
{ "type": "Feature", "properties": { "fid": 911, "stop_id": 248, "stop_code": 4575, "stop_name": "JULIO DR + SHREWSBURY COMMONS", "stop_lat": 42.292466, "stop_lon": -71.704074, "total_stops": 34, "total_weekday_stops": 13, "total_weekday_am_stops": 1, "high_freq": false }, "geometry": { "type": "Point", "coordinates": [ 1314598.71298899082467, 473239.780671932559926 ] } },
{ "type": "Feature", "properties": { "fid": 912, "stop_id": 250, "stop_code": 4585, "stop_name": "MAIN ST + HOLMAN ST", "stop_lat": 42.296228, "stop_lon": -71.706303, "total_stops": 34, "total_weekday_stops": 13, "total_weekday_am_stops": 2, "high_freq": false }, "geometry": { "type": "Point", "coordinates": [ 1314014.676900673890486, 474619.198695831175428 ] } },
{ "type": "Feature", "properties": { "fid": 913, "stop_id": 251, "stop_code": 4590, "stop_name": "MAIN ST + JOB CUSHING RD", "stop_lat": 42.296587, "stop_lon": -71.709882, "total_stops": 34, "total_weekday_stops": 13, "total_weekday_am_stops": 2, "high_freq": false }, "geometry": { "type": "Point", "coordinates": [ 1313048.158903903095052, 474763.532316718716174 ] } },
{ "type": "Feature", "properties": { "fid": 914, "stop_id": 252, "stop_code": 4595, "stop_name": "Main St at Boyleston St", "stop_lat": 42.296727, "stop_lon": -71.713819, "total_stops": 34, "total_weekday_stops": 13, "total_weekday_am_stops": 2, "high_freq": false }, "geometry": { "type": "Point", "coordinates": [ 1311983.674046236788854, 474829.449468421458732 ] } },
{ "type": "Feature", "properties": { "fid": 915, "stop_id": 253, "stop_code": 4600, "stop_name": "MAIN ST + MAPLE ST", "stop_lat": 42.29652, "stop_lon": -71.714944, "total_stops": 34, "total_weekday_stops": 13, "total_weekday_am_stops": 2, "high_freq": false }, "geometry": { "type": "Point", "coordinates": [ 1311678.235865697963163, 474758.275227926380467 ] } },
{ "type": "Feature", "properties": { "fid": 916, "stop_id": 254, "stop_code": 4605, "stop_name": "MAPLE ST + BRIGHTSIDE AVE", "stop_lat": 42.290835, "stop_lon": -71.72166, "total_stops": 34, "total_weekday_stops": 13, "total_weekday_am_stops": 2, "high_freq": false }, "geometry": { "type": "Point", "coordinates": [ 1309831.940431188326329, 472711.973176489875186 ] } },
{ "type": "Feature", "properties": { "fid": 917, "stop_id": 316, "stop_code": 809, "stop_name": "Plantation St + Notre Dame", "stop_lat": 42.28825, "stop_lon": -71.76199, "total_stops": 52, "total_weekday_stops": 21, "total_weekday_am_stops": 2, "high_freq": false }, "geometry": { "type": "Point", "coordinates": [ 1298905.566235832404345, 471926.274173849553335 ] } },
{ "type": "Feature", "properties": { "fid": 918, "stop_id": 317, "stop_code": 1270, "stop_name": "PLANTATION ST + PLANTATION TOWERS", "stop_lat": 42.28372, "stop_lon": -71.76266, "total_stops": 43, "total_weekday_stops": 17, "total_weekday_am_stops": 2, "high_freq": false }, "geometry": { "type": "Point", "coordinates": [ 1298700.21472490625456, 470278.014466409804299 ] } },
{ "type": "Feature", "properties": { "fid": 919, "stop_id": 318, "stop_code": 1203, "stop_name": "Plantation St+ North Rd", "stop_lat": 42.27915, "stop_lon": -71.76495, "total_stops": 52, "total_weekday_stops": 21, "total_weekday_am_stops": 2, "high_freq": false }, "geometry": { "type": "Point", "coordinates": [ 1298056.201088588219136, 468621.577759326901287 ] } },
{ "type": "Feature", "properties": { "fid": 920, "stop_id": 319, "stop_code": 509, "stop_name": "Lake Ave + Wigwam Ave", "stop_lat": 42.27204, "stop_lon": -71.75914, "total_stops": 52, "total_weekday_stops": 21, "total_weekday_am_stops": 3, "high_freq": false }, "geometry": { "type": "Point", "coordinates": [ 1299590.927267199149355, 466007.541617687267717 ] } },
{ "type": "Feature", "properties": { "fid": 921, "stop_id": 320, "stop_code": 513, "stop_name": "Lake Ave + Lakeview St", "stop_lat": 42.26815, "stop_lon": -71.75584, "total_stops": 52, "total_weekday_stops": 21, "total_weekday_am_stops": 3, "high_freq": false }, "geometry": { "type": "Point", "coordinates": [ 1300463.569660753011703, 464576.929026777332183 ] } },
{ "type": "Feature", "properties": { "fid": 922, "stop_id": 321, "stop_code": 512, "stop_name": "Lake Ave + Anna St", "stop_lat": 42.266323, "stop_lon": -71.755461, "total_stops": 52, "total_weekday_stops": 21, "total_weekday_am_stops": 3, "high_freq": false }, "geometry": { "type": "Point", "coordinates": [ 1300556.51127352216281, 463909.620663537119981 ] } },
{ "type": "Feature", "properties": { "fid": 923, "stop_id": 322, "stop_code": 511, "stop_name": "Lake Ave + Othello Rd", "stop_lat": 42.26467, "stop_lon": -71.75481, "total_stops": 52, "total_weekday_stops": 21, "total_weekday_am_stops": 3, "high_freq": false }, "geometry": { "type": "Point", "coordinates": [ 1300724.005714019527659, 463304.658541348704603 ] } },
{ "type": "Feature", "properties": { "fid": 924, "stop_id": 327, "stop_code": 413, "stop_name": "Hamilton St + Palisades St", "stop_lat": 42.25929, "stop_lon": -71.76023, "total_stops": 52, "total_weekday_stops": 21, "total_weekday_am_stops": 3, "high_freq": false }, "geometry": { "type": "Point", "coordinates": [ 1299228.33595346333459, 461365.296036791638471 ] } },
{ "type": "Feature", "properties": { "fid": 925, "stop_id": 328, "stop_code": 414, "stop_name": "Hamilton St + Middlesex Ave", "stop_lat": 42.2595, "stop_lon": -71.76338, "total_stops": 52, "total_weekday_stops": 21, "total_weekday_am_stops": 3, "high_freq": false }, "geometry": { "type": "Point", "coordinates": [ 1298376.696816706797108, 461454.243100864638109 ] } },
{ "type": "Feature", "properties": { "fid": 926, "stop_id": 329, "stop_code": 415, "stop_name": "Hamilton St + Ralph Ave", "stop_lat": 42.25956, "stop_lon": -71.76434, "total_stops": 52, "total_weekday_stops": 21, "total_weekday_am_stops": 3, "high_freq": false }, "geometry": { "type": "Point", "coordinates": [ 1298117.129579765954986, 461479.899193870893214 ] } },
{ "type": "Feature", "properties": { "fid": 927, "stop_id": 332, "stop_code": 418, "stop_name": "Hamilton St + Anderson Ave", "stop_lat": 42.25836, "stop_lon": -71.76686, "total_stops": 52, "total_weekday_stops": 21, "total_weekday_am_stops": 3, "high_freq": false }, "geometry": { "type": "Point", "coordinates": [ 1297428.536108924541622, 461052.542912515345961 ] } },
{ "type": "Feature", "properties": { "fid": 928, "stop_id": 333, "stop_code": 420, "stop_name": "Hamilton St + Harrington Way", "stop_lat": 42.2575, "stop_lon": -71.76915, "total_stops": 64, "total_weekday_stops": 27, "total_weekday_am_stops": 5, "high_freq": false }, "geometry": { "type": "Point", "coordinates": [ 1296803.998716556001455, 460748.202030725951772 ] } },
{ "type": "Feature", "properties": { "fid": 929, "stop_id": 386, "stop_code": 538, "stop_name": "Lincoln St + Pasadena Pkwy", "stop_lat": 42.29672, "stop_lon": -71.76912, "total_stops": 213, "total_weekday_stops": 82, "total_weekday_am_stops": 9, "high_freq": true }, "geometry": { "type": "Point", "coordinates": [ 1297021.436390393646434, 475041.237691480433568 ] } },
{ "type": "Feature", "properties": { "fid": 930, "stop_id": 387, "stop_code": 539, "stop_name": "Lincoln St + McDonalds opp Linc Plaza", "stop_lat": 42.2954, "stop_lon": -71.77262, "total_stops": 213, "total_weekday_stops": 82, "total_weekday_am_stops": 9, "high_freq": true }, "geometry": { "type": "Point", "coordinates": [ 1296067.41906118998304, 474574.065976825542748 ] } },
{ "type": "Feature", "properties": { "fid": 931, "stop_id": 388, "stop_code": 540, "stop_name": "Lincoln St + Denny's", "stop_lat": 42.29462, "stop_lon": -71.77503, "total_stops": 298, "total_weekday_stops": 110, "total_weekday_am_stops": 13, "high_freq": true }, "geometry": { "type": "Point", "coordinates": [ 1295411.178947780979797, 474299.388858251739293 ] } },
{ "type": "Feature", "properties": { "fid": 932, "stop_id": 392, "stop_code": 250, "stop_name": "GODDARD DR + UPPER PARSONS HILL DR", "stop_lat": 42.247428, "stop_lon": -71.861175, "total_stops": 35, "total_weekday_stops": 21, "total_weekday_am_stops": 3, "high_freq": false }, "geometry": { "type": "Point", "coordinates": [ 1271833.260185350198299, 457455.78609634336317 ] } },
{ "type": "Feature", "properties": { "fid": 933, "stop_id": 393, "stop_code": 1209, "stop_name": "GODDARD DR + LOWER PARSONS HILL DR", "stop_lat": 42.24343, "stop_lon": -71.856166, "total_stops": 35, "total_weekday_stops": 21, "total_weekday_am_stops": 3, "high_freq": false }, "geometry": { "type": "Point", "coordinates": [ 1273166.702394749969244, 455977.553052731556818 ] } },
{ "type": "Feature", "properties": { "fid": 934, "stop_id": 395, "stop_code": 628, "stop_name": "Main St at Grandview", "stop_lat": 42.240966, "stop_lon": -71.851573, "total_stops": 153, "total_weekday_stops": 54, "total_weekday_am_stops": 6, "high_freq": false }, "geometry": { "type": "Point", "coordinates": [ 1274396.382142143324018, 455060.181602820754051 ] } },
{ "type": "Feature", "properties": { "fid": 935, "stop_id": 396, "stop_code": 629, "stop_name": "Main St at Eureka", "stop_lat": 42.24134, "stop_lon": -71.84946, "total_stops": 153, "total_weekday_stops": 54, "total_weekday_am_stops": 6, "high_freq": false }, "geometry": { "type": "Point", "coordinates": [ 1274970.680983269587159, 455187.559614256431814 ] } },
{ "type": "Feature", "properties": { "fid": 936, "stop_id": 397, "stop_code": 630, "stop_name": "Main St at Henshaw", "stop_lat": 42.241626, "stop_lon": -71.848108, "total_stops": 153, "total_weekday_stops": 54, "total_weekday_am_stops": 6, "high_freq": false }, "geometry": { "type": "Point", "coordinates": [ 1275338.406619550427422, 455286.08703990658978 ] } },
{ "type": "Feature", "properties": { "fid": 937, "stop_id": 398, "stop_code": 631, "stop_name": "Main St at Blaine", "stop_lat": 42.24196, "stop_lon": -71.846638, "total_stops": 153, "total_weekday_stops": 54, "total_weekday_am_stops": 6, "high_freq": false }, "geometry": { "type": "Point", "coordinates": [ 1275738.35352735244669, 455401.616091130417772 ] } },
{ "type": "Feature", "properties": { "fid": 938, "stop_id": 399, "stop_code": 633, "stop_name": "Main St at Curtis 1", "stop_lat": 42.2425, "stop_lon": -71.844151, "total_stops": 153, "total_weekday_stops": 54, "total_weekday_am_stops": 6, "high_freq": false }, "geometry": { "type": "Point", "coordinates": [ 1276414.847510511986911, 455587.950544822728261 ] } },
{ "type": "Feature", "properties": { "fid": 939, "stop_id": 487, "stop_code": 8010, "stop_name": "David Prouty High", "stop_lat": 42.251114, "stop_lon": -71.977921, "total_stops": 41, "total_weekday_stops": 13, "total_weekday_am_stops": 2, "high_freq": false }, "geometry": { "type": "Point", "coordinates": [ 1240246.24877451127395, 459316.815967566915788 ] } },
{ "type": "Feature", "properties": { "fid": 940, "stop_id": 488, "stop_code": 8015, "stop_name": "Spencer Town Hall", "stop_lat": 42.244307, "stop_lon": -71.992248, "total_stops": 41, "total_weekday_stops": 13, "total_weekday_am_stops": 2, "high_freq": false }, "geometry": { "type": "Point", "coordinates": [ 1236324.654404097469524, 456902.710936908784788 ] } },
{ "type": "Feature", "properties": { "fid": 941, "stop_id": 489, "stop_code": 8020, "stop_name": "Spencer Ctr", "stop_lat": 42.243935, "stop_lon": -71.99528, "total_stops": 41, "total_weekday_stops": 13, "total_weekday_am_stops": 2, "high_freq": false }, "geometry": { "type": "Point", "coordinates": [ 1235501.348877905635163, 456781.29973672691267 ] } },
{ "type": "Feature", "properties": { "fid": 942, "stop_id": 486, "stop_code": 8005, "stop_name": "Fallon at Bond St", "stop_lat": 42.25648, "stop_lon": -71.959196, "total_stops": 41, "total_weekday_stops": 13, "total_weekday_am_stops": 2, "high_freq": false }, "geometry": { "type": "Point", "coordinates": [ 1245348.78227009694092, 461186.377481473260559 ] } },
{ "type": "Feature", "properties": { "fid": 943, "stop_id": 457, "stop_code": 609, "stop_name": "Main St + Cambridge St", "stop_lat": 42.24546, "stop_lon": -71.83141, "total_stops": 228, "total_weekday_stops": 82, "total_weekday_am_stops": 9, "high_freq": true }, "geometry": { "type": "Point", "coordinates": [ 1279881.464375694282353, 456613.393736846570391 ] } },
{ "type": "Feature", "properties": { "fid": 944, "stop_id": 460, "stop_code": 577, "stop_name": "Main St + Arbor Vitae St", "stop_lat": 42.244254, "stop_lon": -71.837398, "total_stops": 190, "total_weekday_stops": 73, "total_weekday_am_stops": 9, "high_freq": true }, "geometry": { "type": "Point", "coordinates": [ 1278253.307646259432659, 456198.861997052736115 ] } },
{ "type": "Feature", "properties": { "fid": 945, "stop_id": 462, "stop_code": 579, "stop_name": "Main St + Young St", "stop_lat": 42.24306, "stop_lon": -71.84119, "total_stops": 190, "total_weekday_stops": 73, "total_weekday_am_stops": 9, "high_freq": true }, "geometry": { "type": "Point", "coordinates": [ 1277219.793213269207627, 455779.606325034110341 ] } },
{ "type": "Feature", "properties": { "fid": 946, "stop_id": 463, "stop_code": 580, "stop_name": "Main St + Holland Rd", "stop_lat": 42.24279, "stop_lon": -71.84262, "total_stops": 190, "total_weekday_stops": 73, "total_weekday_am_stops": 9, "high_freq": true }, "geometry": { "type": "Point", "coordinates": [ 1276831.052974231541157, 455687.207370094489306 ] } },
{ "type": "Feature", "properties": { "fid": 947, "stop_id": 476, "stop_code": 588, "stop_name": "Main St at Armandale", "stop_lat": 42.240386, "stop_lon": -71.854911, "total_stops": 49, "total_weekday_stops": 13, "total_weekday_am_stops": 2, "high_freq": false }, "geometry": { "type": "Point", "coordinates": [ 1273489.185317081632093, 454862.930257601721678 ] } },
{ "type": "Feature", "properties": { "fid": 948, "stop_id": 477, "stop_code": 589, "stop_name": "Main St at Ludlow", "stop_lat": 42.239846, "stop_lon": -71.85631, "total_stops": 49, "total_weekday_stops": 13, "total_weekday_am_stops": 2, "high_freq": false }, "geometry": { "type": "Point", "coordinates": [ 1273107.268983340356499, 454672.067403966910206 ] } },
{ "type": "Feature", "properties": { "fid": 949, "stop_id": 479, "stop_code": 592, "stop_name": "Main St at Leicester Line", "stop_lat": 42.240783, "stop_lon": -71.86359, "total_stops": 49, "total_weekday_stops": 13, "total_weekday_am_stops": 2, "high_freq": false }, "geometry": { "type": "Point", "coordinates": [ 1271141.269258169922978, 455044.46837537526153 ] } },
{ "type": "Feature", "properties": { "fid": 950, "stop_id": 480, "stop_code": 7505, "stop_name": "Boat Dealership", "stop_lat": 42.242595, "stop_lon": -71.86789, "total_stops": 49, "total_weekday_stops": 13, "total_weekday_am_stops": 2, "high_freq": false }, "geometry": { "type": "Point", "coordinates": [ 1269987.300773805473, 455723.153736824460793 ] } },
{ "type": "Feature", "properties": { "fid": 951, "stop_id": 481, "stop_code": 7510, "stop_name": "Main St at Auburn St", "stop_lat": 42.240211, "stop_lon": -71.880645, "total_stops": 49, "total_weekday_stops": 13, "total_weekday_am_stops": 2, "high_freq": false }, "geometry": { "type": "Point", "coordinates": [ 1266519.65218118741177, 454909.141150940849911 ] } },
{ "type": "Feature", "properties": { "fid": 952, "stop_id": 482, "stop_code": 7515, "stop_name": "Main St at Henshaw St", "stop_lat": 42.245477, "stop_lon": -71.899449, "total_stops": 49, "total_weekday_stops": 13, "total_weekday_am_stops": 2, "high_freq": false }, "geometry": { "type": "Point", "coordinates": [ 1261458.708586099091917, 456909.859299158561043 ] } },
{ "type": "Feature", "properties": { "fid": 953, "stop_id": 552, "stop_code": 836, "stop_name": "PLEASANT ST + CHESTERFIELD RD", "stop_lat": 42.27834, "stop_lon": -71.8488, "total_stops": 40, "total_weekday_stops": 16, "total_weekday_am_stops": 2, "high_freq": false }, "geometry": { "type": "Point", "coordinates": [ 1275359.2636061264202, 468668.594427981006447 ] } },
{ "type": "Feature", "properties": { "fid": 954, "stop_id": 554, "stop_code": 838, "stop_name": "PLEASANT ST + POMONA RD", "stop_lat": 42.27814, "stop_lon": -71.85215, "total_stops": 40, "total_weekday_stops": 16, "total_weekday_am_stops": 2, "high_freq": false }, "geometry": { "type": "Point", "coordinates": [ 1274451.510726948501542, 468609.83653376402799 ] } },
{ "type": "Feature", "properties": { "fid": 955, "stop_id": 530, "stop_code": 1244, "stop_name": "PLEASANT ST + BELLEVUE ST", "stop_lat": 42.26344, "stop_lon": -71.81645, "total_stops": 50, "total_weekday_stops": 16, "total_weekday_am_stops": 2, "high_freq": false }, "geometry": { "type": "Point", "coordinates": [ 1284031.735753024695441, 463103.938634790363722 ] } },
{ "type": "Feature", "properties": { "fid": 956, "stop_id": 531, "stop_code": 819, "stop_name": "PLEASANT ST + HUDSON ST", "stop_lat": 42.26339, "stop_lon": -71.81807, "total_stops": 50, "total_weekday_stops": 16, "total_weekday_am_stops": 2, "high_freq": false }, "geometry": { "type": "Point", "coordinates": [ 1283592.931436298880726, 463092.382775078469422 ] } },
{ "type": "Feature", "properties": { "fid": 957, "stop_id": 532, "stop_code": 820, "stop_name": "PLEASANT ST + PARK AVE", "stop_lat": 42.26363, "stop_lon": -71.81933, "total_stops": 50, "total_weekday_stops": 16, "total_weekday_am_stops": 2, "high_freq": false }, "geometry": { "type": "Point", "coordinates": [ 1283253.186099290382117, 463185.0360309240059 ] } },
{ "type": "Feature", "properties": { "fid": 958, "stop_id": 533, "stop_code": 821, "stop_name": "PLEASANT ST + FEDERAL PL", "stop_lat": 42.26429, "stop_lon": -71.82056, "total_stops": 40, "total_weekday_stops": 16, "total_weekday_am_stops": 2, "high_freq": false }, "geometry": { "type": "Point", "coordinates": [ 1282923.896556491265073, 463430.631067038106266 ] } },
{ "type": "Feature", "properties": { "fid": 959, "stop_id": 538, "stop_code": 822, "stop_name": "PLEASANT ST + COOLIDGE RD", "stop_lat": 42.26949, "stop_lon": -71.8251, "total_stops": 40, "total_weekday_stops": 16, "total_weekday_am_stops": 2, "high_freq": false }, "geometry": { "type": "Point", "coordinates": [ 1281723.931256682612002, 465344.42689636774594 ] } },
{ "type": "Feature", "properties": { "fid": 960, "stop_id": 541, "stop_code": 825, "stop_name": "PLEASANT ST + ELMWOOD ST", "stop_lat": 42.27147, "stop_lon": -71.82942, "total_stops": 40, "total_weekday_stops": 16, "total_weekday_am_stops": 2, "high_freq": false }, "geometry": { "type": "Point", "coordinates": [ 1280565.706617719726637, 466083.907511039171368 ] } },
{ "type": "Feature", "properties": { "fid": 961, "stop_id": 543, "stop_code": 826, "stop_name": "PLEASANT ST + INTERVALE RD", "stop_lat": 42.27268, "stop_lon": -71.83061, "total_stops": 40, "total_weekday_stops": 16, "total_weekday_am_stops": 2, "high_freq": false }, "geometry": { "type": "Point", "coordinates": [ 1280250.390111390035599, 466529.811753428191878 ] } },
{ "type": "Feature", "properties": { "fid": 962, "stop_id": 544, "stop_code": 827, "stop_name": "PLEASANT ST + LENOX ST", "stop_lat": 42.27486, "stop_lon": -71.83313, "total_stops": 40, "total_weekday_stops": 16, "total_weekday_am_stops": 1, "high_freq": false }, "geometry": { "type": "Point", "coordinates": [ 1279580.557731108274311, 467334.753079027344938 ] } },
{ "type": "Feature", "properties": { "fid": 963, "stop_id": 546, "stop_code": 829, "stop_name": "PLEASANT ST + KENILWORTH RD", "stop_lat": 42.27691, "stop_lon": -71.83639, "total_stops": 40, "total_weekday_stops": 16, "total_weekday_am_stops": 1, "high_freq": false }, "geometry": { "type": "Point", "coordinates": [ 1278709.769387137610465, 468095.425767459382769 ] } },
{ "type": "Feature", "properties": { "fid": 964, "stop_id": 548, "stop_code": 831, "stop_name": "PLEASANT ST + GUILD RD", "stop_lat": 42.27735, "stop_lon": -71.84007, "total_stops": 40, "total_weekday_stops": 16, "total_weekday_am_stops": 2, "high_freq": false }, "geometry": { "type": "Point", "coordinates": [ 1277716.300547221209854, 468271.154861831688322 ] } },
{ "type": "Feature", "properties": { "fid": 965, "stop_id": 549, "stop_code": 832, "stop_name": "PLEASANT ST + MOORE AVE", "stop_lat": 42.27749, "stop_lon": -71.84159, "total_stops": 40, "total_weekday_stops": 16, "total_weekday_am_stops": 2, "high_freq": false }, "geometry": { "type": "Point", "coordinates": [ 1277305.723406968638301, 468328.539881193486508 ] } },
{ "type": "Feature", "properties": { "fid": 966, "stop_id": 550, "stop_code": 833, "stop_name": "PLEASANT ST + MORELAND ST", "stop_lat": 42.27813, "stop_lon": -71.84376, "total_stops": 40, "total_weekday_stops": 16, "total_weekday_am_stops": 2, "high_freq": false }, "geometry": { "type": "Point", "coordinates": [ 1276722.060918656410649, 468570.874486431072 ] } },
{ "type": "Feature", "properties": { "fid": 967, "stop_id": 651, "stop_code": 203, "stop_name": "Country Club Blvd. at 111 CC Blvd", "stop_lat": 42.299895, "stop_lon": -71.776885, "total_stops": 83, "total_weekday_stops": 28, "total_weekday_am_stops": 4, "high_freq": false }, "geometry": { "type": "Point", "coordinates": [ 1294937.602901166770607, 476229.189954642788507 ] } },
{ "type": "Feature", "properties": { "fid": 968, "stop_id": 652, "stop_code": 204, "stop_name": "Country Club Blvd. at 91 CC Blvd", "stop_lat": 42.29926, "stop_lon": -71.776345, "total_stops": 83, "total_weekday_stops": 28, "total_weekday_am_stops": 4, "high_freq": false }, "geometry": { "type": "Point", "coordinates": [ 1295080.288573132129386, 475995.619335488008801 ] } },
{ "type": "Feature", "properties": { "fid": 969, "stop_id": 653, "stop_code": 205, "stop_name": "Country Club Blvd. at Pleasant Valley", "stop_lat": 42.297781, "stop_lon": -71.775335, "total_stops": 83, "total_weekday_stops": 28, "total_weekday_am_stops": 4, "high_freq": false }, "geometry": { "type": "Point", "coordinates": [ 1295345.609039515024051, 475452.591977512172889 ] } },
{ "type": "Feature", "properties": { "fid": 970, "stop_id": 656, "stop_code": 541, "stop_name": "Lincoln St at Goldwaithe", "stop_lat": 42.293111, "stop_lon": -71.778198, "total_stops": 200, "total_weekday_stops": 71, "total_weekday_am_stops": 8, "high_freq": false }, "geometry": { "type": "Point", "coordinates": [ 1294545.912874739384279, 473762.079342885001097 ] } },
{ "type": "Feature", "properties": { "fid": 971, "stop_id": 657, "stop_code": 542, "stop_name": "Lincoln St at Beverly", "stop_lat": 42.292241, "stop_lon": -71.780111, "total_stops": 200, "total_weekday_stops": 71, "total_weekday_am_stops": 8, "high_freq": false }, "geometry": { "type": "Point", "coordinates": [ 1294023.623689416795969, 473452.65897377661895 ] } },
{ "type": "Feature", "properties": { "fid": 972, "stop_id": 658, "stop_code": 543, "stop_name": "Lincoln St at Hanover Ins", "stop_lat": 42.291606, "stop_lon": -71.781955, "total_stops": 200, "total_weekday_stops": 71, "total_weekday_am_stops": 8, "high_freq": false }, "geometry": { "type": "Point", "coordinates": [ 1293521.257576777134091, 473228.616850079561118 ] } },
{ "type": "Feature", "properties": { "fid": 973, "stop_id": 659, "stop_code": 544, "stop_name": "Lincoln St at Oran", "stop_lat": 42.289325, "stop_lon": -71.78674, "total_stops": 200, "total_weekday_stops": 71, "total_weekday_am_stops": 8, "high_freq": false }, "geometry": { "type": "Point", "coordinates": [ 1292214.194855386856943, 472416.525363579159603 ] } },
{ "type": "Feature", "properties": { "fid": 974, "stop_id": 661, "stop_code": 546, "stop_name": "Lincoln St at Frothingham", "stop_lat": 42.287553, "stop_lon": -71.789283, "total_stops": 200, "total_weekday_stops": 71, "total_weekday_am_stops": 8, "high_freq": false }, "geometry": { "type": "Point", "coordinates": [ 1291516.481365804793313, 471780.971841010730714 ] } },
{ "type": "Feature", "properties": { "fid": 975, "stop_id": 662, "stop_code": 551, "stop_name": "Lincoln St at 290 ramp", "stop_lat": 42.273986, "stop_lon": -71.797565, "total_stops": 200, "total_weekday_stops": 71, "total_weekday_am_stops": 7, "high_freq": false }, "geometry": { "type": "Point", "coordinates": [ 1289201.379752862965688, 466870.141338919755071 ] } },
{ "type": "Feature", "properties": { "fid": 976, "stop_id": 713, "stop_code": 36, "stop_name": "BELMONT ST + FOUNTAIN ST", "stop_lat": 42.271778, "stop_lon": -71.795975, "total_stops": 82, "total_weekday_stops": 29, "total_weekday_am_stops": 4, "high_freq": false }, "geometry": { "type": "Point", "coordinates": [ 1289619.683740056585521, 466059.033911366946995 ] } },
{ "type": "Feature", "properties": { "fid": 977, "stop_id": 714, "stop_code": 470, "stop_name": "HOOPER ST + KENDALL ST", "stop_lat": 42.273378, "stop_lon": -71.78985, "total_stops": 72, "total_weekday_stops": 25, "total_weekday_am_stops": 5, "high_freq": false }, "geometry": { "type": "Point", "coordinates": [ 1291286.166320860851556, 466617.394322018779349 ] } },
{ "type": "Feature", "properties": { "fid": 978, "stop_id": 715, "stop_code": 471, "stop_name": "Hooper St at Catherine", "stop_lat": 42.274828, "stop_lon": -71.789302, "total_stops": 72, "total_weekday_stops": 25, "total_weekday_am_stops": 5, "high_freq": false }, "geometry": { "type": "Point", "coordinates": [ 1291442.347075447905809, 467143.61597490683198 ] } },
{ "type": "Feature", "properties": { "fid": 979, "stop_id": 717, "stop_code": 469, "stop_name": "Hooper St at Catherine", "stop_lat": 42.275022, "stop_lon": -71.789446, "total_stops": 72, "total_weekday_stops": 25, "total_weekday_am_stops": 5, "high_freq": false }, "geometry": { "type": "Point", "coordinates": [ 1291404.425541089149192, 467214.895975156163331 ] } },
{ "type": "Feature", "properties": { "fid": 980, "stop_id": 718, "stop_code": 468, "stop_name": "HOOPER ST + KENDALL ST", "stop_lat": 42.273526, "stop_lon": -71.789903, "total_stops": 72, "total_weekday_stops": 25, "total_weekday_am_stops": 5, "high_freq": false }, "geometry": { "type": "Point", "coordinates": [ 1291272.624394874088466, 466671.543981634720694 ] } },
{ "type": "Feature", "properties": { "fid": 981, "stop_id": 720, "stop_code": 3, "stop_name": "BELMONT ST + ROUTE 290 RAMP WEST", "stop_lat": 42.27158, "stop_lon": -71.796253, "total_stops": 86, "total_weekday_stops": 31, "total_weekday_am_stops": 4, "high_freq": false }, "geometry": { "type": "Point", "coordinates": [ 1289543.360472810920328, 465988.001572734268848 ] } },
{ "type": "Feature", "properties": { "fid": 982, "stop_id": 721, "stop_code": 4, "stop_name": "BELMONT ST + ROUTE 290 RAMP EAST", "stop_lat": 42.271921, "stop_lon": -71.793653, "total_stops": 86, "total_weekday_stops": 31, "total_weekday_am_stops": 4, "high_freq": false }, "geometry": { "type": "Point", "coordinates": [ 1290248.938341729110107, 466101.757742349582259 ] } },
{ "type": "Feature", "properties": { "fid": 983, "stop_id": 706, "stop_code": 29, "stop_name": "BELMONT ST + OLGA AVE", "stop_lat": 42.272795, "stop_lon": -71.784546, "total_stops": 82, "total_weekday_stops": 29, "total_weekday_am_stops": 4, "high_freq": false }, "geometry": { "type": "Point", "coordinates": [ 1292718.573358475696295, 466383.60695594974095 ] } },
{ "type": "Feature", "properties": { "fid": 984, "stop_id": 707, "stop_code": 30, "stop_name": "BELMONT ST + STANTON ST", "stop_lat": 42.272795, "stop_lon": -71.78604, "total_stops": 82, "total_weekday_stops": 29, "total_weekday_am_stops": 4, "high_freq": false }, "geometry": { "type": "Point", "coordinates": [ 1292314.210379305062816, 466389.604120144795161 ] } },
{ "type": "Feature", "properties": { "fid": 985, "stop_id": 708, "stop_code": 31, "stop_name": "BELMONT ST + EVERARD ST", "stop_lat": 42.272716, "stop_lon": -71.786963, "total_stops": 82, "total_weekday_stops": 29, "total_weekday_am_stops": 4, "high_freq": false }, "geometry": { "type": "Point", "coordinates": [ 1292063.965594875859097, 466364.522430020093452 ] } },
{ "type": "Feature", "properties": { "fid": 986, "stop_id": 709, "stop_code": 32, "stop_name": "BELMONT ST + RODNEY ST", "stop_lat": 42.272573, "stop_lon": -71.788075, "total_stops": 82, "total_weekday_stops": 29, "total_weekday_am_stops": 4, "high_freq": false }, "geometry": { "type": "Point", "coordinates": [ 1291762.219115431653336, 466316.87993608857505 ] } },
{ "type": "Feature", "properties": { "fid": 987, "stop_id": 710, "stop_code": 33, "stop_name": "BELMONT ST + EASTERN AVE", "stop_lat": 42.272461, "stop_lon": -71.789156, "total_stops": 82, "total_weekday_stops": 29, "total_weekday_am_stops": 4, "high_freq": false }, "geometry": { "type": "Point", "coordinates": [ 1291469.029852114850655, 466280.413945314881857 ] } },
{ "type": "Feature", "properties": { "fid": 988, "stop_id": 711, "stop_code": 34, "stop_name": "BELMONT ST + HOOPER ST", "stop_lat": 42.272303, "stop_lon": -71.790506, "total_stops": 82, "total_weekday_stops": 29, "total_weekday_am_stops": 4, "high_freq": false }, "geometry": { "type": "Point", "coordinates": [ 1291102.782558205537498, 466228.271776546840556 ] } },
{ "type": "Feature", "properties": { "fid": 989, "stop_id": 792, "stop_code": 958, "stop_name": "Southbridge St at Colloge Sq", "stop_lat": 42.241749, "stop_lon": -71.812167, "total_stops": 45, "total_weekday_stops": 16, "total_weekday_am_stops": 2, "high_freq": false }, "geometry": { "type": "Point", "coordinates": [ 1285071.437209137482569, 455181.532737759000156 ] } },
{ "type": "Feature", "properties": { "fid": 990, "stop_id": 794, "stop_code": 960, "stop_name": "Southbridge St at Malvern", "stop_lat": 42.235416, "stop_lon": -71.81683, "total_stops": 45, "total_weekday_stops": 16, "total_weekday_am_stops": 2, "high_freq": false }, "geometry": { "type": "Point", "coordinates": [ 1283773.687885143095627, 452892.774545200227294 ] } },
{ "type": "Feature", "properties": { "fid": 991, "stop_id": 805, "stop_code": 1230, "stop_name": "Southbridge St at Hope Ave", "stop_lat": 42.23103, "stop_lon": -71.819331, "total_stops": 45, "total_weekday_stops": 16, "total_weekday_am_stops": 2, "high_freq": false }, "geometry": { "type": "Point", "coordinates": [ 1283072.049589084461331, 451304.707396631420124 ] } },
{ "type": "Feature", "properties": { "fid": 992, "stop_id": 807, "stop_code": 6140, "stop_name": "Southbridge St at Elmwood St", "stop_lat": 42.228872, "stop_lon": -71.820583, "total_stops": 45, "total_weekday_stops": 16, "total_weekday_am_stops": 2, "high_freq": false }, "geometry": { "type": "Point", "coordinates": [ 1282720.984078747220337, 450523.44386359344935 ] } },
{ "type": "Feature", "properties": { "fid": 993, "stop_id": 808, "stop_code": 6145, "stop_name": "Southbridge St at Sword St", "stop_lat": 42.223076, "stop_lon": -71.823496, "total_stops": 45, "total_weekday_stops": 16, "total_weekday_am_stops": 3, "high_freq": false }, "geometry": { "type": "Point", "coordinates": [ 1281899.766898029483855, 448423.279726076114457 ] } },
{ "type": "Feature", "properties": { "fid": 994, "stop_id": 809, "stop_code": 6150, "stop_name": "Southbridge St at Hampton St", "stop_lat": 42.21168, "stop_lon": -71.828925, "total_stops": 45, "total_weekday_stops": 16, "total_weekday_am_stops": 3, "high_freq": false }, "geometry": { "type": "Point", "coordinates": [ 1280365.556075726635754, 444292.830353807017673 ] } },
{ "type": "Feature", "properties": { "fid": 995, "stop_id": 810, "stop_code": 6155, "stop_name": "Southbridge St at Auburn St", "stop_lat": 42.206491, "stop_lon": -71.833525, "total_stops": 45, "total_weekday_stops": 16, "total_weekday_am_stops": 3, "high_freq": false }, "geometry": { "type": "Point", "coordinates": [ 1279090.259407872101292, 442420.995892228325829 ] } },
{ "type": "Feature", "properties": { "fid": 996, "stop_id": 814, "stop_code": 1223, "stop_name": "TACOMA ST + CONSTITUTION AVE 2", "stop_lat": 42.30757, "stop_lon": -71.77507, "total_stops": 156, "total_weekday_stops": 59, "total_weekday_am_stops": 7, "high_freq": false }, "geometry": { "type": "Point", "coordinates": [ 1295469.79480317980051, 479019.03224084986141 ] } },
{ "type": "Feature", "properties": { "fid": 997, "stop_id": 815, "stop_code": 1224, "stop_name": "TACOMA ST + CHINO AVE", "stop_lat": 42.30656, "stop_lon": -71.77347, "total_stops": 156, "total_weekday_stops": 59, "total_weekday_am_stops": 7, "high_freq": false }, "geometry": { "type": "Point", "coordinates": [ 1295897.205485914368182, 478644.583671683445573 ] } },
{ "type": "Feature", "properties": { "fid": 998, "stop_id": 777, "stop_code": 950, "stop_name": "Southbridge St + Madison St", "stop_lat": 42.25812, "stop_lon": -71.80389, "total_stops": 20, "total_weekday_stops": 10, "total_weekday_am_stops": 1, "high_freq": false }, "geometry": { "type": "Point", "coordinates": [ 1287402.508792422013357, 461113.767075470939744 ] } },
{ "type": "Feature", "properties": { "fid": 999, "stop_id": 778, "stop_code": 951, "stop_name": "Southbridge St + Lafayette St", "stop_lat": 42.25306, "stop_lon": -71.80754, "total_stops": 65, "total_weekday_stops": 26, "total_weekday_am_stops": 3, "high_freq": false }, "geometry": { "type": "Point", "coordinates": [ 1286386.563254029024392, 459284.641906513017602 ] } },
{ "type": "Feature", "properties": { "fid": 1000, "stop_id": 782, "stop_code": 117, "stop_name": "Canterbury St + Grand St", "stop_lat": 42.24756, "stop_lon": -71.81641, "total_stops": 20, "total_weekday_stops": 10, "total_weekday_am_stops": 1, "high_freq": false }, "geometry": { "type": "Point", "coordinates": [ 1283954.655580840772018, 457316.643558299401775 ] } },
{ "type": "Feature", "properties": { "fid": 1001, "stop_id": 783, "stop_code": 118, "stop_name": "Canterbury St + Walpole St", "stop_lat": 42.24575, "stop_lon": -71.81927, "total_stops": 20, "total_weekday_stops": 10, "total_weekday_am_stops": 1, "high_freq": false }, "geometry": { "type": "Point", "coordinates": [ 1283170.233261812012643, 456668.80601324577583 ] } },
{ "type": "Feature", "properties": { "fid": 1002, "stop_id": 784, "stop_code": 119, "stop_name": "Canterbury St + S.Crystal St", "stop_lat": 42.24444, "stop_lon": -71.82136, "total_stops": 20, "total_weekday_stops": 10, "total_weekday_am_stops": 1, "high_freq": false }, "geometry": { "type": "Point", "coordinates": [ 1282597.044813084183261, 456200.02859658311354 ] } },
{ "type": "Feature", "properties": { "fid": 1003, "stop_id": 816, "stop_code": 1225, "stop_name": "TACOMA ST + NEW VISTA LN", "stop_lat": 42.30634, "stop_lon": -71.77235, "total_stops": 156, "total_weekday_stops": 59, "total_weekday_am_stops": 7, "high_freq": false }, "geometry": { "type": "Point", "coordinates": [ 1296199.006874789949507, 478559.956655609363224 ] } },
{ "type": "Feature", "properties": { "fid": 1004, "stop_id": 883, "stop_code": 491, "stop_name": "JUNE ST + COURTLAND ST", "stop_lat": 42.2637, "stop_lon": -71.83488, "total_stops": 54, "total_weekday_stops": 22, "total_weekday_am_stops": 3, "high_freq": false }, "geometry": { "type": "Point", "coordinates": [ 1279044.279244757024571, 463275.005966065567918 ] } },
{ "type": "Feature", "properties": { "fid": 1005, "stop_id": 884, "stop_code": 1174, "stop_name": "JUNE ST + CARLISE ST", "stop_lat": 42.2646, "stop_lon": -71.83296, "total_stops": 54, "total_weekday_stops": 22, "total_weekday_am_stops": 3, "high_freq": false }, "geometry": { "type": "Point", "coordinates": [ 1279569.056375123560429, 463594.992358865973074 ] } },
{ "type": "Feature", "properties": { "fid": 1006, "stop_id": 885, "stop_code": 492, "stop_name": "JUNE ST + EDGEWOOD ST", "stop_lat": 42.26556, "stop_lon": -71.83157, "total_stops": 54, "total_weekday_stops": 22, "total_weekday_am_stops": 3, "high_freq": false }, "geometry": { "type": "Point", "coordinates": [ 1279950.691302847117186, 463939.060305681021418 ] } },
{ "type": "Feature", "properties": { "fid": 1007, "stop_id": 857, "stop_code": 994, "stop_name": "STAFFORD ST + YOUNG ST", "stop_lat": 42.24204, "stop_lon": -71.84013, "total_stops": 78, "total_weekday_stops": 29, "total_weekday_am_stops": 2, "high_freq": false }, "geometry": { "type": "Point", "coordinates": [ 1277501.072212802944705, 455403.452197862265166 ] } },
{ "type": "Feature", "properties": { "fid": 1008, "stop_id": 862, "stop_code": 999, "stop_name": "STAFFORD ST + HENSHAW ST", "stop_lat": 42.23742, "stop_lon": -71.84725, "total_stops": 76, "total_weekday_stops": 29, "total_weekday_am_stops": 2, "high_freq": false }, "geometry": { "type": "Point", "coordinates": [ 1275546.912351413397118, 453749.705250098661054 ] } },
{ "type": "Feature", "properties": { "fid": 1009, "stop_id": 865, "stop_code": 1233, "stop_name": "JAMES ST + GENESEE ST", "stop_lat": 42.23461, "stop_lon": -71.84981, "total_stops": 76, "total_weekday_stops": 29, "total_weekday_am_stops": 2, "high_freq": false }, "geometry": { "type": "Point", "coordinates": [ 1274837.704870360903442, 452736.462671714252792 ] } },
{ "type": "Feature", "properties": { "fid": 1010, "stop_id": 867, "stop_code": 942, "stop_name": "SOUTH LUDLOW ST + LAURIER ST", "stop_lat": 42.23039, "stop_lon": -71.84935, "total_stops": 76, "total_weekday_stops": 29, "total_weekday_am_stops": 2, "high_freq": false }, "geometry": { "type": "Point", "coordinates": [ 1274938.334775537252426, 451196.65727094002068 ] } },
{ "type": "Feature", "properties": { "fid": 1011, "stop_id": 869, "stop_code": 944, "stop_name": "SOUTH LUDLOW ST + KEEN ST", "stop_lat": 42.22839, "stop_lon": -71.84889, "total_stops": 76, "total_weekday_stops": 29, "total_weekday_am_stops": 2, "high_freq": false }, "geometry": { "type": "Point", "coordinates": [ 1275051.573504829080775, 450465.872557957889512 ] } },
{ "type": "Feature", "properties": { "fid": 1012, "stop_id": 870, "stop_code": 945, "stop_name": "SOUTH LUDLOW ST + MOSS ST", "stop_lat": 42.22764, "stop_lon": -71.84872, "total_stops": 76, "total_weekday_stops": 29, "total_weekday_am_stops": 2, "high_freq": false }, "geometry": { "type": "Point", "coordinates": [ 1275093.362916128244251, 450191.839130838576239 ] } },
{ "type": "Feature", "properties": { "fid": 1013, "stop_id": 871, "stop_code": 6050, "stop_name": "PINEHURST AVE + OTIS ST", "stop_lat": 42.22323, "stop_lon": -71.84719, "total_stops": 76, "total_weekday_stops": 29, "total_weekday_am_stops": 2, "high_freq": false }, "geometry": { "type": "Point", "coordinates": [ 1275482.77235453389585, 448578.292064830486197 ] } },
{ "type": "Feature", "properties": { "fid": 1014, "stop_id": 872, "stop_code": 6055, "stop_name": "OXFORD ST NORTH + ROCHDALE ST", "stop_lat": 42.21817, "stop_lon": -71.84543, "total_stops": 76, "total_weekday_stops": 29, "total_weekday_am_stops": 2, "high_freq": false }, "geometry": { "type": "Point", "coordinates": [ 1275930.864061385393143, 446726.913413042784669 ] } },
{ "type": "Feature", "properties": { "fid": 1015, "stop_id": 873, "stop_code": 6060, "stop_name": "OXFORD ST NORTH + AUBURN ST", "stop_lat": 42.2147, "stop_lon": -71.84604, "total_stops": 76, "total_weekday_stops": 29, "total_weekday_am_stops": 2, "high_freq": false }, "geometry": { "type": "Point", "coordinates": [ 1275745.98323768354021, 445464.939318146964069 ] } },
{ "type": "Feature", "properties": { "fid": 1016, "stop_id": 874, "stop_code": 6070, "stop_name": "AUBURN ST + BRYN MAWR ST", "stop_lat": 42.21362, "stop_lon": -71.84252, "total_stops": 76, "total_weekday_stops": 29, "total_weekday_am_stops": 2, "high_freq": false }, "geometry": { "type": "Point", "coordinates": [ 1276693.452161129796878, 445056.573403477843385 ] } },
{ "type": "Feature", "properties": { "fid": 1017, "stop_id": 878, "stop_code": 698, "stop_name": "MAY ST + WSU", "stop_lat": 42.26686, "stop_lon": -71.84028, "total_stops": 108, "total_weekday_stops": 44, "total_weekday_am_stops": 5, "high_freq": false }, "geometry": { "type": "Point", "coordinates": [ 1277600.343412855407223, 464449.162784901331179 ] } },
{ "type": "Feature", "properties": { "fid": 1018, "stop_id": 918, "stop_code": 445, "stop_name": "HIGHLAND ST + GERMAIN ST", "stop_lat": 42.27023, "stop_lon": -71.81814, "total_stops": 54, "total_weekday_stops": 22, "total_weekday_am_stops": 2, "high_freq": false }, "geometry": { "type": "Point", "coordinates": [ 1283611.897323481040075, 465585.376246221770998 ] } },
{ "type": "Feature", "properties": { "fid": 1019, "stop_id": 919, "stop_code": 446, "stop_name": "HIGHLAND ST + HAVILAND ST", "stop_lat": 42.27025, "stop_lon": -71.81959, "total_stops": 54, "total_weekday_stops": 22, "total_weekday_am_stops": 2, "high_freq": false }, "geometry": { "type": "Point", "coordinates": [ 1283219.540922696935013, 465598.637667888542637 ] } },
{ "type": "Feature", "properties": { "fid": 1020, "stop_id": 920, "stop_code": 447, "stop_name": "HIGHLAND ST + SUBURBAN RD", "stop_lat": 42.27004, "stop_lon": -71.8217, "total_stops": 54, "total_weekday_stops": 22, "total_weekday_am_stops": 2, "high_freq": false }, "geometry": { "type": "Point", "coordinates": [ 1282647.266377634834498, 465530.810358604823705 ] } },
{ "type": "Feature", "properties": { "fid": 1021, "stop_id": 921, "stop_code": 448, "stop_name": "HIGHLAND ST + NEWTON SQ", "stop_lat": 42.26991, "stop_lon": -71.82463, "total_stops": 54, "total_weekday_stops": 22, "total_weekday_am_stops": 2, "high_freq": false }, "geometry": { "type": "Point", "coordinates": [ 1281853.48570521781221, 465495.542927638045512 ] } },
{ "type": "Feature", "properties": { "fid": 1022, "stop_id": 924, "stop_code": 484, "stop_name": "JUNE ST + NEVADA ST", "stop_lat": 42.26754, "stop_lon": -71.82876, "total_stops": 54, "total_weekday_stops": 22, "total_weekday_am_stops": 2, "high_freq": false }, "geometry": { "type": "Point", "coordinates": [ 1280722.383388516725972, 464648.956560236285441 ] } },
{ "type": "Feature", "properties": { "fid": 1023, "stop_id": 925, "stop_code": 485, "stop_name": "JUNE ST + HADWEN RD", "stop_lat": 42.26643, "stop_lon": -71.83039, "total_stops": 54, "total_weekday_stops": 22, "total_weekday_am_stops": 2, "high_freq": false }, "geometry": { "type": "Point", "coordinates": [ 1280274.968325904803351, 464251.208497147890739 ] } },
{ "type": "Feature", "properties": { "fid": 1024, "stop_id": 926, "stop_code": 486, "stop_name": "JUNE ST + EDGEWOOD ST", "stop_lat": 42.26553, "stop_lon": -71.83167, "total_stops": 54, "total_weekday_stops": 22, "total_weekday_am_stops": 2, "high_freq": false }, "geometry": { "type": "Point", "coordinates": [ 1279923.454685123637319, 463928.543350964959245 ] } },
{ "type": "Feature", "properties": { "fid": 1025, "stop_id": 927, "stop_code": 487, "stop_name": "JUNE ST + CHANDLER ST", "stop_lat": 42.26411, "stop_lon": -71.83378, "total_stops": 54, "total_weekday_stops": 22, "total_weekday_am_stops": 2, "high_freq": false }, "geometry": { "type": "Point", "coordinates": [ 1279344.342132442165166, 463419.837221681489609 ] } },
{ "type": "Feature", "properties": { "fid": 1026, "stop_id": 946, "stop_code": 1114, "stop_name": "West Boylston St + Vendora Rd", "stop_lat": 42.323338, "stop_lon": -71.794049, "total_stops": 185, "total_weekday_stops": 81, "total_weekday_am_stops": 10, "high_freq": true }, "geometry": { "type": "Point", "coordinates": [ 1290421.559892054880038, 484841.624670084624086 ] } },
{ "type": "Feature", "properties": { "fid": 1027, "stop_id": 947, "stop_code": 1115, "stop_name": "West Boylston St + 829 West Boylston St", "stop_lat": 42.322203, "stop_lon": -71.794499, "total_stops": 185, "total_weekday_stops": 81, "total_weekday_am_stops": 10, "high_freq": true }, "geometry": { "type": "Point", "coordinates": [ 1290293.680927314795554, 484429.801312674651854 ] } },
{ "type": "Feature", "properties": { "fid": 1028, "stop_id": 948, "stop_code": 1116, "stop_name": "West Boylston St + Volkman Rd", "stop_lat": 42.320903, "stop_lon": -71.795065, "total_stops": 185, "total_weekday_stops": 81, "total_weekday_am_stops": 10, "high_freq": true }, "geometry": { "type": "Point", "coordinates": [ 1290133.526337215444073, 483958.31491242343327 ] } },
{ "type": "Feature", "properties": { "fid": 1029, "stop_id": 949, "stop_code": 1117, "stop_name": "West Boylston St + Clyde Rd", "stop_lat": 42.318427, "stop_lon": -71.795983, "total_stops": 185, "total_weekday_stops": 81, "total_weekday_am_stops": 11, "high_freq": true }, "geometry": { "type": "Point", "coordinates": [ 1289871.754197117639706, 483059.671229661093093 ] } },
{ "type": "Feature", "properties": { "fid": 1030, "stop_id": 1030, "stop_code": 8065, "stop_name": "Big Y Plaza", "stop_lat": 42.233071, "stop_lon": -72.01353, "total_stops": 22, "total_weekday_stops": 11, "total_weekday_am_stops": 2, "high_freq": false }, "geometry": { "type": "Point", "coordinates": [ 1230490.682954569812864, 452908.105619352543727 ] } },
{ "type": "Feature", "properties": { "fid": 1031, "stop_id": 987, "stop_code": 258, "stop_name": "Gold Star Blvd + Frostholm St", "stop_lat": 42.29355, "stop_lon": -71.80244, "total_stops": 170, "total_weekday_stops": 69, "total_weekday_am_stops": 9, "high_freq": true }, "geometry": { "type": "Point", "coordinates": [ 1287989.103890168946236, 474019.727795440179761 ] } },
{ "type": "Feature", "properties": { "fid": 1032, "stop_id": 989, "stop_code": 1080, "stop_name": "WEST BOYLSTON ST + NEPONSET ST 1", "stop_lat": 42.29899, "stop_lon": -71.80207, "total_stops": 150, "total_weekday_stops": 59, "total_weekday_am_stops": 8, "high_freq": false }, "geometry": { "type": "Point", "coordinates": [ 1288119.00185198080726, 476000.757684001291636 ] } },
{ "type": "Feature", "properties": { "fid": 1033, "stop_id": 995, "stop_code": 1087, "stop_name": "WEST BOYLSTON ST + FALES ST", "stop_lat": 42.310407, "stop_lon": -71.798191, "total_stops": 150, "total_weekday_stops": 59, "total_weekday_am_stops": 8, "high_freq": false }, "geometry": { "type": "Point", "coordinates": [ 1289230.782701936084777, 480145.803031156538054 ] } },
{ "type": "Feature", "properties": { "fid": 1034, "stop_id": 996, "stop_code": 1088, "stop_name": "WEST BOYLSTON ST + RANDALL ST", "stop_lat": 42.31143, "stop_lon": -71.79784, "total_stops": 150, "total_weekday_stops": 59, "total_weekday_am_stops": 8, "high_freq": false }, "geometry": { "type": "Point", "coordinates": [ 1289331.311271755956113, 480517.20218966039829 ] } },
{ "type": "Feature", "properties": { "fid": 1035, "stop_id": 997, "stop_code": 1089, "stop_name": "WEST BOYLSTON ST + ASSUMPTION AVE", "stop_lat": 42.31289, "stop_lon": -71.7974, "total_stops": 150, "total_weekday_stops": 59, "total_weekday_am_stops": 8, "high_freq": false }, "geometry": { "type": "Point", "coordinates": [ 1289458.29475653078407, 481047.50158335082233 ] } },
{ "type": "Feature", "properties": { "fid": 1036, "stop_id": 998, "stop_code": 1090, "stop_name": "WEST BOYLSTON ST + QUINSIGMUND COMMUNITY COLLEGE", "stop_lat": 42.31538, "stop_lon": -71.79663, "total_stops": 190, "total_weekday_stops": 83, "total_weekday_am_stops": 11, "high_freq": true }, "geometry": { "type": "Point", "coordinates": [ 1289680.148461227770895, 481951.839431126601994 ] } },
{ "type": "Feature", "properties": { "fid": 1037, "stop_id": 999, "stop_code": 1091, "stop_name": "WEST BOYLSTON ST + MARLAND RD", "stop_lat": 42.31671, "stop_lon": -71.79625, "total_stops": 190, "total_weekday_stops": 83, "total_weekday_am_stops": 12, "high_freq": true }, "geometry": { "type": "Point", "coordinates": [ 1289790.180265022674575, 482435.007174765923992 ] } },
{ "type": "Feature", "properties": { "fid": 1038, "stop_id": 1058, "stop_code": 1178, "stop_name": "MILLBURY ST + WARD ST", "stop_lat": 42.247216, "stop_lon": -71.800657, "total_stops": 45, "total_weekday_stops": 13, "total_weekday_am_stops": 1, "high_freq": false }, "geometry": { "type": "Point", "coordinates": [ 1288218.103217665338889, 457126.876405884569976 ] } },
{ "type": "Feature", "properties": { "fid": 1039, "stop_id": 1059, "stop_code": 1177, "stop_name": "MILLBURY ST + HARLEM ST", "stop_lat": 42.246212, "stop_lon": -71.801274, "total_stops": 45, "total_weekday_stops": 13, "total_weekday_am_stops": 1, "high_freq": false }, "geometry": { "type": "Point", "coordinates": [ 1288045.547358918003738, 456763.498197688895743 ] } },
{ "type": "Feature", "properties": { "fid": 1040, "stop_id": 1060, "stop_code": 733, "stop_name": "MILLBURY ST + DIAMOND ST", "stop_lat": 42.244665, "stop_lon": -71.802254, "total_stops": 45, "total_weekday_stops": 13, "total_weekday_am_stops": 1, "high_freq": false }, "geometry": { "type": "Point", "coordinates": [ 1287771.722063562367111, 456203.713765290856827 ] } },
{ "type": "Feature", "properties": { "fid": 1041, "stop_id": 1061, "stop_code": 734, "stop_name": "MILLBURY ST + PERRY AVE", "stop_lat": 42.242862, "stop_lon": -71.80248, "total_stops": 45, "total_weekday_stops": 13, "total_weekday_am_stops": 1, "high_freq": false }, "geometry": { "type": "Point", "coordinates": [ 1287700.651483540656045, 455547.569947536685504 ] } },
{ "type": "Feature", "properties": { "fid": 1042, "stop_id": 1062, "stop_code": 735, "stop_name": "MILLBURY ST + FIFTH AVE", "stop_lat": 42.240918, "stop_lon": -71.801648, "total_stops": 45, "total_weekday_stops": 13, "total_weekday_am_stops": 1, "high_freq": false }, "geometry": { "type": "Point", "coordinates": [ 1287915.302166634472087, 454835.737688076449558 ] } },
{ "type": "Feature", "properties": { "fid": 1043, "stop_id": 1063, "stop_code": 736, "stop_name": "MILLBURY ST + ESTHER ST", "stop_lat": 42.239981, "stop_lon": -71.800686, "total_stops": 45, "total_weekday_stops": 13, "total_weekday_am_stops": 1, "high_freq": false }, "geometry": { "type": "Point", "coordinates": [ 1288170.67832080530934, 454490.357897993177176 ] } },
{ "type": "Feature", "properties": { "fid": 1044, "stop_id": 1066, "stop_code": 7030, "stop_name": "Webster Center", "stop_lat": 42.049176, "stop_lon": -71.884827, "total_stops": 52, "total_weekday_stops": 19, "total_weekday_am_stops": 4, "high_freq": false }, "geometry": { "type": "Point", "coordinates": [ 1264274.775898996274918, 385312.637364215450361 ] } },
{ "type": "Feature", "properties": { "fid": 1045, "stop_id": 1121, "stop_code": 310, "stop_name": "GRAFTON ST + CLARISSA ST", "stop_lat": 42.237803, "stop_lon": -71.752486, "total_stops": 72, "total_weekday_stops": 21, "total_weekday_am_stops": 2, "high_freq": false }, "geometry": { "type": "Point", "coordinates": [ 1301211.590017581125721, 453504.358760014118161 ] } },
{ "type": "Feature", "properties": { "fid": 1046, "stop_id": 1122, "stop_code": 1179, "stop_name": "GRAFTON ST + MONTEFORTE ST", "stop_lat": 42.239368, "stop_lon": -71.753186, "total_stops": 72, "total_weekday_stops": 21, "total_weekday_am_stops": 2, "high_freq": false }, "geometry": { "type": "Point", "coordinates": [ 1301030.272775986697525, 454077.432340451516211 ] } },
{ "type": "Feature", "properties": { "fid": 1047, "stop_id": 1125, "stop_code": 311, "stop_name": "Grafton St at Pine Hill", "stop_lat": 42.243605, "stop_lon": -71.756301, "total_stops": 102, "total_weekday_stops": 36, "total_weekday_am_stops": 3, "high_freq": false }, "geometry": { "type": "Point", "coordinates": [ 1300209.115066818660125, 455633.737168392108288 ] } },
{ "type": "Feature", "properties": { "fid": 1048, "stop_id": 1130, "stop_code": 293, "stop_name": "Grafton St at Jenngs", "stop_lat": 42.24854, "stop_lon": -71.762023, "total_stops": 102, "total_weekday_stops": 36, "total_weekday_am_stops": 3, "high_freq": false }, "geometry": { "type": "Point", "coordinates": [ 1298685.891402419190854, 457454.715326410834678 ] } },
{ "type": "Feature", "properties": { "fid": 1049, "stop_id": 1131, "stop_code": 315, "stop_name": "Grafton St at Bangor", "stop_lat": 42.250605, "stop_lon": -71.764928, "total_stops": 102, "total_weekday_stops": 36, "total_weekday_am_stops": 3, "high_freq": false }, "geometry": { "type": "Point", "coordinates": [ 1297910.315170650370419, 458218.733192593907006 ] } },
{ "type": "Feature", "properties": { "fid": 1050, "stop_id": 1132, "stop_code": 299, "stop_name": "Grafton St at Corre", "stop_lat": 42.250686, "stop_lon": -71.76854, "total_stops": 102, "total_weekday_stops": 36, "total_weekday_am_stops": 3, "high_freq": false }, "geometry": { "type": "Point", "coordinates": [ 1296932.790634417673573, 458262.546860185742844 ] } },
{ "type": "Feature", "properties": { "fid": 1051, "stop_id": 1134, "stop_code": 300, "stop_name": "Grafton St at Dana", "stop_lat": 42.250526, "stop_lon": -71.773555, "total_stops": 102, "total_weekday_stops": 36, "total_weekday_am_stops": 3, "high_freq": false }, "geometry": { "type": "Point", "coordinates": [ 1295574.114601863315329, 458224.15271023393143 ] } },
{ "type": "Feature", "properties": { "fid": 1052, "stop_id": 1135, "stop_code": 301, "stop_name": "Grafton St at Delmont", "stop_lat": 42.250225, "stop_lon": -71.775311, "total_stops": 102, "total_weekday_stops": 36, "total_weekday_am_stops": 3, "high_freq": false }, "geometry": { "type": "Point", "coordinates": [ 1295097.059684410691261, 458121.450827052351087 ] } },
{ "type": "Feature", "properties": { "fid": 1053, "stop_id": 1136, "stop_code": 318, "stop_name": "Grafton St at Puritan", "stop_lat": 42.250961, "stop_lon": -71.777104, "total_stops": 102, "total_weekday_stops": 36, "total_weekday_am_stops": 3, "high_freq": false }, "geometry": { "type": "Point", "coordinates": [ 1294615.551734213484451, 458396.820753515290562 ] } },
{ "type": "Feature", "properties": { "fid": 1054, "stop_id": 1138, "stop_code": 303, "stop_name": "Grafton St at Rugby", "stop_lat": 42.251006, "stop_lon": -71.779714, "total_stops": 102, "total_weekday_stops": 36, "total_weekday_am_stops": 3, "high_freq": false }, "geometry": { "type": "Point", "coordinates": [ 1293909.13619247591123, 458423.644522482820321 ] } },
{ "type": "Feature", "properties": { "fid": 1055, "stop_id": 1140, "stop_code": 295, "stop_name": "Grafton St at Hale", "stop_lat": 42.254396, "stop_lon": -71.78364, "total_stops": 102, "total_weekday_stops": 36, "total_weekday_am_stops": 3, "high_freq": false }, "geometry": { "type": "Point", "coordinates": [ 1292864.471826179884374, 459674.784501906426158 ] } },
{ "type": "Feature", "properties": { "fid": 1056, "stop_id": 1203, "stop_code": 170, "stop_name": "CHANDLER ST + COOLIDGE RD", "stop_lat": 42.262341, "stop_lon": -71.825745, "total_stops": 57, "total_weekday_stops": 17, "total_weekday_am_stops": 2, "high_freq": false }, "geometry": { "type": "Point", "coordinates": [ 1281509.493122321087867, 462741.787208244961221 ] } },
{ "type": "Feature", "properties": { "fid": 1057, "stop_id": 1204, "stop_code": 171, "stop_name": "CHANDLER ST + MAYFIELD ST", "stop_lat": 42.262256, "stop_lon": -71.823853, "total_stops": 57, "total_weekday_stops": 17, "total_weekday_am_stops": 2, "high_freq": false }, "geometry": { "type": "Point", "coordinates": [ 1282021.184417417272925, 462702.981204025505576 ] } },
{ "type": "Feature", "properties": { "fid": 1058, "stop_id": 1205, "stop_code": 159, "stop_name": "CHANDLER ST + ABBOTT ST", "stop_lat": 42.261771, "stop_lon": -71.82182, "total_stops": 57, "total_weekday_stops": 17, "total_weekday_am_stops": 2, "high_freq": false }, "geometry": { "type": "Point", "coordinates": [ 1282568.82265022653155, 462517.832322603731882 ] } },
{ "type": "Feature", "properties": { "fid": 1059, "stop_id": 1206, "stop_code": 160, "stop_name": "CHANDLER ST + DEWEY ST", "stop_lat": 42.261351, "stop_lon": -71.820213, "total_stops": 56, "total_weekday_stops": 17, "total_weekday_am_stops": 2, "high_freq": false }, "geometry": { "type": "Point", "coordinates": [ 1283001.51002880721353, 462358.140706025180407 ] } },
{ "type": "Feature", "properties": { "fid": 1060, "stop_id": 1208, "stop_code": 173, "stop_name": "CHANDLER ST + KING ST", "stop_lat": 42.260459, "stop_lon": -71.816035, "total_stops": 56, "total_weekday_stops": 17, "total_weekday_am_stops": 2, "high_freq": false }, "geometry": { "type": "Point", "coordinates": [ 1284127.577052845619619, 462015.866740832687356 ] } },
{ "type": "Feature", "properties": { "fid": 1061, "stop_id": 1268, "stop_code": 717, "stop_name": "MAYWOOD ST + BEAVER BROOK PKWY", "stop_lat": 42.25388, "stop_lon": -71.830211, "total_stops": 86, "total_weekday_stops": 31, "total_weekday_am_stops": 4, "high_freq": false }, "geometry": { "type": "Point", "coordinates": [ 1280253.218175331829116, 459676.884010649810079 ] } },
{ "type": "Feature", "properties": { "fid": 1062, "stop_id": 1269, "stop_code": 795, "stop_name": "Park Ave + Shirley St", "stop_lat": 42.25351, "stop_lon": -71.8271, "total_stops": 106, "total_weekday_stops": 41, "total_weekday_am_stops": 5, "high_freq": false }, "geometry": { "type": "Point", "coordinates": [ 1281093.411278374493122, 459529.132539456884842 ] } },
{ "type": "Feature", "properties": { "fid": 1063, "stop_id": 1270, "stop_code": 796, "stop_name": "Park Ave + Downing St", "stop_lat": 42.255465, "stop_lon": -71.824799, "total_stops": 106, "total_weekday_stops": 41, "total_weekday_am_stops": 5, "high_freq": false }, "geometry": { "type": "Point", "coordinates": [ 1281727.268798321951181, 460232.058024570229463 ] } },
{ "type": "Feature", "properties": { "fid": 1064, "stop_id": 1271, "stop_code": 797, "stop_name": "Park Ave + W. Oberlin St", "stop_lat": 42.25586, "stop_lon": -71.82437, "total_stops": 106, "total_weekday_stops": 41, "total_weekday_am_stops": 5, "high_freq": false }, "geometry": { "type": "Point", "coordinates": [ 1281845.611378010828048, 460374.23204506986076 ] } },
{ "type": "Feature", "properties": { "fid": 1065, "stop_id": 1272, "stop_code": 798, "stop_name": "Park Ave at May", "stop_lat": 42.2569, "stop_lon": -71.823091, "total_stops": 86, "total_weekday_stops": 31, "total_weekday_am_stops": 4, "high_freq": false }, "geometry": { "type": "Point", "coordinates": [ 1282197.658081998582929, 460747.948743282700889 ] } },
{ "type": "Feature", "properties": { "fid": 1066, "stop_id": 1273, "stop_code": 705, "stop_name": "May St at Dewey", "stop_lat": 42.256773, "stop_lon": -71.822233, "total_stops": 77, "total_weekday_stops": 31, "total_weekday_am_stops": 4, "high_freq": false }, "geometry": { "type": "Point", "coordinates": [ 1282429.232290860032663, 460698.121137324313167 ] } },
{ "type": "Feature", "properties": { "fid": 1067, "stop_id": 1274, "stop_code": 703, "stop_name": "May St at Mason", "stop_lat": 42.256416, "stop_lon": -71.820683, "total_stops": 77, "total_weekday_stops": 31, "total_weekday_am_stops": 4, "high_freq": false }, "geometry": { "type": "Point", "coordinates": [ 1282846.871222441783175, 460561.621455588203389 ] } },
{ "type": "Feature", "properties": { "fid": 1068, "stop_id": 1275, "stop_code": 704, "stop_name": "May St at Hollywood", "stop_lat": 42.256036, "stop_lon": -71.819192, "total_stops": 77, "total_weekday_stops": 31, "total_weekday_am_stops": 4, "high_freq": false }, "geometry": { "type": "Point", "coordinates": [ 1283248.414453120203689, 460416.990505561116152 ] } },
{ "type": "Feature", "properties": { "fid": 1069, "stop_id": 1277, "stop_code": 1142, "stop_name": "Woodland St at old fire station", "stop_lat": 42.257137, "stop_lon": -71.817112, "total_stops": 77, "total_weekday_stops": 31, "total_weekday_am_stops": 4, "high_freq": false }, "geometry": { "type": "Point", "coordinates": [ 1283817.624496953096241, 460809.661707035033032 ] } },
{ "type": "Feature", "properties": { "fid": 1070, "stop_id": 1278, "stop_code": 1143, "stop_name": "Woodland St at King", "stop_lat": 42.2583, "stop_lon": -71.816256, "total_stops": 77, "total_weekday_stops": 31, "total_weekday_am_stops": 4, "high_freq": false }, "geometry": { "type": "Point", "coordinates": [ 1284055.800154787488282, 461229.972021289286204 ] } },
{ "type": "Feature", "properties": { "fid": 1071, "stop_id": 1280, "stop_code": 909, "stop_name": "Queen St at Chandler", "stop_lat": 42.260468, "stop_lon": -71.81353, "total_stops": 77, "total_weekday_stops": 31, "total_weekday_am_stops": 4, "high_freq": false }, "geometry": { "type": "Point", "coordinates": [ 1284805.751411513192579, 462008.858458561648149 ] } },
{ "type": "Feature", "properties": { "fid": 1072, "stop_id": 1286, "stop_code": 499, "stop_name": "King St at Bluff", "stop_lat": 42.258705, "stop_lon": -71.816335, "total_stops": 74, "total_weekday_stops": 29, "total_weekday_am_stops": 4, "high_freq": false }, "geometry": { "type": "Point", "coordinates": [ 1284036.655337924137712, 461377.890755434869789 ] } },
{ "type": "Feature", "properties": { "fid": 1073, "stop_id": 1398, "stop_code": 3085, "stop_name": "Rt 169 Entering Charlton", "stop_lat": 42.101753, "stop_lon": -72.017648, "total_stops": 20, "total_weekday_stops": 7, "total_weekday_am_stops": 1, "high_freq": false }, "geometry": { "type": "Point", "coordinates": [ 1228537.442138740094379, 405075.14836857363116 ] } },
{ "type": "Feature", "properties": { "fid": 1074, "stop_id": 1399, "stop_code": 3086, "stop_name": "Southbridge Rd (rt 169) and Snake Hill Rd", "stop_lat": 42.126763, "stop_lon": -72.005592, "total_stops": 20, "total_weekday_stops": 7, "total_weekday_am_stops": 1, "high_freq": false }, "geometry": { "type": "Point", "coordinates": [ 1231967.36209887964651, 414131.583389739971608 ] } },
{ "type": "Feature", "properties": { "fid": 1075, "stop_id": 1390, "stop_code": 3077, "stop_name": "Rt 169 and Crystal St", "stop_lat": 42.073723, "stop_lon": -72.026422, "total_stops": 20, "total_weekday_stops": 7, "total_weekday_am_stops": 1, "high_freq": false }, "geometry": { "type": "Point", "coordinates": [ 1225976.57726160925813, 394903.14289046113845 ] } },
{ "type": "Feature", "properties": { "fid": 1076, "stop_id": 1397, "stop_code": 3084, "stop_name": "Rt 169 and Vinton St in", "stop_lat": 42.090675, "stop_lon": -72.022678, "total_stops": 20, "total_weekday_stops": 7, "total_weekday_am_stops": 1, "high_freq": false }, "geometry": { "type": "Point", "coordinates": [ 1227101.546324740629643, 401062.374793681083247 ] } },
{ "type": "Feature", "properties": { "fid": 1077, "stop_id": 1394, "stop_code": 3081, "stop_name": "Central St southbridge and Hook St", "stop_lat": 42.077035, "stop_lon": -72.032178, "total_stops": 20, "total_weekday_stops": 7, "total_weekday_am_stops": 1, "high_freq": false }, "geometry": { "type": "Point", "coordinates": [ 1224435.261208088602871, 396137.568627807835583 ] } },
{ "type": "Feature", "properties": { "fid": 1078, "stop_id": 1396, "stop_code": 3083, "stop_name": "Central St and Morton St", "stop_lat": 42.080312, "stop_lon": -72.028957, "total_stops": 20, "total_weekday_stops": 7, "total_weekday_am_stops": 1, "high_freq": false }, "geometry": { "type": "Point", "coordinates": [ 1225330.72942400816828, 397316.222907727002166 ] } },
{ "type": "Feature", "properties": { "fid": 1079, "stop_id": 1389, "stop_code": 3076, "stop_name": "Rt 169 and Optical Drive", "stop_lat": 42.07606, "stop_lon": -72.026763, "total_stops": 20, "total_weekday_stops": 7, "total_weekday_am_stops": 1, "high_freq": false }, "geometry": { "type": "Point", "coordinates": [ 1225899.004674939438701, 395756.346460003813263 ] } },
{ "type": "Feature", "properties": { "fid": 1080, "stop_id": 1391, "stop_code": 3078, "stop_name": "Rt 131 and Maple St", "stop_lat": 42.073335, "stop_lon": -72.028638, "total_stops": 20, "total_weekday_stops": 7, "total_weekday_am_stops": 1, "high_freq": false }, "geometry": { "type": "Point", "coordinates": [ 1225372.477698743809015, 394772.365233728021849 ] } },
{ "type": "Feature", "properties": { "fid": 1081, "stop_id": 1392, "stop_code": 3079, "stop_name": "Downtown Southbridge", "stop_lat": 42.074955, "stop_lon": -72.033392, "total_stops": 20, "total_weekday_stops": 7, "total_weekday_am_stops": 1, "high_freq": false }, "geometry": { "type": "Point", "coordinates": [ 1224092.287365461699665, 395385.473220835498068 ] } },
{ "type": "Feature", "properties": { "fid": 1082, "stop_id": 1395, "stop_code": 3082, "stop_name": "Central St and Charlton St", "stop_lat": 42.078738, "stop_lon": -72.030125, "total_stops": 20, "total_weekday_stops": 7, "total_weekday_am_stops": 1, "high_freq": false }, "geometry": { "type": "Point", "coordinates": [ 1225003.543132973369211, 396748.273033282370307 ] } },
{ "type": "Feature", "properties": { "fid": 1083, "stop_id": 1379, "stop_code": 9003, "stop_name": "WAVERLY ST + CORAL ST", "stop_lat": 42.25636, "stop_lon": -71.79196, "total_stops": 63, "total_weekday_stops": 21, "total_weekday_am_stops": 3, "high_freq": false }, "geometry": { "type": "Point", "coordinates": [ 1290622.625283903675154, 460423.998383946891408 ] } },
{ "type": "Feature", "properties": { "fid": 1084, "stop_id": 1386, "stop_code": 3056, "stop_name": "Major Taylor BLVD at Foster St", "stop_lat": 42.264228, "stop_lon": -71.797898, "total_stops": 303, "total_weekday_stops": 112, "total_weekday_am_stops": 12, "high_freq": true }, "geometry": { "type": "Point", "coordinates": [ 1289057.99373493110761, 463315.361052019230556 ] } },
{ "type": "Feature", "properties": { "fid": 1085, "stop_id": 1638, "stop_code": 3539, "stop_name": "Providence St and Ames St", "stop_lat": 42.2421, "stop_lon": -71.79119, "total_stops": 63, "total_weekday_stops": 21, "total_weekday_am_stops": 2, "high_freq": false }, "geometry": { "type": "Point", "coordinates": [ 1290753.657282174564898, 455224.127370524103753 ] } },
{ "type": "Feature", "properties": { "fid": 1086, "stop_id": 1641, "stop_code": 3542, "stop_name": "Heywood St and Jones St", "stop_lat": 42.24841, "stop_lon": -71.78805, "total_stops": 63, "total_weekday_stops": 21, "total_weekday_am_stops": 3, "high_freq": false }, "geometry": { "type": "Point", "coordinates": [ 1291638.105971021810547, 457511.021589958632831 ] } },
{ "type": "Feature", "properties": { "fid": 1087, "stop_id": 1572, "stop_code": 3522, "stop_name": "END OF LINE JULIO DRIVE", "stop_lat": 42.291201, "stop_lon": -71.70219, "total_stops": 68, "total_weekday_stops": 26, "total_weekday_am_stops": 3, "high_freq": false }, "geometry": { "type": "Point", "coordinates": [ 1315102.088381489505991, 472771.684703351056669 ] } },
{ "type": "Feature", "properties": { "fid": 1088, "stop_id": 1574, "stop_code": 3502, "stop_name": "Coppage Dr EOL", "stop_lat": 42.261624, "stop_lon": -71.870196, "total_stops": 67, "total_weekday_stops": 41, "total_weekday_am_stops": 4, "high_freq": false }, "geometry": { "type": "Point", "coordinates": [ 1269472.523566763382405, 462667.658216391922906 ] } },
{ "type": "Feature", "properties": { "fid": 1089, "stop_id": 1583, "stop_code": 3525, "stop_name": "SUMMER AND ASYLUM", "stop_lat": 42.263843, "stop_lon": -71.794966, "total_stops": 40, "total_weekday_stops": 24, "total_weekday_am_stops": 3, "high_freq": false }, "geometry": { "type": "Point", "coordinates": [ 1289849.570386161096394, 463163.181772437237669 ] } },
{ "type": "Feature", "properties": { "fid": 1090, "stop_id": 1585, "stop_code": 3527, "stop_name": "SUMMER AND MLK IN", "stop_lat": 42.26597, "stop_lon": -71.795605, "total_stops": 38, "total_weekday_stops": 23, "total_weekday_am_stops": 2, "high_freq": false }, "geometry": { "type": "Point", "coordinates": [ 1289688.184751182096079, 463940.913381390157156 ] } },
{ "type": "Feature", "properties": { "fid": 1091, "stop_id": 1586, "stop_code": 3528, "stop_name": "SUMMER AND BRIDGE STREET", "stop_lat": 42.26364, "stop_lon": -71.795054, "total_stops": 38, "total_weekday_stops": 23, "total_weekday_am_stops": 2, "high_freq": false }, "geometry": { "type": "Point", "coordinates": [ 1289824.643677923828363, 463089.558132161968388 ] } },
{ "type": "Feature", "properties": { "fid": 1092, "stop_id": 1606, "stop_code": 3534, "stop_name": "Backstone River Rd - Imperial inbound", "stop_lat": 42.228756, "stop_lon": -71.789233, "total_stops": 10, "total_weekday_stops": 5, "total_weekday_am_stops": 1, "high_freq": false }, "geometry": { "type": "Point", "coordinates": [ 1291211.243277439149097, 450353.318739672540687 ] } },
{ "type": "Feature", "properties": { "fid": 1093, "stop_id": 1607, "stop_code": 3533, "stop_name": "Tobia Boland and Blackstone Inbound", "stop_lat": 42.228167, "stop_lon": -71.786778, "total_stops": 52, "total_weekday_stops": 17, "total_weekday_am_stops": 3, "high_freq": false }, "geometry": { "type": "Point", "coordinates": [ 1291872.975712723797187, 450128.789235955628101 ] } },
{ "type": "Feature", "properties": { "fid": 1094, "stop_id": 1609, "stop_code": 3532, "stop_name": "Tobias Boland + Blackstone River Rd", "stop_lat": 42.22809, "stop_lon": -71.78686, "total_stops": 116, "total_weekday_stops": 38, "total_weekday_am_stops": 4, "high_freq": false }, "geometry": { "type": "Point", "coordinates": [ 1291850.349697139346972, 450101.058185421279632 ] } },
{ "type": "Feature", "properties": { "fid": 1095, "stop_id": 1610, "stop_code": 3535, "stop_name": "Blackston River Road - Imperial outbound", "stop_lat": 42.228814, "stop_lon": -71.789086, "total_stops": 8, "total_weekday_stops": 4, "total_weekday_am_stops": 0, "high_freq": false }, "geometry": { "type": "Point", "coordinates": [ 1291251.371598266996443, 450373.863205429632217 ] } },
{ "type": "Feature", "properties": { "fid": 1096, "stop_id": 1611, "stop_code": 3536, "stop_name": "Lincoln St Natl Guide  Armory", "stop_lat": 42.2971, "stop_lon": -71.7603, "total_stops": 52, "total_weekday_stops": 21, "total_weekday_am_stops": 2, "high_freq": false }, "geometry": { "type": "Point", "coordinates": [ 1299409.774507525144145, 475144.89951336372178 ] } },
{ "type": "Feature", "properties": { "fid": 1097, "stop_id": 1612, "stop_code": 3530, "stop_name": "Union Station Garage Franklin St", "stop_lat": 42.26021, "stop_lon": -71.79519, "total_stops": 291, "total_weekday_stops": 115, "total_weekday_am_stops": 14, "high_freq": true }, "geometry": { "type": "Point", "coordinates": [ 1289769.147334799403325, 461840.109095664753113 ] } },
{ "type": "Feature", "properties": { "fid": 1098, "stop_id": 1613, "stop_code": 3531, "stop_name": "Tobias Boland + Sam's Club", "stop_lat": 42.23056, "stop_lon": -71.787, "total_stops": 116, "total_weekday_stops": 38, "total_weekday_am_stops": 4, "high_freq": false }, "geometry": { "type": "Point", "coordinates": [ 1291825.799018323188648, 451001.754884166410193 ] } },
{ "type": "Feature", "properties": { "fid": 1099, "stop_id": 1694, "stop_code": 724, "stop_name": "Mill St at Second", "stop_lat": 42.255584, "stop_lon": -71.846908, "total_stops": 86, "total_weekday_stops": 31, "total_weekday_am_stops": 4, "high_freq": false }, "geometry": { "type": "Point", "coordinates": [ 1275742.407884928165004, 460367.689780291286297 ] } },
{ "type": "Feature", "properties": { "fid": 1100, "stop_id": 1696, "stop_code": 895, "stop_name": "Providence St at Astrid", "stop_lat": 42.240779, "stop_lon": -71.791608, "total_stops": 103, "total_weekday_stops": 36, "total_weekday_am_stops": 4, "high_freq": false }, "geometry": { "type": "Point", "coordinates": [ 1290633.293486626585945, 454744.404419930302538 ] } },
{ "type": "Feature", "properties": { "fid": 1101, "stop_id": 1700, "stop_code": 3585, "stop_name": "Blithewood and Oakwood", "stop_lat": 42.235608, "stop_lon": -71.756218, "total_stops": 72, "total_weekday_stops": 21, "total_weekday_am_stops": 3, "high_freq": false }, "geometry": { "type": "Point", "coordinates": [ 1300189.344779243459925, 452719.063926750328392 ] } },
{ "type": "Feature", "properties": { "fid": 1102, "stop_id": 1701, "stop_code": 3586, "stop_name": "Blithewood and HICKORY HILL", "stop_lat": 42.236008, "stop_lon": -71.761249, "total_stops": 72, "total_weekday_stops": 21, "total_weekday_am_stops": 3, "high_freq": false }, "geometry": { "type": "Point", "coordinates": [ 1298828.993323700502515, 452884.625006512156688 ] } },
{ "type": "Feature", "properties": { "fid": 1103, "stop_id": 1702, "stop_code": 3587, "stop_name": "Blithewood and OPP HICKORY HILL", "stop_lat": 42.235855, "stop_lon": -71.761341, "total_stops": 72, "total_weekday_stops": 21, "total_weekday_am_stops": 2, "high_freq": false }, "geometry": { "type": "Point", "coordinates": [ 1298803.266922724898905, 452829.229955288930796 ] } },
{ "type": "Feature", "properties": { "fid": 1104, "stop_id": 1703, "stop_code": 3588, "stop_name": "Blithewood and OPP OAKWOOD LANE", "stop_lat": 42.235496, "stop_lon": -71.756385, "total_stops": 72, "total_weekday_stops": 21, "total_weekday_am_stops": 2, "high_freq": false }, "geometry": { "type": "Point", "coordinates": [ 1300143.526833955431357, 452678.903454166196752 ] } },
{ "type": "Feature", "properties": { "fid": 1105, "stop_id": 1712, "stop_code": 3597, "stop_name": "GRANITE ST and WINTHROP ST", "stop_lat": 42.24766, "stop_lon": -71.79024, "total_stops": 63, "total_weekday_stops": 21, "total_weekday_am_stops": 2, "high_freq": false }, "geometry": { "type": "Point", "coordinates": [ 1291041.071612179046497, 457246.520297756826039 ] } },
{ "type": "Feature", "properties": { "fid": 1106, "stop_id": 1029, "stop_code": 8060, "stop_name": "Big Y Plaza", "stop_lat": 42.232836, "stop_lon": -72.013776, "total_stops": 22, "total_weekday_stops": 11, "total_weekday_am_stops": 1, "high_freq": false }, "geometry": { "type": "Point", "coordinates": [ 1230422.566928890533745, 452823.632497437647544 ] } },
{ "type": "Feature", "properties": { "fid": 1107, "stop_id": 1842, "stop_code": 9063, "stop_name": "Holcombe St + Wabash Ave", "stop_lat": 42.24635, "stop_lon": -71.78977, "total_stops": 63, "total_weekday_stops": 21, "total_weekday_am_stops": 2, "high_freq": false }, "geometry": { "type": "Point", "coordinates": [ 1291161.22533451509662, 456767.223732990270946 ] } },
{ "type": "Feature", "properties": { "fid": 1108, "stop_id": 1845, "stop_code": 9067, "stop_name": "1351 Pleasant St", "stop_lat": 42.28149, "stop_lon": -71.87623, "total_stops": 40, "total_weekday_stops": 16, "total_weekday_am_stops": 2, "high_freq": false }, "geometry": { "type": "Point", "coordinates": [ 1267954.086851005675271, 469933.259014480747283 ] } },
{ "type": "Feature", "properties": { "fid": 1109, "stop_id": 1846, "stop_code": 9068, "stop_name": "Auburn St + Opp Bryn Mawr Ave", "stop_lat": 42.21369, "stop_lon": -71.84243, "total_stops": 71, "total_weekday_stops": 27, "total_weekday_am_stops": 3, "high_freq": false }, "geometry": { "type": "Point", "coordinates": [ 1276718.228682335000485, 445081.705149505462032 ] } },
{ "type": "Feature", "properties": { "fid": 1110, "stop_id": 1847, "stop_code": 9070, "stop_name": "Main St + Hitchcock Rd", "stop_lat": 42.24618, "stop_lon": -71.82958, "total_stops": 74, "total_weekday_stops": 27, "total_weekday_am_stops": 2, "high_freq": false }, "geometry": { "type": "Point", "coordinates": [ 1280381.000476965680718, 456868.173323011782486 ] } },
{ "type": "Feature", "properties": { "fid": 1111, "stop_id": 1849, "stop_code": 9072, "stop_name": "Main St + Grand St", "stop_lat": 42.25038, "stop_lon": -71.82183, "total_stops": 74, "total_weekday_stops": 27, "total_weekday_am_stops": 2, "high_freq": false }, "geometry": { "type": "Point", "coordinates": [ 1282502.798062506597489, 458366.667156200041063 ] } },
{ "type": "Feature", "properties": { "fid": 1112, "stop_id": 1852, "stop_code": 9075, "stop_name": "Auburn St Opp McDonald", "stop_lat": 42.20833, "stop_lon": -71.83559, "total_stops": 76, "total_weekday_stops": 29, "total_weekday_am_stops": 3, "high_freq": false }, "geometry": { "type": "Point", "coordinates": [ 1278541.108201156137511, 443099.780155444925185 ] } },
{ "type": "Feature", "properties": { "fid": 1113, "stop_id": 1853, "stop_code": 9077, "stop_name": "Gold Star Blvd + Woodbury St", "stop_lat": 42.28817, "stop_lon": -71.80516, "total_stops": 66, "total_weekday_stops": 28, "total_weekday_am_stops": 4, "high_freq": false }, "geometry": { "type": "Point", "coordinates": [ 1287223.625593848526478, 472070.137762256723363 ] } },
{ "type": "Feature", "properties": { "fid": 1114, "stop_id": 1854, "stop_code": 146, "stop_name": "Chandler St at Durant", "stop_lat": 42.265584, "stop_lon": -71.836382, "total_stops": 54, "total_weekday_stops": 22, "total_weekday_am_stops": 2, "high_freq": false }, "geometry": { "type": "Point", "coordinates": [ 1278648.284779332578182, 463967.856608847563621 ] } },
{ "type": "Feature", "properties": { "fid": 1115, "stop_id": 1856, "stop_code": 4055, "stop_name": "N Main at Grove St", "stop_lat": 42.191745, "stop_lon": -71.76075, "total_stops": 42, "total_weekday_stops": 12, "total_weekday_am_stops": 2, "high_freq": false }, "geometry": { "type": "Point", "coordinates": [ 1298729.46342174615711, 436752.080936962913256 ] } },
{ "type": "Feature", "properties": { "fid": 1116, "stop_id": 1857, "stop_code": 793, "stop_name": "Park Ave at Coes", "stop_lat": 42.249171, "stop_lon": -71.832247, "total_stops": 74, "total_weekday_stops": 25, "total_weekday_am_stops": 2, "high_freq": false }, "geometry": { "type": "Point", "coordinates": [ 1279675.619589494774118, 457969.26362650381634 ] } },
{ "type": "Feature", "properties": { "fid": 1117, "stop_id": 941, "stop_code": 1109, "stop_name": "West Boylston St at Cotuit", "stop_lat": 42.330071, "stop_lon": -71.79119, "total_stops": 103, "total_weekday_stops": 41, "total_weekday_am_stops": 4, "high_freq": false }, "geometry": { "type": "Point", "coordinates": [ 1291231.321864202385768, 487283.881251468439586 ] } },
{ "type": "Feature", "properties": { "fid": 1118, "stop_id": 942, "stop_code": 1110, "stop_name": "West Boylston St at Dixfield", "stop_lat": 42.328256, "stop_lon": -71.791634, "total_stops": 103, "total_weekday_stops": 41, "total_weekday_am_stops": 4, "high_freq": false }, "geometry": { "type": "Point", "coordinates": [ 1291101.398133322829381, 486624.207108428992797 ] } },
{ "type": "Feature", "properties": { "fid": 1119, "stop_id": 943, "stop_code": 1111, "stop_name": "West Boylston St at Stop & Shop", "stop_lat": 42.327201, "stop_lon": -71.791938, "total_stops": 103, "total_weekday_stops": 41, "total_weekday_am_stops": 4, "high_freq": false }, "geometry": { "type": "Point", "coordinates": [ 1291013.457242721458897, 486240.945852752833162 ] } },
{ "type": "Feature", "properties": { "fid": 1120, "stop_id": 944, "stop_code": 1112, "stop_name": "West Boylston St at Reynolds", "stop_lat": 42.325601, "stop_lon": -71.79278, "total_stops": 103, "total_weekday_stops": 41, "total_weekday_am_stops": 4, "high_freq": false }, "geometry": { "type": "Point", "coordinates": [ 1290777.057623143307865, 485661.234185940062162 ] } },
{ "type": "Feature", "properties": { "fid": 1121, "stop_id": 945, "stop_code": 1113, "stop_name": "West Boylston St at Malden", "stop_lat": 42.324723, "stop_lon": -71.793233, "total_stops": 103, "total_weekday_stops": 41, "total_weekday_am_stops": 4, "high_freq": false }, "geometry": { "type": "Point", "coordinates": [ 1290649.775332996854559, 485343.082091132760979 ] } },
{ "type": "Feature", "properties": { "fid": 1122, "stop_id": 73, "stop_code": 1144, "stop_name": "Walmart ParKing Lot", "stop_lat": 42.231748, "stop_lon": -71.789958, "total_stops": 240, "total_weekday_stops": 80, "total_weekday_am_stops": 10, "high_freq": true }, "geometry": { "type": "Point", "coordinates": [ 1291031.11219971999526, 451446.604908783861902 ] } },
{ "type": "Feature", "properties": { "fid": 1123, "stop_id": 101, "stop_code": 333, "stop_name": "Green St at Madison", "stop_lat": 42.255704, "stop_lon": -71.798152, "total_stops": 148, "total_weekday_stops": 49, "total_weekday_am_stops": 5, "high_freq": false }, "geometry": { "type": "Point", "coordinates": [ 1288942.705043707974255, 460209.983124007645529 ] } },
{ "type": "Feature", "properties": { "fid": 1124, "stop_id": 156, "stop_code": 763, "stop_name": "MOUNTAIN ST WEST + PULLMAN ST", "stop_lat": 42.324588, "stop_lon": -71.797206, "total_stops": 38, "total_weekday_stops": 23, "total_weekday_am_stops": 3, "high_freq": false }, "geometry": { "type": "Point", "coordinates": [ 1289574.584204069105908, 485309.940967749862466 ] } },
{ "type": "Feature", "properties": { "fid": 1125, "stop_id": 157, "stop_code": 764, "stop_name": "MOUNTAIN ST WEST + MALDEN ST", "stop_lat": 42.323719, "stop_lon": -71.794576, "total_stops": 38, "total_weekday_stops": 23, "total_weekday_am_stops": 3, "high_freq": false }, "geometry": { "type": "Point", "coordinates": [ 1290281.109589233761653, 484982.605505646381062 ] } },
{ "type": "Feature", "properties": { "fid": 1126, "stop_id": 307, "stop_code": 533, "stop_name": "Lincoln St + Mcdonalds", "stop_lat": 42.29525, "stop_lon": -71.77271, "total_stops": 212, "total_weekday_stops": 81, "total_weekday_am_stops": 9, "high_freq": true }, "geometry": { "type": "Point", "coordinates": [ 1296042.265531460521743, 474519.75785896263551 ] } },
{ "type": "Feature", "properties": { "fid": 1127, "stop_id": 639, "stop_code": 1168, "stop_name": "Clark St + Teamster Village", "stop_lat": 42.313053, "stop_lon": -71.773472, "total_stops": 129, "total_weekday_stops": 46, "total_weekday_am_stops": 7, "high_freq": false }, "geometry": { "type": "Point", "coordinates": [ 1295931.436738569755107, 481010.90365389327053 ] } },
{ "type": "Feature", "properties": { "fid": 1128, "stop_id": 675, "stop_code": 527, "stop_name": "Lincoln St at Gorham", "stop_lat": 42.28842, "stop_lon": -71.787813, "total_stops": 205, "total_weekday_stops": 73, "total_weekday_am_stops": 8, "high_freq": false }, "geometry": { "type": "Point", "coordinates": [ 1291918.952434257371351, 472091.023417049262207 ] } },
{ "type": "Feature", "properties": { "fid": 1129, "stop_id": 678, "stop_code": 530, "stop_name": "Lincoln St at Marsh", "stop_lat": 42.292083, "stop_lon": -71.780206, "total_stops": 205, "total_weekday_stops": 73, "total_weekday_am_stops": 8, "high_freq": false }, "geometry": { "type": "Point", "coordinates": [ 1293997.068317176308483, 473395.457614561193623 ] } },
{ "type": "Feature", "properties": { "fid": 1130, "stop_id": 694, "stop_code": 181, "stop_name": "Clark St at Harley", "stop_lat": 42.311498, "stop_lon": -71.780016, "total_stops": 87, "total_weekday_stops": 30, "total_weekday_am_stops": 4, "high_freq": false }, "geometry": { "type": "Point", "coordinates": [ 1294152.985949518391863, 480470.27636917977361 ] } },
{ "type": "Feature", "properties": { "fid": 1131, "stop_id": 698, "stop_code": 1198, "stop_name": "Mountain St East + Briar Ln", "stop_lat": 42.31791, "stop_lon": -71.77556, "total_stops": 103, "total_weekday_stops": 33, "total_weekday_am_stops": 5, "high_freq": false }, "geometry": { "type": "Point", "coordinates": [ 1295392.709009725833312, 482789.301153433567379 ] } },
{ "type": "Feature", "properties": { "fid": 1132, "stop_id": 822, "stop_code": 47, "stop_name": "Boylston St + Chino Ave", "stop_lat": 42.29947, "stop_lon": -71.76599, "total_stops": 161, "total_weekday_stops": 61, "total_weekday_am_stops": 6, "high_freq": false }, "geometry": { "type": "Point", "coordinates": [ 1297882.924054641276598, 476031.058569775312208 ] } },
{ "type": "Feature", "properties": { "fid": 1133, "stop_id": 825, "stop_code": 1031, "stop_name": "Tacoma St + Pasadena PKWY", "stop_lat": 42.30179, "stop_lon": -71.76505, "total_stops": 160, "total_weekday_stops": 60, "total_weekday_am_stops": 6, "high_freq": false }, "geometry": { "type": "Point", "coordinates": [ 1298149.580143141094595, 476872.844408400764223 ] } },
{ "type": "Feature", "properties": { "fid": 1134, "stop_id": 1015, "stop_code": 5010, "stop_name": "WEST BOYLSTON ST + 249 WEST BOYLSTON ST", "stop_lat": 42.345076, "stop_lon": -71.78693, "total_stops": 104, "total_weekday_stops": 41, "total_weekday_am_stops": 5, "high_freq": false }, "geometry": { "type": "Point", "coordinates": [ 1292464.505206970497966, 492735.233143140620086 ] } },
{ "type": "Feature", "properties": { "fid": 1135, "stop_id": 1017, "stop_code": 752, "stop_name": "Mountain St East + 107 Mountain", "stop_lat": 42.32034, "stop_lon": -71.78445, "total_stops": 44, "total_weekday_stops": 17, "total_weekday_am_stops": 3, "high_freq": false }, "geometry": { "type": "Point", "coordinates": [ 1293001.369883160106838, 483710.407873025222216 ] } },
{ "type": "Feature", "properties": { "fid": 1136, "stop_id": 1020, "stop_code": 1227, "stop_name": "MOUNTAIN ST. EAST + BRIAR LN", "stop_lat": 42.31777, "stop_lon": -71.77575, "total_stops": 46, "total_weekday_stops": 18, "total_weekday_am_stops": 3, "high_freq": false }, "geometry": { "type": "Point", "coordinates": [ 1295340.568866172572598, 482739.035759985097684 ] } },
{ "type": "Feature", "properties": { "fid": 1137, "stop_id": 1033, "stop_code": 8710, "stop_name": "Fire Stat.East Brookfield Ctr", "stop_lat": 42.226431, "stop_lon": -72.050283, "total_stops": 8, "total_weekday_stops": 4, "total_weekday_am_stops": 1, "high_freq": false }, "geometry": { "type": "Point", "coordinates": [ 1220494.225958594819531, 450664.37916929036146 ] } },
{ "type": "Feature", "properties": { "fid": 1138, "stop_id": 1094, "stop_code": 953, "stop_name": "Southbridge St at Gladstone", "stop_lat": 42.247127, "stop_lon": -71.810452, "total_stops": 45, "total_weekday_stops": 16, "total_weekday_am_stops": 2, "high_freq": false }, "geometry": { "type": "Point", "coordinates": [ 1285565.473878445336595, 457134.396728042280301 ] } },
{ "type": "Feature", "properties": { "fid": 1139, "stop_id": 1177, "stop_code": 2, "stop_name": "BAILEY ST + AIRPORT DR", "stop_lat": 42.28014, "stop_lon": -71.8744, "total_stops": 40, "total_weekday_stops": 16, "total_weekday_am_stops": 2, "high_freq": false }, "geometry": { "type": "Point", "coordinates": [ 1268441.513538089813665, 469433.420263559266459 ] } },
{ "type": "Feature", "properties": { "fid": 1140, "stop_id": 1400, "stop_code": 3087, "stop_name": "Rt 169  and Rt 20 Inbound", "stop_lat": 42.143715, "stop_lon": -71.994657, "total_stops": 20, "total_weekday_stops": 7, "total_weekday_am_stops": 1, "high_freq": false }, "geometry": { "type": "Point", "coordinates": [ 1235040.145466300426051, 420257.514147805981338 ] } },
{ "type": "Feature", "properties": { "fid": 1141, "stop_id": 1416, "stop_code": 3060, "stop_name": "Rt 20 and Rt 56 Outbound", "stop_lat": 42.167279, "stop_lon": -71.894646, "total_stops": 20, "total_weekday_stops": 7, "total_weekday_am_stops": 1, "high_freq": false }, "geometry": { "type": "Point", "coordinates": [ 1262300.603365076938644, 428392.292314566264395 ] } },
{ "type": "Feature", "properties": { "fid": 1142, "stop_id": 1418, "stop_code": 3062, "stop_name": "Rt 20 Oxbow Rd Outbound", "stop_lat": 42.150303, "stop_lon": -71.925468, "total_stops": 20, "total_weekday_stops": 7, "total_weekday_am_stops": 1, "high_freq": false }, "geometry": { "type": "Point", "coordinates": [ 1253843.140356490854174, 422342.082158111035824 ] } },
{ "type": "Feature", "properties": { "fid": 1143, "stop_id": 1425, "stop_code": 3069, "stop_name": "Rt 20 and Stafford St", "stop_lat": 42.145218, "stop_lon": -71.990477, "total_stops": 20, "total_weekday_stops": 7, "total_weekday_am_stops": 1, "high_freq": false }, "geometry": { "type": "Point", "coordinates": [ 1236183.140867717796937, 420785.683172018907499 ] } },
{ "type": "Feature", "properties": { "fid": 1144, "stop_id": 1682, "stop_code": 3582, "stop_name": "Lakeway Commons Outbound", "stop_lat": 42.276265, "stop_lon": -71.74729, "total_stops": 34, "total_weekday_stops": 13, "total_weekday_am_stops": 1, "high_freq": false }, "geometry": { "type": "Point", "coordinates": [ 1302820.439833944896236, 467500.903241734253243 ] } },
{ "type": "Feature", "properties": { "fid": 1145, "stop_id": 305, "stop_code": 1156, "stop_name": "Target Lincoln Plaza", "stop_lat": 42.292612, "stop_lon": -71.77419, "total_stops": 194, "total_weekday_stops": 77, "total_weekday_am_stops": 9, "high_freq": true }, "geometry": { "type": "Point", "coordinates": [ 1295627.695425820304081, 473564.255123678885866 ] } },
{ "type": "Feature", "properties": { "fid": 1146, "stop_id": 306, "stop_code": 1157, "stop_name": "Stop & Shop Lincoln Plaza", "stop_lat": 42.29409, "stop_lon": -71.77187, "total_stops": 96, "total_weekday_stops": 38, "total_weekday_am_stops": 5, "high_freq": false }, "geometry": { "type": "Point", "coordinates": [ 1296263.335050406865776, 474093.673080956679769 ] } },
{ "type": "Feature", "properties": { "fid": 1147, "stop_id": 315, "stop_code": 1201, "stop_name": "Plantation St at 630 Plantation", "stop_lat": 42.292076, "stop_lon": -71.76009, "total_stops": 52, "total_weekday_stops": 21, "total_weekday_am_stops": 2, "high_freq": false }, "geometry": { "type": "Point", "coordinates": [ 1299439.96907253540121, 473313.132913642097265 ] } },
{ "type": "Feature", "properties": { "fid": 1148, "stop_id": 323, "stop_code": 503, "stop_name": "Lake Ave + Nonquit St", "stop_lat": 42.26189, "stop_lon": -71.7543, "total_stops": 52, "total_weekday_stops": 21, "total_weekday_am_stops": 3, "high_freq": false }, "geometry": { "type": "Point", "coordinates": [ 1300847.39596608094871, 462289.53348263859516 ] } },
{ "type": "Feature", "properties": { "fid": 1149, "stop_id": 324, "stop_code": 510, "stop_name": "Lake Ave + Hamilton St", "stop_lat": 42.26042, "stop_lon": -71.75404, "total_stops": 52, "total_weekday_stops": 21, "total_weekday_am_stops": 3, "high_freq": false }, "geometry": { "type": "Point", "coordinates": [ 1300910.027248383499682, 461752.797389833605848 ] } },
{ "type": "Feature", "properties": { "fid": 1150, "stop_id": 346, "stop_code": 1202, "stop_name": "Plantation Towers", "stop_lat": 42.286089, "stop_lon": -71.765226, "total_stops": 61, "total_weekday_stops": 25, "total_weekday_am_stops": 3, "high_freq": false }, "geometry": { "type": "Point", "coordinates": [ 1298018.426322398940101, 471151.492939296527766 ] } },
{ "type": "Feature", "properties": { "fid": 1151, "stop_id": 381, "stop_code": 808, "stop_name": "Plantation St +  630 Plantation St", "stop_lat": 42.29214, "stop_lon": -71.76025, "total_stops": 52, "total_weekday_stops": 21, "total_weekday_am_stops": 3, "high_freq": false }, "geometry": { "type": "Point", "coordinates": [ 1299397.015769465593621, 473337.086493054637685 ] } },
{ "type": "Feature", "properties": { "fid": 1152, "stop_id": 384, "stop_code": 1207, "stop_name": "Lincoln St + 640 Lincoln St", "stop_lat": 42.2978, "stop_lon": -71.76454, "total_stops": 52, "total_weekday_stops": 21, "total_weekday_am_stops": 3, "high_freq": false }, "geometry": { "type": "Point", "coordinates": [ 1298266.336110601434484, 475416.71768064040225 ] } },
{ "type": "Feature", "properties": { "fid": 1153, "stop_id": 391, "stop_code": 251, "stop_name": "GODDARD DR + 135 GODDARD DR", "stop_lat": 42.254255, "stop_lon": -71.866833, "total_stops": 35, "total_weekday_stops": 21, "total_weekday_am_stops": 3, "high_freq": false }, "geometry": { "type": "Point", "coordinates": [ 1270340.535331405932084, 459967.826954005868174 ] } },
{ "type": "Feature", "properties": { "fid": 1154, "stop_id": 1797, "stop_code": 3633, "stop_name": "Sunderland Rd + Danvers St", "stop_lat": 42.241383, "stop_lon": -71.752891, "total_stops": 30, "total_weekday_stops": 15, "total_weekday_am_stops": 1, "high_freq": false }, "geometry": { "type": "Point", "coordinates": [ 1301120.775086039677262, 454810.604565868154168 ] } },
{ "type": "Feature", "properties": { "fid": 1155, "stop_id": 1799, "stop_code": 3635, "stop_name": "Sunderland Rd + Southwest Plaza", "stop_lat": 42.240861, "stop_lon": -71.748824, "total_stops": 30, "total_weekday_stops": 15, "total_weekday_am_stops": 1, "high_freq": false }, "geometry": { "type": "Point", "coordinates": [ 1302219.343258471228182, 454604.475694487860892 ] } },
{ "type": "Feature", "properties": { "fid": 1156, "stop_id": 1800, "stop_code": 3636, "stop_name": "Sunderland Rd + Lake Ave", "stop_lat": 42.24103, "stop_lon": -71.74872, "total_stops": 30, "total_weekday_stops": 15, "total_weekday_am_stops": 1, "high_freq": false }, "geometry": { "type": "Point", "coordinates": [ 1302248.393260735552758, 454665.658679929038044 ] } },
{ "type": "Feature", "properties": { "fid": 1157, "stop_id": 1801, "stop_code": 3637, "stop_name": "Sunderland Rd + Atlas St", "stop_lat": 42.24119, "stop_lon": -71.75054, "total_stops": 30, "total_weekday_stops": 15, "total_weekday_am_stops": 1, "high_freq": false }, "geometry": { "type": "Point", "coordinates": [ 1301756.391129698138684, 454731.074176655558404 ] } },
{ "type": "Feature", "properties": { "fid": 1158, "stop_id": 1802, "stop_code": 3638, "stop_name": "Sunderland Rd OPP Danvers", "stop_lat": 42.241542, "stop_lon": -71.752509, "total_stops": 30, "total_weekday_stops": 15, "total_weekday_am_stops": 1, "high_freq": false }, "geometry": { "type": "Point", "coordinates": [ 1301225.054908461403102, 454867.053774626692757 ] } },
{ "type": "Feature", "properties": { "fid": 1159, "stop_id": 422, "stop_code": 1152, "stop_name": "SOUTH HIGH", "stop_lat": 42.244046, "stop_lon": -71.863284, "total_stops": 8, "total_weekday_stops": 4, "total_weekday_am_stops": 0, "high_freq": false }, "geometry": { "type": "Point", "coordinates": [ 1271242.836877417983487, 456232.27936382550979 ] } },
{ "type": "Feature", "properties": { "fid": 1160, "stop_id": 424, "stop_code": 7535, "stop_name": "Cumberland Farms", "stop_lat": 42.245425, "stop_lon": -71.93223, "total_stops": 49, "total_weekday_stops": 13, "total_weekday_am_stops": 2, "high_freq": false }, "geometry": { "type": "Point", "coordinates": [ 1252582.399976633489132, 457035.9236059479299 ] } },
{ "type": "Feature", "properties": { "fid": 1161, "stop_id": 484, "stop_code": 7525, "stop_name": "Cumberland Farms", "stop_lat": 42.245565, "stop_lon": -71.932371, "total_stops": 49, "total_weekday_stops": 13, "total_weekday_am_stops": 2, "high_freq": false }, "geometry": { "type": "Point", "coordinates": [ 1252545.065260866191238, 457087.573338543530554 ] } },
{ "type": "Feature", "properties": { "fid": 1162, "stop_id": 490, "stop_code": 8025, "stop_name": "MEADOW RD + SPENCER FAIR", "stop_lat": 42.234791, "stop_lon": -72.011743, "total_stops": 19, "total_weekday_stops": 2, "total_weekday_am_stops": 0, "high_freq": false }, "geometry": { "type": "Point", "coordinates": [ 1230985.560829714173451, 453526.447087129869033 ] } },
{ "type": "Feature", "properties": { "fid": 1163, "stop_id": 638, "stop_code": 1167, "stop_name": "CENTURY DR + RED CROSS", "stop_lat": 42.315718, "stop_lon": -71.769231, "total_stops": 56, "total_weekday_stops": 28, "total_weekday_am_stops": 4, "high_freq": false }, "geometry": { "type": "Point", "coordinates": [ 1297092.806410176213831, 481965.311368661816232 ] } },
{ "type": "Feature", "properties": { "fid": 1164, "stop_id": 654, "stop_code": 206, "stop_name": "Country Club Blvd. at plaza entrance", "stop_lat": 42.296375, "stop_lon": -71.775041, "total_stops": 83, "total_weekday_stops": 28, "total_weekday_am_stops": 4, "high_freq": false }, "geometry": { "type": "Point", "coordinates": [ 1295417.612870851531625, 474939.021343751111999 ] } },
{ "type": "Feature", "properties": { "fid": 1165, "stop_id": 655, "stop_code": 207, "stop_name": "Country Club Blvd. at Lincoln", "stop_lat": 42.295126, "stop_lon": -71.774986, "total_stops": 83, "total_weekday_stops": 28, "total_weekday_am_stops": 4, "high_freq": false }, "geometry": { "type": "Point", "coordinates": [ 1295425.796890363330022, 474483.619287050154526 ] } },
{ "type": "Feature", "properties": { "fid": 1166, "stop_id": 695, "stop_code": 182, "stop_name": "Tacoma St + Clark St", "stop_lat": 42.31216, "stop_lon": -71.77517, "total_stops": 131, "total_weekday_stops": 47, "total_weekday_am_stops": 7, "high_freq": false }, "geometry": { "type": "Point", "coordinates": [ 1295467.357412847224623, 480692.211627679120284 ] } },
{ "type": "Feature", "properties": { "fid": 1167, "stop_id": 696, "stop_code": 1169, "stop_name": "Clark St + Teamster Village", "stop_lat": 42.31311, "stop_lon": -71.77309, "total_stops": 131, "total_weekday_stops": 47, "total_weekday_am_stops": 7, "high_freq": false }, "geometry": { "type": "Point", "coordinates": [ 1296035.068784809205681, 481030.158662227273453 ] } },
{ "type": "Feature", "properties": { "fid": 1168, "stop_id": 716, "stop_code": 1213, "stop_name": "GREENHILL APARTMENTS", "stop_lat": 42.277086, "stop_lon": -71.788305, "total_stops": 72, "total_weekday_stops": 25, "total_weekday_am_stops": 5, "high_freq": false }, "geometry": { "type": "Point", "coordinates": [ 1291724.417397509561852, 467962.494949134765193 ] } },
{ "type": "Feature", "properties": { "fid": 1169, "stop_id": 769, "stop_code": 6090, "stop_name": "Auburn Mall", "stop_lat": 42.202323, "stop_lon": -71.836423, "total_stops": 239, "total_weekday_stops": 89, "total_weekday_am_stops": 12, "high_freq": true }, "geometry": { "type": "Point", "coordinates": [ 1278281.668197416234761, 440914.190471980720758 ] } },
{ "type": "Feature", "properties": { "fid": 1170, "stop_id": 823, "stop_code": 532, "stop_name": "Lincoln St at Denny's", "stop_lat": 42.293999, "stop_lon": -71.775838, "total_stops": 205, "total_weekday_stops": 73, "total_weekday_am_stops": 8, "high_freq": false }, "geometry": { "type": "Point", "coordinates": [ 1295189.229281418723986, 474076.290487860154826 ] } },
{ "type": "Feature", "properties": { "fid": 1171, "stop_id": 824, "stop_code": 46, "stop_name": "Boylston St + Chino Ave", "stop_lat": 42.299648, "stop_lon": -71.76557, "total_stops": 160, "total_weekday_stops": 60, "total_weekday_am_stops": 7, "high_freq": false }, "geometry": { "type": "Point", "coordinates": [ 1297997.500993698835373, 476094.269090273068286 ] } },
{ "type": "Feature", "properties": { "fid": 1172, "stop_id": 827, "stop_code": 1195, "stop_name": "Tacoma St + 57 Tacoma St", "stop_lat": 42.30435, "stop_lon": -71.76728, "total_stops": 159, "total_weekday_stops": 60, "total_weekday_am_stops": 6, "high_freq": false }, "geometry": { "type": "Point", "coordinates": [ 1297559.925837043439969, 477814.624546650040429 ] } },
{ "type": "Feature", "properties": { "fid": 1173, "stop_id": 932, "stop_code": 5025, "stop_name": "Walmart West Boyleston", "stop_lat": 42.355471, "stop_lon": -71.782878, "total_stops": 207, "total_weekday_stops": 82, "total_weekday_am_stops": 9, "high_freq": true }, "geometry": { "type": "Point", "coordinates": [ 1293616.060787102207541, 496507.414855123613961 ] } },
{ "type": "Feature", "properties": { "fid": 1174, "stop_id": 1036, "stop_code": 1235, "stop_name": "Lincoln Park Tower", "stop_lat": 42.27299, "stop_lon": -71.75833, "total_stops": 52, "total_weekday_stops": 21, "total_weekday_am_stops": 3, "high_freq": false }, "geometry": { "type": "Point", "coordinates": [ 1299815.190773970913142, 466350.570782752591185 ] } },
{ "type": "Feature", "properties": { "fid": 1175, "stop_id": 1037, "stop_code": 1146, "stop_name": "SHOPPES + BLACKSTONE VALLEY", "stop_lat": 42.195786, "stop_lon": -71.777092, "total_stops": 84, "total_weekday_stops": 24, "total_weekday_am_stops": 4, "high_freq": false }, "geometry": { "type": "Point", "coordinates": [ 1294322.490817664656788, 438289.554264354635961 ] } },
{ "type": "Feature", "properties": { "fid": 1176, "stop_id": 1281, "stop_code": 1185, "stop_name": "COES POND VILLAGE", "stop_lat": 42.252386, "stop_lon": -71.849723, "total_stops": 32, "total_weekday_stops": 11, "total_weekday_am_stops": 2, "high_freq": false }, "geometry": { "type": "Point", "coordinates": [ 1274962.159107964020222, 459214.110976127034519 ] } },
{ "type": "Feature", "properties": { "fid": 1177, "stop_id": 1291, "stop_code": 697, "stop_name": "May St at Park", "stop_lat": 42.256967, "stop_lon": -71.822464, "total_stops": 74, "total_weekday_stops": 29, "total_weekday_am_stops": 4, "high_freq": false }, "geometry": { "type": "Point", "coordinates": [ 1282367.774021934019402, 460769.774548613757361 ] } },
{ "type": "Feature", "properties": { "fid": 1178, "stop_id": 1419, "stop_code": 3063, "stop_name": "Rt 20 and Carroll Hill Rd Outbound", "stop_lat": 42.147387, "stop_lon": -71.941013, "total_stops": 20, "total_weekday_stops": 7, "total_weekday_am_stops": 1, "high_freq": false }, "geometry": { "type": "Point", "coordinates": [ 1249610.199522744631395, 421349.194799455988687 ] } },
{ "type": "Feature", "properties": { "fid": 1179, "stop_id": 1576, "stop_code": 3523, "stop_name": "EAST BROOKFIELD COURTHOUSE CUMBERLAND FARMS", "stop_lat": 42.232133, "stop_lon": -72.029416, "total_stops": 28, "total_weekday_stops": 14, "total_weekday_am_stops": 0, "high_freq": false }, "geometry": { "type": "Point", "coordinates": [ 1226182.514477276708931, 452641.821002040524036 ] } },
{ "type": "Feature", "properties": { "fid": 1180, "stop_id": 1771, "stop_code": 3626, "stop_name": "Big Bunny Plaza", "stop_lat": 42.082388, "stop_lon": -72.047346, "total_stops": 40, "total_weekday_stops": 14, "total_weekday_am_stops": 2, "high_freq": false }, "geometry": { "type": "Point", "coordinates": [ 1220352.461732575669885, 398161.290656047000084 ] } },
{ "type": "Feature", "properties": { "fid": 1181, "stop_id": 1503, "stop_code": 3130, "stop_name": "Hub Center", "stop_lat": 42.260898, "stop_lon": -71.796662, "total_stops": 2806, "total_weekday_stops": 1036, "total_weekday_am_stops": 120, "high_freq": true }, "geometry": { "type": "Point", "coordinates": [ 1289374.413148950552568, 462096.796481911675073 ] } },
{ "type": "Feature", "properties": { "fid": 1182, "stop_id": 1570, "stop_code": 3521, "stop_name": "Southwest Commons EOL", "stop_lat": 42.240275, "stop_lon": -71.747265, "total_stops": 40, "total_weekday_stops": 20, "total_weekday_am_stops": 1, "high_freq": false }, "geometry": { "type": "Point", "coordinates": [ 1302638.43743605655618, 454384.839502800488845 ] } },
{ "type": "Feature", "properties": { "fid": 1183, "stop_id": 1571, "stop_code": 3500, "stop_name": "PORTER AND CHESTER SCHOOL", "stop_lat": 42.317951, "stop_lon": -71.800441, "total_stops": 40, "total_weekday_stops": 24, "total_weekday_am_stops": 3, "high_freq": false }, "geometry": { "type": "Point", "coordinates": [ 1288663.415999965276569, 482904.259891468915157 ] } },
{ "type": "Feature", "properties": { "fid": 1184, "stop_id": 1575, "stop_code": 3503, "stop_name": "Great Brook Valley Pool", "stop_lat": 42.310645, "stop_lon": -71.775667, "total_stops": 230, "total_weekday_stops": 86, "total_weekday_am_stops": 8, "high_freq": false }, "geometry": { "type": "Point", "coordinates": [ 1295324.795108305756003, 480142.062607167405076 ] } },
{ "type": "Feature", "properties": { "fid": 1185, "stop_id": 1578, "stop_code": 1208, "stop_name": "GODDARD DR + COPPAGE DR", "stop_lat": 42.25872, "stop_lon": -71.8664, "total_stops": 35, "total_weekday_stops": 21, "total_weekday_am_stops": 3, "high_freq": false }, "geometry": { "type": "Point", "coordinates": [ 1270483.418062484124675, 461593.139442214509472 ] } },
{ "type": "Feature", "properties": { "fid": 1186, "stop_id": 1699, "stop_code": 3584, "stop_name": "Blithewood and Grafton", "stop_lat": 42.236482, "stop_lon": -71.752168, "total_stops": 72, "total_weekday_stops": 21, "total_weekday_am_stops": 3, "high_freq": false }, "geometry": { "type": "Point", "coordinates": [ 1301290.750664590159431, 453021.702358365117107 ] } },
{ "type": "Feature", "properties": { "fid": 1187, "stop_id": 1717, "stop_code": 3603, "stop_name": "North High School", "stop_lat": 42.261846, "stop_lon": -71.767047, "total_stops": 16, "total_weekday_stops": 8, "total_weekday_am_stops": 3, "high_freq": false }, "geometry": { "type": "Point", "coordinates": [ 1297396.485714869573712, 462323.695456381421536 ] } },
{ "type": "Feature", "properties": { "fid": 1188, "stop_id": 1784, "stop_code": 3631, "stop_name": "WORCESTER SENIOR CENTER", "stop_lat": 42.24786, "stop_lon": -71.79299, "total_stops": 126, "total_weekday_stops": 42, "total_weekday_am_stops": 5, "high_freq": false }, "geometry": { "type": "Point", "coordinates": [ 1290297.559859536588192, 457330.503703684080392 ] } },
{ "type": "Feature", "properties": { "fid": 1189, "stop_id": 1820, "stop_code": 9004, "stop_name": "Market Basket", "stop_lat": 42.246594, "stop_lon": -71.725581, "total_stops": 56, "total_weekday_stops": 28, "total_weekday_am_stops": 2, "high_freq": false }, "geometry": { "type": "Point", "coordinates": [ 1308542.964700068812817, 456603.912646111217327 ] } },
{ "type": "Feature", "properties": { "fid": 1190, "stop_id": 375, "stop_code": 501, "stop_name": "Lake Ave + Lincoln Park Towers", "stop_lat": 42.27265, "stop_lon": -71.75897, "total_stops": 52, "total_weekday_stops": 21, "total_weekday_am_stops": 3, "high_freq": false }, "geometry": { "type": "Point", "coordinates": [ 1299640.169373182114214, 466229.178598898928612 ] } },
{ "type": "Feature", "properties": { "fid": 1191, "stop_id": 1855, "stop_code": 3490, "stop_name": "South Plaza Stop & Shop", "stop_lat": 42.247021, "stop_lon": -71.758556, "total_stops": 102, "total_weekday_stops": 36, "total_weekday_am_stops": 3, "high_freq": false }, "geometry": { "type": "Point", "coordinates": [ 1299616.580818782560527, 456887.492714528518263 ] } },
{ "type": "Feature", "properties": { "fid": 1192, "stop_id": 1260, "stop_code": 732, "stop_name": "Mill St at Ball", "stop_lat": 42.249295, "stop_lon": -71.837954, "total_stops": 86, "total_weekday_stops": 31, "total_weekday_am_stops": 4, "high_freq": false }, "geometry": { "type": "Point", "coordinates": [ 1278131.118838846683502, 458038.257782019558363 ] } },
{ "type": "Feature", "properties": { "fid": 1193, "stop_id": 1838, "stop_code": 9059, "stop_name": "Tacoma St +  Edward MK CHealth", "stop_lat": 42.302678, "stop_lon": -71.766207, "total_stops": 46, "total_weekday_stops": 18, "total_weekday_am_stops": 3, "high_freq": false }, "geometry": { "type": "Point", "coordinates": [ 1297841.297319270437583, 477201.038108915148769 ] } },
{ "type": "Feature", "properties": { "fid": 1194, "stop_id": 1841, "stop_code": 9062, "stop_name": "24 Holcombe St", "stop_lat": 42.24641, "stop_lon": -71.78923, "total_stops": 63, "total_weekday_stops": 21, "total_weekday_am_stops": 3, "high_freq": false }, "geometry": { "type": "Point", "coordinates": [ 1291307.765857580583543, 456786.913843189540785 ] } },
{ "type": "Feature", "properties": { "fid": 1195, "stop_id": 1843, "stop_code": 9064, "stop_name": "23 Granite St", "stop_lat": 42.24707, "stop_lon": -71.7893, "total_stops": 63, "total_weekday_stops": 21, "total_weekday_am_stops": 3, "high_freq": false }, "geometry": { "type": "Point", "coordinates": [ 1291292.39040474104695, 457027.719081642513629 ] } },
{ "type": "Feature", "properties": { "fid": 1196, "stop_id": 1850, "stop_code": 9073, "stop_name": "204 Auburn St", "stop_lat": 42.21422, "stop_lon": -71.84486, "total_stops": 76, "total_weekday_stops": 29, "total_weekday_am_stops": 2, "high_freq": false }, "geometry": { "type": "Point", "coordinates": [ 1276062.929963562870398, 445285.054590934480075 ] } },
{ "type": "Feature", "properties": { "fid": 1197, "stop_id": 1851, "stop_code": 9074, "stop_name": "Southbridge St + Myrtle St", "stop_lat": 42.2595, "stop_lon": -71.80357, "total_stops": 20, "total_weekday_stops": 10, "total_weekday_am_stops": 2, "high_freq": false }, "geometry": { "type": "Point", "coordinates": [ 1287496.7036723990459, 461615.377533795312047 ] } }
]
}
