{
"type": "FeatureCollection",
"name": "CMRPC_MFByRight_251009",
"crs": { "type": "name", "properties": { "name": "urn:ogc:def:crs:OGC:1.3:CRS84" } },
"features": [
{ "type": "Feature", "properties": { "ZONECODE": "GB", "TOWN_ID": "278", "LOCAL_ZONE": null, "highdense": "Y" }, "geometry": { "type": "MultiPolygon", "coordinates": [ [ [ [ -72.022673291805333, 42.09057909423079 ], [ -72.02271841155752, 42.090472035734464 ], [ -72.022742877843271, 42.090413983463044 ], [ -72.022809436718745, 42.090257235336061 ], [ -72.022884671545569, 42.090080055710104 ], [ -72.022887162111331, 42.09008026671939 ], [ -72.023055424733741, 42.090114487162353 ], [ -72.02306244283406, 42.090116402536637 ], [ -72.023193724882105, 42.089807222366865 ], [ -72.023236329270233, 42.089708412366647 ], [ -72.023304901681755, 42.089549378661431 ], [ -72.023327645997711, 42.089496629032332 ], [ -72.023444636666696, 42.089261631773567 ], [ -72.023456878005376, 42.08923704149835 ], [ -72.023567755505198, 42.089270155932041 ], [ -72.023561526143695, 42.089282533503912 ], [ -72.0235553966628, 42.089294710742813 ], [ -72.023555295571043, 42.08929491108097 ], [ -72.023951140781378, 42.089422765518236 ], [ -72.023987658206778, 42.089447830456834 ], [ -72.023986511077425, 42.089446068336791 ], [ -72.023988157826324, 42.089448173000861 ], [ -72.02405982259134, 42.089466576579319 ], [ -72.024186027920507, 42.089498985511071 ], [ -72.025476492138608, 42.089846518548597 ], [ -72.025484060077545, 42.089848557298929 ], [ -72.024856000873811, 42.091538423269874 ], [ -72.024691583381866, 42.091980794268409 ], [ -72.024646481156353, 42.092102141863869 ], [ -72.024375594556304, 42.092830951228294 ], [ -72.024254267464855, 42.093157372682349 ], [ -72.02422087918184, 42.093247201326633 ], [ -72.024093196066218, 42.093230711807614 ], [ -72.024025703647411, 42.093221995719965 ], [ -72.023759136959271, 42.093187569176798 ], [ -72.023711578090229, 42.093310809321899 ], [ -72.023412434974674, 42.094085979759278 ], [ -72.023411695263619, 42.094087898165895 ], [ -72.023465869451655, 42.094098503202027 ], [ -72.023850055921812, 42.09417370898916 ], [ -72.023663818019131, 42.094544348027185 ], [ -72.023095200541121, 42.095825079041902 ], [ -72.022494308532671, 42.097202688548691 ], [ -72.022440347144311, 42.09730584368279 ], [ -72.021704751438037, 42.098832159209316 ], [ -72.021550439655343, 42.099152335270823 ], [ -72.021288773292085, 42.09969525242601 ], [ -72.020999035664204, 42.1002964000836 ], [ -72.0208193040976, 42.100669301174506 ], [ -72.020285587705175, 42.101776613597941 ], [ -72.020166742054499, 42.102023178537962 ], [ -72.019980782131753, 42.102408980423149 ], [ -72.01995156778834, 42.10246948624912 ], [ -72.019948077119665, 42.102478603631589 ], [ -72.019535482660686, 42.102335320913966 ], [ -72.019365865800765, 42.102276416753703 ], [ -72.018691327321818, 42.102042160033356 ], [ -72.018523444575393, 42.101983856304841 ], [ -72.017815880187115, 42.101738124212204 ], [ -72.01764834943414, 42.101679940960487 ], [ -72.017169512395029, 42.101513639403677 ], [ -72.016803299798028, 42.101386450638316 ], [ -72.01681284363211, 42.101364044931813 ], [ -72.016920089483293, 42.101113835472745 ], [ -72.016972488243468, 42.101001085284672 ], [ -72.01708326929031, 42.100761149674085 ], [ -72.017091480577292, 42.100737100536854 ], [ -72.017096095254729, 42.100724044581092 ], [ -72.017100709930261, 42.100710988625089 ], [ -72.017105435073546, 42.100697246111295 ], [ -72.017110164591912, 42.100684189636205 ], [ -72.017114895317278, 42.100671133155444 ], [ -72.01711973530125, 42.100657390122329 ], [ -72.017124464813691, 42.100644333646606 ], [ -72.017129310379758, 42.100631276646524 ], [ -72.017134155943808, 42.100618219646194 ], [ -72.017139110766138, 42.100604476093451 ], [ -72.017144071172723, 42.100591418574005 ], [ -72.017149031577219, 42.100578361054289 ], [ -72.017153991979725, 42.10056530353436 ], [ -72.017158946793614, 42.100551559980659 ], [ -72.017164022031096, 42.100538501041207 ], [ -72.017169097273822, 42.100525443001843 ], [ -72.017174172514459, 42.100512384962229 ], [ -72.01717936380831, 42.100499326398158 ], [ -72.017184553891084, 42.100486267839308 ], [ -72.017189739593817, 42.100472523241166 ], [ -72.017194929672286, 42.100459464681805 ], [ -72.017200235803813, 42.100446405597971 ], [ -72.017205427086921, 42.100433347032627 ], [ -72.017210848060373, 42.100420287429529 ], [ -72.017216152976488, 42.100407228350306 ], [ -72.017221573945434, 42.100394168746625 ], [ -72.017299955924472, 42.100226847579194 ], [ -72.017375844489393, 42.100064849622605 ], [ -72.017376441210374, 42.100063156088432 ], [ -72.017380632521323, 42.100051271573626 ], [ -72.017484046945242, 42.099655873839758 ], [ -72.017522568971259, 42.099520328253959 ], [ -72.017541249370908, 42.099454600049846 ], [ -72.017545392094775, 42.099440174088066 ], [ -72.017614018858964, 42.099256000089021 ], [ -72.017615234240282, 42.099249820064458 ], [ -72.017641043553724, 42.099138560941221 ], [ -72.017666054804835, 42.099056806853376 ], [ -72.017669978970773, 42.099043753992049 ], [ -72.017677487149726, 42.099018335865672 ], [ -72.017716252895752, 42.098914565691537 ], [ -72.017738115191094, 42.09885615182742 ], [ -72.017766177731147, 42.098781244506185 ], [ -72.017805616667687, 42.098675412175467 ], [ -72.017810835648604, 42.098665783747848 ], [ -72.017896326940004, 42.098509696816748 ], [ -72.017906937427753, 42.09849040405863 ], [ -72.017918893078004, 42.098473884564278 ], [ -72.017985519584272, 42.098383709443141 ], [ -72.018003349358978, 42.098339034945198 ], [ -72.018021748926429, 42.098293670906884 ], [ -72.018035965561822, 42.098257931517104 ], [ -72.018093706157075, 42.098179459534649 ], [ -72.018134280492205, 42.098142228746994 ], [ -72.018198165089203, 42.098082938560857 ], [ -72.018267733390942, 42.098014703843624 ], [ -72.018308838593512, 42.097948335586608 ], [ -72.01835308707534, 42.097877105653268 ], [ -72.018465022767757, 42.097718311872391 ], [ -72.018488588957453, 42.097685274322338 ], [ -72.018538087058246, 42.097542349869506 ], [ -72.018552598555218, 42.097500434541992 ], [ -72.018651874082892, 42.097277014765055 ], [ -72.018678778820828, 42.097215833623316 ], [ -72.01868139210687, 42.097209575225264 ], [ -72.018720114791748, 42.09711685384125 ], [ -72.018787223522594, 42.096943950984262 ], [ -72.018792614315885, 42.09693126867618 ], [ -72.018870757094092, 42.096771061884176 ], [ -72.018906987584998, 42.096709838420558 ], [ -72.018979105048288, 42.096587393013394 ], [ -72.019020969666514, 42.096511050669534 ], [ -72.019048201131838, 42.096461530957768 ], [ -72.019069199200231, 42.096424388565055 ], [ -72.019104612999485, 42.096361795717613 ], [ -72.019121976954963, 42.096330844324143 ], [ -72.019184090165567, 42.09622422349954 ], [ -72.019207132770646, 42.09618462738473 ], [ -72.019270955472479, 42.096074954706822 ], [ -72.019300667137699, 42.096023954326483 ], [ -72.01936032039572, 42.095921557248523 ], [ -72.019442853531444, 42.095769334141778 ], [ -72.019475446059133, 42.095709221802842 ], [ -72.019603137330321, 42.095473870526511 ], [ -72.019628808369546, 42.095426554577386 ], [ -72.019797730576357, 42.095230260878814 ], [ -72.019831057853494, 42.095191168045517 ], [ -72.01985498510075, 42.095163453169086 ], [ -72.019886163794041, 42.095099945637898 ], [ -72.019975159832654, 42.094918671196773 ], [ -72.020074467386991, 42.094736434194985 ], [ -72.020185141918347, 42.094533337685348 ], [ -72.02027154687859, 42.094374776852177 ], [ -72.020289169141876, 42.094342438469894 ], [ -72.0203636059302, 42.094205838134457 ], [ -72.020393558962098, 42.09415087125177 ], [ -72.020396524971815, 42.094151551933301 ], [ -72.02042075971589, 42.094100955177161 ], [ -72.020425751411665, 42.094090532652842 ], [ -72.020439792298674, 42.094061654327355 ], [ -72.02045053947775, 42.094038279448839 ], [ -72.020535419671361, 42.093858145964845 ], [ -72.020558333669712, 42.09381619214939 ], [ -72.020651236076105, 42.093645626031069 ], [ -72.020651554768349, 42.09362271541216 ], [ -72.020651960646973, 42.093593482204092 ], [ -72.020653243130241, 42.09348302077003 ], [ -72.020586641981296, 42.093392763746017 ], [ -72.020482777216898, 42.093251220715651 ], [ -72.020417570627373, 42.093162329372127 ], [ -72.020398589680937, 42.093136345380522 ], [ -72.020398569240854, 42.093133850629172 ], [ -72.02039853826723, 42.093130070239056 ], [ -72.020398286155796, 42.093099299538032 ], [ -72.020395230580235, 42.092971862986083 ], [ -72.020394955631772, 42.092960730621527 ], [ -72.020393630801948, 42.092907029514159 ], [ -72.020393244442104, 42.092891446370999 ], [ -72.020409570388722, 42.092829895993447 ], [ -72.020425857616999, 42.092768492544394 ], [ -72.02043557108216, 42.092731401166681 ], [ -72.020452625316906, 42.092695306408324 ], [ -72.020464204328263, 42.092670801415174 ], [ -72.020479173277963, 42.092639124200694 ], [ -72.020496111018943, 42.092603275757774 ], [ -72.02049826997262, 42.092598706616705 ], [ -72.020504434001495, 42.092578096801816 ], [ -72.02051720009564, 42.092534130940386 ], [ -72.020527614916105, 42.092498408484076 ], [ -72.020528798053519, 42.092486426770833 ], [ -72.020536970834101, 42.092403688802804 ], [ -72.020546498813928, 42.092385130873076 ], [ -72.020561893734481, 42.092355147051144 ], [ -72.020564510117239, 42.09235005093003 ], [ -72.020573809139037, 42.092332171995558 ], [ -72.020625978336028, 42.092231578278444 ], [ -72.020639432359857, 42.092205637698555 ], [ -72.020701377737694, 42.092144962018956 ], [ -72.020718245205032, 42.092128440577277 ], [ -72.020728602022459, 42.092118250231508 ], [ -72.020739261020367, 42.092107763198513 ], [ -72.020782238759821, 42.092027298717269 ], [ -72.020812618331775, 42.091974839911934 ], [ -72.02085423522449, 42.091902978047237 ], [ -72.020871447617992, 42.091873254213652 ], [ -72.022034047297709, 42.092086800430856 ], [ -72.022043554351157, 42.092064725736961 ], [ -72.022143774618954, 42.091832000534978 ], [ -72.022263065545573, 42.091549780223346 ], [ -72.02229497793283, 42.091474280595847 ], [ -72.022318625409014, 42.091418429894901 ], [ -72.02236969922258, 42.091297804160092 ], [ -72.022373607442063, 42.091288573137412 ], [ -72.022519446446594, 42.090944124958312 ], [ -72.022528705036692, 42.090922157593255 ], [ -72.022673291805333, 42.09057909423079 ] ] ] ] } },
{ "type": "Feature", "properties": { "ZONECODE": null, "TOWN_ID": "348", "LOCAL_ZONE": null, "highdense": "Y" }, "geometry": { "type": "MultiPolygon", "coordinates": [ [ [ [ -71.829177468301324, 42.239503170474165 ], [ -71.830673428608634, 42.239840606286599 ], [ -71.8305713967044, 42.240103651271838 ], [ -71.830865559212199, 42.240168664208674 ], [ -71.830894351319586, 42.240201509090753 ], [ -71.831462332689767, 42.240324729143467 ], [ -71.831386262800194, 42.240343472542087 ], [ -71.83147193061879, 42.240527082488306 ], [ -71.831435743218563, 42.240536791430472 ], [ -71.831581235866551, 42.240860866536742 ], [ -71.830278644780662, 42.241194604094794 ], [ -71.829699828545273, 42.239966206183887 ], [ -71.829579674482304, 42.239940480024266 ], [ -71.829040974195152, 42.239822011320584 ], [ -71.829177468301324, 42.239503170474165 ] ] ] ] } },
{ "type": "Feature", "properties": { "ZONECODE": null, "TOWN_ID": "348", "LOCAL_ZONE": null, "highdense": "Y" }, "geometry": { "type": "MultiPolygon", "coordinates": [ [ [ [ -71.803176125690385, 42.242410923649771 ], [ -71.802678582092497, 42.241466194632714 ], [ -71.802495872912658, 42.241196378092589 ], [ -71.802360117634805, 42.240995041854625 ], [ -71.802220746351296, 42.240810178867832 ], [ -71.802095310719551, 42.240643117712828 ], [ -71.802024928837568, 42.240550001424488 ], [ -71.801820052919865, 42.240325520284578 ], [ -71.801554361126477, 42.240077188237045 ], [ -71.801187162694504, 42.239741994725016 ], [ -71.800853855842774, 42.239446501173873 ], [ -71.80043513821424, 42.239147800890471 ], [ -71.80021929481957, 42.238994007011563 ], [ -71.801444924138082, 42.238081113581245 ], [ -71.802238604565758, 42.237489037265085 ], [ -71.803727051764199, 42.239513028682374 ], [ -71.803807668184959, 42.239622581675278 ], [ -71.803888007499935, 42.239770552319591 ], [ -71.803972694664338, 42.239958987370471 ], [ -71.804049053711466, 42.240191351448068 ], [ -71.804081196273103, 42.240348367991388 ], [ -71.804104769415318, 42.240546570122362 ], [ -71.804153566795677, 42.24090317914019 ], [ -71.804177711813111, 42.240980636952187 ], [ -71.804192437934475, 42.241019015809513 ], [ -71.80422742190666, 42.241094386795346 ], [ -71.804247680974854, 42.241131378918958 ], [ -71.804291883164183, 42.241203982225919 ], [ -71.804341616267948, 42.241274511855757 ], [ -71.8043966455906, 42.241342283290521 ], [ -71.804456514897254, 42.241408669799142 ], [ -71.804487828923385, 42.241440830333943 ], [ -71.804521445731737, 42.24147161358691 ], [ -71.804597884362153, 42.241527664678458 ], [ -71.804637944249123, 42.24155431460597 ], [ -71.804679151024331, 42.241579587609188 ], [ -71.804765241194545, 42.24162669454698 ], [ -71.804809897684279, 42.241649216014721 ], [ -71.80490218640756, 42.241689447863351 ], [ -71.804949592936936, 42.241707843974268 ], [ -71.805046927920316, 42.241741201072031 ], [ -71.805096851851374, 42.241755475135172 ], [ -71.805198078386994, 42.241781961432189 ], [ -71.805249829067819, 42.241792114373894 ], [ -71.805302264113109, 42.241800208273183 ], [ -71.805355154183829, 42.241806927971624 ], [ -71.805438042267042, 42.241812195789947 ], [ -71.80558667658542, 42.241809742234274 ], [ -71.805696766763361, 42.241807390204599 ], [ -71.805902869836444, 42.241804098098648 ], [ -71.806147052377327, 42.241799330237022 ], [ -71.806365620567092, 42.241796004065755 ], [ -71.806694271890066, 42.241789638477243 ], [ -71.806962462287515, 42.241785490789113 ], [ -71.807485216490733, 42.241775859756537 ], [ -71.807740942837597, 42.241771745425254 ], [ -71.807887266711532, 42.241768609048734 ], [ -71.808048801847235, 42.241761314578866 ], [ -71.808155883996136, 42.24175759709329 ], [ -71.808262550015911, 42.241763485092477 ], [ -71.808315440374272, 42.241770204327516 ], [ -71.808418945155438, 42.241790507370844 ], [ -71.808469329384934, 42.241804092700022 ], [ -71.808566208077096, 42.241838133178391 ], [ -71.8086126992158, 42.24185790410705 ], [ -71.808697413279219, 42.241906384769592 ], [ -71.808768564717681, 42.241965878373883 ], [ -71.808798499662785, 42.241998727479022 ], [ -71.808845014896391, 42.242070635885739 ], [ -71.808868038854143, 42.242106247693577 ], [ -71.808893140780484, 42.242141853906894 ], [ -71.808974048942076, 42.242261006939486 ], [ -71.808999619636495, 42.242346005368717 ], [ -71.809016280378913, 42.24240153013578 ], [ -71.809040683408895, 42.242483102429929 ], [ -71.809077988286433, 42.242607174958032 ], [ -71.806802255972741, 42.242639347060447 ], [ -71.805413569461379, 42.243008018581726 ], [ -71.805302446093279, 42.242939710765725 ], [ -71.805221071432911, 42.242865835508546 ], [ -71.805097444731771, 42.242789328329167 ], [ -71.804957544028824, 42.242736873596719 ], [ -71.804873373787999, 42.242704855340108 ], [ -71.804825266872626, 42.242685088091477 ], [ -71.804780139329992, 42.242660510682747 ], [ -71.804716975978081, 42.242629806819515 ], [ -71.80466590334558, 42.24261690680536 ], [ -71.804539645849403, 42.242617241719778 ], [ -71.804460275688058, 42.242623627387083 ], [ -71.80439127726919, 42.242627239573423 ], [ -71.80428580936757, 42.24258292784328 ], [ -71.804087574259114, 42.242542977013564 ], [ -71.804052867909874, 42.242546301914537 ], [ -71.804006594400462, 42.242550737796151 ], [ -71.803957071414629, 42.242572135021824 ], [ -71.803877813970175, 42.24260253024773 ], [ -71.803807137943195, 42.242593113693424 ], [ -71.803712270763114, 42.242544655391271 ], [ -71.803641719836719, 42.242513284443596 ], [ -71.803564936328826, 42.24248192992922 ], [ -71.803420392907128, 42.242423314002636 ], [ -71.803355846752254, 42.242392610344901 ], [ -71.803176125690385, 42.242410923649771 ] ] ] ] } },
{ "type": "Feature", "properties": { "ZONECODE": null, "TOWN_ID": "348", "LOCAL_ZONE": null, "highdense": "Y" }, "geometry": { "type": "MultiPolygon", "coordinates": [ [ [ [ -71.840944871313113, 42.241239579136526 ], [ -71.842316478873201, 42.240277863898207 ], [ -71.843335266395968, 42.239634954049357 ], [ -71.843897968666838, 42.240183881539878 ], [ -71.844016646122085, 42.240488811559587 ], [ -71.844611414460019, 42.241967493848094 ], [ -71.844800123477427, 42.242415594927849 ], [ -71.844600470790908, 42.242459414458146 ], [ -71.844304416169422, 42.242517930368635 ], [ -71.844053313716003, 42.242566018511681 ], [ -71.843756923668209, 42.242605324141522 ], [ -71.843434806673571, 42.242625496986086 ], [ -71.843118870123419, 42.242636045974074 ], [ -71.842854714363739, 42.242660847119652 ], [ -71.84256468094928, 42.242680922619243 ], [ -71.842300550717368, 42.242710522852974 ], [ -71.842075249356327, 42.242749612194309 ], [ -71.84184340515678, 42.242816848885418 ], [ -71.841592432788573, 42.242889628485969 ], [ -71.841032398915303, 42.243049767993114 ], [ -71.84089728956593, 42.243078296594604 ], [ -71.840191395326784, 42.241824257334571 ], [ -71.840944871313113, 42.241239579136526 ] ] ] ] } },
{ "type": "Feature", "properties": { "ZONECODE": null, "TOWN_ID": "348", "LOCAL_ZONE": null, "highdense": "Y" }, "geometry": { "type": "MultiPolygon", "coordinates": [ [ [ [ -71.803692584649639, 42.295269561511297 ], [ -71.804618845321315, 42.292850923372491 ], [ -71.805647049931508, 42.291418513096012 ], [ -71.806063068570793, 42.291560099162837 ], [ -71.804860064426407, 42.293340792806063 ], [ -71.804967817003387, 42.293362460614276 ], [ -71.804949012564492, 42.29339132268435 ], [ -71.80478781381214, 42.2934960271024 ], [ -71.804875218996088, 42.293897121000541 ], [ -71.804878908351469, 42.294039118460105 ], [ -71.80452989235782, 42.294046905032438 ], [ -71.8046082407499, 42.294246329850694 ], [ -71.804896922378006, 42.295380252725607 ], [ -71.803692584649639, 42.295269561511297 ] ] ] ] } },
{ "type": "Feature", "properties": { "ZONECODE": null, "TOWN_ID": "348", "LOCAL_ZONE": null, "highdense": "Y" }, "geometry": { "type": "MultiPolygon", "coordinates": [ [ [ [ -71.804527070593039, 42.298738645602263 ], [ -71.804509136026439, 42.298708508938333 ], [ -71.803053260529822, 42.296547258508888 ], [ -71.803105769399579, 42.296175979618901 ], [ -71.803378287694912, 42.296207503699755 ], [ -71.80363413678748, 42.295269029928853 ], [ -71.803692584649639, 42.295269561511297 ], [ -71.804896922378006, 42.295380252725607 ], [ -71.8046082407499, 42.294246329850694 ], [ -71.805416225814611, 42.294325136300579 ], [ -71.808546742962065, 42.294539046816602 ], [ -71.808640795226793, 42.294545654507587 ], [ -71.808714688197412, 42.294539281797327 ], [ -71.808766312960401, 42.294514446187847 ], [ -71.808830280643548, 42.294415485743684 ], [ -71.808815871030603, 42.294303016302571 ], [ -71.808842626699956, 42.294247377241668 ], [ -71.808930938761947, 42.294260859475223 ], [ -71.809002975052181, 42.294300456172387 ], [ -71.809024875067934, 42.294338127779994 ], [ -71.809014929612076, 42.294383432200249 ], [ -71.808966381127419, 42.294470001936624 ], [ -71.808899054347052, 42.294543588546503 ], [ -71.808817431818099, 42.294622700835717 ], [ -71.808704161215658, 42.294749234734439 ], [ -71.808658572495958, 42.294874898924796 ], [ -71.808617544718956, 42.29498820419014 ], [ -71.808558278029622, 42.295151637356255 ], [ -71.808278361541198, 42.295924168763015 ], [ -71.80817282341053, 42.296216013409854 ], [ -71.808086083690014, 42.296478307567256 ], [ -71.807968249512058, 42.296901901757153 ], [ -71.807898543044388, 42.297151802535751 ], [ -71.807823650126153, 42.297427785197733 ], [ -71.80779100142955, 42.297507452436264 ], [ -71.807684126920819, 42.297810275605386 ], [ -71.807621100238606, 42.297914034085586 ], [ -71.807512916587811, 42.298137968616253 ], [ -71.80742889860737, 42.29834331392064 ], [ -71.807386619455912, 42.298438100234357 ], [ -71.807349762917482, 42.29846015160139 ], [ -71.807370463130482, 42.298488909280351 ], [ -71.807345985917351, 42.298633725069188 ], [ -71.807333675857763, 42.298715395835536 ], [ -71.807296907060902, 42.29885064103064 ], [ -71.807258039522949, 42.298981776572916 ], [ -71.807226215062897, 42.299088880605652 ], [ -71.807187796857448, 42.299217956841908 ], [ -71.807144839498463, 42.299362822859486 ], [ -71.807071642339622, 42.299608616177977 ], [ -71.807038724806077, 42.299728759332041 ], [ -71.80703787335149, 42.299791189844726 ], [ -71.806857411438699, 42.30068967882346 ], [ -71.806830576229487, 42.300825583310839 ], [ -71.806815889979489, 42.300988897232237 ], [ -71.806780813601563, 42.301235274526093 ], [ -71.80676349411894, 42.301380070997247 ], [ -71.80672507389562, 42.30150846099373 ], [ -71.806701903383669, 42.301590159724817 ], [ -71.806660394517394, 42.30170140822846 ], [ -71.806604467149256, 42.301793483799067 ], [ -71.805777189793318, 42.30085034445483 ], [ -71.804527070593039, 42.298738645602263 ] ] ] ] } },
{ "type": "Feature", "properties": { "ZONECODE": "RB", "TOWN_ID": "278", "LOCAL_ZONE": null, "highdense": "Y" }, "geometry": { "type": "MultiPolygon", "coordinates": [ [ [ [ -72.021490076492668, 42.082618600832248 ], [ -72.021844788736601, 42.082403318745307 ], [ -72.02185177221078, 42.082398920249688 ], [ -72.021955497653224, 42.08232494520275 ], [ -72.022040759273807, 42.082262920775428 ], [ -72.0221657282666, 42.0821685468349 ], [ -72.022276969279403, 42.082084869332704 ], [ -72.022406250185924, 42.081985390317463 ], [ -72.022502711026917, 42.081911905291328 ], [ -72.022578937370255, 42.081854152404439 ], [ -72.022609394377128, 42.081831123055515 ], [ -72.022614422297949, 42.081827321364003 ], [ -72.022719650817663, 42.081746318778919 ], [ -72.022844052630163, 42.081657581014582 ], [ -72.022965422839619, 42.081568977608413 ], [ -72.023094119485762, 42.081480702529269 ], [ -72.023181500402188, 42.081422695682363 ], [ -72.023207784370882, 42.081409430550089 ], [ -72.023235687254925, 42.081398148668868 ], [ -72.023238957859519, 42.081396993885619 ], [ -72.023268347202205, 42.081388047892851 ], [ -72.023287958317198, 42.08138341601687 ], [ -72.0234652011778, 42.081357089928439 ], [ -72.023539322168673, 42.081264914221144 ], [ -72.023638498673037, 42.081152566921055 ], [ -72.023755212883202, 42.081014601073868 ], [ -72.023813547459227, 42.080952289745049 ], [ -72.023848525059236, 42.080924736760196 ], [ -72.023860528081883, 42.080915282253763 ], [ -72.023914717290594, 42.080875131066556 ], [ -72.024001651781234, 42.080818285266083 ], [ -72.024008693781084, 42.080814574230253 ], [ -72.024041736360758, 42.08080080258334 ], [ -72.02425419664344, 42.080697605742962 ], [ -72.024400618816472, 42.080626956824929 ], [ -72.024473569865066, 42.080595063791641 ], [ -72.024514280944459, 42.080573863257513 ], [ -72.024518543188435, 42.080591233844928 ], [ -72.024542392691458, 42.080652500015496 ], [ -72.024562088573759, 42.080709694058292 ], [ -72.024577640466816, 42.080763837820164 ], [ -72.024590947066727, 42.080829131808422 ], [ -72.024601740373654, 42.080933567102029 ], [ -72.024608428852346, 42.080998278283644 ], [ -72.024533554199991, 42.080998218952821 ], [ -72.02453361051262, 42.080998598639312 ], [ -72.024394311491648, 42.081010737839911 ], [ -72.024269430702006, 42.081099455196771 ], [ -72.024191000053506, 42.081155174642639 ], [ -72.024114685098013, 42.081159279414379 ], [ -72.024063011218729, 42.081283424736277 ], [ -72.02393475065135, 42.081591569753868 ], [ -72.023877371001745, 42.081821617765442 ], [ -72.023832243266654, 42.082002944366415 ], [ -72.02381384690662, 42.08204762340781 ], [ -72.023818620892001, 42.082171626427225 ], [ -72.023823222448286, 42.082291132122933 ], [ -72.023727003974159, 42.082566597252097 ], [ -72.023708735888178, 42.082624812331865 ], [ -72.023695871900628, 42.082621647958071 ], [ -72.02294319213496, 42.08247620378895 ], [ -72.022918075358646, 42.08250079523242 ], [ -72.022901277627085, 42.082562998282491 ], [ -72.022861287554704, 42.082704765169645 ], [ -72.022818476913599, 42.082856435180574 ], [ -72.022761981881558, 42.083059342214909 ], [ -72.022744059505627, 42.083114308919363 ], [ -72.022713269745267, 42.083226079342936 ], [ -72.022673875587742, 42.083363989061823 ], [ -72.022619926456386, 42.083565748151472 ], [ -72.022574477405541, 42.083733137461422 ], [ -72.022566565622796, 42.083765454443963 ], [ -72.022558640295031, 42.083809790154284 ], [ -72.02254460257393, 42.083888324448353 ], [ -72.022531291038206, 42.084025171480938 ], [ -72.022521201415799, 42.084173887417407 ], [ -72.022518357698587, 42.084216673847223 ], [ -72.022494982662437, 42.08444592838822 ], [ -72.021010711176515, 42.084382411748223 ], [ -72.021173933081286, 42.083334692567107 ], [ -72.021253989165928, 42.082820802638643 ], [ -72.021261798246172, 42.082767948508234 ], [ -72.021263426478811, 42.082756929009179 ], [ -72.021346231105653, 42.08270478134564 ], [ -72.021444185062151, 42.082645649986219 ], [ -72.021490076492668, 42.082618600832248 ] ] ] ] } },
{ "type": "Feature", "properties": { "ZONECODE": null, "TOWN_ID": "348", "LOCAL_ZONE": null, "highdense": "Y" }, "geometry": { "type": "MultiPolygon", "coordinates": [ [ [ [ -71.848505314590327, 42.236174510790953 ], [ -71.850914817354493, 42.23437798655916 ], [ -71.851448221078286, 42.234927929619957 ], [ -71.850852376686717, 42.235272769968731 ], [ -71.85119135482519, 42.235761564023612 ], [ -71.849812089985875, 42.236300198332792 ], [ -71.849556941808956, 42.235986085079368 ], [ -71.848032042406047, 42.236864041861537 ], [ -71.847863918334269, 42.236677262778464 ], [ -71.848505314590327, 42.236174510790953 ] ] ] ] } },
{ "type": "Feature", "properties": { "ZONECODE": "RB", "TOWN_ID": "278", "LOCAL_ZONE": null, "highdense": "Y" }, "geometry": { "type": "MultiPolygon", "coordinates": [ [ [ [ -72.042661741276078, 42.081151421981978 ], [ -72.042360778622907, 42.080769750264786 ], [ -72.042332198301509, 42.080786054048957 ], [ -72.042173569593203, 42.080876541847722 ], [ -72.042005311367873, 42.080972522098214 ], [ -72.041945821847861, 42.081006456807529 ], [ -72.041943195685747, 42.081004342628866 ], [ -72.041802473492353, 42.080891045963391 ], [ -72.041670277622785, 42.080784610814582 ], [ -72.041859882684051, 42.08066833259587 ], [ -72.041647751976086, 42.080451053609096 ], [ -72.041584934644533, 42.080267692404554 ], [ -72.041564691318143, 42.080213420919421 ], [ -72.041966374684208, 42.080143790542422 ], [ -72.042046307217049, 42.080129933916929 ], [ -72.042403115393341, 42.080283671920625 ], [ -72.042560910850213, 42.080338666198628 ], [ -72.042755220364654, 42.080400634064283 ], [ -72.042928291415265, 42.080446980532948 ], [ -72.043074405475593, 42.0804820202682 ], [ -72.043279994924518, 42.080516776658584 ], [ -72.043517411115516, 42.080546713284313 ], [ -72.043629561128299, 42.080560854530468 ], [ -72.043814778666246, 42.080585081751181 ], [ -72.044124403034687, 42.080620658642154 ], [ -72.044033530968491, 42.080642358484361 ], [ -72.04360735042772, 42.08078845620026 ], [ -72.042711638775501, 42.081216327997893 ], [ -72.042661741276078, 42.081151421981978 ] ] ] ] } },
{ "type": "Feature", "properties": { "ZONECODE": null, "TOWN_ID": "348", "LOCAL_ZONE": null, "highdense": "Y" }, "geometry": { "type": "MultiPolygon", "coordinates": [ [ [ [ -71.808011547823483, 42.280365776764135 ], [ -71.808518811657848, 42.280382253378889 ], [ -71.808521472467177, 42.280454279101775 ], [ -71.808566259318781, 42.281634127462809 ], [ -71.808060193249062, 42.28167596193375 ], [ -71.808011547823483, 42.280365776764135 ] ] ] ] } },
{ "type": "Feature", "properties": { "ZONECODE": "RB", "TOWN_ID": "278", "LOCAL_ZONE": null, "highdense": "Y" }, "geometry": { "type": "MultiPolygon", "coordinates": [ [ [ [ -72.041082161646926, 42.083630430398181 ], [ -72.041047723579666, 42.083628534984278 ], [ -72.040883112304414, 42.083643720167892 ], [ -72.040775366544608, 42.08362105526799 ], [ -72.040548423503438, 42.083573316800397 ], [ -72.040229197343578, 42.08350616535548 ], [ -72.040530719023792, 42.083305513145987 ], [ -72.040646978502323, 42.083228146832653 ], [ -72.040750197960008, 42.083159456483365 ], [ -72.041327295013303, 42.083323973143877 ], [ -72.042290325253333, 42.083503280554851 ], [ -72.042783181356086, 42.083586016391038 ], [ -72.043031368777363, 42.083651387330008 ], [ -72.043152077240563, 42.083698838987665 ], [ -72.043310845051536, 42.08378109994019 ], [ -72.042974899968996, 42.083882144908898 ], [ -72.042737689075835, 42.08395349207408 ], [ -72.042653447963247, 42.083974854131611 ], [ -72.042635556525298, 42.083976844968582 ], [ -72.042307928688473, 42.083957433918265 ], [ -72.042253244535516, 42.083941954959073 ], [ -72.041784356232029, 42.083813032835216 ], [ -72.041386190187978, 42.083683191831824 ], [ -72.041368880967951, 42.083678471259319 ], [ -72.041351572959115, 42.083673750678521 ], [ -72.041334154774503, 42.083669716677726 ], [ -72.041316615930469, 42.083664997183234 ], [ -72.041298968119023, 42.083660964262897 ], [ -72.041281210130819, 42.083657617922491 ], [ -72.041263453353082, 42.083654271573607 ], [ -72.041245580552911, 42.083650925770534 ], [ -72.041227707754643, 42.083647579964669 ], [ -72.041209611171453, 42.083644921275628 ], [ -72.041191629405461, 42.083642262040982 ], [ -72.041173416800987, 42.083639603894753 ], [ -72.041155320222344, 42.083636945197135 ], [ -72.041137114673333, 42.083634973073458 ], [ -72.041118798944908, 42.083633687529272 ], [ -72.041100477373675, 42.083631715948179 ], [ -72.041082161646926, 42.083630430398181 ] ] ] ] } },
{ "type": "Feature", "properties": { "ZONECODE": "RB", "TOWN_ID": "278", "LOCAL_ZONE": null, "highdense": "Y" }, "geometry": { "type": "MultiPolygon", "coordinates": [ [ [ [ -72.036485378496849, 42.086377177284781 ], [ -72.036479770136637, 42.086341677845212 ], [ -72.035654725720889, 42.08651209200675 ], [ -72.035625671281167, 42.086537468154106 ], [ -72.03559778690682, 42.086519847460202 ], [ -72.035586631706465, 42.086512798647291 ], [ -72.035831440202116, 42.086293487441331 ], [ -72.035864782255629, 42.086265460369127 ], [ -72.03589712965514, 42.086233149610919 ], [ -72.035927575801111, 42.086202992360121 ], [ -72.035966523747931, 42.086157071713309 ], [ -72.036167934397639, 42.085922439226337 ], [ -72.036221193527084, 42.085867161725083 ], [ -72.036228807741338, 42.085857514901086 ], [ -72.036253468150704, 42.085826275438933 ], [ -72.036278102939434, 42.085789713264901 ], [ -72.036291305159409, 42.0857624943798 ], [ -72.036299709119817, 42.08573529797156 ], [ -72.036303226755365, 42.085697405873269 ], [ -72.03630278811589, 42.085645450047643 ], [ -72.03630267772833, 42.085632374886742 ], [ -72.036298405957922, 42.08558094030942 ], [ -72.036296982966576, 42.085525918925484 ], [ -72.03629756131933, 42.085480893674813 ], [ -72.036300066197612, 42.085436573370394 ], [ -72.036309230664372, 42.085385790718313 ], [ -72.036318426486162, 42.085338580478378 ], [ -72.036326770048348, 42.08530423832827 ], [ -72.036334323506665, 42.085276954965337 ], [ -72.036336080488127, 42.085270606519693 ], [ -72.036340612014897, 42.085239140816171 ], [ -72.036338312618255, 42.085194129045853 ], [ -72.036332464505335, 42.085177452384173 ], [ -72.036324550629189, 42.085154887254284 ], [ -72.036286050770585, 42.085080833451656 ], [ -72.035914534899376, 42.084371687756729 ], [ -72.035852285135675, 42.084253247338644 ], [ -72.035810191788769, 42.084191507976492 ], [ -72.035677547700075, 42.084009893037575 ], [ -72.035612021068204, 42.083945944870493 ], [ -72.035665252506035, 42.083941273312391 ], [ -72.035851991035997, 42.083950725387396 ], [ -72.035903479353337, 42.083953331246924 ], [ -72.035969083680527, 42.083958979877856 ], [ -72.036081175096982, 42.083978703729336 ], [ -72.036262199620964, 42.084019543540968 ], [ -72.036350319143096, 42.084040569677136 ], [ -72.036596758898284, 42.08411025195845 ], [ -72.036635323194119, 42.084167780468611 ], [ -72.036675402956064, 42.084227568924568 ], [ -72.036794757699695, 42.084405615751393 ], [ -72.036863234023386, 42.08450776356829 ], [ -72.036937578846604, 42.084618665763628 ], [ -72.036944135723559, 42.084631670174332 ], [ -72.03695057778566, 42.084644675123172 ], [ -72.036956903824191, 42.08465768061594 ], [ -72.036963109248731, 42.084670000612725 ], [ -72.036969205657073, 42.084683007181845 ], [ -72.036975302075518, 42.084696014650895 ], [ -72.036981168853472, 42.084709022296508 ], [ -72.036986919607486, 42.084722030486006 ], [ -72.036992555546121, 42.084735039213811 ], [ -72.036998082468671, 42.084748734514015 ], [ -72.037003348305518, 42.084761140847213 ], [ -72.037003603594201, 42.084761743779794 ], [ -72.037008893877768, 42.084774754128169 ], [ -72.037014069345673, 42.084787765014923 ], [ -72.037019129997873, 42.084800776439991 ], [ -72.037024195243134, 42.084814473904622 ], [ -72.03702902626371, 42.084827486406475 ], [ -72.037033741259748, 42.084840499452383 ], [ -72.037038462057438, 42.084854198532177 ], [ -72.03704294621285, 42.084867212660662 ], [ -72.037047321351963, 42.084880913361644 ], [ -72.037051691901667, 42.084893928022666 ], [ -72.037055836199784, 42.084907629806224 ], [ -72.037059861090256, 42.084920646088513 ], [ -72.037063890573791, 42.084934348410385 ], [ -72.037067685831374, 42.084947365769736 ], [ -72.037071369655266, 42.084961069712961 ], [ -72.037075048889179, 42.084974087616324 ], [ -72.037078503079826, 42.084987792636603 ], [ -72.037081842453773, 42.085001498195467 ], [ -72.037085176028853, 42.08501451772014 ], [ -72.037088285769116, 42.085028224356137 ], [ -72.037091279483818, 42.085041931536367 ], [ -72.037094273199756, 42.085055638716526 ], [ -72.037097037280375, 42.085069346973917 ], [ -72.037099680743438, 42.085082369735915 ], [ -72.037102213980958, 42.085096079076202 ], [ -72.037104632401181, 42.085109788955108 ], [ -72.037107050822456, 42.085123498833994 ], [ -72.037109238399267, 42.085137209795874 ], [ -72.037111312374776, 42.085150922190984 ], [ -72.037113270316425, 42.085164634230146 ], [ -72.037115106431173, 42.085177660779614 ], [ -72.037116834737375, 42.085191373896095 ], [ -72.037118447017093, 42.085205087556901 ], [ -72.037119944478931, 42.085218801756341 ], [ -72.037121327122762, 42.085232516494507 ], [ -72.037122593739895, 42.085246231776992 ], [ -72.037123746747611, 42.085259947592512 ], [ -72.037124783728402, 42.0852736639524 ], [ -72.037125704682367, 42.085287380856641 ], [ -72.037126512026532, 42.08530109829389 ], [ -72.037127203343701, 42.085314816275513 ], [ -72.037127779842322, 42.085328534795835 ], [ -72.03712824152241, 42.085342253854833 ], [ -72.037128472356329, 42.085355973996933 ], [ -72.03712870319039, 42.085369694139033 ], [ -72.03712881920562, 42.085383414819759 ], [ -72.037128820401961, 42.085397136039283 ], [ -72.037128590751834, 42.085410858341859 ], [ -72.037128362310185, 42.085424580638708 ], [ -72.037128017840828, 42.085438303480011 ], [ -72.037127442524636, 42.085452027404337 ], [ -72.03712686841682, 42.085465751322999 ], [ -72.03712606346204, 42.085479476324743 ], [ -72.037125258506819, 42.085493201326436 ], [ -72.037124337523565, 42.08550692687254 ], [ -72.037123188110229, 42.085520653490356 ], [ -72.037121922668575, 42.085534380652469 ], [ -72.037120657226438, 42.08554810781461 ], [ -72.037119160936626, 42.085561836059789 ], [ -72.03711766585478, 42.085575564299276 ], [ -72.037115934132103, 42.085588608488102 ], [ -72.037114208194126, 42.085602336910306 ], [ -72.037112251423352, 42.08561606821609 ], [ -72.037110179824822, 42.085629799160309 ], [ -72.037108109433944, 42.0856435300987 ], [ -72.037105806986148, 42.085657262125778 ], [ -72.037103390926589, 42.085670994685891 ], [ -72.037100853037458, 42.085684041756245 ], [ -72.037098320947678, 42.085697774860556 ], [ -72.037095559217832, 42.085711509042156 ], [ -72.037092682667293, 42.085725243762333 ], [ -72.037089684286897, 42.085738292992779 ], [ -72.037086576886139, 42.085752028795824 ], [ -72.037085105325801, 42.085758533473779 ], [ -72.037083469483974, 42.08576576459874 ], [ -72.037080125432396, 42.085778815450574 ], [ -72.03707667356862, 42.085792552869293 ], [ -72.037073104466387, 42.085806290837894 ], [ -72.03706941595145, 42.085819343305403 ], [ -72.037065618415383, 42.085833082345367 ], [ -72.037061813868974, 42.085846135356874 ], [ -72.037057785481508, 42.085859875479557 ], [ -72.037052180789331, 42.085877739364172 ], [ -72.037046599263576, 42.085912068608565 ], [ -72.03692187967907, 42.086166497165145 ], [ -72.036914616213934, 42.086178880332412 ], [ -72.036907243724073, 42.086191950071644 ], [ -72.036899749403773, 42.086204334320598 ], [ -72.036892141468797, 42.086216719101877 ], [ -72.03688441750181, 42.086229104426806 ], [ -72.036876693531781, 42.086241489751146 ], [ -72.036868738709146, 42.086253876157542 ], [ -72.036860669062904, 42.086266263101827 ], [ -72.036852600622183, 42.086278650039858 ], [ -72.036844416149123, 42.086291037521399 ], [ -72.036836115643652, 42.086303425546454 ], [ -72.036827695725407, 42.086315128069657 ], [ -72.036819165572325, 42.086327517170275 ], [ -72.036810520595282, 42.086339906808611 ], [ -72.036801754996944, 42.086351610950786 ], [ -72.036792879163215, 42.086364001670269 ], [ -72.036783998737562, 42.086375706349365 ], [ -72.036774893255568, 42.086388098144205 ], [ -72.036765781973145, 42.086399803904293 ], [ -72.036756554657927, 42.086411510207661 ], [ -72.036747213727139, 42.086423217042892 ], [ -72.0367377567635, 42.086434924421468 ], [ -72.03672818497553, 42.086446632337449 ], [ -72.036718498363214, 42.08645834079099 ], [ -72.036708811747317, 42.086470049243651 ], [ -72.036699009098314, 42.086481758239479 ], [ -72.036688976811476, 42.086493469211327 ], [ -72.036678944513355, 42.086505179281943 ], [ -72.036668791594678, 42.086516203856007 ], [ -72.036653740237284, 42.086533425941937 ], [ -72.036637882707282, 42.086550651804814 ], [ -72.036627038430709, 42.086561679615798 ], [ -72.036615964508329, 42.086572708502196 ], [ -72.036604544910162, 42.086583739007764 ], [ -72.036593010486953, 42.086594770050354 ], [ -72.036581124592786, 42.086605116678086 ], [ -72.036565916597183, 42.086617537058444 ], [ -72.03652735730283, 42.086640907903998 ], [ -72.03652623343136, 42.086635781217979 ], [ -72.036485378496849, 42.086377177284781 ] ] ] ] } },
{ "type": "Feature", "properties": { "ZONECODE": null, "TOWN_ID": "348", "LOCAL_ZONE": null, "highdense": "Y" }, "geometry": { "type": "MultiPolygon", "coordinates": [ [ [ [ -71.799616374910187, 42.278688684584147 ], [ -71.803696810531193, 42.278540763949906 ], [ -71.804396304539566, 42.279344997750236 ], [ -71.804749083021093, 42.279799585618058 ], [ -71.805506529460459, 42.281024879481521 ], [ -71.804055809887601, 42.281637234659208 ], [ -71.804368878926084, 42.283440236107523 ], [ -71.804704585481886, 42.283405424022533 ], [ -71.804792434742154, 42.284011400105456 ], [ -71.804644251108385, 42.284129488083678 ], [ -71.804570941109944, 42.284136906417991 ], [ -71.804490792959356, 42.284142322559354 ], [ -71.804494353190336, 42.284162827303589 ], [ -71.804585067879302, 42.284685228451664 ], [ -71.804583417695653, 42.284890957983016 ], [ -71.804668313737864, 42.284892626235191 ], [ -71.804742218449093, 42.28489320900794 ], [ -71.804959840334249, 42.285182389635423 ], [ -71.804957961139294, 42.285313955971091 ], [ -71.804659538679019, 42.285306664738712 ], [ -71.804580103105508, 42.285304002481233 ], [ -71.804575973874961, 42.285818571120089 ], [ -71.80031862050555, 42.286748367285021 ], [ -71.799620804024386, 42.285426841519161 ], [ -71.799640403498799, 42.28376180044777 ], [ -71.799849371176478, 42.283359243684927 ], [ -71.79977743580163, 42.282899106555753 ], [ -71.800188146498087, 42.282812280019733 ], [ -71.799566920737902, 42.281413718740232 ], [ -71.799616374910187, 42.278688684584147 ] ] ] ] } },
{ "type": "Feature", "properties": { "ZONECODE": "RB", "TOWN_ID": "278", "LOCAL_ZONE": null, "highdense": "Y" }, "geometry": { "type": "MultiPolygon", "coordinates": [ [ [ [ -72.045967183280709, 42.084449722206607 ], [ -72.046336637918373, 42.08477958854337 ], [ -72.046426680307249, 42.084815259861635 ], [ -72.046441601293282, 42.084823421380896 ], [ -72.046456147451821, 42.08483156578027 ], [ -72.046456179038287, 42.084831584536694 ], [ -72.04647052942704, 42.084840434837758 ], [ -72.046484007305565, 42.084849020099412 ], [ -72.046484416953547, 42.084849290947965 ], [ -72.046497971913254, 42.084858827503183 ], [ -72.046511062801954, 42.08486836987359 ], [ -72.04652381514309, 42.084878599920565 ], [ -72.046536105799362, 42.084888832170314 ], [ -72.046548052005747, 42.084899066063208 ], [ -72.046559543638026, 42.084909988186972 ], [ -72.046570574793733, 42.084920912508132 ], [ -72.046581144263968, 42.084931839032521 ], [ -72.046591260368658, 42.084943453782422 ], [ -72.046600915996194, 42.084955070730075 ], [ -72.046609997475088, 42.084966542762018 ], [ -72.046610107536068, 42.084966691693531 ], [ -72.046618851722158, 42.084978997252783 ], [ -72.046627015793561, 42.084991307382019 ], [ -72.046634604568823, 42.085003620257709 ], [ -72.046641854796007, 42.085016620811253 ], [ -72.046648413699828, 42.085029624665559 ], [ -72.046653891781375, 42.085040489062251 ], [ -72.046654621039522, 42.085041944136442 ], [ -72.046655183021116, 42.085043343287722 ], [ -72.046655396348996, 42.085043834756966 ], [ -72.046660150070963, 42.085055638969664 ], [ -72.046665212719461, 42.085068649967887 ], [ -72.046669698861422, 42.085081663718881 ], [ -72.046673731635806, 42.085095365696482 ], [ -72.046676728102355, 42.085107045049057 ], [ -72.046677067188639, 42.085108385841963 ], [ -72.046677303976566, 42.085109496635482 ], [ -72.046677419662799, 42.085110018282307 ], [ -72.046679766616649, 42.085121222654045 ], [ -72.046680168373129, 42.085123385161388 ], [ -72.046682077902616, 42.085134742879653 ], [ -72.046682370357018, 42.085136704231907 ], [ -72.04668398298702, 42.085149516522392 ], [ -72.046650400528719, 42.085380879700345 ], [ -72.046651569434545, 42.085516714342809 ], [ -72.046683638476765, 42.085636863298731 ], [ -72.04664639495526, 42.085628218679936 ], [ -72.045803600718997, 42.085432595137199 ], [ -72.045577703139443, 42.085379722455933 ], [ -72.045568039749568, 42.08537746092874 ], [ -72.045604664200482, 42.085285354115285 ], [ -72.045657026358441, 42.085175774039236 ], [ -72.045724616595209, 42.085016284631834 ], [ -72.045774381028238, 42.084899542942438 ], [ -72.045779123705671, 42.084888417295531 ], [ -72.045519028375949, 42.084824623410064 ], [ -72.045260549535342, 42.084763785167098 ], [ -72.045208359582105, 42.084752642592527 ], [ -72.045297484031735, 42.084554451343408 ], [ -72.045235881025931, 42.084540043056286 ], [ -72.045225617087823, 42.084537642106703 ], [ -72.045079817655719, 42.084504719395291 ], [ -72.044958844633541, 42.084480597119729 ], [ -72.044831009023014, 42.084453801846024 ], [ -72.044830827400745, 42.084453763995604 ], [ -72.044624079509276, 42.084401921033567 ], [ -72.044410528204281, 42.084353854582879 ], [ -72.044304684529934, 42.084330031509239 ], [ -72.044537854464508, 42.084079881297406 ], [ -72.045471172658466, 42.084365313415297 ], [ -72.045472233012816, 42.084365637888489 ], [ -72.045500081642558, 42.084310620245795 ], [ -72.045532188074816, 42.084320319708183 ], [ -72.045602924048495, 42.084341688980523 ], [ -72.045803404313858, 42.084401106741247 ], [ -72.04592817333878, 42.084438245197077 ], [ -72.045967183280709, 42.084449722206607 ] ] ] ] } },
{ "type": "Feature", "properties": { "ZONECODE": null, "TOWN_ID": "348", "LOCAL_ZONE": null, "highdense": "Y" }, "geometry": { "type": "MultiPolygon", "coordinates": [ [ [ [ -71.808218597656008, 42.286978534841779 ], [ -71.807368389728254, 42.28689094280292 ], [ -71.807158801360131, 42.286396877301328 ], [ -71.806768198249316, 42.286298446944642 ], [ -71.807753889730066, 42.284894942172649 ], [ -71.808611846222689, 42.283167279069922 ], [ -71.808581002585186, 42.28205256711118 ], [ -71.809309531345249, 42.282066386814527 ], [ -71.809314161003513, 42.282966443635608 ], [ -71.809257749251927, 42.283238261262348 ], [ -71.808646291867134, 42.284688797667307 ], [ -71.80827693732752, 42.286247072336323 ], [ -71.808198406024417, 42.286626656543532 ], [ -71.808358107564246, 42.286646123748802 ], [ -71.808290697551854, 42.286985201685212 ], [ -71.808218597656008, 42.286978534841779 ] ] ] ] } },
{ "type": "Feature", "properties": { "ZONECODE": "GB", "TOWN_ID": "278", "LOCAL_ZONE": null, "highdense": "Y" }, "geometry": { "type": "MultiPolygon", "coordinates": [ [ [ [ -72.04984491142929, 42.081905118911379 ], [ -72.049440326372945, 42.081885370449214 ], [ -72.048822911208745, 42.081912725255997 ], [ -72.048837943068619, 42.081830939758063 ], [ -72.048846469613295, 42.081690190400053 ], [ -72.048814408741038, 42.081514849939317 ], [ -72.04882496365272, 42.081296495591609 ], [ -72.048628429212457, 42.081284533062508 ], [ -72.048784669976769, 42.079758975518899 ], [ -72.048836303889289, 42.079764071507469 ], [ -72.048942193198386, 42.079806443556052 ], [ -72.049135527082214, 42.079977031844869 ], [ -72.049349655103114, 42.080333329477178 ], [ -72.049660638790357, 42.080796358455096 ], [ -72.050017673595875, 42.081037624812069 ], [ -72.050460303801401, 42.081192719795482 ], [ -72.050816352502267, 42.081319643791645 ], [ -72.051134093356723, 42.081453898061518 ], [ -72.05146056054042, 42.081488058654223 ], [ -72.05197121598313, 42.08174287085501 ], [ -72.053369528928712, 42.082579406651561 ], [ -72.053341788334706, 42.082746975975169 ], [ -72.053246667075314, 42.083145915492487 ], [ -72.053219304750257, 42.083271354936414 ], [ -72.053200504515615, 42.083357544806077 ], [ -72.052839309231132, 42.083220932019792 ], [ -72.052822684622711, 42.083215523806437 ], [ -72.052806168862162, 42.083209429002821 ], [ -72.052789763158557, 42.083202647603123 ], [ -72.052773362219341, 42.083196552240338 ], [ -72.052756962491898, 42.083190456869303 ], [ -72.052740670404631, 42.083183674914018 ], [ -72.052724500313147, 42.083177578429591 ], [ -72.052708324256045, 42.083170795909425 ], [ -72.052692148202425, 42.083164013386963 ], [ -72.052676202990256, 42.083157229747762 ], [ -72.052660141758224, 42.083150446666494 ], [ -72.052644311367629, 42.083143662468494 ], [ -72.052628480980417, 42.08313687826837 ], [ -72.052612643420261, 42.083129408038374 ], [ -72.052596927854694, 42.083122623279579 ], [ -72.052581321139769, 42.083115151930954 ], [ -72.052565715637058, 42.083107680574329 ], [ -72.052550223744078, 42.083100208667261 ], [ -72.052534733063354, 42.083092736752164 ], [ -72.052519355992303, 42.08308526428673 ], [ -72.052504094948006, 42.083077791259193 ], [ -72.052488949930535, 42.083070317669659 ], [ -72.052473681718638, 42.083062158610446 ], [ -72.052458651523011, 42.08305468446278 ], [ -72.052443614156488, 42.083046524285514 ], [ -72.052428692816875, 42.083038363546294 ], [ -72.052413886295639, 42.083030202251152 ], [ -72.052399079778212, 42.083022040954049 ], [ -72.052384388079048, 42.083013879100974 ], [ -72.052369697592283, 42.083005717240184 ], [ -72.052355229564682, 42.082996868241857 ], [ -72.0523263179075, 42.082975580449727 ], [ -72.052183676936949, 42.08287054927353 ], [ -72.05192205478177, 42.08266337136628 ], [ -72.051753038483852, 42.082533167146323 ], [ -72.05154402746615, 42.082400177945175 ], [ -72.051323179826127, 42.08228511090234 ], [ -72.051122551388104, 42.082196745738806 ], [ -72.050889999164454, 42.082114489637057 ], [ -72.050629597321645, 42.082047255120486 ], [ -72.050309265459603, 42.081983286472514 ], [ -72.04984491142929, 42.081905118911379 ] ] ] ] } },
{ "type": "Feature", "properties": { "ZONECODE": null, "TOWN_ID": "348", "LOCAL_ZONE": null, "highdense": "Y" }, "geometry": { "type": "MultiPolygon", "coordinates": [ [ [ [ -71.813650610712486, 42.272677970726761 ], [ -71.813721286334484, 42.272493921205978 ], [ -71.813816006652957, 42.27250189394514 ], [ -71.813909719217563, 42.271887641449709 ], [ -71.814364232958056, 42.271851412041258 ], [ -71.814280327308794, 42.272532869791227 ], [ -71.814095585829264, 42.272719288763895 ], [ -71.813650610712486, 42.272677970726761 ] ] ] ] } },
{ "type": "Feature", "properties": { "ZONECODE": "R3", "TOWN_ID": "278", "LOCAL_ZONE": null, "highdense": "Y" }, "geometry": { "type": "MultiPolygon", "coordinates": [ [ [ [ -72.047257403358699, 42.081845144098544 ], [ -72.047080420133994, 42.081816041024481 ], [ -72.046932443147099, 42.08178816221384 ], [ -72.046807502678689, 42.081761602020272 ], [ -72.046741126874608, 42.081744247112553 ], [ -72.046890085030796, 42.08170964751443 ], [ -72.046900360025532, 42.081712114886557 ], [ -72.047259171876249, 42.081602885486497 ], [ -72.04737637995018, 42.081567204465692 ], [ -72.047573635850696, 42.081507154378322 ], [ -72.047750341696897, 42.081442763587276 ], [ -72.047788906079774, 42.081196701381792 ], [ -72.048193121143669, 42.081235072044208 ], [ -72.048193474340394, 42.081235105466185 ], [ -72.048242172625919, 42.081236991653348 ], [ -72.048252573698861, 42.081238665997468 ], [ -72.048255276861624, 42.081226289525247 ], [ -72.048603999804172, 42.081282415489106 ], [ -72.048628429212457, 42.081284533062508 ], [ -72.04882496365272, 42.081296495591609 ], [ -72.048814408741038, 42.081514849939317 ], [ -72.048846469613295, 42.081690190400053 ], [ -72.048837943068619, 42.081830939758063 ], [ -72.048822911208745, 42.081912725255997 ], [ -72.048428861537943, 42.081913241674656 ], [ -72.048410449112396, 42.081914015948023 ], [ -72.048392030764376, 42.081914104184627 ], [ -72.048373611207765, 42.081914192424058 ], [ -72.04835518814653, 42.081913594615102 ], [ -72.048336768590033, 42.081913682848622 ], [ -72.048318350241999, 42.081913771073346 ], [ -72.048299931893922, 42.081913859295128 ], [ -72.048281513545788, 42.081913947513947 ], [ -72.048263089276958, 42.08191334969603 ], [ -72.048244670928938, 42.081913437908923 ], [ -72.048226246660661, 42.081912840085003 ], [ -72.048207828312727, 42.081912928291985 ], [ -72.048189404044891, 42.081912330462202 ], [ -72.048170985697055, 42.081912418663237 ], [ -72.048152561429717, 42.081911820827493 ], [ -72.048134137162734, 42.081911222988786 ], [ -72.048115827708642, 42.081910624597363 ], [ -72.048097403442341, 42.081910026752773 ], [ -72.048078985095046, 42.081910114939006 ], [ -72.048060560829228, 42.081909517088505 ], [ -72.04804213656378, 42.081908919234991 ], [ -72.048023821193098, 42.08190763479503 ], [ -72.048005396928588, 42.08190703693564 ], [ -72.047986972664376, 42.081906439073236 ], [ -72.047968548400505, 42.081905841207934 ], [ -72.047950234240801, 42.081904556750438 ], [ -72.047931809977825, 42.081903958879181 ], [ -72.047913500527685, 42.081903360455399 ], [ -72.04789507034873, 42.081902076544402 ], [ -72.047876760899541, 42.081901478114801 ], [ -72.047858330721866, 42.081900194197914 ], [ -72.04784001535748, 42.08189890972853 ], [ -72.047821591097176, 42.081898311839588 ], [ -72.047803275734026, 42.081897027364349 ], [ -72.04778496158022, 42.08189574288042 ], [ -72.047766531406054, 42.08189445894871 ], [ -72.047748216045193, 42.081893174464724 ], [ -72.047729900685013, 42.081891889977747 ], [ -72.047711585325615, 42.081890605487878 ], [ -72.047693269966899, 42.081889320995046 ], [ -72.047674955817527, 42.081888036493517 ], [ -72.047656634546271, 42.081886065961022 ], [ -72.04763831919, 42.081884781459436 ], [ -72.047620003834496, 42.081883496954873 ], [ -72.047601683774801, 42.081881526407813 ], [ -72.047583368420916, 42.081880241897402 ], [ -72.047565047154748, 42.08187827135027 ], [ -72.047546846615077, 42.081876986284811 ], [ -72.047528526559503, 42.081875015725991 ], [ -72.047510320108984, 42.081873044620927 ], [ -72.047492004759462, 42.081871760095922 ], [ -72.047473799519537, 42.081869788979269 ], [ -72.047455478259721, 42.081867818414565 ], [ -72.047437271813592, 42.081865847297848 ], [ -72.047419066577064, 42.081863876172484 ], [ -72.047400860133138, 42.08186190505004 ], [ -72.047382654898854, 42.081859933918828 ], [ -72.047364448457188, 42.081857962790551 ], [ -72.047346243225221, 42.081855991653612 ], [ -72.047328030875263, 42.081853334485686 ], [ -72.047309825645712, 42.081851363342928 ], [ -72.047280210744375, 42.081848074622172 ], [ -72.047257403358699, 42.081845144098544 ] ] ] ] } },
{ "type": "Feature", "properties": { "ZONECODE": null, "TOWN_ID": "348", "LOCAL_ZONE": null, "highdense": "Y" }, "geometry": { "type": "MultiPolygon", "coordinates": [ [ [ [ -71.813564260388759, 42.273287400613249 ], [ -71.813245945833842, 42.273269060190309 ], [ -71.813335398460168, 42.272632866975755 ], [ -71.813650610712486, 42.272677970726761 ], [ -71.814095585829264, 42.272719288763895 ], [ -71.814280327308794, 42.272532869791227 ], [ -71.814364232958056, 42.271851412041258 ], [ -71.814508727592653, 42.270862447398095 ], [ -71.814573598161687, 42.270440360273227 ], [ -71.814645607093979, 42.270432616750455 ], [ -71.81653310439512, 42.270282679397276 ], [ -71.815753640757904, 42.2710950254084 ], [ -71.815621559521674, 42.271836987202626 ], [ -71.814201812783026, 42.273323390259726 ], [ -71.813564260388759, 42.273287400613249 ] ] ] ] } },
{ "type": "Feature", "properties": { "ZONECODE": "RB", "TOWN_ID": "278", "LOCAL_ZONE": null, "highdense": "Y" }, "geometry": { "type": "MultiPolygon", "coordinates": [ [ [ [ -72.043790349585251, 42.082774425991026 ], [ -72.043961837927725, 42.082003162827284 ], [ -72.043967880318647, 42.081975988750436 ], [ -72.044580126998696, 42.082055579840947 ], [ -72.044598058366859, 42.082002486794593 ], [ -72.044692342462525, 42.081734622587177 ], [ -72.044818860073491, 42.081695894547337 ], [ -72.044914925893792, 42.081666488534005 ], [ -72.045094147088051, 42.081611626327209 ], [ -72.045710971359611, 42.0813693319229 ], [ -72.045807436098613, 42.081336523554668 ], [ -72.045918073305771, 42.08141138087278 ], [ -72.046041438723378, 42.081477969834779 ], [ -72.04610883482826, 42.081506234248252 ], [ -72.046119109517477, 42.08151078238653 ], [ -72.046239801167033, 42.081564210959435 ], [ -72.046360382858978, 42.081611997475015 ], [ -72.046338490804686, 42.081628916784858 ], [ -72.046331291407256, 42.081635125703926 ], [ -72.045984625487492, 42.081924925750883 ], [ -72.045761674810265, 42.082116715057317 ], [ -72.045751759687803, 42.082128425382592 ], [ -72.045742075396177, 42.082140134606469 ], [ -72.045732505913946, 42.08215184328224 ], [ -72.04572316726275, 42.082163550856677 ], [ -72.045713942212615, 42.08217525788875 ], [ -72.045704833180707, 42.08218696436699 ], [ -72.045696075686166, 42.082199355230699 ], [ -72.045687427108462, 42.082211059512431 ], [ -72.045678899233422, 42.082223449280164 ], [ -72.045670602189958, 42.08223583794684 ], [ -72.045662534769519, 42.082248225518377 ], [ -72.045654583367693, 42.082260612536224 ], [ -72.045646745567467, 42.082272999012062 ], [ -72.045639254620951, 42.082285383834005 ], [ -72.045631878484798, 42.082297768108191 ], [ -72.045624623051268, 42.08231083786854 ], [ -72.045617591349171, 42.082323220500001 ], [ -72.045610796371633, 42.082336288064667 ], [ -72.045604226334575, 42.082348668494809 ], [ -72.045597775791663, 42.082361734417049 ], [ -72.045591557289981, 42.082374799232859 ], [ -72.045585452390625, 42.082387863506938 ], [ -72.045579578324194, 42.082400926680442 ], [ -72.045573935090886, 42.082413988753537 ], [ -72.045568405467847, 42.082427051185171 ], [ -72.045563107878991, 42.082440111610268 ], [ -72.04555803870646, 42.082453170946508 ], [ -72.045553201576084, 42.082466229176717 ], [ -72.045548478048772, 42.082479286865201 ], [ -72.045540286989834, 42.082504024131978 ], [ -72.045510234130788, 42.082583750536706 ], [ -72.045503953538272, 42.082600426921942 ], [ -72.045404709095408, 42.082940382522089 ], [ -72.045348426831524, 42.083089298307883 ], [ -72.045325337350107, 42.083084240329583 ], [ -72.045081964268846, 42.083037389509599 ], [ -72.044991376931463, 42.0830195258321 ], [ -72.044890802240658, 42.083000470750008 ], [ -72.044735386441886, 42.082970433067551 ], [ -72.044686822749227, 42.082960563196465 ], [ -72.044688551974431, 42.08295390142878 ], [ -72.044704744295103, 42.08290729191954 ], [ -72.04460633542098, 42.0828960970872 ], [ -72.044352008494798, 42.082866433973706 ], [ -72.044242020214512, 42.082852871066429 ], [ -72.044185942625006, 42.08284595562067 ], [ -72.044187912691882, 42.082820561066114 ], [ -72.043790349585251, 42.082774425991026 ] ] ] ] } },
{ "type": "Feature", "properties": { "ZONECODE": null, "TOWN_ID": "348", "LOCAL_ZONE": null, "highdense": "Y" }, "geometry": { "type": "MultiPolygon", "coordinates": [ [ [ [ -71.848970387385705, 42.278281824524704 ], [ -71.850227113464712, 42.278053668052543 ], [ -71.850312935762901, 42.278454734114362 ], [ -71.850334037460172, 42.2785534597053 ], [ -71.849064840196661, 42.278741177700219 ], [ -71.848970387385705, 42.278281824524704 ] ] ] ] } },
{ "type": "Feature", "properties": { "ZONECODE": "GB", "TOWN_ID": "278", "LOCAL_ZONE": null, "highdense": "Y" }, "geometry": { "type": "MultiPolygon", "coordinates": [ [ [ [ -72.025389761469768, 42.072281955110583 ], [ -72.025498723054667, 42.072210041417058 ], [ -72.025505905288881, 42.072216836647357 ], [ -72.02574862611138, 42.072443715995199 ], [ -72.025790717340499, 42.072495934348261 ], [ -72.025666303591862, 42.072651845722874 ], [ -72.025467131469242, 42.072855148557402 ], [ -72.025448245299529, 42.072840141902375 ], [ -72.025034316185284, 42.072517533298686 ], [ -72.025101336742424, 42.072473113498667 ], [ -72.025337702926251, 42.072316458449144 ], [ -72.025389761469768, 42.072281955110583 ] ] ] ] } },
{ "type": "Feature", "properties": { "ZONECODE": null, "TOWN_ID": "348", "LOCAL_ZONE": null, "highdense": "Y" }, "geometry": { "type": "MultiPolygon", "coordinates": [ [ [ [ -71.811862137293275, 42.26683104696064 ], [ -71.811987414121461, 42.265932380228037 ], [ -71.811995143045635, 42.265876934905982 ], [ -71.811998241943641, 42.265792027203375 ], [ -71.811253274993959, 42.265719225051051 ], [ -71.811305917465248, 42.265389787391335 ], [ -71.809513420054984, 42.265249192036478 ], [ -71.809671032832853, 42.264238930985286 ], [ -71.812229388270026, 42.264424779830556 ], [ -71.813891775883377, 42.264220614588602 ], [ -71.813918155838707, 42.26432481900305 ], [ -71.814721996629544, 42.264201878200851 ], [ -71.816912377354129, 42.263847351993434 ], [ -71.817191049962645, 42.263843152666745 ], [ -71.817178724990541, 42.263963927038013 ], [ -71.817760112230658, 42.264006913045876 ], [ -71.817691870897534, 42.264579938423928 ], [ -71.818400475122417, 42.264619823366019 ], [ -71.818364603652896, 42.265246269669589 ], [ -71.817792774330812, 42.26632697933622 ], [ -71.81434435621658, 42.266006545112496 ], [ -71.814261851921202, 42.266533966421669 ], [ -71.814144807627585, 42.266523614398345 ], [ -71.814063311237518, 42.267033558810226 ], [ -71.813028137770345, 42.266939961190523 ], [ -71.811862137293275, 42.26683104696064 ] ], [ [ -71.813985886761486, 42.265973229432376 ], [ -71.813200916728945, 42.265903983891782 ], [ -71.813127909555007, 42.266326297153022 ], [ -71.813087667669123, 42.266561262045684 ], [ -71.813540090209386, 42.266596918796822 ], [ -71.8135595924944, 42.266472770783281 ], [ -71.813899219434205, 42.26650233371528 ], [ -71.813985886761486, 42.265973229432376 ] ] ] ] } },
{ "type": "Feature", "properties": { "ZONECODE": "R3", "TOWN_ID": "278", "LOCAL_ZONE": null, "highdense": "Y" }, "geometry": { "type": "MultiPolygon", "coordinates": [ [ [ [ -72.039180164195145, 42.07021965150313 ], [ -72.038941853168112, 42.070591435109186 ], [ -72.038015292526694, 42.070377104319682 ], [ -72.037786643007337, 42.070328782421967 ], [ -72.037388301945001, 42.070235289858829 ], [ -72.037180813221809, 42.070198530460615 ], [ -72.037218205889928, 42.070154722442503 ], [ -72.037366013541202, 42.069981551306554 ], [ -72.037067776587847, 42.069884158170311 ], [ -72.03706486773082, 42.069882835708682 ], [ -72.037062895338437, 42.069881939217446 ], [ -72.036876894764859, 42.069797357462839 ], [ -72.036810927666721, 42.069767359486157 ], [ -72.036919510486015, 42.069650219478149 ], [ -72.037314719382337, 42.06918321328299 ], [ -72.037371248410437, 42.069212448575961 ], [ -72.037387076344672, 42.069220547588657 ], [ -72.037387169709831, 42.069220442710275 ], [ -72.037837568639731, 42.069451067055745 ], [ -72.037771438883908, 42.069530644166157 ], [ -72.037751595542815, 42.069553685393615 ], [ -72.037715850954839, 42.069597535368743 ], [ -72.037907744776518, 42.069686053185947 ], [ -72.037698064779605, 42.069933361119432 ], [ -72.037778037210927, 42.069930340159452 ], [ -72.037840089131947, 42.069927995786664 ], [ -72.037910958142959, 42.069925317328398 ], [ -72.038130635492038, 42.069909024696805 ], [ -72.038086320598708, 42.069984341618344 ], [ -72.038065859636831, 42.07002834582994 ], [ -72.038313217944079, 42.070084125863517 ], [ -72.038823071170881, 42.070148275639944 ], [ -72.038832402519859, 42.070135053360666 ], [ -72.03886242283609, 42.070092518382893 ], [ -72.03885674162963, 42.070087742691861 ], [ -72.039033197644727, 42.070159710948197 ], [ -72.039116437292435, 42.070193663435312 ], [ -72.039180164195145, 42.07021965150313 ] ] ] ] } },
{ "type": "Feature", "properties": { "ZONECODE": null, "TOWN_ID": "348", "LOCAL_ZONE": null, "highdense": "Y" }, "geometry": { "type": "MultiPolygon", "coordinates": [ [ [ [ -71.809285383462935, 42.267536347963713 ], [ -71.809113975074041, 42.267521715791986 ], [ -71.808734202385423, 42.267489807693678 ], [ -71.804468650038388, 42.267023029376901 ], [ -71.804711372051429, 42.266791193108837 ], [ -71.804908582750016, 42.266602697856129 ], [ -71.805135902307896, 42.266385308157808 ], [ -71.805280264305637, 42.266251148918414 ], [ -71.805341596120641, 42.266184441081897 ], [ -71.805423750265874, 42.26607926021736 ], [ -71.805493647389397, 42.265969308783838 ], [ -71.805552907133972, 42.265856643283904 ], [ -71.805604534271737, 42.265741251238602 ], [ -71.805694642172426, 42.265465913754333 ], [ -71.805736888001007, 42.265225005045586 ], [ -71.805768854823796, 42.265054784691259 ], [ -71.805803745077057, 42.264868776964121 ], [ -71.805830758679875, 42.264725324911403 ], [ -71.805888301107942, 42.264400678895576 ], [ -71.805939717623588, 42.264098688116718 ], [ -71.808796786107507, 42.264320863025276 ], [ -71.808816240725562, 42.264191151149006 ], [ -71.809671032832853, 42.264238930985286 ], [ -71.809513420054984, 42.265249192036478 ], [ -71.811305917465248, 42.265389787391335 ], [ -71.811253274993959, 42.265719225051051 ], [ -71.810993860248175, 42.267393488817035 ], [ -71.811016961676714, 42.267395607701708 ], [ -71.811028936832798, 42.267326668062836 ], [ -71.811228537800659, 42.267345945776029 ], [ -71.811203460722311, 42.267505784679507 ], [ -71.811178463477461, 42.267665615253314 ], [ -71.811171016028709, 42.267716372771105 ], [ -71.810946997062345, 42.267695932144477 ], [ -71.810885334565796, 42.268093886961623 ], [ -71.809388137497251, 42.26796140927587 ], [ -71.809448709552228, 42.267551000751816 ], [ -71.809285383462935, 42.267536347963713 ] ] ] ] } },
{ "type": "Feature", "properties": { "ZONECODE": "RB", "TOWN_ID": "278", "LOCAL_ZONE": null, "highdense": "Y" }, "geometry": { "type": "MultiPolygon", "coordinates": [ [ [ [ -72.036227273326048, 42.070519333586155 ], [ -72.036164380942154, 42.070502917836713 ], [ -72.03615537792821, 42.070523044900519 ], [ -72.036145127318107, 42.070545829322874 ], [ -72.036024659745038, 42.070529503124007 ], [ -72.035523620090913, 42.07046159562978 ], [ -72.035321454434836, 42.070473574221282 ], [ -72.035147676403668, 42.070483870231435 ], [ -72.03518501477123, 42.070353807428283 ], [ -72.035230771246745, 42.070194418833282 ], [ -72.035244829024009, 42.070168968774816 ], [ -72.035253155696964, 42.070171806434573 ], [ -72.035301054364055, 42.070188128048393 ], [ -72.035373928488369, 42.070080761415653 ], [ -72.03523927327825, 42.07004091353172 ], [ -72.035244210856519, 42.070033042136345 ], [ -72.035247904786729, 42.07002715191296 ], [ -72.035226887863033, 42.070019017449482 ], [ -72.035308182449938, 42.069876292757023 ], [ -72.035308777829286, 42.069875247373176 ], [ -72.03533493770064, 42.069838077632262 ], [ -72.035632019374646, 42.069921759424034 ], [ -72.035650704331047, 42.069926474414295 ], [ -72.03568379009495, 42.069932408591853 ], [ -72.035706260043369, 42.069887862405579 ], [ -72.035805850586399, 42.069595827678619 ], [ -72.035823390110224, 42.069544393502454 ], [ -72.035859118834921, 42.069439622371284 ], [ -72.036397648097449, 42.069506871886801 ], [ -72.036389704258795, 42.069539503398921 ], [ -72.036243308749135, 42.070140495161034 ], [ -72.036427811578847, 42.070181480368205 ], [ -72.036810927666721, 42.069767359486157 ], [ -72.036876894764859, 42.069797357462839 ], [ -72.037062895338437, 42.069881939217446 ], [ -72.03706486773082, 42.069882835708682 ], [ -72.037067776587847, 42.069884158170311 ], [ -72.037366013541202, 42.069981551306554 ], [ -72.037218205889928, 42.070154722442503 ], [ -72.037180813221809, 42.070198530460615 ], [ -72.037388301945001, 42.070235289858829 ], [ -72.037786643007337, 42.070328782421967 ], [ -72.037639248105961, 42.070916142233472 ], [ -72.037558369278926, 42.070901730371965 ], [ -72.037200143137838, 42.070839490562797 ], [ -72.037081451004866, 42.070818868797787 ], [ -72.037050046286438, 42.070798300134683 ], [ -72.036989504929295, 42.070741419518775 ], [ -72.03668050834932, 42.070653089201961 ], [ -72.03661543761072, 42.070629449644855 ], [ -72.036227273326048, 42.070519333586155 ] ] ] ] } },
{ "type": "Feature", "properties": { "ZONECODE": null, "TOWN_ID": "348", "LOCAL_ZONE": null, "highdense": "Y" }, "geometry": { "type": "MultiPolygon", "coordinates": [ [ [ [ -71.808734202385423, 42.267489807693678 ], [ -71.809113975074041, 42.267521715791986 ], [ -71.809285383462935, 42.267536347963713 ], [ -71.80903535055576, 42.269058634923958 ], [ -71.808591793220103, 42.269017979539825 ], [ -71.808734202385423, 42.267489807693678 ] ] ] ] } },
{ "type": "Feature", "properties": { "ZONECODE": null, "TOWN_ID": "348", "LOCAL_ZONE": null, "highdense": "Y" }, "geometry": { "type": "MultiPolygon", "coordinates": [ [ [ [ -71.806122179393626, 42.263393648809519 ], [ -71.806360584267665, 42.261367849071071 ], [ -71.808484937831295, 42.261640692500201 ], [ -71.809364239517379, 42.261797486582331 ], [ -71.809337732923822, 42.261003820480113 ], [ -71.81094554172607, 42.261079743875918 ], [ -71.815768450217774, 42.26102088367054 ], [ -71.815780836861677, 42.261352455135828 ], [ -71.81694252771247, 42.261335165839625 ], [ -71.816486052949145, 42.263045182898288 ], [ -71.816037164714146, 42.263109652407287 ], [ -71.815995925995793, 42.263103322402941 ], [ -71.816018942668933, 42.263021022829918 ], [ -71.816037059238894, 42.262956247600002 ], [ -71.816002140037995, 42.262950854530345 ], [ -71.815697142520094, 42.262948336861996 ], [ -71.815623714437066, 42.262948064188343 ], [ -71.815625920640372, 42.263123107372664 ], [ -71.815626123607558, 42.263139259126142 ], [ -71.815629039728407, 42.263154071878382 ], [ -71.815630037067649, 42.263159140536828 ], [ -71.815630663820315, 42.263162324982041 ], [ -71.815631645522373, 42.263165230258679 ], [ -71.815632502982126, 42.263167769453986 ], [ -71.815629500470777, 42.26316820084601 ], [ -71.815624047742872, 42.263168983786137 ], [ -71.814571361739894, 42.263394145118752 ], [ -71.812617845462057, 42.263647135055422 ], [ -71.812529119207497, 42.263650536551495 ], [ -71.812510080909973, 42.263509537224159 ], [ -71.812177691925925, 42.2635305645816 ], [ -71.812196443813392, 42.263663284668262 ], [ -71.811153310168891, 42.263703251566653 ], [ -71.811009006643587, 42.263657677477816 ], [ -71.809066833503792, 42.263590200414775 ], [ -71.806122179393626, 42.263393648809519 ] ] ] ] } },
{ "type": "Feature", "properties": { "ZONECODE": "R3", "TOWN_ID": "278", "LOCAL_ZONE": null, "highdense": "Y" }, "geometry": { "type": "MultiPolygon", "coordinates": [ [ [ [ -72.025596174940659, 42.082053972643578 ], [ -72.025751998089078, 42.081616921365445 ], [ -72.025807616683863, 42.081507581294275 ], [ -72.025871762444652, 42.081399499414211 ], [ -72.025996652664006, 42.081189066542692 ], [ -72.026005183028516, 42.081176678245093 ], [ -72.026013605467284, 42.081164976503899 ], [ -72.026021906202601, 42.081152589260128 ], [ -72.026030092115874, 42.081140201643088 ], [ -72.026038048410797, 42.081127815980963 ], [ -72.026046003494088, 42.081115430323784 ], [ -72.026053843762995, 42.081103045193679 ], [ -72.026061569217646, 42.081090660590611 ], [ -72.026069179858027, 42.081078276514702 ], [ -72.026076559664531, 42.081065893499066 ], [ -72.026083934995555, 42.081052824442416 ], [ -72.026091083965397, 42.081040442486653 ], [ -72.026098228459702, 42.081027374489899 ], [ -72.026105147801687, 42.081014993588568 ], [ -72.026112062668091, 42.081001926646223 ], [ -72.026118751173996, 42.080989546804958 ], [ -72.026125320393163, 42.080976481450364 ], [ -72.026131779271779, 42.080964102663685 ], [ -72.02613823246611, 42.080951037841615 ], [ -72.026144456035922, 42.080937974074544 ], [ -72.026152344100808, 42.080917355983971 ], [ -72.026158685022054, 42.080905474726954 ], [ -72.026097487126336, 42.080888527949206 ], [ -72.025729294875433, 42.080788450221853 ], [ -72.025648381391804, 42.080763145836741 ], [ -72.025703861717588, 42.080652646793972 ], [ -72.025610773002811, 42.080623080253723 ], [ -72.025401029385606, 42.080561994231594 ], [ -72.025289296788515, 42.080616828293934 ], [ -72.025267467831299, 42.080627540802311 ], [ -72.025244317630765, 42.080673304306849 ], [ -72.025208767029, 42.080743584311392 ], [ -72.025175061979937, 42.080746483196748 ], [ -72.025174640545316, 42.080746088079174 ], [ -72.025147812250793, 42.080748395393165 ], [ -72.025018465580416, 42.080757932724858 ], [ -72.025033885593743, 42.08089463394807 ], [ -72.025006616433757, 42.080896396742752 ], [ -72.025006635796913, 42.08089654611085 ], [ -72.024860047863228, 42.080906020082416 ], [ -72.024858099550997, 42.080906156864323 ], [ -72.024854167908657, 42.080906434190062 ], [ -72.024858743854239, 42.080916705025132 ], [ -72.024671682719003, 42.080929528127285 ], [ -72.024639513509456, 42.080931531176645 ], [ -72.024601740373654, 42.080933567102029 ], [ -72.024590947066727, 42.080829131808422 ], [ -72.024577640466816, 42.080763837820164 ], [ -72.024562088573759, 42.080709694058292 ], [ -72.024542392691458, 42.080652500015496 ], [ -72.024518543188435, 42.080591233844928 ], [ -72.024514280944459, 42.080573863257513 ], [ -72.024473569865066, 42.080595063791641 ], [ -72.024400618816472, 42.080626956824929 ], [ -72.02425419664344, 42.080697605742962 ], [ -72.024252508276106, 42.080630971016831 ], [ -72.024244746999884, 42.080319629369612 ], [ -72.024271090287883, 42.080150050726878 ], [ -72.024294712102645, 42.080138965557204 ], [ -72.024516313635658, 42.080039265586223 ], [ -72.024516527956735, 42.080039168267483 ], [ -72.02452271699353, 42.08003638395882 ], [ -72.024542557339458, 42.080027374248502 ], [ -72.024733391519575, 42.079926334674632 ], [ -72.024689293766926, 42.079869593739815 ], [ -72.024858967711992, 42.079787417686589 ], [ -72.024669925569825, 42.079588798090562 ], [ -72.024685645226427, 42.079580891254324 ], [ -72.024894413813215, 42.079475879709797 ], [ -72.024934077038367, 42.079455802049864 ], [ -72.024968359301525, 42.079439179360435 ], [ -72.025172860797639, 42.079336363900488 ], [ -72.02610693156214, 42.07883948075753 ], [ -72.026203033104281, 42.078934402440012 ], [ -72.026225276183865, 42.078951451718744 ], [ -72.026237447618144, 42.078961686683137 ], [ -72.02624916430095, 42.078972609798207 ], [ -72.026249774591534, 42.078973190414629 ], [ -72.026260651372922, 42.078983533967723 ], [ -72.026271678010545, 42.078994460252993 ], [ -72.026282359021039, 42.079005388126276 ], [ -72.026292585279975, 42.079017004150828 ], [ -72.026302465911598, 42.079028621763527 ], [ -72.02631200091578, 42.079040240964595 ], [ -72.026321076693165, 42.079051862276444 ], [ -72.026329697718779, 42.079064171739866 ], [ -72.026337971907864, 42.079076482797447 ], [ -72.026345786869669, 42.079088795966051 ], [ -72.02635314707932, 42.07910179728654 ], [ -72.026360155976519, 42.079114114160731 ], [ -72.026366595313561, 42.079127119714869 ], [ -72.026372689021585, 42.079140126858036 ], [ -72.026378322292643, 42.079153136118144 ], [ -72.026383495126453, 42.0791661474954 ], [ -72.026388207522743, 42.079179160989717 ], [ -72.026392465165557, 42.079192862636468 ], [ -72.026396262370383, 42.079206566400394 ], [ -72.026399593452552, 42.079219586246509 ], [ -72.026505356979683, 42.079475478765652 ], [ -72.026521292250806, 42.079514033779596 ], [ -72.026538681133559, 42.079556489592775 ], [ -72.026543371209797, 42.079733471826216 ], [ -72.026459171695308, 42.080032982710343 ], [ -72.026517543667552, 42.080034086354402 ], [ -72.026624239843159, 42.080045944637043 ], [ -72.026681392984727, 42.080274827032831 ], [ -72.026939152689351, 42.081483854470314 ], [ -72.02697679609409, 42.081705965879927 ], [ -72.027186272765931, 42.08167802707878 ], [ -72.027165490610017, 42.081715125970263 ], [ -72.027089434834394, 42.081850892234542 ], [ -72.027015940066491, 42.081981887442581 ], [ -72.026950012209284, 42.082099203075025 ], [ -72.026928583230699, 42.082132957423845 ], [ -72.026825582203642, 42.082295303195316 ], [ -72.026689489848806, 42.08250106258506 ], [ -72.026545180944851, 42.082715777489803 ], [ -72.026370885064964, 42.082979341319344 ], [ -72.02619451264367, 42.083256634730184 ], [ -72.026181203329102, 42.083275905612844 ], [ -72.026039038728456, 42.083485808458356 ], [ -72.025980738508053, 42.083574621417206 ], [ -72.02587362637891, 42.083738352787059 ], [ -72.025765742250655, 42.083903503834506 ], [ -72.025815511933175, 42.083921798881541 ], [ -72.025576281933056, 42.08429557975127 ], [ -72.024973917777672, 42.084069734227946 ], [ -72.024975956503269, 42.084065608513889 ], [ -72.024977648361585, 42.084061484390489 ], [ -72.024979341428306, 42.084057360261575 ], [ -72.02498057968927, 42.084053924279047 ], [ -72.024981696255367, 42.084049802793899 ], [ -72.024983159688347, 42.084045679717953 ], [ -72.024984851545639, 42.084041555594439 ], [ -72.024987119902775, 42.084037428827052 ], [ -72.024989959090021, 42.084032613381034 ], [ -72.024992791398631, 42.084027111905613 ], [ -72.02499528371817, 42.084022298050186 ], [ -72.024998111564756, 42.084016110534371 ], [ -72.02500060388347, 42.084011296678803 ], [ -72.025002981385299, 42.084006483349761 ], [ -72.02500489962074, 42.084001672126924 ], [ -72.025007162305357, 42.083996859324344 ], [ -72.025008970184913, 42.083992734668342 ], [ -72.025010432406162, 42.083988611597555 ], [ -72.025011894627227, 42.083984488526774 ], [ -72.02501301239873, 42.083980367035714 ], [ -72.025014474619439, 42.083976243964869 ], [ -72.025016167681443, 42.083972119835316 ], [ -72.025018659997031, 42.083967305979328 ], [ -72.025021497970172, 42.083962490537999 ], [ -72.025024337151478, 42.083957675091035 ], [ -72.02502683513589, 42.083953547269608 ], [ -72.025028757829375, 42.083949422086746 ], [ -72.025031026180372, 42.083945295318379 ], [ -72.025033064898267, 42.083941169603236 ], [ -72.025034993260988, 42.083937730454949 ], [ -72.025036686320689, 42.083933606325097 ], [ -72.025038494196522, 42.083929481668598 ], [ -72.025041223020224, 42.083925352788107 ], [ -72.02504451579361, 42.083919849199425 ], [ -72.025048159894311, 42.083915030059991 ], [ -72.025051798324228, 42.083909524885691 ], [ -72.025055102436468, 42.083905393366237 ], [ -72.025057836928383, 42.083901950520151 ], [ -72.025060110946143, 42.08389850978601 ], [ -72.025062615804856, 42.083895067993055 ], [ -72.02506534462556, 42.083890939111953 ], [ -72.02506761864251, 42.083887498377685 ], [ -72.025069777842901, 42.083884058169978 ], [ -72.025071711872428, 42.083881305055876 ], [ -72.025074221191744, 42.083878549302945 ], [ -72.025077295668382, 42.083874418836103 ], [ -72.025081060250798, 42.083870285203787 ], [ -72.025085170490129, 42.083866149985816 ], [ -72.025088250636102, 42.083862705553464 ], [ -72.025090415505247, 42.083859951380163 ], [ -72.025092689512292, 42.083856509745061 ], [ -72.025095653632533, 42.083853065844679 ], [ -72.025099303396289, 42.083848932738384 ], [ -72.025102608710938, 42.083844801212017 ], [ -72.025106718947214, 42.08384066599325 ], [ -72.025110823512065, 42.083835844739546 ], [ -72.025115266853931, 42.083830335870886 ], [ -72.025118226509392, 42.083826205929618 ], [ -72.025120494850171, 42.083822079159475 ], [ -72.025122763190666, 42.083817952389239 ], [ -72.025125262371773, 42.083813824560096 ], [ -72.025128335633369, 42.083809694097411 ], [ -72.025131640944039, 42.083805562570134 ], [ -72.025134714204839, 42.083801432107279 ], [ -72.025137219055665, 42.08379799031259 ], [ -72.025139147408453, 42.083794551162505 ], [ -72.025141881891059, 42.083791108314351 ], [ -72.025144386741161, 42.083787666519527 ], [ -72.025147448657648, 42.083782163986704 ], [ -72.025148681232935, 42.083778041967498 ], [ -72.025149332847604, 42.083773236552567 ], [ -72.025149522780708, 42.083768433255621 ], [ -72.025150075384516, 42.083765686477335 ], [ -72.02515097364504, 42.083762938113367 ], [ -72.025152102746276, 42.08376018869042 ], [ -72.025153230638779, 42.083757439272944 ], [ -72.025155258000012, 42.083751941485964 ], [ -72.02515706586297, 42.083747816827433 ], [ -72.025157849306936, 42.083745068990112 ], [ -72.025159092014974, 42.083742319045903 ], [ -72.025159875458783, 42.083739571208561 ], [ -72.025161119375227, 42.083736821258746 ], [ -72.025162478107589, 42.083734070782207 ], [ -72.025163945984389, 42.083730633744139 ], [ -72.025165408189537, 42.083726510671241 ], [ -72.025166761250034, 42.083723074159856 ], [ -72.025168569111415, 42.08371894950114 ], [ -72.025170250813545, 42.083713453299602 ], [ -72.025171143400982, 42.083710018900618 ], [ -72.025171229859311, 42.083706588199931 ], [ -72.025171323197767, 42.083703843528419 ], [ -72.025171513128981, 42.083699040231416 ], [ -72.02517218175575, 42.083696292920692 ], [ -72.025172837830851, 42.083692173545963 ], [ -72.025175423461818, 42.083684615014903 ], [ -72.025178808340655, 42.083676366756258 ], [ -72.025181399641966, 42.083669494259787 ], [ -72.025183201829222, 42.08366468356607 ], [ -72.025184669703293, 42.083661246527683 ], [ -72.025186362745856, 42.083657122395429 ], [ -72.025188055788263, 42.083652998263112 ], [ -72.025189984133846, 42.083649559112132 ], [ -72.025192226289789, 42.083647529357741 ], [ -72.02519684016859, 42.083643353110176 ], [ -72.025201514329851, 42.083637843178956 ], [ -72.025203443882873, 42.083634404022149 ], [ -72.025205487042939, 42.083630964344067 ], [ -72.025207991883249, 42.083627522547822 ], [ -72.025211290298728, 42.083622704988876 ], [ -72.025215734825608, 42.083617196110588 ], [ -72.025220172471023, 42.083611001202861 ], [ -72.025224605652127, 42.08360412025467 ], [ -72.025228469216941, 42.08359792798057 ], [ -72.025231295813356, 42.083591740464151 ], [ -72.025234128081422, 42.083586238982441 ], [ -72.025237531172607, 42.083580048820799 ], [ -72.025241163894648, 42.083573857605401 ], [ -72.025245821030012, 42.083566289567905 ], [ -72.025250369020895, 42.083559408091844 ], [ -72.025254225699499, 42.083552529787553 ], [ -72.025257392274554, 42.083545654649669 ], [ -72.025259419620042, 42.083540156860622 ], [ -72.025260180367155, 42.083534664883324 ], [ -72.025260595458562, 42.083529174491993 ], [ -72.025262275939113, 42.083523678294483 ], [ -72.025265684696805, 42.083518174166734 ], [ -72.025269783556183, 42.083512666872338 ], [ -72.025273657247638, 42.083507846671779 ], [ -72.025277066003468, 42.083502342543703 ], [ -72.025280134776025, 42.083497526036375 ], [ -72.025281822135398, 42.083492715867827 ], [ -72.025283624310063, 42.083487905172355 ], [ -72.025284735173827, 42.083483097649101 ], [ -72.025285731221913, 42.083478290652643 ], [ -72.025286958109518, 42.083473482596958 ], [ -72.025288184996924, 42.083468674541287 ], [ -72.025289400538639, 42.083462494415912 ], [ -72.025290960526604, 42.083456312709934 ], [ -72.025292181740582, 42.083450818619347 ], [ -72.025293057299294, 42.083445326114891 ], [ -72.025293823715174, 42.083440520172076 ], [ -72.025294699273545, 42.083435027667583 ], [ -72.025295695320139, 42.083430220671005 ], [ -72.025296345711567, 42.083425415260614 ], [ -72.025297583943129, 42.083421979274377 ], [ -72.025298476519552, 42.083418544874277 ], [ -72.025298793810109, 42.08341511311405 ], [ -72.025298885934006, 42.083412368447902 ], [ -72.025298972385073, 42.083408937746952 ], [ -72.025299065710087, 42.083406192174976 ], [ -72.025299152168586, 42.083402762374341 ], [ -72.025299347754697, 42.0833986442114 ], [ -72.025299435414283, 42.0833952135049 ], [ -72.025299527545585, 42.083392469739053 ], [ -72.025299613989148, 42.083389038137774 ], [ -72.025299700440087, 42.083385607436838 ], [ -72.025299788099645, 42.083382176730318 ], [ -72.025300220205295, 42.083378744443188 ], [ -72.025300530614118, 42.083374626653679 ], [ -72.025301193558988, 42.083371193307258 ], [ -72.025302426116255, 42.083367071286176 ], [ -72.025303888304066, 42.083362948211267 ], [ -72.025305350491749, 42.083358825136379 ], [ -72.02530681267919, 42.08335470206147 ], [ -72.025308276075009, 42.083350578980991 ], [ -72.025309392607568, 42.083346457492205 ], [ -72.025311085633646, 42.083342333357955 ], [ -72.025312547820334, 42.083338210282925 ], [ -72.025313780376223, 42.083334088261687 ], [ -72.02531466727757, 42.083329967826607 ], [ -72.025315668994011, 42.083325846864597 ], [ -72.025316326264502, 42.083321727483288 ], [ -72.025316982326331, 42.083317608107514 ], [ -72.025317639596707, 42.083313488726134 ], [ -72.025318520824356, 42.083308682256174 ], [ -72.025319171212814, 42.083303876845534 ], [ -72.025319937625014, 42.08329907090247 ], [ -72.025320358382871, 42.083294266545607 ], [ -72.02532101444416, 42.083290147169755 ], [ -72.025322132183391, 42.08328602567525 ], [ -72.025323359064529, 42.083281217619017 ], [ -72.025325390860431, 42.083276405869029 ], [ -72.025327653494969, 42.0832715930596 ], [ -72.025329910455952, 42.083266094215325 ], [ -72.025332282231687, 42.083260594844134 ], [ -72.025334539191931, 42.083255095999732 ], [ -72.025336572194732, 42.08325028424396 ], [ -72.025337694396896, 42.08324684878967 ], [ -72.025339157788281, 42.083242725708722 ], [ -72.025340383458669, 42.083237917657854 ], [ -72.025341610337549, 42.083233109601416 ], [ -72.025342497235613, 42.083228989166031 ], [ -72.025343378460221, 42.083224182695822 ], [ -72.025344374499795, 42.083219375698725 ], [ -72.02534536607449, 42.083213882661212 ], [ -72.025346350767023, 42.083207703594375 ], [ -72.025347566298038, 42.083201523468212 ], [ -72.025349126273937, 42.083195341761233 ], [ -72.025350353151339, 42.083190533704681 ], [ -72.025351574355057, 42.083185039613277 ], [ -72.025352685208418, 42.083180232089106 ], [ -72.025353451616567, 42.083175426145694 ], [ -72.025353872371028, 42.083170621788589 ], [ -72.025354287452032, 42.083165131396704 ], [ -72.025354702532894, 42.083159641004769 ], [ -72.025355123287142, 42.083154836647658 ], [ -72.02535520406137, 42.0831507199117 ], [ -72.025355290508983, 42.083147289210572 ], [ -72.025355487306669, 42.083143171942169 ], [ -72.025355913734231, 42.083139053619895 ], [ -72.025356219673355, 42.083134249789673 ], [ -72.025357445340418, 42.083129441738556 ], [ -72.02535890872781, 42.083125318657288 ], [ -72.025360370906398, 42.083121195581519 ], [ -72.025362167391037, 42.083115698849753 ], [ -72.025364653973284, 42.083110198950841 ], [ -72.025367250904992, 42.083104012484505 ], [ -72.025369047388509, 42.083098515752646 ], [ -72.025369468141321, 42.083093711395399 ], [ -72.025369888894019, 42.083088907038196 ], [ -72.025370074343343, 42.08308341770006 ], [ -72.025370495095927, 42.083078613342849 ], [ -72.025370915848512, 42.083073808985596 ], [ -72.025371791395173, 42.083068316480265 ], [ -72.025372556591989, 42.083063510542218 ], [ -72.025373437812021, 42.083058704071711 ], [ -72.025374089402391, 42.083053898655017 ], [ -72.025374861481083, 42.083049778746236 ], [ -72.025375742700746, 42.083044972275651 ], [ -72.025375926940882, 42.083039482942972 ], [ -72.025376676324555, 42.083032618894819 ], [ -72.02537766101122, 42.083026439827577 ], [ -72.025378651371412, 42.083020946795152 ], [ -72.025379193819958, 42.083016827940256 ], [ -72.025379959015538, 42.083012022002102 ], [ -72.025380385440684, 42.083007903679686 ], [ -72.025380708398444, 42.083005157953842 ], [ -72.025380783497084, 42.083000355182968 ], [ -72.025380871151739, 42.082996924476227 ], [ -72.025381303250398, 42.082993492188578 ], [ -72.025381619325756, 42.082990060433502 ], [ -72.025381821795037, 42.082986629199802 ], [ -72.025382139078886, 42.08298319743912 ], [ -72.025382334665764, 42.082979080176081 ], [ -72.025382640602118, 42.082974276345716 ], [ -72.025383407005549, 42.082969470402006 ], [ -72.025383717406896, 42.082965352611978 ], [ -72.025384720321753, 42.082961231643672 ], [ -72.025385030723001, 42.082957113853716 ], [ -72.025385227510725, 42.082952995684785 ], [ -72.025385648268809, 42.082948192227754 ], [ -72.025386298641052, 42.082943385916181 ], [ -72.025386489769772, 42.082938583513013 ], [ -72.025386801371951, 42.082934464817157 ], [ -72.025387002632172, 42.082931033588984 ], [ -72.025387077730187, 42.082926230817975 ], [ -72.025387274525187, 42.082922113549373 ], [ -72.025387355296985, 42.082917996813279 ], [ -72.025387546418088, 42.082913193509782 ], [ -72.025387621516117, 42.082908390738822 ], [ -72.025388036592432, 42.082902900346539 ], [ -72.025389366928081, 42.082896719692712 ], [ -72.02539139303282, 42.082891221906394 ], [ -72.025393649974831, 42.082885723060564 ], [ -72.025395912590284, 42.082880910249507 ], [ -72.025397951250355, 42.082876784527279 ], [ -72.025399644258187, 42.082872660391445 ], [ -72.025401566894757, 42.082868535201605 ], [ -72.025403363368682, 42.082863038468979 ], [ -72.025404814190409, 42.082857543322817 ], [ -72.025406150197426, 42.082852048703579 ], [ -72.025407365715893, 42.082845868576435 ], [ -72.025408586908071, 42.082840374484157 ], [ -72.025409346425292, 42.082834882510831 ], [ -72.025410221965387, 42.08282939000501 ], [ -72.025411443156997, 42.082823895912668 ], [ -72.025412209556436, 42.082819089968623 ], [ -72.025413320398783, 42.082814282443678 ], [ -72.0254143119612, 42.082808789405235 ], [ -72.02541531366299, 42.082804668442137 ], [ -72.025415619595961, 42.082799864611495 ], [ -72.025416384786212, 42.082795058672993 ], [ -72.025417036370584, 42.082790253255901 ], [ -72.025417686746351, 42.082785447844365 ], [ -72.02541833833051, 42.082780642427267 ], [ -72.025418994380146, 42.082776523050548 ], [ -72.025419760778433, 42.082771717106461 ], [ -72.025420641990905, 42.082766910635357 ], [ -72.025421639226025, 42.08276210363173 ], [ -72.02542228960111, 42.082757298220145 ], [ -72.025423176487351, 42.082753177783879 ], [ -72.025423839419105, 42.082749744436462 ], [ -72.025424730770709, 42.082746310040612 ], [ -72.025425963307853, 42.082742188017811 ], [ -72.025427081030642, 42.082738066521962 ], [ -72.025428537521677, 42.082733257410247 ], [ -72.025430345337938, 42.082729132746934 ], [ -72.025432267968114, 42.082725007556476 ], [ -72.025434767086196, 42.082720879719901 ], [ -72.025437029692668, 42.082716066908006 ], [ -72.025439067136219, 42.082711941190425 ], [ -72.025440524834309, 42.082707132073033 ], [ -72.025441981323624, 42.08270232296109 ], [ -72.025442971673201, 42.082696829927961 ], [ -72.025443852882887, 42.082692023456552 ], [ -72.025444854580925, 42.082687902493149 ], [ -72.025446312278007, 42.082683093375614 ], [ -72.025447998394554, 42.082678283209624 ], [ -72.025450370138202, 42.082672783835477 ], [ -72.025453197880424, 42.082666596307263 ], [ -72.025455684437219, 42.082661096406 ], [ -72.02545771741184, 42.082656284647641 ], [ -72.025459519549472, 42.082651473948879 ], [ -72.025461545640354, 42.082645976161182 ], [ -72.025463227288725, 42.082640479954449 ], [ -72.02546502942549, 42.082635669255588 ], [ -72.025466480236688, 42.082630174108431 ], [ -72.025468282372898, 42.082625363409491 ], [ -72.025469964020232, 42.082619867202737 ], [ -72.025471766155889, 42.082615056503734 ], [ -72.02547321696602, 42.082609561356513 ], [ -72.025474674659179, 42.082604752238545 ], [ -72.025475676353835, 42.082600631274715 ], [ -72.025476557559713, 42.082595824803114 ], [ -72.025477778741106, 42.082590330709913 ], [ -72.025478538249359, 42.08258483873594 ], [ -72.025479753755661, 42.082578658607808 ], [ -72.025480969261679, 42.082572478479626 ], [ -72.025482534883935, 42.082566982805211 ], [ -72.025484325667549, 42.082560800036191 ], [ -72.025486352961948, 42.082555302242426 ], [ -72.025489179486897, 42.082549114718745 ], [ -72.025492582497748, 42.082542924548584 ], [ -72.025495638649261, 42.082536735970649 ], [ -72.025497895569615, 42.082531237122446 ], [ -72.025499128097835, 42.082527115098777 ], [ -72.025500349275944, 42.082521621005249 ], [ -72.025501333942685, 42.082515441936508 ], [ -72.02550185247047, 42.082508578946644 ], [ -72.025502032224253, 42.082502402672645 ], [ -72.025502550751838, 42.082495539682817 ], [ -72.025503190976622, 42.082489362195219 ], [ -72.025503944813963, 42.082483185086431 ], [ -72.025504936355873, 42.082477691146671 ], [ -72.025505817557828, 42.082472884674694 ], [ -72.025507037525784, 42.082467390586636 ], [ -72.0255083678407, 42.082461209931004 ], [ -72.025509808502633, 42.082454342707848 ], [ -72.0255111444921, 42.082448848087076 ], [ -72.025512364459118, 42.082443353998947 ], [ -72.025513574284332, 42.082436487835409 ], [ -72.025515124083583, 42.08242893405022 ], [ -72.025516437371564, 42.082420695289748 ], [ -72.025517762009514, 42.082413828599073 ], [ -72.025518735322549, 42.082406277460265 ], [ -72.025519253847506, 42.082399414470267 ], [ -72.025519537070025, 42.082391866499499 ], [ -72.02551969292, 42.082382946991608 ], [ -72.025519767913963, 42.082380032238738 ], [ -72.025519780566299, 42.082379516284412 ], [ -72.025596174940659, 42.082053972643578 ] ] ] ] } },
{ "type": "Feature", "properties": { "ZONECODE": null, "TOWN_ID": "348", "LOCAL_ZONE": null, "highdense": "Y" }, "geometry": { "type": "MultiPolygon", "coordinates": [ [ [ [ -71.814721996629544, 42.264201878200851 ], [ -71.814593826667291, 42.2637329831879 ], [ -71.816660423302352, 42.263376743476279 ], [ -71.818111689953227, 42.263348036437584 ], [ -71.818945787389154, 42.263459604419431 ], [ -71.818438163725602, 42.264354911420433 ], [ -71.818400475122417, 42.264619823366019 ], [ -71.817691870897534, 42.264579938423928 ], [ -71.817760112230658, 42.264006913045876 ], [ -71.817178724990541, 42.263963927038013 ], [ -71.817191049962645, 42.263843152666745 ], [ -71.816912377354129, 42.263847351993434 ], [ -71.814721996629544, 42.264201878200851 ] ] ] ] } },
{ "type": "Feature", "properties": { "ZONECODE": "RB", "TOWN_ID": "278", "LOCAL_ZONE": null, "highdense": "Y" }, "geometry": { "type": "MultiPolygon", "coordinates": [ [ [ [ -72.025467131469242, 42.072855148557402 ], [ -72.025666303591862, 42.072651845722874 ], [ -72.025790717340499, 42.072495934348261 ], [ -72.02574862611138, 42.072443715995199 ], [ -72.025505905288881, 42.072216836647357 ], [ -72.025498723054667, 42.072210041417058 ], [ -72.025389761469768, 42.072281955110583 ], [ -72.02384593060637, 42.070862020081329 ], [ -72.023954256178769, 42.070735484192582 ], [ -72.024337427024946, 42.070260388023947 ], [ -72.024359734405749, 42.070213031274449 ], [ -72.02444896217871, 42.070023871638597 ], [ -72.024468972026014, 42.0699797054084 ], [ -72.024486686661561, 42.069940604223405 ], [ -72.024504040250093, 42.069901390346345 ], [ -72.024603142467654, 42.069677460858422 ], [ -72.024616554064622, 42.069647155927996 ], [ -72.02465463566574, 42.069660753022752 ], [ -72.02505431530939, 42.069803458644685 ], [ -72.025496890153804, 42.069961477056964 ], [ -72.02554504952343, 42.069978672176561 ], [ -72.025720916214865, 42.070041463872791 ], [ -72.025808600018706, 42.07007276938149 ], [ -72.025818578060395, 42.070076332118397 ], [ -72.026043031538336, 42.07015647030147 ], [ -72.0260829377455, 42.070170717588432 ], [ -72.026181179315756, 42.070205793541682 ], [ -72.026272212234062, 42.070238295162255 ], [ -72.026634668688345, 42.070367702700345 ], [ -72.026559382475668, 42.070248085461223 ], [ -72.026453328645161, 42.070079585969715 ], [ -72.026485228475508, 42.070015554417928 ], [ -72.026713338776418, 42.069488224010549 ], [ -72.026727268071937, 42.069493820368152 ], [ -72.026838166965803, 42.069537977797786 ], [ -72.026863532145043, 42.069548078137615 ], [ -72.026884864890675, 42.069552043183705 ], [ -72.026734360146662, 42.070004018133666 ], [ -72.026755553275038, 42.07000817832116 ], [ -72.026793240992774, 42.07001557765085 ], [ -72.027239240536673, 42.070100824883319 ], [ -72.027200095797355, 42.070232262768293 ], [ -72.027192757546686, 42.070256903874686 ], [ -72.027149258025929, 42.070402957275448 ], [ -72.027142080811302, 42.070427059230369 ], [ -72.027082297283457, 42.07062778986527 ], [ -72.027075754896401, 42.070739496865428 ], [ -72.026979006606183, 42.071033820952778 ], [ -72.026936853112872, 42.071162060152162 ], [ -72.026927590045432, 42.071171883235309 ], [ -72.026807038169139, 42.07129972610727 ], [ -72.026806151216277, 42.071302205235241 ], [ -72.02679583022983, 42.071331057443736 ], [ -72.026793763428259, 42.071336834559787 ], [ -72.026771727938637, 42.071400053690816 ], [ -72.026757898208999, 42.071512629717432 ], [ -72.02676335305415, 42.071568176537532 ], [ -72.026745744187551, 42.071607386525343 ], [ -72.026723276561142, 42.07165741489419 ], [ -72.026643594271491, 42.071834841394534 ], [ -72.026566661868515, 42.072006141847147 ], [ -72.026460013629588, 42.072329059071919 ], [ -72.026447224388974, 42.072381205486565 ], [ -72.026462768814085, 42.072383893540341 ], [ -72.026494875410208, 42.072389445928998 ], [ -72.026480906577632, 42.072445069498755 ], [ -72.026388822201355, 42.072709480129284 ], [ -72.026367170993424, 42.072709791284225 ], [ -72.026361224372309, 42.07272686303903 ], [ -72.026296962389651, 42.072861626685949 ], [ -72.026295405211144, 42.072864894891175 ], [ -72.026237339330535, 42.072986764098147 ], [ -72.026200491905982, 42.073125680068088 ], [ -72.026183364095573, 42.07319023962237 ], [ -72.026163002170904, 42.073267019999605 ], [ -72.025831506639605, 42.073086737047696 ], [ -72.025521233354041, 42.072897435995415 ], [ -72.025467131469242, 42.072855148557402 ] ] ] ] } },
{ "type": "Feature", "properties": { "ZONECODE": null, "TOWN_ID": "348", "LOCAL_ZONE": null, "highdense": "Y" }, "geometry": { "type": "MultiPolygon", "coordinates": [ [ [ [ -71.833507758129272, 42.264910365787053 ], [ -71.83305489250408, 42.264546710846147 ], [ -71.832791025075622, 42.264732018615398 ], [ -71.832222537921055, 42.264290486979668 ], [ -71.832387429821054, 42.263900344829977 ], [ -71.8264492116935, 42.263277306851862 ], [ -71.826148340563492, 42.262826752819684 ], [ -71.826131539887683, 42.26238911237084 ], [ -71.82603270538165, 42.262386648826123 ], [ -71.826650745173055, 42.261256371275309 ], [ -71.826837851770819, 42.260915567044208 ], [ -71.828244144058417, 42.261085808577889 ], [ -71.828207459242932, 42.262248737560917 ], [ -71.829724140069416, 42.2624165874456 ], [ -71.829828388246582, 42.261951159582722 ], [ -71.830798515878868, 42.262069110219237 ], [ -71.830689884757547, 42.262533867358513 ], [ -71.832939828663882, 42.262952022379125 ], [ -71.832839834877859, 42.263080598938586 ], [ -71.833717392245447, 42.263591891197692 ], [ -71.834618496933885, 42.263313483711364 ], [ -71.834784409613974, 42.263730794510046 ], [ -71.834973913400177, 42.263849611295264 ], [ -71.834455194703111, 42.264438365572644 ], [ -71.834750754134959, 42.264614501297558 ], [ -71.834293671836107, 42.26493963955086 ], [ -71.83404963422808, 42.264769527109983 ], [ -71.833880546052399, 42.264669172291541 ], [ -71.833507758129272, 42.264910365787053 ] ] ] ] } },
{ "type": "Feature", "properties": { "ZONECODE": "R3", "TOWN_ID": "278", "LOCAL_ZONE": null, "highdense": "Y" }, "geometry": { "type": "MultiPolygon", "coordinates": [ [ [ [ -72.023781900194621, 42.070936900311523 ], [ -72.02384593060637, 42.070862020081329 ], [ -72.025389761469768, 42.072281955110583 ], [ -72.025337702926251, 42.072316458449144 ], [ -72.025101336742424, 42.072473113498667 ], [ -72.025034316185284, 42.072517533298686 ], [ -72.024904101715023, 42.072415907338673 ], [ -72.024551857124862, 42.072189063647244 ], [ -72.024539916849207, 42.072178827442059 ], [ -72.024527976577389, 42.072168591235545 ], [ -72.024516031854361, 42.07215766898635 ], [ -72.024504091582884, 42.07214743187707 ], [ -72.024492266117832, 42.072137195140762 ], [ -72.02448043620187, 42.072126272361722 ], [ -72.02446861074452, 42.072116035622976 ], [ -72.024456786499385, 42.072105798877395 ], [ -72.024445071390403, 42.072094875568695 ], [ -72.02443336073955, 42.072084638300169 ], [ -72.024421645638483, 42.07207371498906 ], [ -72.024409936203696, 42.072063477712561 ], [ -72.024398335905531, 42.072052553873057 ], [ -72.024386619607981, 42.072041630563817 ], [ -72.024375024979676, 42.072031392757758 ], [ -72.024363540696527, 42.072020468383172 ], [ -72.024351940414107, 42.072009544538879 ], [ -72.024340460592057, 42.071999306203416 ], [ -72.024328975112297, 42.071988381830778 ], [ -72.024317489636488, 42.071977457457045 ], [ -72.024306011034142, 42.071967219112558 ], [ -72.024294640360878, 42.071956294210601 ], [ -72.024283270899829, 42.071945369301986 ], [ -72.02427190023441, 42.071934444397741 ], [ -72.024260645575879, 42.071923518961022 ], [ -72.024249274918191, 42.071912594054503 ], [ -72.024238025927858, 42.071902354651435 ], [ -72.024226771280894, 42.071891429211341 ], [ -72.024215631432355, 42.071880503244316 ], [ -72.024204375584731, 42.071869577807497 ], [ -72.024193235743923, 42.071858651838284 ], [ -72.02418209590688, 42.071847725867947 ], [ -72.024171072076655, 42.071836799365215 ], [ -72.024159932247315, 42.071825873392697 ], [ -72.024148907216272, 42.071814946893355 ], [ -72.024137876529721, 42.071803334356993 ], [ -72.024126967509233, 42.071792407324288 ], [ -72.024115942489658, 42.071781480821684 ], [ -72.024105032268281, 42.071770553792369 ], [ -72.024094123259047, 42.071759626756496 ], [ -72.024083327839648, 42.071748699199453 ], [ -72.024072413179226, 42.071737086125431 ], [ -72.024061618975722, 42.071726158560772 ], [ -72.024050823567535, 42.071715231000603 ], [ -72.024040138500041, 42.071703615971941 ], [ -72.024029344307721, 42.071692688404141 ], [ -72.024018664913385, 42.071681760309779 ], [ -72.024007979864834, 42.071670146178377 ], [ -72.023997415272149, 42.07165921755638 ], [ -72.02398673588894, 42.07164828945897 ], [ -72.023976166854396, 42.07163667479351 ], [ -72.023965602272753, 42.071625746168536 ], [ -72.023955146831582, 42.071614130981068 ], [ -72.023941210826308, 42.071599101416581 ], [ -72.02366888589151, 42.071334155728962 ], [ -72.023544968744261, 42.071213974842635 ], [ -72.023622952724978, 42.071122777907632 ], [ -72.023781900194621, 42.070936900311523 ] ] ] ] } },
{ "type": "Feature", "properties": { "ZONECODE": null, "TOWN_ID": "348", "LOCAL_ZONE": null, "highdense": "Y" }, "geometry": { "type": "MultiPolygon", "coordinates": [ [ [ [ -71.820368668657721, 42.265349090547261 ], [ -71.819935749010384, 42.265125278505117 ], [ -71.820700084989596, 42.264315002278046 ], [ -71.820045138729839, 42.263972441992678 ], [ -71.820336936097533, 42.263367920519102 ], [ -71.820684213797293, 42.26346093761331 ], [ -71.820945591657363, 42.262915499814689 ], [ -71.820599933396977, 42.262822478987459 ], [ -71.820844193973997, 42.262316191936293 ], [ -71.821258045007426, 42.262425486049466 ], [ -71.821596619292635, 42.261715181664528 ], [ -71.822747170682675, 42.261991854888443 ], [ -71.821890731516206, 42.264158688181858 ], [ -71.823074401565833, 42.264807780391116 ], [ -71.822548230912574, 42.265316921987917 ], [ -71.821765477315978, 42.264864277749083 ], [ -71.820625483150678, 42.26554114834223 ], [ -71.820368668657721, 42.265349090547261 ] ] ] ] } },
{ "type": "Feature", "properties": { "ZONECODE": "R3", "TOWN_ID": "278", "LOCAL_ZONE": null, "highdense": "Y" }, "geometry": { "type": "MultiPolygon", "coordinates": [ [ [ [ -72.045423983046035, 42.083769672872585 ], [ -72.045426787942105, 42.083765549439889 ], [ -72.045532584962118, 42.083610040352973 ], [ -72.045613839140543, 42.083629608323434 ], [ -72.045722946973626, 42.083655435896809 ], [ -72.045637042113583, 42.083888901136653 ], [ -72.045636846321855, 42.083888902069866 ], [ -72.045625342683209, 42.083889910364043 ], [ -72.045639908819581, 42.08385032305452 ], [ -72.045423983046035, 42.083769672872585 ] ] ] ] } },
{ "type": "Feature", "properties": { "ZONECODE": null, "TOWN_ID": "348", "LOCAL_ZONE": null, "highdense": "Y" }, "geometry": { "type": "MultiPolygon", "coordinates": [ [ [ [ -71.796493299491644, 42.256581232891257 ], [ -71.797811206616203, 42.255129611461491 ], [ -71.798071949522992, 42.255297011638795 ], [ -71.79845322101302, 42.255321849415878 ], [ -71.798452518482108, 42.255357647264596 ], [ -71.79845840683663, 42.255708360053632 ], [ -71.797943583114289, 42.255704744117772 ], [ -71.797937167070472, 42.255812811442539 ], [ -71.797927575400379, 42.255974337047597 ], [ -71.79791919983829, 42.256115397423137 ], [ -71.797915360702234, 42.256180056284137 ], [ -71.797913311421866, 42.256214566582727 ], [ -71.797914703513854, 42.256232245807979 ], [ -71.797915637999637, 42.256244109367408 ], [ -71.797917055924415, 42.256262127039136 ], [ -71.797921077499154, 42.256313193453465 ], [ -71.797926488683018, 42.256381923793015 ], [ -71.797964308237766, 42.25677147196356 ], [ -71.798876100726545, 42.256741099989398 ], [ -71.798928661613814, 42.257377859429461 ], [ -71.798428595264838, 42.257387326432323 ], [ -71.79811141079486, 42.257400863268792 ], [ -71.798015279283533, 42.257413560307917 ], [ -71.798023535626257, 42.257479576038641 ], [ -71.798034580963716, 42.257600469641709 ], [ -71.798053866407741, 42.257847722646673 ], [ -71.798074435136911, 42.258120638113404 ], [ -71.798613523118149, 42.258101313753912 ], [ -71.79874813258094, 42.258096593653427 ], [ -71.798989861164344, 42.258085686825574 ], [ -71.799028743807852, 42.258664504927403 ], [ -71.798252760069587, 42.258695098068195 ], [ -71.798123476300901, 42.258699909997418 ], [ -71.798128289713091, 42.258755372300293 ], [ -71.798174914809877, 42.259383435012332 ], [ -71.798201881590899, 42.259725065496426 ], [ -71.797096456736469, 42.260246512711639 ], [ -71.796870332220706, 42.25747141309229 ], [ -71.797396833783353, 42.257445354890109 ], [ -71.797363676622425, 42.257022160134539 ], [ -71.796493299491644, 42.256581232891257 ] ] ] ] } },
{ "type": "Feature", "properties": { "ZONECODE": "GB", "TOWN_ID": "278", "LOCAL_ZONE": null, "highdense": "Y" }, "geometry": { "type": "MultiPolygon", "coordinates": [ [ [ [ -72.042711638775501, 42.081216327997893 ], [ -72.04360735042772, 42.08078845620026 ], [ -72.044033530968491, 42.080642358484361 ], [ -72.044124403034687, 42.080620658642154 ], [ -72.043814778666246, 42.080585081751181 ], [ -72.043816113033813, 42.080579586915526 ], [ -72.043833406333007, 42.080510521307993 ], [ -72.043945067770025, 42.080064604113396 ], [ -72.043956601064579, 42.080018581345271 ], [ -72.04440857310712, 42.080081008949591 ], [ -72.044402205836462, 42.080115218090995 ], [ -72.044478296789379, 42.080123477879091 ], [ -72.044878503491177, 42.080169425055935 ], [ -72.044864692606737, 42.080254895629032 ], [ -72.044862762252421, 42.080266842478672 ], [ -72.044948427892379, 42.080401218885818 ], [ -72.044993835928238, 42.080472164994838 ], [ -72.044725510050228, 42.080589670295026 ], [ -72.044711657022901, 42.080598655023728 ], [ -72.044700700360409, 42.08060968505513 ], [ -72.044693094615369, 42.080622070364356 ], [ -72.044689412639755, 42.080635809126576 ], [ -72.044689755225775, 42.080648842676226 ], [ -72.044694016912629, 42.080662543639399 ], [ -72.044702065246327, 42.080674854459552 ], [ -72.044713555797571, 42.080685776774956 ], [ -72.044741185633043, 42.080699366534887 ], [ -72.044962463465069, 42.080742221275251 ], [ -72.045238103013247, 42.080841759824111 ], [ -72.04538327548849, 42.080976908551634 ], [ -72.045297743697546, 42.080998705498892 ], [ -72.044746798167509, 42.081139106514513 ], [ -72.044512839383415, 42.08116148756887 ], [ -72.044221092045376, 42.081157377477133 ], [ -72.04407591220756, 42.08115533235992 ], [ -72.044035732079607, 42.081154837265828 ], [ -72.043729067519791, 42.081142573074978 ], [ -72.043547535490447, 42.081157156437399 ], [ -72.043402955677109, 42.08117156410195 ], [ -72.043391451304615, 42.081175682865627 ], [ -72.043391288667721, 42.081175743960671 ], [ -72.043385924914475, 42.081177717766224 ], [ -72.043377195636452, 42.081181009444386 ], [ -72.043371672447947, 42.081183136164171 ], [ -72.043357146203391, 42.081188904292894 ], [ -72.043356442887998, 42.081189196641681 ], [ -72.043311151288222, 42.08120901210205 ], [ -72.043311067021492, 42.081209051216796 ], [ -72.043299056730632, 42.081214782187011 ], [ -72.043299014608792, 42.081214803094831 ], [ -72.043291356512128, 42.081218563263185 ], [ -72.043291220501445, 42.081218628733488 ], [ -72.043286391132568, 42.081221049269629 ], [ -72.04327830234817, 42.081225183323191 ], [ -72.043271446411637, 42.081228762315426 ], [ -72.043267797338174, 42.081230700967247 ], [ -72.043262988682272, 42.081233282565634 ], [ -72.043262938162201, 42.081233310716058 ], [ -72.043258644697971, 42.081235648577064 ], [ -72.043253825826525, 42.081238307653088 ], [ -72.043253717589081, 42.081238370290514 ], [ -72.043250378501284, 42.081240236343504 ], [ -72.043243109095002, 42.081244365605627 ], [ -72.043236552410988, 42.081248171862889 ], [ -72.043229088443439, 42.08125258655609 ], [ -72.043228531775924, 42.081252926826721 ], [ -72.043219295463473, 42.081258549187901 ], [ -72.043219137922151, 42.081258640870232 ], [ -72.043204515596003, 42.081267875758897 ], [ -72.04320354569964, 42.081268511502408 ], [ -72.043175894738567, 42.081287214103369 ], [ -72.043156891680752, 42.081301021910917 ], [ -72.043156822039492, 42.081301075361644 ], [ -72.043153918366883, 42.081303262569193 ], [ -72.04314067114889, 42.081313457894055 ], [ -72.043122853901437, 42.081327854296262 ], [ -72.04312280110274, 42.081327898663602 ], [ -72.043120900210525, 42.081329479682829 ], [ -72.043116107620364, 42.081333517954938 ], [ -72.043113331203443, 42.081335888227805 ], [ -72.043108753024782, 42.081339842650628 ], [ -72.043106224212465, 42.081342053288068 ], [ -72.043103969516423, 42.081343812452978 ], [ -72.043101358953578, 42.08134635660538 ], [ -72.043100430014263, 42.081347259555741 ], [ -72.043096890511677, 42.081350706658348 ], [ -72.043090491062443, 42.081356225515343 ], [ -72.042906928652911, 42.081497052885659 ], [ -72.042718540334405, 42.081691595731961 ], [ -72.042699358677169, 42.081711403298478 ], [ -72.042453102403513, 42.081998371099388 ], [ -72.042435712014296, 42.082018637410087 ], [ -72.042381317881947, 42.082090587710269 ], [ -72.042386765348283, 42.082091186737991 ], [ -72.042184052440078, 42.082301114989434 ], [ -72.042034648499197, 42.082461980137076 ], [ -72.041766492052204, 42.082622797630258 ], [ -72.041430263435004, 42.082797064377345 ], [ -72.041419374738211, 42.082802707910808 ], [ -72.04130424849177, 42.0826689004057 ], [ -72.041253494116717, 42.08260750918204 ], [ -72.041233600766688, 42.082583447024689 ], [ -72.041244030242765, 42.082577244765922 ], [ -72.041290977027671, 42.082547522131101 ], [ -72.041472833770257, 42.082435520065388 ], [ -72.041467315113522, 42.082425862074409 ], [ -72.041196803758481, 42.081952463983463 ], [ -72.041194073914298, 42.081947686161421 ], [ -72.041176004187804, 42.081916201042091 ], [ -72.041445043785529, 42.081822310473896 ], [ -72.041628911800274, 42.081743915654584 ], [ -72.042607147984484, 42.081266585344892 ], [ -72.042676050842658, 42.081233327742545 ], [ -72.042711638775501, 42.081216327997893 ] ] ] ] } },
{ "type": "Feature", "properties": { "ZONECODE": null, "TOWN_ID": "348", "LOCAL_ZONE": null, "highdense": "Y" }, "geometry": { "type": "MultiPolygon", "coordinates": [ [ [ [ -71.822747170682675, 42.261991854888443 ], [ -71.821596619292635, 42.261715181664528 ], [ -71.820697746744088, 42.261483757633933 ], [ -71.823077297059243, 42.257006906198988 ], [ -71.824258473482502, 42.257283477287181 ], [ -71.825146383471363, 42.257501870865198 ], [ -71.824143945292008, 42.259354245684186 ], [ -71.825668760875317, 42.259772528123392 ], [ -71.826882770953986, 42.259911774816828 ], [ -71.826864468182592, 42.260033941240671 ], [ -71.826830996942817, 42.260169184500363 ], [ -71.826779105770726, 42.260314770610073 ], [ -71.826731852226303, 42.260419181670834 ], [ -71.826669407461736, 42.260533240341644 ], [ -71.826613750989978, 42.26061983935508 ], [ -71.826553467202871, 42.260705077633844 ], [ -71.826419689890983, 42.260865989906975 ], [ -71.826837851770819, 42.260915567044208 ], [ -71.826650745173055, 42.261256371275309 ], [ -71.82603270538165, 42.262386648826123 ], [ -71.823924815649463, 42.262282161695246 ], [ -71.822747170682675, 42.261991854888443 ] ] ] ] } },
{ "type": "Feature", "properties": { "ZONECODE": null, "TOWN_ID": "348", "LOCAL_ZONE": null, "highdense": "Y" }, "geometry": { "type": "MultiPolygon", "coordinates": [ [ [ [ -71.80383016252128, 42.248116998636888 ], [ -71.804992547517756, 42.250679682794775 ], [ -71.804393430836456, 42.250714887784625 ], [ -71.80441508584066, 42.251377538264229 ], [ -71.804229253088877, 42.251378030675248 ], [ -71.804228450915332, 42.25173957117007 ], [ -71.804047009241572, 42.251741423713959 ], [ -71.804051249723813, 42.252095405389838 ], [ -71.802704487875459, 42.252105138043021 ], [ -71.80263809926177, 42.252105501163449 ], [ -71.802563744255593, 42.252105907740017 ], [ -71.802477444505797, 42.252106379038743 ], [ -71.802365253972553, 42.252106355748261 ], [ -71.802250401127253, 42.252107619585466 ], [ -71.802251025115098, 42.252159109877077 ], [ -71.802268576158468, 42.252250717238994 ], [ -71.802286126044919, 42.252342325500138 ], [ -71.802436084515378, 42.252341197867224 ], [ -71.802436174380006, 42.252308269046821 ], [ -71.80253652473472, 42.252309376812995 ], [ -71.802712870649088, 42.252311489720753 ], [ -71.802713123421853, 42.252317719151648 ], [ -71.802719925308111, 42.252485159389281 ], [ -71.800246142476979, 42.252500570529655 ], [ -71.800245733975942, 42.252171276783649 ], [ -71.800344423473774, 42.251757340303975 ], [ -71.800574115665924, 42.251756053376823 ], [ -71.800574006859236, 42.251198309572381 ], [ -71.80212385247512, 42.247694788053821 ], [ -71.802245637565036, 42.247722594929115 ], [ -71.802336512711207, 42.247706576078599 ], [ -71.802421994987725, 42.247963614058399 ], [ -71.802600512928379, 42.247931587227292 ], [ -71.802621569987252, 42.247990530528327 ], [ -71.803054265021629, 42.247915297117892 ], [ -71.803152520960452, 42.248236101857408 ], [ -71.80383016252128, 42.248116998636888 ] ] ] ] } },
{ "type": "Feature", "properties": { "ZONECODE": null, "TOWN_ID": "348", "LOCAL_ZONE": null, "highdense": "Y" }, "geometry": { "type": "MultiPolygon", "coordinates": [ [ [ [ -71.80264096842285, 42.254415174745624 ], [ -71.802285237626776, 42.25442159978985 ], [ -71.802141517722433, 42.253622064373332 ], [ -71.800001470871592, 42.253628360232703 ], [ -71.800090086426039, 42.252793228415555 ], [ -71.803436956483594, 42.252724064078215 ], [ -71.803493804947792, 42.253891540119106 ], [ -71.802587211204283, 42.253987919272326 ], [ -71.802584175506766, 42.254125819439572 ], [ -71.80264096842285, 42.254415174745624 ] ] ] ] } },
{ "type": "Feature", "properties": { "ZONECODE": null, "TOWN_ID": "348", "LOCAL_ZONE": null, "highdense": "Y" }, "geometry": { "type": "MultiPolygon", "coordinates": [ [ [ [ -71.831937047066816, 42.254232710198238 ], [ -71.832135450446188, 42.25372241341902 ], [ -71.8326092718371, 42.253784157989507 ], [ -71.832678681833272, 42.253945174358556 ], [ -71.833271007166786, 42.253712949583942 ], [ -71.833512966995741, 42.254066926408051 ], [ -71.832458582510171, 42.254455533969121 ], [ -71.832246804214023, 42.254749083116273 ], [ -71.8318177367278, 42.254637814394741 ], [ -71.831951920241693, 42.254383594125734 ], [ -71.831937047066816, 42.254232710198238 ] ] ] ] } },
{ "type": "Feature", "properties": { "ZONECODE": null, "TOWN_ID": "348", "LOCAL_ZONE": null, "highdense": "Y" }, "geometry": { "type": "MultiPolygon", "coordinates": [ [ [ [ -71.825146383471363, 42.257501870865198 ], [ -71.825605038384253, 42.257618568848756 ], [ -71.825557938770942, 42.257707886366781 ], [ -71.825421412688257, 42.257962105556295 ], [ -71.825577243127384, 42.258004882979172 ], [ -71.825756379967245, 42.258090129800003 ], [ -71.825870945285857, 42.258144687275717 ], [ -71.825920269042882, 42.258173360616745 ], [ -71.826088190033161, 42.258277161575251 ], [ -71.826330463266231, 42.258427400253957 ], [ -71.826459034410689, 42.25815330771799 ], [ -71.826512751154596, 42.258048877447244 ], [ -71.82684935428162, 42.258269509811754 ], [ -71.827069543204431, 42.258390310456107 ], [ -71.826882770953986, 42.259911774816828 ], [ -71.825668760875317, 42.259772528123392 ], [ -71.824143945292008, 42.259354245684186 ], [ -71.825146383471363, 42.257501870865198 ] ] ] ] } },
{ "type": "Feature", "properties": { "ZONECODE": null, "TOWN_ID": "348", "LOCAL_ZONE": null, "highdense": "Y" }, "geometry": { "type": "MultiPolygon", "coordinates": [ [ [ [ -71.815157246606447, 42.246765857524487 ], [ -71.814887007303795, 42.246501102265462 ], [ -71.815381840574673, 42.246207494274607 ], [ -71.815072697230164, 42.245917463942725 ], [ -71.814899856892936, 42.245785105093056 ], [ -71.814879508687469, 42.245769522575458 ], [ -71.814831193807251, 42.245813620583654 ], [ -71.814577948604182, 42.246010979211995 ], [ -71.814459644019593, 42.245924862160706 ], [ -71.81440804292555, 42.245884299720252 ], [ -71.814040116619864, 42.245608603753283 ], [ -71.814035529383375, 42.245615021074158 ], [ -71.813967796293667, 42.245588924549892 ], [ -71.81422165868517, 42.24526968484205 ], [ -71.814564779943396, 42.245528504433054 ], [ -71.814771281657045, 42.245230885324936 ], [ -71.815685702368683, 42.245946651916242 ], [ -71.81602273093398, 42.24574190105934 ], [ -71.816121964125358, 42.245821788475723 ], [ -71.816169250715717, 42.245865380754474 ], [ -71.816363082765861, 42.246043496442319 ], [ -71.81637598984517, 42.246055356626435 ], [ -71.816099133732024, 42.246226104894909 ], [ -71.817488483368379, 42.247508585083466 ], [ -71.816687740031895, 42.24802326353911 ], [ -71.816591095975227, 42.248085273865897 ], [ -71.815157246606447, 42.246765857524487 ] ] ] ] } },
{ "type": "Feature", "properties": { "ZONECODE": null, "TOWN_ID": "348", "LOCAL_ZONE": null, "highdense": "Y" }, "geometry": { "type": "MultiPolygon", "coordinates": [ [ [ [ -71.815157246606447, 42.246765857524487 ], [ -71.816591095975227, 42.248085273865897 ], [ -71.815420480391793, 42.248822551007123 ], [ -71.814609696623222, 42.24810186302382 ], [ -71.814812229609686, 42.247977414256567 ], [ -71.814803430302447, 42.247969215887096 ], [ -71.814973102724949, 42.247862189586542 ], [ -71.814604153481937, 42.247517266588872 ], [ -71.814221986734353, 42.24775627176566 ], [ -71.813977235733987, 42.247532988371503 ], [ -71.814425556210381, 42.247263267224383 ], [ -71.814661537724305, 42.247483010294943 ], [ -71.815118969940514, 42.247209933029787 ], [ -71.814842367272064, 42.246961513184388 ], [ -71.815157246606447, 42.246765857524487 ] ] ] ] } },
{ "type": "Feature", "properties": { "ZONECODE": null, "TOWN_ID": "348", "LOCAL_ZONE": null, "highdense": "Y" }, "geometry": { "type": "MultiPolygon", "coordinates": [ [ [ [ -71.845476546455288, 42.25572743519735 ], [ -71.845358216708533, 42.255704466000743 ], [ -71.845287144211468, 42.255710854878693 ], [ -71.845233169295838, 42.255719249514641 ], [ -71.845162441440053, 42.255705054530267 ], [ -71.845074115396201, 42.255679937672674 ], [ -71.844996917058793, 42.255663703932107 ], [ -71.844839653200111, 42.255655945643596 ], [ -71.844605813456738, 42.255661447926862 ], [ -71.844569030789145, 42.255647836753042 ], [ -71.844531581093008, 42.255596497630428 ], [ -71.844546294123475, 42.255542256995412 ], [ -71.844561842296741, 42.255514769085906 ], [ -71.844568454580369, 42.25545712259148 ], [ -71.844541142993734, 42.255401635964098 ], [ -71.844519841454016, 42.25534818939645 ], [ -71.844513870255838, 42.255226778805131 ], [ -71.844517717155597, 42.255169827537699 ], [ -71.844508302294614, 42.255094391394643 ], [ -71.844514905905186, 42.255035372861343 ], [ -71.844526528615958, 42.255007210697059 ], [ -71.844569045702698, 42.25497141039915 ], [ -71.844597788339811, 42.25495074141147 ], [ -71.844671787103337, 42.254888093176611 ], [ -71.844720647381564, 42.254830317168654 ], [ -71.844764233335425, 42.254779421790765 ], [ -71.844833846708497, 42.254589867138385 ], [ -71.844793393102862, 42.254537849278613 ], [ -71.844755529644743, 42.254537962943466 ], [ -71.844692241606893, 42.25453197771801 ], [ -71.844636612439331, 42.25453351762544 ], [ -71.844558111371967, 42.254532380198057 ], [ -71.844497402069976, 42.254533935278694 ], [ -71.844420872345367, 42.254512898724187 ], [ -71.844354668527913, 42.254480166818468 ], [ -71.844304149623568, 42.254445330659252 ], [ -71.844268148110984, 42.254404962707746 ], [ -71.844241108612181, 42.254357706665054 ], [ -71.844231491065699, 42.254329609089318 ], [ -71.844237440182425, 42.254277452843297 ], [ -71.844254654693515, 42.254216343515957 ], [ -71.844286280707138, 42.254173714743054 ], [ -71.844281470764429, 42.254138055508498 ], [ -71.844246059289418, 42.254121697792769 ], [ -71.844197315185269, 42.254115667800306 ], [ -71.844147876716917, 42.2541096434691 ], [ -71.844049865121534, 42.254044078068887 ], [ -71.844000323558618, 42.254018843291888 ], [ -71.843903388466188, 42.253981401846133 ], [ -71.843857761017588, 42.253954096291373 ], [ -71.843781377289744, 42.253874745269009 ], [ -71.843739527477211, 42.253820674018471 ], [ -71.843666610647915, 42.253784531647085 ], [ -71.843591200488135, 42.253714782029242 ], [ -71.843523879746684, 42.253646381129322 ], [ -71.843445265087553, 42.253580756290383 ], [ -71.843137971156366, 42.253236599893647 ], [ -71.843193524557392, 42.253178808121127 ], [ -71.843302536111224, 42.253144865851887 ], [ -71.843457910248262, 42.253103239387151 ], [ -71.84360341387962, 42.25307193182104 ], [ -71.843773677106427, 42.253008993391006 ], [ -71.843806259790369, 42.252972537063911 ], [ -71.843752293716648, 42.2528553862414 ], [ -71.843699149485261, 42.25280409290049 ], [ -71.843562473711771, 42.252674841804513 ], [ -71.843459848610664, 42.252566756608985 ], [ -71.843392057643172, 42.252496982261754 ], [ -71.843328037295237, 42.252440919042378 ], [ -71.843246766979988, 42.252396569888127 ], [ -71.843209767410087, 42.252385017920695 ], [ -71.843153399796734, 42.252377640005506 ], [ -71.843110728728448, 42.252384628716349 ], [ -71.843072985193444, 42.252363473579344 ], [ -71.843020192009448, 42.252249748160068 ], [ -71.842966653987389, 42.252210119097796 ], [ -71.842935706185955, 42.252165620332939 ], [ -71.842879398049192, 42.252084149747233 ], [ -71.842841707929296, 42.252030066637282 ], [ -71.842810922388338, 42.251972530944009 ], [ -71.842772546658793, 42.251919821020849 ], [ -71.842734170992884, 42.251867111084287 ], [ -71.842711407776477, 42.251841110696809 ], [ -71.842664503787915, 42.2517911694136 ], [ -71.842635974977057, 42.251766556477101 ], [ -71.842567786993186, 42.251750296023609 ], [ -71.842538533685982, 42.25174855295942 ], [ -71.842514763326719, 42.251764174814952 ], [ -71.842477479459674, 42.251785552097843 ], [ -71.842428008978857, 42.251801250572058 ], [ -71.842458306964915, 42.251825857384048 ], [ -71.842451281109376, 42.251850118133284 ], [ -71.842405144106479, 42.25184202421319 ], [ -71.842384200998794, 42.251825621882851 ], [ -71.842338660508048, 42.251842678865408 ], [ -71.842307577549008, 42.251842999292371 ], [ -71.842281785433286, 42.251855197865254 ], [ -71.842260453283586, 42.251838109739623 ], [ -71.842303361102609, 42.251803908033253 ], [ -71.842268841736839, 42.251795322076084 ], [ -71.842206501730473, 42.251822263998498 ], [ -71.842181604468777, 42.251828282893229 ], [ -71.842093239886694, 42.25182397169403 ], [ -71.842051300021993, 42.251809689941012 ], [ -71.842005281459862, 42.251809598314381 ], [ -71.841994216154845, 42.251783335171673 ], [ -71.84197276357807, 42.251772650317008 ], [ -71.841974316886294, 42.251746576474083 ], [ -71.841986887294823, 42.251737620625946 ], [ -71.841973922646986, 42.251730798010612 ], [ -71.841953641216435, 42.251737033589393 ], [ -71.841938212471263, 42.251701405861176 ], [ -71.841928358688051, 42.251671935821015 ], [ -71.841895968122301, 42.2516587680661 ], [ -71.841867964580956, 42.251660224394094 ], [ -71.841770726794195, 42.251551662487529 ], [ -71.841755816655919, 42.25152632457192 ], [ -71.841736874326457, 42.251495737272904 ], [ -71.841728426765826, 42.251470379222823 ], [ -71.841729267272115, 42.251440649565467 ], [ -71.841682343700882, 42.251315473085867 ], [ -71.841699359433804, 42.251274258733503 ], [ -71.84172395412655, 42.25121198711031 ], [ -71.841731747100923, 42.25108733385359 ], [ -71.841744121190203, 42.250771036213322 ], [ -71.841747442174395, 42.250712104990505 ], [ -71.841710190984472, 42.25060834138003 ], [ -71.841620535369543, 42.250456515132903 ], [ -71.841595807643287, 42.250424464013555 ], [ -71.841581705426108, 42.250408432818652 ], [ -71.841574080568023, 42.25039873940851 ], [ -71.841556354077468, 42.250365901297428 ], [ -71.841525792016, 42.250326066373844 ], [ -71.841484528634538, 42.250269616627783 ], [ -71.841477099284717, 42.250254375852087 ], [ -71.84147555941145, 42.25023825867347 ], [ -71.841461858668964, 42.250234865648231 ], [ -71.841432836328622, 42.250211099262195 ], [ -71.841425177649768, 42.250204788387499 ], [ -71.84141350074087, 42.250189056965013 ], [ -71.841409761963973, 42.250184043478974 ], [ -71.841362582261667, 42.250129071570569 ], [ -71.841071203766305, 42.249890497439601 ], [ -71.84099362277324, 42.249835201418961 ], [ -71.840987187831672, 42.249830863942478 ], [ -71.840936144368399, 42.24980896158057 ], [ -71.840906154401068, 42.249778911048217 ], [ -71.840872361922763, 42.249759908652116 ], [ -71.840838571624715, 42.249744686626656 ], [ -71.840810871820864, 42.249728115863917 ], [ -71.840769068665509, 42.249710542588588 ], [ -71.840742386814227, 42.24969848112498 ], [ -71.840721120487089, 42.249696113393902 ], [ -71.840593864504427, 42.249621084803721 ], [ -71.840526968485108, 42.249598235335611 ], [ -71.840462564892235, 42.249569021375187 ], [ -71.840380645930509, 42.249538407099713 ], [ -71.840291253621814, 42.2495081813355 ], [ -71.840049551428976, 42.249437212172985 ], [ -71.839985291381169, 42.249424966497628 ], [ -71.839814672170149, 42.249403531016029 ], [ -71.839761446504056, 42.249395765800891 ], [ -71.839697361306335, 42.249386279787046 ], [ -71.839645662864172, 42.249381743901807 ], [ -71.839606176520746, 42.249381452838008 ], [ -71.839582144720808, 42.2493833191131 ], [ -71.839566154159797, 42.249381989826972 ], [ -71.839544593919442, 42.24936952130836 ], [ -71.839533214442937, 42.249358287616843 ], [ -71.839530786714917, 42.249345526647588 ], [ -71.839503141973779, 42.249342979481668 ], [ -71.83948202572779, 42.249364293640575 ], [ -71.839462252741271, 42.249377128339383 ], [ -71.839452439475366, 42.249381381584421 ], [ -71.839441826937247, 42.249391157870477 ], [ -71.839408687246831, 42.249390741743262 ], [ -71.839352229494466, 42.24938178578234 ], [ -71.83929780422659, 42.249378091482001 ], [ -71.83925035166574, 42.24937780942679 ], [ -71.839197266527862, 42.249374094014193 ], [ -71.839126830431624, 42.249376824692803 ], [ -71.838956169054555, 42.249396806660712 ], [ -71.838825474855284, 42.24940934646996 ], [ -71.838716138884934, 42.249419952300919 ], [ -71.838632631559761, 42.249430687139458 ], [ -71.838579395646121, 42.249436173917964 ], [ -71.838541234505385, 42.249441239005357 ], [ -71.83851303076726, 42.249447015681703 ], [ -71.838489026116463, 42.249451932786258 ], [ -71.838459203982538, 42.249458041030692 ], [ -71.838394392237191, 42.249471316178138 ], [ -71.838371897909326, 42.249478587610568 ], [ -71.838279382694267, 42.249508511754541 ], [ -71.838181729935343, 42.249553744457444 ], [ -71.83813219671309, 42.249576868830786 ], [ -71.838104562383407, 42.249614203070315 ], [ -71.837997004939382, 42.249698877486423 ], [ -71.837978931381784, 42.249728464328363 ], [ -71.837962966869071, 42.249753836928775 ], [ -71.837893049158041, 42.249831817429722 ], [ -71.837847062027748, 42.249879617644091 ], [ -71.837801563040486, 42.249926255008411 ], [ -71.837702083610552, 42.250055660403689 ], [ -71.837669128741851, 42.250104503399321 ], [ -71.837649626730425, 42.250208017445097 ], [ -71.837627838034223, 42.250284271582579 ], [ -71.837617906445757, 42.250330011945827 ], [ -71.837606623951274, 42.2503776208098 ], [ -71.837558376806044, 42.250495734943492 ], [ -71.837551770110579, 42.250559162812834 ], [ -71.837550807854825, 42.250584149992918 ], [ -71.837550268134791, 42.250598154916347 ], [ -71.837549475713018, 42.250606810972819 ], [ -71.837548296407292, 42.250619953483628 ], [ -71.837547896542702, 42.250679738481949 ], [ -71.837545156845252, 42.250707279647756 ], [ -71.837532076434883, 42.250745441487808 ], [ -71.837504055526438, 42.250781318146345 ], [ -71.837471891006572, 42.250791885009072 ], [ -71.837344253652844, 42.250783526148609 ], [ -71.837305312177705, 42.250908187753595 ], [ -71.834665140552502, 42.250439851465543 ], [ -71.834620205970438, 42.250572897048649 ], [ -71.83336120012379, 42.250349366673845 ], [ -71.833404225710936, 42.250219914839569 ], [ -71.832917048196833, 42.250133044281085 ], [ -71.832773014603148, 42.250078088499485 ], [ -71.832710545416575, 42.250260981781103 ], [ -71.831947552949529, 42.250116481479502 ], [ -71.831788437447372, 42.250060685758534 ], [ -71.831731047990232, 42.250034096297597 ], [ -71.831686185549898, 42.249975227081904 ], [ -71.83166159924528, 42.249908752869167 ], [ -71.83165133285388, 42.24979970323875 ], [ -71.831677083895812, 42.249691921655483 ], [ -71.831701637388932, 42.249663722477472 ], [ -71.832269601818808, 42.249019266520449 ], [ -71.833113313069745, 42.249278201919232 ], [ -71.834342795660362, 42.249628622270833 ], [ -71.835548832732698, 42.249690277945369 ], [ -71.836644799731587, 42.249846917175191 ], [ -71.836699723348389, 42.24984332599422 ], [ -71.83673593834591, 42.249837731544844 ], [ -71.836771211739261, 42.249829394811314 ], [ -71.836805552027826, 42.249819003603584 ], [ -71.836851370012482, 42.249796231019296 ], [ -71.836888144362149, 42.249765937678369 ], [ -71.836906484095991, 42.249741871807899 ], [ -71.836923128270556, 42.249702719073923 ], [ -71.836954251509368, 42.249391168579123 ], [ -71.837758268959689, 42.249431340787496 ], [ -71.838031190319867, 42.249399666271508 ], [ -71.838175364240087, 42.249380031972215 ], [ -71.83839406952174, 42.249328080173832 ], [ -71.838395782735233, 42.249327806834302 ], [ -71.838468377981116, 42.249316414694178 ], [ -71.838584620033203, 42.249297922759929 ], [ -71.838658262188872, 42.249286530113729 ], [ -71.838707984227383, 42.249280216376732 ], [ -71.838834416264149, 42.249265622171812 ], [ -71.838934205490318, 42.249254102682393 ], [ -71.839069725020352, 42.249238459549332 ], [ -71.839125050972868, 42.2492372599324 ], [ -71.839467604902239, 42.249229612600942 ], [ -71.83975242844889, 42.249258379595702 ], [ -71.839926111199034, 42.249285341185654 ], [ -71.840209986581783, 42.249343031300718 ], [ -71.840252497865166, 42.249193558001409 ], [ -71.840329907775896, 42.248964604831748 ], [ -71.84038357776619, 42.248805887364455 ], [ -71.840900952087665, 42.24882667671303 ], [ -71.840945497613362, 42.248828386498865 ], [ -71.841224455972366, 42.248719396020299 ], [ -71.841197237744851, 42.24863939821028 ], [ -71.841612843575518, 42.248478725535584 ], [ -71.841741082504072, 42.248645879373882 ], [ -71.841673115220459, 42.248839299139007 ], [ -71.841876355175543, 42.249106988372219 ], [ -71.841990257707437, 42.248822795132412 ], [ -71.842151070256904, 42.248421664306164 ], [ -71.844732794965751, 42.251163814404499 ], [ -71.844887776541881, 42.251081213382903 ], [ -71.845234857316186, 42.251442697144817 ], [ -71.845169455532996, 42.251441874586064 ], [ -71.847071039498843, 42.253403349614921 ], [ -71.847088893430779, 42.253424052177245 ], [ -71.847107293691394, 42.253450680689838 ], [ -71.847125491724256, 42.253485733959046 ], [ -71.847131114604707, 42.253500071417427 ], [ -71.847137035160898, 42.253518748343353 ], [ -71.847142383867748, 42.253540988601607 ], [ -71.847144663805395, 42.253562063238142 ], [ -71.847145345754129, 42.253573717417964 ], [ -71.847145391644801, 42.253586065854435 ], [ -71.847145049686191, 42.253594868263832 ], [ -71.84714382946467, 42.253608595292064 ], [ -71.847142441485289, 42.253618690999453 ], [ -71.847139518814004, 42.253633563859069 ], [ -71.847135527904939, 42.253648993634599 ], [ -71.847128176549887, 42.253673276356707 ], [ -71.846899058772522, 42.254104400540541 ], [ -71.846645333334024, 42.254226580770322 ], [ -71.847082237976835, 42.254665374973605 ], [ -71.846933267986202, 42.254709801332424 ], [ -71.847085425812864, 42.254978511842424 ], [ -71.846928492966654, 42.255027142366579 ], [ -71.84634817696741, 42.255191740871233 ], [ -71.846830039520313, 42.255702686691251 ], [ -71.845886736279766, 42.256180354424494 ], [ -71.845910372851819, 42.256112367012314 ], [ -71.84579909730742, 42.255943937424966 ], [ -71.845691389043893, 42.25583655470323 ], [ -71.84563252349686, 42.255795569970367 ], [ -71.845532985917231, 42.255747160328966 ], [ -71.845476546455288, 42.25572743519735 ] ] ] ] } },
{ "type": "Feature", "properties": { "ZONECODE": null, "TOWN_ID": "348", "LOCAL_ZONE": null, "highdense": "Y" }, "geometry": { "type": "MultiPolygon", "coordinates": [ [ [ [ -71.809497704074801, 42.243805918445261 ], [ -71.809610130728615, 42.244139714427327 ], [ -71.809723789328615, 42.244111279668552 ], [ -71.809902656022473, 42.244531336304263 ], [ -71.809803142007311, 42.245092097431908 ], [ -71.809746542123975, 42.245592026947627 ], [ -71.809687846532697, 42.245604600467196 ], [ -71.809519632703697, 42.245645667669095 ], [ -71.809588748064414, 42.246083993241996 ], [ -71.809584211944355, 42.246140651800282 ], [ -71.809683697898578, 42.246147106140754 ], [ -71.809642935586567, 42.246507131223296 ], [ -71.808790243768129, 42.246462090035372 ], [ -71.807357027889196, 42.246802090919239 ], [ -71.807152599528024, 42.246154336919908 ], [ -71.806362723211649, 42.2463490014824 ], [ -71.806206484856673, 42.246049162714094 ], [ -71.806037939096186, 42.246091454601817 ], [ -71.805898401718494, 42.245834068918889 ], [ -71.805150529511991, 42.24422642924948 ], [ -71.805360525404851, 42.244166872194548 ], [ -71.805456345335742, 42.244364194852892 ], [ -71.805926643208835, 42.244242201101954 ], [ -71.805893033479066, 42.244022073138858 ], [ -71.807508320529735, 42.243587616215443 ], [ -71.807534100340732, 42.243667813053754 ], [ -71.807956795335485, 42.243584355372754 ], [ -71.808153413596031, 42.244145004811074 ], [ -71.808331864373045, 42.244098486859933 ], [ -71.808424041752119, 42.244363333491904 ], [ -71.808444814100397, 42.244425147618173 ], [ -71.808688692583658, 42.24436338854035 ], [ -71.808576212097577, 42.244034790195521 ], [ -71.808493606010956, 42.243803132044071 ], [ -71.808923716730604, 42.243726512113383 ], [ -71.809006153958663, 42.243922496694182 ], [ -71.809497704074801, 42.243805918445261 ] ] ] ] } },
{ "type": "Feature", "properties": { "ZONECODE": null, "TOWN_ID": "348", "LOCAL_ZONE": null, "highdense": "Y" }, "geometry": { "type": "MultiPolygon", "coordinates": [ [ [ [ -71.820422206113321, 42.243582493312111 ], [ -71.820898637872105, 42.243584592161469 ], [ -71.82225762603116, 42.24270197627186 ], [ -71.822636944263635, 42.243080288691928 ], [ -71.823109294186764, 42.24282581318959 ], [ -71.823384042145193, 42.243111116754193 ], [ -71.824659722159936, 42.242465387585284 ], [ -71.825008676854949, 42.243176505386046 ], [ -71.82574151079659, 42.242902072515022 ], [ -71.826144855993775, 42.243593823602666 ], [ -71.82607059122283, 42.243578730192574 ], [ -71.826067357128878, 42.243650754919102 ], [ -71.826066845269693, 42.24367019489712 ], [ -71.826074049685531, 42.243700059223954 ], [ -71.826085317054861, 42.2437228986226 ], [ -71.826096583225379, 42.243745738923813 ], [ -71.826107703255246, 42.243758545719515 ], [ -71.826118824496604, 42.243771351610434 ], [ -71.826129945747169, 42.243784158400501 ], [ -71.826141065785876, 42.243796964292613 ], [ -71.826213752111187, 42.243833964805283 ], [ -71.826179436383512, 42.243884374129621 ], [ -71.826095117221868, 42.244005928146265 ], [ -71.826073140430935, 42.244037611127418 ], [ -71.826010798948317, 42.244127482094598 ], [ -71.825922550917596, 42.244092866421674 ], [ -71.82583557660233, 42.244058749438011 ], [ -71.825827839260924, 42.244058603035249 ], [ -71.824715788301376, 42.244037621220627 ], [ -71.824716435943216, 42.243623254119413 ], [ -71.824549676717098, 42.243693702801266 ], [ -71.824260509606162, 42.243749401518571 ], [ -71.824027325567798, 42.24373908411156 ], [ -71.823703429606127, 42.24368442888963 ], [ -71.822628811319674, 42.243568082413347 ], [ -71.820927068474731, 42.244640321041459 ], [ -71.820920207590376, 42.24424312681505 ], [ -71.820717070198938, 42.243921942808029 ], [ -71.820419299956967, 42.243920716875571 ], [ -71.820422206113321, 42.243582493312111 ] ] ] ] } },
{ "type": "Feature", "properties": { "ZONECODE": null, "TOWN_ID": "348", "LOCAL_ZONE": null, "highdense": "Y" }, "geometry": { "type": "MultiPolygon", "coordinates": [ [ [ [ -71.812023999979516, 42.246190395123065 ], [ -71.812563781960208, 42.246111763810468 ], [ -71.812580703175868, 42.246166444639186 ], [ -71.812819945730311, 42.246141955789369 ], [ -71.812643702938985, 42.246396781118854 ], [ -71.812646536006909, 42.246409807131741 ], [ -71.81252506776687, 42.246586448230694 ], [ -71.81250487453751, 42.246517214757702 ], [ -71.812141565008858, 42.246568969280318 ], [ -71.812050181864635, 42.246246781252871 ], [ -71.812023999979516, 42.246190395123065 ] ] ] ] } },
{ "type": "Feature", "properties": { "ZONECODE": null, "TOWN_ID": "348", "LOCAL_ZONE": null, "highdense": "Y" }, "geometry": { "type": "MultiPolygon", "coordinates": [ [ [ [ -71.803547323500652, 42.267456979836005 ], [ -71.80328061201125, 42.268755653570111 ], [ -71.804120925099767, 42.268902300276146 ], [ -71.803979190760032, 42.269681319792305 ], [ -71.803666091064969, 42.269638928051371 ], [ -71.80361582429677, 42.269798219558467 ], [ -71.803497623025891, 42.270911959834969 ], [ -71.803015409264034, 42.270950278297903 ], [ -71.802970067252247, 42.271367503171071 ], [ -71.802865941655099, 42.271806150757108 ], [ -71.802754567544824, 42.272354909542535 ], [ -71.801551730813074, 42.272312542268793 ], [ -71.801749510479979, 42.271380196646767 ], [ -71.802141579031428, 42.269922065084458 ], [ -71.801412532349957, 42.26982892295301 ], [ -71.801316935001154, 42.270244979955336 ], [ -71.801268622024196, 42.270237788127083 ], [ -71.801262109549313, 42.270474164530057 ], [ -71.800961764493863, 42.270423039574531 ], [ -71.801154874869482, 42.269789605564924 ], [ -71.801375338991136, 42.267982024219648 ], [ -71.801686600967216, 42.268029229225505 ], [ -71.802692566778802, 42.268196718112804 ], [ -71.802782299127671, 42.267935790678372 ], [ -71.803357337300341, 42.267612525138752 ], [ -71.803547323500652, 42.267456979836005 ] ] ] ] } },
{ "type": "Feature", "properties": { "ZONECODE": null, "TOWN_ID": "348", "LOCAL_ZONE": null, "highdense": "Y" }, "geometry": { "type": "MultiPolygon", "coordinates": [ [ [ [ -71.792073347425216, 42.257757426464671 ], [ -71.79181240071253, 42.256410051498399 ], [ -71.791009992660037, 42.256532142571217 ], [ -71.790928404123605, 42.256210600235732 ], [ -71.790471795501247, 42.256271567444671 ], [ -71.79045987442494, 42.256189832165106 ], [ -71.790373800508888, 42.255595535345101 ], [ -71.789152229366465, 42.255684172821283 ], [ -71.789182840864683, 42.256019912906694 ], [ -71.788508520945101, 42.255930182113865 ], [ -71.7884061800045, 42.255916563679861 ], [ -71.788334056333724, 42.255318257279484 ], [ -71.78722402319255, 42.255393482198151 ], [ -71.787280128174956, 42.255766712429285 ], [ -71.787167456100789, 42.255751716961178 ], [ -71.785850330032019, 42.255576422169248 ], [ -71.785813384394601, 42.255268486589806 ], [ -71.785381336516977, 42.255297687221919 ], [ -71.785346636976257, 42.254975340167199 ], [ -71.784518145997154, 42.255045311523304 ], [ -71.783636165840662, 42.254326259147057 ], [ -71.783606340410756, 42.254250562470091 ], [ -71.783522127249924, 42.254141564632064 ], [ -71.783496239758506, 42.254104625213884 ], [ -71.783467343374014, 42.254063391572053 ], [ -71.783410536004709, 42.253968756951437 ], [ -71.783383112825049, 42.253923072159644 ], [ -71.783285014106866, 42.253749468504701 ], [ -71.783184614559275, 42.253571793865689 ], [ -71.783056759267311, 42.253345526364278 ], [ -71.782967807125345, 42.253373030109131 ], [ -71.7826744339323, 42.253372347141955 ], [ -71.782471114822869, 42.25337187322976 ], [ -71.782539479904045, 42.253571477636847 ], [ -71.782574191990577, 42.253739077126134 ], [ -71.782639647060776, 42.254055111190951 ], [ -71.783077787269633, 42.254012688502456 ], [ -71.783110945322818, 42.254177657365005 ], [ -71.783123980775841, 42.254242510906678 ], [ -71.783135966430876, 42.254302142581004 ], [ -71.783138053262903, 42.254310263563411 ], [ -71.783163534524789, 42.254409459951347 ], [ -71.78322992860916, 42.254525644984781 ], [ -71.784313709476578, 42.255413104950669 ], [ -71.782387363442737, 42.255586360349064 ], [ -71.777688772863115, 42.255749428561558 ], [ -71.777712240333187, 42.2562042114183 ], [ -71.776672401837345, 42.256256801924238 ], [ -71.776723362697481, 42.256743074263476 ], [ -71.775999699563215, 42.256770197621485 ], [ -71.775326402264255, 42.256805428956923 ], [ -71.774413455560818, 42.256840544901529 ], [ -71.773295327985167, 42.256890545881816 ], [ -71.771999747332032, 42.256990709674113 ], [ -71.771718927964216, 42.255014310495653 ], [ -71.771717766637906, 42.255006331168609 ], [ -71.771851918014477, 42.255001861544265 ], [ -71.771627277311296, 42.254193675390681 ], [ -71.771624896684898, 42.254185371235145 ], [ -71.771764317469433, 42.254183040068384 ], [ -71.772201483448569, 42.253838247122111 ], [ -71.771811325088379, 42.249426795692059 ], [ -71.772654041503372, 42.249300852506614 ], [ -71.772656812271393, 42.249300438091296 ], [ -71.772658914018749, 42.249300840939142 ], [ -71.773141290506942, 42.249393274087289 ], [ -71.77351391982215, 42.249496976435303 ], [ -71.77351525074755, 42.249497346891644 ], [ -71.773518792352462, 42.249496964831366 ], [ -71.775105369662242, 42.24932597012566 ], [ -71.77511010792692, 42.249325459107339 ], [ -71.775110242179096, 42.249325958454172 ], [ -71.77522635582217, 42.249758273399621 ], [ -71.775226485143108, 42.24975875295145 ], [ -71.775231228372306, 42.249758261723009 ], [ -71.776161914735042, 42.249661835173271 ], [ -71.778890485643743, 42.249632275051994 ], [ -71.779224389856253, 42.249549553215616 ], [ -71.779247111450189, 42.249543923291768 ], [ -71.778205464893603, 42.248791814869968 ], [ -71.778959310659928, 42.248405122608254 ], [ -71.779719440333864, 42.248084955103188 ], [ -71.780228875772622, 42.247901310701515 ], [ -71.780232935941314, 42.247899846803456 ], [ -71.780233746967298, 42.247901298815464 ], [ -71.780375908844732, 42.248155745074122 ], [ -71.780539435312718, 42.248333029729494 ], [ -71.780861090042862, 42.248532577397555 ], [ -71.780863272371576, 42.248533930619246 ], [ -71.780865962497629, 42.248532565481774 ], [ -71.780881138444627, 42.248524866780542 ], [ -71.781137422752579, 42.248395612373628 ], [ -71.781151555660202, 42.24838990496103 ], [ -71.781297310654594, 42.248338721390262 ], [ -71.782917589746305, 42.247874413170223 ], [ -71.784448989958989, 42.247465870722387 ], [ -71.785278227149604, 42.247325417269835 ], [ -71.78529818285412, 42.247322081586169 ], [ -71.784608922044356, 42.244722071985635 ], [ -71.784604159395684, 42.244704111905712 ], [ -71.784603360697645, 42.244701101465473 ], [ -71.784609031559427, 42.244704100731191 ], [ -71.785641425129825, 42.245250098533788 ], [ -71.785644675393883, 42.245251817233665 ], [ -71.785646297331311, 42.245250086414956 ], [ -71.785656156775815, 42.245239564337652 ], [ -71.786062913011705, 42.244809297327613 ], [ -71.78605934898097, 42.244468872143479 ], [ -71.786064221175081, 42.244468871710758 ], [ -71.788803227616981, 42.244475708790056 ], [ -71.788808099815697, 42.244475709141085 ], [ -71.788807640838201, 42.24445104103895 ], [ -71.788785208401279, 42.24324152318291 ], [ -71.788785052191173, 42.243234897329685 ], [ -71.791177158774246, 42.242978389087888 ], [ -71.79111157368024, 42.242069985168477 ], [ -71.79192295503438, 42.239198570781937 ], [ -71.791960412587855, 42.23906264097679 ], [ -71.792012759178874, 42.238852580804569 ], [ -71.792046525430536, 42.238717344581417 ], [ -71.792078453874183, 42.238583486886434 ], [ -71.792077173030592, 42.238433607182095 ], [ -71.792075469458226, 42.238314242625364 ], [ -71.792081052541889, 42.238045631980256 ], [ -71.794639154127111, 42.238912416699151 ], [ -71.79634091677859, 42.238917641798778 ], [ -71.796420330958611, 42.239019656685208 ], [ -71.797833036159162, 42.239006396584301 ], [ -71.798439758803752, 42.238353773691315 ], [ -71.798731289890938, 42.23850600285683 ], [ -71.798900700921322, 42.238603662064833 ], [ -71.798950832382758, 42.238635267354454 ], [ -71.799023160600299, 42.238680866801324 ], [ -71.799180161013254, 42.238789536251986 ], [ -71.799293194695963, 42.238874310727489 ], [ -71.799436623412959, 42.238992621469983 ], [ -71.799572225595114, 42.239115753785633 ], [ -71.799782077690438, 42.239321017023094 ], [ -71.799907021163534, 42.239434572299572 ], [ -71.799366300336814, 42.239545747767124 ], [ -71.801508898808279, 42.241631175705372 ], [ -71.801652071653521, 42.241548475700114 ], [ -71.802227842565188, 42.242104707594777 ], [ -71.802409044277837, 42.242637965200778 ], [ -71.802002322886537, 42.245298791435317 ], [ -71.802467280144853, 42.245409391066303 ], [ -71.801638358412262, 42.246377507110367 ], [ -71.798944731251353, 42.251849490983389 ], [ -71.797105562856373, 42.254170307555185 ], [ -71.795079791586105, 42.255962641776627 ], [ -71.793761536318684, 42.257604951383051 ], [ -71.793480183066322, 42.258568858452904 ], [ -71.792134500973958, 42.257785553924968 ], [ -71.792073347425216, 42.257757426464671 ] ], [ [ -71.787847932229681, 42.249710668825244 ], [ -71.78791239083013, 42.25036303636913 ], [ -71.787918714707473, 42.250452683483523 ], [ -71.787936779649883, 42.250637650438563 ], [ -71.788031525379509, 42.250631680637817 ], [ -71.788471444914379, 42.250607526072287 ], [ -71.788915551606593, 42.250582993764255 ], [ -71.789010230367381, 42.250589993087694 ], [ -71.789505643049964, 42.250578115479925 ], [ -71.789500075383785, 42.250522877923203 ], [ -71.789478167809861, 42.250305517180983 ], [ -71.789711317721427, 42.250297245204564 ], [ -71.789708201285876, 42.250232195371076 ], [ -71.789861743391171, 42.250224791896585 ], [ -71.789972013561737, 42.250214520175881 ], [ -71.790007867470038, 42.250211180452716 ], [ -71.790294175992784, 42.250203940740697 ], [ -71.790307349044937, 42.250558888809856 ], [ -71.790541748737311, 42.250552109193954 ], [ -71.791544080987961, 42.250516970094289 ], [ -71.791907972799763, 42.2505042104004 ], [ -71.79255889287893, 42.250481382614836 ], [ -71.792553075407511, 42.250379494832174 ], [ -71.792644541180636, 42.250377451297524 ], [ -71.793013388906829, 42.250372946553561 ], [ -71.793012942650932, 42.250364241761361 ], [ -71.793383501727433, 42.250357990275717 ], [ -71.793474605226976, 42.250358060916724 ], [ -71.793425258406089, 42.249202480347812 ], [ -71.793829714278388, 42.249447695727213 ], [ -71.794006589305496, 42.249567714590732 ], [ -71.794614343978424, 42.249993143573839 ], [ -71.79485829921633, 42.250124880992786 ], [ -71.794862957379422, 42.250161818375972 ], [ -71.795393358930241, 42.250159835086002 ], [ -71.79538918158957, 42.250002697906531 ], [ -71.795384744489212, 42.249843732683075 ], [ -71.795381555249975, 42.249781392108666 ], [ -71.794815227403447, 42.249783400061247 ], [ -71.794756959613835, 42.249018359311215 ], [ -71.794738344534352, 42.24867064557229 ], [ -71.794712723149715, 42.248430502871898 ], [ -71.794703035027254, 42.248223891628228 ], [ -71.794726303876146, 42.247691297221813 ], [ -71.794725854718735, 42.247491576580828 ], [ -71.793642221191789, 42.247560189923234 ], [ -71.792253281133767, 42.247648116653458 ], [ -71.792134271906889, 42.247134104228017 ], [ -71.79204167100265, 42.247137299049172 ], [ -71.791570422278866, 42.247196853304501 ], [ -71.791189979127097, 42.247245020641294 ], [ -71.791174736002873, 42.247248837868547 ], [ -71.791191845465391, 42.247328922496671 ], [ -71.7912299998723, 42.247326080718459 ], [ -71.791429306495402, 42.248206626634008 ], [ -71.791439078973866, 42.248291640090969 ], [ -71.791277623669373, 42.248238337536193 ], [ -71.791122198213557, 42.248193708307788 ], [ -71.790761309293075, 42.248121799640899 ], [ -71.790683083043859, 42.248106212628315 ], [ -71.790438981002893, 42.24812031857612 ], [ -71.79033482000105, 42.248129678624949 ], [ -71.789483982920842, 42.248248744469414 ], [ -71.789492847410969, 42.248318597446278 ], [ -71.789553581821693, 42.248546305958982 ], [ -71.789485146474462, 42.248620641947348 ], [ -71.789488922248481, 42.248652712972628 ], [ -71.789542240867689, 42.249105803425003 ], [ -71.789584960928678, 42.249104232720654 ], [ -71.789717442016965, 42.249598735480937 ], [ -71.789823194622826, 42.249993463581013 ], [ -71.789071334552659, 42.250031590249982 ], [ -71.788947197587376, 42.250038057102401 ], [ -71.788856510973929, 42.250042931687162 ], [ -71.788417751498244, 42.25006734231296 ], [ -71.788382860557178, 42.249742142057315 ], [ -71.788347195706208, 42.249409686287997 ], [ -71.78878442624864, 42.249379667236184 ], [ -71.788869110230848, 42.249373782351185 ], [ -71.788855445785813, 42.249193749587363 ], [ -71.788951144608617, 42.249188137638214 ], [ -71.788944123475545, 42.24912779981117 ], [ -71.788702382980986, 42.249136688749736 ], [ -71.788683520620978, 42.248890713639675 ], [ -71.787864267924121, 42.24893897183496 ], [ -71.787822068652787, 42.248492054055546 ], [ -71.787732388466154, 42.248504883032631 ], [ -71.787735332895821, 42.248571022808044 ], [ -71.78778482461567, 42.249071952290322 ], [ -71.787847932229681, 42.249710668825244 ] ], [ [ -71.782195536498804, 42.251836983233837 ], [ -71.782670404456894, 42.251682829789239 ], [ -71.782617167006606, 42.251547812786356 ], [ -71.782538561839658, 42.251574076243649 ], [ -71.782213823627941, 42.251124150761896 ], [ -71.782307931322933, 42.251106083587189 ], [ -71.782282037263798, 42.251045775639085 ], [ -71.782596450225469, 42.251044314615783 ], [ -71.782517636215161, 42.250713156617849 ], [ -71.781610354996758, 42.250755861520631 ], [ -71.781557111206908, 42.250359465442088 ], [ -71.780405342369278, 42.250448037057339 ], [ -71.77951644294204, 42.249790926356944 ], [ -71.779281546290321, 42.250024063306356 ], [ -71.778978691393903, 42.250028229509709 ], [ -71.779080263934432, 42.250603563336625 ], [ -71.777772776844813, 42.250613592383502 ], [ -71.777215828124639, 42.25063414778505 ], [ -71.777283791797146, 42.251234947346639 ], [ -71.778182009043178, 42.251334309624056 ], [ -71.781356883829972, 42.25117153124949 ], [ -71.781113217555827, 42.250781089572101 ], [ -71.781643697033218, 42.251089190637586 ], [ -71.782195536498804, 42.251836983233837 ] ], [ [ -71.794871935644252, 42.251141058593035 ], [ -71.795151726803397, 42.251684362374 ], [ -71.795964214485579, 42.251610924305844 ], [ -71.795808922646899, 42.251295367550689 ], [ -71.795801501177749, 42.251240339438262 ], [ -71.79538954474009, 42.251241581571506 ], [ -71.795246191787299, 42.251137206226545 ], [ -71.794871935644252, 42.251141058593035 ] ] ] ] } },
{ "type": "Feature", "properties": { "ZONECODE": "TC", "TOWN_ID": "280", "LOCAL_ZONE": null, "highdense": "Y" }, "geometry": { "type": "MultiPolygon", "coordinates": [ [ [ [ -71.994896502316351, 42.243511236824368 ], [ -71.994992666515671, 42.243778422596101 ], [ -71.994755347485324, 42.243827877399887 ], [ -71.994696172354423, 42.243840208481295 ], [ -71.994443407073831, 42.243845725158494 ], [ -71.994413806658798, 42.243846371074746 ], [ -71.99425864198075, 42.243849757123677 ], [ -71.994194050528719, 42.243851166894018 ], [ -71.994160472692485, 42.24384880381249 ], [ -71.994059335737262, 42.243841686388429 ], [ -71.993881119291373, 42.243829144106215 ], [ -71.993702751558686, 42.243816590958062 ], [ -71.993552234682284, 42.243805997591245 ], [ -71.993509726332746, 42.243580561539467 ], [ -71.993481747887969, 42.243432181150531 ], [ -71.993429809647111, 42.243156735421366 ], [ -71.993400065822755, 42.242998991135885 ], [ -71.993379165209248, 42.242888146193003 ], [ -71.993358765631655, 42.242779956327141 ], [ -71.993332721305507, 42.242641832616108 ], [ -71.993316838552133, 42.242557598868657 ], [ -71.993858795802723, 42.242503526490012 ], [ -71.99425124052992, 42.242464369871158 ], [ -71.994535424753806, 42.242784185242755 ], [ -71.994685960099801, 42.242953593180331 ], [ -71.994702499612032, 42.242972206167941 ], [ -71.99484561714273, 42.243369854812357 ], [ -71.994896502316351, 42.243511236824368 ] ] ] ] } },
{ "type": "Feature", "properties": { "ZONECODE": null, "TOWN_ID": "348", "LOCAL_ZONE": null, "highdense": "Y" }, "geometry": { "type": "MultiPolygon", "coordinates": [ [ [ [ -71.77253813415544, 42.268232936069118 ], [ -71.772535206022937, 42.268231059589439 ], [ -71.772533260186663, 42.268232947631866 ], [ -71.77252282724551, 42.268243065637826 ], [ -71.772382746922929, 42.26837891901463 ], [ -71.77185900936216, 42.268385270603858 ], [ -71.771854088313518, 42.268385329965028 ], [ -71.771854135381602, 42.268385282137771 ], [ -71.772605150868571, 42.267612452757632 ], [ -71.772246660836331, 42.267019528345216 ], [ -71.773050224258654, 42.266752128244001 ], [ -71.773466665966041, 42.267365819009072 ], [ -71.773860846323544, 42.26704999391572 ], [ -71.775185642210033, 42.266747718806847 ], [ -71.775751630040233, 42.266649632505143 ], [ -71.776603255012802, 42.266552226258142 ], [ -71.776641126327505, 42.266552821993464 ], [ -71.777187404610117, 42.266384113333572 ], [ -71.77851719562652, 42.265859514387721 ], [ -71.778672230493882, 42.26577681407116 ], [ -71.77901893412249, 42.266169754687141 ], [ -71.778664051972271, 42.266331147672247 ], [ -71.777942595311785, 42.266675224597257 ], [ -71.777845363201692, 42.266723480896978 ], [ -71.777709355157583, 42.266775261901124 ], [ -71.777601654314878, 42.266805707461465 ], [ -71.777368164697464, 42.266848805213534 ], [ -71.776998461510857, 42.26689703411423 ], [ -71.777125112147971, 42.26750249259397 ], [ -71.77587150824921, 42.26763558153835 ], [ -71.775871463352061, 42.267636126327432 ], [ -71.77566620925387, 42.267659365111143 ], [ -71.775571382671828, 42.267669560736394 ], [ -71.775614913110815, 42.267139693016929 ], [ -71.77546382195456, 42.267171338125415 ], [ -71.775424275782072, 42.267686187335855 ], [ -71.775419361732645, 42.267686727593045 ], [ -71.773777464498707, 42.26786715236566 ], [ -71.773507373561728, 42.268121784593674 ], [ -71.773180929454668, 42.268429541808231 ], [ -71.77307808269272, 42.268575841886943 ], [ -71.773076563506891, 42.268578003515628 ], [ -71.773073208697667, 42.268575853472633 ], [ -71.77253813415544, 42.268232936069118 ] ] ] ] } },
{ "type": "Feature", "properties": { "ZONECODE": null, "TOWN_ID": "348", "LOCAL_ZONE": null, "highdense": "Y" }, "geometry": { "type": "MultiPolygon", "coordinates": [ [ [ [ -71.853993085089186, 42.226936078856667 ], [ -71.854045691232258, 42.227139376999126 ], [ -71.854050681356043, 42.227541733977795 ], [ -71.85403412344148, 42.227675803525678 ], [ -71.853995475660327, 42.227988730320341 ], [ -71.853972778941426, 42.228137456931421 ], [ -71.854008330045588, 42.22842062018826 ], [ -71.853991641773732, 42.228529889249174 ], [ -71.853896841042882, 42.228556132103513 ], [ -71.853876083262207, 42.228541693889809 ], [ -71.853681278653269, 42.228568342036496 ], [ -71.853363589935171, 42.228611798852356 ], [ -71.853245904648716, 42.228628942844509 ], [ -71.853133355413576, 42.228646925311082 ], [ -71.851914731720257, 42.228941783916611 ], [ -71.85196630986303, 42.229031765782509 ], [ -71.85151844996301, 42.229295258960732 ], [ -71.851284069257204, 42.22937721053291 ], [ -71.851117989852682, 42.229517857347879 ], [ -71.851114405913052, 42.229528463162822 ], [ -71.851104725601473, 42.229557114539197 ], [ -71.851086818250266, 42.229553771535549 ], [ -71.851070756679306, 42.229591688612672 ], [ -71.851045582016312, 42.229651101456817 ], [ -71.850999934001109, 42.229733173785547 ], [ -71.850894207133408, 42.229844124441414 ], [ -71.850729615499688, 42.229974230695582 ], [ -71.850594833463006, 42.230077353404155 ], [ -71.850194249445266, 42.230017889776654 ], [ -71.850113943960679, 42.230008534713512 ], [ -71.850133935420516, 42.229936956691674 ], [ -71.850145006032591, 42.229898933431542 ], [ -71.850156325424848, 42.229862965719995 ], [ -71.850153424913856, 42.229855439869937 ], [ -71.850149320208132, 42.229846150383651 ], [ -71.850146988648916, 42.229841400255438 ], [ -71.850141817781846, 42.229832088812067 ], [ -71.850134927106453, 42.229821532983159 ], [ -71.850126562388553, 42.229810363136359 ], [ -71.850119657473527, 42.229802272399645 ], [ -71.850108290310544, 42.229790559818348 ], [ -71.850103091212475, 42.229785785123099 ], [ -71.850098341174018, 42.2297816005619 ], [ -71.850091842083074, 42.229776359868744 ], [ -71.850085657095278, 42.229771620590455 ], [ -71.85007820424498, 42.229766310780242 ], [ -71.850071946681211, 42.229762248755904 ], [ -71.85006540908833, 42.229758151572703 ], [ -71.850058721445109, 42.229754303332363 ], [ -71.850051443388779, 42.229750372262856 ], [ -71.850042542558455, 42.229745876244579 ], [ -71.850035231339675, 42.229742520573446 ], [ -71.850026593087051, 42.229738847537284 ], [ -71.850017394240723, 42.229735226627106 ], [ -71.850007131537467, 42.229731562143641 ], [ -71.849999098256902, 42.229729072069333 ], [ -71.849992824866462, 42.229727187939631 ], [ -71.849986307645878, 42.229725462107325 ], [ -71.849979717911395, 42.229723767106236 ], [ -71.849972231948414, 42.229722110849437 ], [ -71.849967394934879, 42.229721039821207 ], [ -71.84996144222751, 42.229719971293648 ], [ -71.849957292674731, 42.229719226782585 ], [ -71.849951349690201, 42.229718383302469 ], [ -71.849945989264512, 42.229717516438747 ], [ -71.849939877887365, 42.229716671670772 ], [ -71.849934543588546, 42.229716148645402 ], [ -71.849930537712368, 42.22971575571669 ], [ -71.849925925804015, 42.229715303414068 ], [ -71.849922016537306, 42.229715074947372 ], [ -71.849917742513384, 42.229714824184306 ], [ -71.849911894363942, 42.229714481885956 ], [ -71.849907741216995, 42.22971440271332 ], [ -71.849900921470763, 42.229714271347596 ], [ -71.849897825995257, 42.229714212358893 ], [ -71.849794076180771, 42.229735080821349 ], [ -71.84971187150893, 42.229738218569111 ], [ -71.849699366336381, 42.22973869511452 ], [ -71.849471806317197, 42.229751364916474 ], [ -71.849299233744887, 42.229760815816057 ], [ -71.849238421727236, 42.229769966124962 ], [ -71.849132058445875, 42.229785969459002 ], [ -71.848867928517961, 42.228650369190248 ], [ -71.849345749570546, 42.228585048949775 ], [ -71.849707548219072, 42.228538002702955 ], [ -71.849877590642095, 42.228477895711684 ], [ -71.850361623867869, 42.228432314114485 ], [ -71.850500297568175, 42.22841925492942 ], [ -71.850445874151674, 42.228360839677293 ], [ -71.850237065130287, 42.227312687939943 ], [ -71.853993085089186, 42.226936078856667 ] ] ] ] } },
{ "type": "Feature", "properties": { "ZONECODE": null, "TOWN_ID": "348", "LOCAL_ZONE": null, "highdense": "Y" }, "geometry": { "type": "MultiPolygon", "coordinates": [ [ [ [ -71.789997334718009, 42.256607602144307 ], [ -71.789708307395301, 42.256497701517603 ], [ -71.789076285878679, 42.256381417388141 ], [ -71.787915267482589, 42.256206728295929 ], [ -71.786812564145677, 42.256054243567931 ], [ -71.786536213060742, 42.256870626569288 ], [ -71.784811486676844, 42.256538075506221 ], [ -71.784915239046072, 42.256250370735792 ], [ -71.782499921152848, 42.256414810458004 ], [ -71.782314990144968, 42.256465344430623 ], [ -71.777591697325988, 42.256696386165643 ], [ -71.776723362697481, 42.256743074263476 ], [ -71.776672401837345, 42.256256801924238 ], [ -71.777712240333187, 42.2562042114183 ], [ -71.777688772863115, 42.255749428561558 ], [ -71.782387363442737, 42.255586360349064 ], [ -71.784313709476578, 42.255413104950669 ], [ -71.78322992860916, 42.254525644984781 ], [ -71.783163534524789, 42.254409459951347 ], [ -71.783138053262903, 42.254310263563411 ], [ -71.783135966430876, 42.254302142581004 ], [ -71.783123980775841, 42.254242510906678 ], [ -71.783110945322818, 42.254177657365005 ], [ -71.783077787269633, 42.254012688502456 ], [ -71.782639647060776, 42.254055111190951 ], [ -71.782574191990577, 42.253739077126134 ], [ -71.782539479904045, 42.253571477636847 ], [ -71.782471114822869, 42.25337187322976 ], [ -71.7826744339323, 42.253372347141955 ], [ -71.782967807125345, 42.253373030109131 ], [ -71.783056759267311, 42.253345526364278 ], [ -71.783184614559275, 42.253571793865689 ], [ -71.783285014106866, 42.253749468504701 ], [ -71.783383112825049, 42.253923072159644 ], [ -71.783410536004709, 42.253968756951437 ], [ -71.783467343374014, 42.254063391572053 ], [ -71.783496239758506, 42.254104625213884 ], [ -71.783522127249924, 42.254141564632064 ], [ -71.783606340410756, 42.254250562470091 ], [ -71.783636165840662, 42.254326259147057 ], [ -71.784518145997154, 42.255045311523304 ], [ -71.785346636976257, 42.254975340167199 ], [ -71.785381336516977, 42.255297687221919 ], [ -71.785813384394601, 42.255268486589806 ], [ -71.785850330032019, 42.255576422169248 ], [ -71.787167456100789, 42.255751716961178 ], [ -71.787280128174956, 42.255766712429285 ], [ -71.78722402319255, 42.255393482198151 ], [ -71.788334056333724, 42.255318257279484 ], [ -71.7884061800045, 42.255916563679861 ], [ -71.788508520945101, 42.255930182113865 ], [ -71.789182840864683, 42.256019912906694 ], [ -71.789152229366465, 42.255684172821283 ], [ -71.790373800508888, 42.255595535345101 ], [ -71.79045987442494, 42.256189832165106 ], [ -71.790471795501247, 42.256271567444671 ], [ -71.790928404123605, 42.256210600235732 ], [ -71.791009992660037, 42.256532142571217 ], [ -71.79181240071253, 42.256410051498399 ], [ -71.792073347425216, 42.257757426464671 ], [ -71.790656327343186, 42.256926666280691 ], [ -71.790531573284341, 42.256854160088899 ], [ -71.790239621955791, 42.256719420764448 ], [ -71.789997334718009, 42.256607602144307 ] ] ] ] } },
{ "type": "Feature", "properties": { "ZONECODE": null, "TOWN_ID": "348", "LOCAL_ZONE": null, "highdense": "Y" }, "geometry": { "type": "MultiPolygon", "coordinates": [ [ [ [ -71.809135623704137, 42.256004607478395 ], [ -71.809098576599354, 42.256030115525569 ], [ -71.809058596811028, 42.25605764362836 ], [ -71.809041518904294, 42.256070617926447 ], [ -71.808820574328962, 42.256240264724489 ], [ -71.808766558619268, 42.256276386937792 ], [ -71.807922091584132, 42.255675259495632 ], [ -71.808396417278914, 42.255297509996446 ], [ -71.808443699710367, 42.255342089361271 ], [ -71.808450893658403, 42.255349078898341 ], [ -71.80846749040694, 42.255365205562875 ], [ -71.808513553885732, 42.255410057362859 ], [ -71.808526875228566, 42.255423018349411 ], [ -71.80854199874301, 42.25543773458493 ], [ -71.808602203191953, 42.255496095215094 ], [ -71.808684351040199, 42.255575454920447 ], [ -71.808765753523758, 42.255654266485131 ], [ -71.808787017490374, 42.255672136146181 ], [ -71.808804457403909, 42.255662578460488 ], [ -71.808913309795642, 42.25576473388643 ], [ -71.808894395010441, 42.255774297355622 ], [ -71.809008945414575, 42.255883754124667 ], [ -71.809057894724006, 42.255929500042747 ], [ -71.809135623704137, 42.256004607478395 ] ] ] ] } },
{ "type": "Feature", "properties": { "ZONECODE": null, "TOWN_ID": "348", "LOCAL_ZONE": null, "highdense": "Y" }, "geometry": { "type": "MultiPolygon", "coordinates": [ [ [ [ -71.819585295412807, 42.314544592955741 ], [ -71.81950307769408, 42.314582312387294 ], [ -71.819189753392024, 42.314519561888609 ], [ -71.819178735988075, 42.314546103391272 ], [ -71.818470834285023, 42.314389250762666 ], [ -71.818522520006212, 42.314249555027445 ], [ -71.818579265509086, 42.313975118274456 ], [ -71.819042201063297, 42.314030101694641 ], [ -71.819127885214613, 42.313994559774095 ], [ -71.819585295412807, 42.314544592955741 ] ] ] ] } },
{ "type": "Feature", "properties": { "ZONECODE": "RESA", "TOWN_ID": "304", "LOCAL_ZONE": null, "highdense": "Y" }, "geometry": { "type": "MultiPolygon", "coordinates": [ [ [ [ -71.623807192493729, 42.105013071827884 ], [ -71.623793827630536, 42.104946559898067 ], [ -71.623780551054978, 42.104871366989869 ], [ -71.623765898997348, 42.104798834212531 ], [ -71.6237552179673, 42.104754510445332 ], [ -71.623756724233118, 42.104701082953149 ], [ -71.623741373163938, 42.104624691258167 ], [ -71.623730878900901, 42.104558927976086 ], [ -71.623718587326124, 42.104515120030271 ], [ -71.623714327456568, 42.104457153966059 ], [ -71.623721128785093, 42.104402263122267 ], [ -71.623735067493044, 42.104345821402013 ], [ -71.623763986662979, 42.104294164860775 ], [ -71.623795885406238, 42.104235388057717 ], [ -71.623807974964336, 42.10417560274248 ], [ -71.623818641596813, 42.104095409621991 ], [ -71.623823797746951, 42.104023369462716 ], [ -71.623825644311381, 42.103908283205094 ], [ -71.623828298223629, 42.103734796836271 ], [ -71.623831156346739, 42.103666018320105 ], [ -71.623836538978026, 42.103592348331667 ], [ -71.623852971598239, 42.10351609325275 ], [ -71.623877656281877, 42.103419762899897 ], [ -71.623906499398828, 42.103330031876425 ], [ -71.623944092610742, 42.103239432449087 ], [ -71.623981728959578, 42.103170358705839 ], [ -71.624019107338071, 42.103087477025348 ], [ -71.624062318536559, 42.103043352266248 ], [ -71.624100139088483, 42.102951123857828 ], [ -71.624132035635583, 42.102892346049565 ], [ -71.624195798764489, 42.102758326288935 ], [ -71.624286909788395, 42.102594604907978 ], [ -71.62434560515473, 42.102460418607521 ], [ -71.624399509394792, 42.102349820468092 ], [ -71.624455093482666, 42.102272923045604 ], [ -71.62448627197054, 42.102200339508194 ], [ -71.624508498718242, 42.102143544721777 ], [ -71.624535736552446, 42.102057759570592 ], [ -71.624563186518586, 42.101963055611414 ], [ -71.624578673900885, 42.101875224224067 ], [ -71.624611707635026, 42.101809328002084 ], [ -71.624632114607209, 42.101763598303833 ], [ -71.624652740336927, 42.101711693068395 ], [ -71.624661609711836, 42.101654656226735 ], [ -71.624663333087682, 42.101594625513243 ], [ -71.624657187844846, 42.101515136665007 ], [ -71.624648106523196, 42.101464207367549 ], [ -71.624650225863562, 42.101255475768625 ], [ -71.624644167402877, 42.101219551506091 ], [ -71.624671975391323, 42.101189849322878 ], [ -71.624724046303712, 42.101200426178835 ], [ -71.62476202603051, 42.10119086473366 ], [ -71.624802057546404, 42.101169725620458 ], [ -71.624825930302592, 42.10112956597866 ], [ -71.624885860986168, 42.101038940903692 ], [ -71.62495931990874, 42.100918374363864 ], [ -71.6249827142816, 42.100869897153537 ], [ -71.625006043446234, 42.10078831794106 ], [ -71.625021055310526, 42.100693369966883 ], [ -71.625020705020418, 42.100632740994257 ], [ -71.625010466014629, 42.100579068809601 ], [ -71.624985252708242, 42.100523955385427 ], [ -71.624949432087462, 42.100461393502314 ], [ -71.62491755558635, 42.100413834732123 ], [ -71.624888222834684, 42.100371245640673 ], [ -71.624877106125368, 42.100339614238656 ], [ -71.624856496019333, 42.100282952605113 ], [ -71.624839173451974, 42.100257245784285 ], [ -71.624699942541199, 42.100192310070653 ], [ -71.624571778596859, 42.100134222562559 ], [ -71.624471047502695, 42.100088882374479 ], [ -71.62440996685811, 42.100063223147188 ], [ -71.624363159203241, 42.100034031703196 ], [ -71.624320699756851, 42.099992314756634 ], [ -71.624286518813634, 42.09994304320643 ], [ -71.624273062520473, 42.099893148593821 ], [ -71.624258725025697, 42.099863063782095 ], [ -71.624224107054559, 42.099826398070761 ], [ -71.624179095933613, 42.09977362251125 ], [ -71.624142179256239, 42.099739102935438 ], [ -71.624079649377322, 42.099679313967783 ], [ -71.623984326090522, 42.099572909562887 ], [ -71.623877989503541, 42.099486756217047 ], [ -71.623838992342044, 42.099448380025947 ], [ -71.623795868165274, 42.099418155290614 ], [ -71.623759095847944, 42.099339643086779 ], [ -71.623740135386896, 42.099300644643641 ], [ -71.62369968897633, 42.099227540120715 ], [ -71.623653254636636, 42.099153668688288 ], [ -71.623609561725274, 42.099068990427618 ], [ -71.623574428222298, 42.099003682286209 ], [ -71.623545767118756, 42.09895071682844 ], [ -71.623513627409807, 42.098884377264575 ], [ -71.623511007596875, 42.098840816299074 ], [ -71.623520366088826, 42.098797499875928 ], [ -71.623560832358891, 42.098764267614612 ], [ -71.623567913343933, 42.098734674531414 ], [ -71.623550584208033, 42.098705106945644 ], [ -71.623520095745604, 42.0986597763711 ], [ -71.623483652712935, 42.098630829950622 ], [ -71.62344191728252, 42.098605062865708 ], [ -71.623390539203214, 42.098593971497102 ], [ -71.62331126673233, 42.098567816344065 ], [ -71.623273025276632, 42.098561425721755 ], [ -71.623235482809093, 42.098558894005969 ], [ -71.623197686938141, 42.098545385845796 ], [ -71.623180582228557, 42.098512989155253 ], [ -71.623175445038257, 42.098476547926445 ], [ -71.623167721232917, 42.098413525727217 ], [ -71.623165326254949, 42.098366706249685 ], [ -71.623158763241278, 42.098307541570556 ], [ -71.623164178304222, 42.098250423011734 ], [ -71.62317352725043, 42.098202731967291 ], [ -71.623201330280551, 42.098170800938952 ], [ -71.623254461776341, 42.098136270367441 ], [ -71.623305295187635, 42.098105513693213 ], [ -71.623312122879312, 42.098063743163003 ], [ -71.623279739104532, 42.09799088727101 ], [ -71.623239793300087, 42.097937075900788 ], [ -71.623183893056961, 42.097850438030775 ], [ -71.623229674035102, 42.097826376216339 ], [ -71.623419471216806, 42.097726693145262 ], [ -71.624221357754053, 42.096910968333944 ], [ -71.624240662562286, 42.096891395081329 ], [ -71.62428364037622, 42.096847611665119 ], [ -71.625027088248828, 42.096418703471805 ], [ -71.625490839216141, 42.096162982942225 ], [ -71.626002647342986, 42.095986787777825 ], [ -71.62635989225673, 42.095906809381781 ], [ -71.627542120764389, 42.095647534053732 ], [ -71.628698552230176, 42.095391019729981 ], [ -71.629991291579984, 42.095128849445132 ], [ -71.63039274082989, 42.095048807237241 ], [ -71.631055545783525, 42.094850463565884 ], [ -71.631593049907664, 42.094641283707517 ], [ -71.633028768323214, 42.09416229431131 ], [ -71.633813239028726, 42.093900503917446 ], [ -71.634903070833843, 42.093539725911498 ], [ -71.635557288900429, 42.093324386153299 ], [ -71.636112826665382, 42.094228787259844 ], [ -71.636247010997565, 42.094303490857222 ], [ -71.636708398206096, 42.094365366266416 ], [ -71.63718660966903, 42.094433480455301 ], [ -71.637311535563583, 42.094274251735676 ], [ -71.638529969358899, 42.094597356861023 ], [ -71.639014668508551, 42.094577041302955 ], [ -71.639452396405019, 42.094768253899097 ], [ -71.639507224418949, 42.094777791605516 ], [ -71.639535310242479, 42.094773897637189 ], [ -71.63966927956038, 42.094749035460211 ], [ -71.639760681181301, 42.094739576574462 ], [ -71.639969018760169, 42.094709304869937 ], [ -71.64006985710229, 42.09469743212086 ], [ -71.640520296830118, 42.094700991788272 ], [ -71.6407630291218, 42.094707466171258 ], [ -71.641043762640422, 42.094613472197402 ], [ -71.641283028543072, 42.094511640190952 ], [ -71.64159569934445, 42.094283484483434 ], [ -71.641849423926573, 42.094058144373477 ], [ -71.642029214842808, 42.093725873483088 ], [ -71.642113883215671, 42.093692837159153 ], [ -71.642242801587756, 42.093676210781823 ], [ -71.642323648839422, 42.093582807996313 ], [ -71.642419327070968, 42.093530548471364 ], [ -71.642474470333156, 42.093475596130681 ], [ -71.642595902248871, 42.093406839263686 ], [ -71.642673132040642, 42.0933436258223 ], [ -71.64275412132649, 42.093313338695175 ], [ -71.643013361257587, 42.093900267314226 ], [ -71.643250231254115, 42.094470843802782 ], [ -71.64348752968813, 42.095024783087865 ], [ -71.643835651230873, 42.095803690667033 ], [ -71.644043219995638, 42.096344030765465 ], [ -71.644428535138516, 42.09726833012823 ], [ -71.644538329461611, 42.097732771438771 ], [ -71.628482725248134, 42.103392664537708 ], [ -71.623807192493729, 42.105013071827884 ] ] ] ] } },
{ "type": "Feature", "properties": { "ZONECODE": null, "TOWN_ID": "348", "LOCAL_ZONE": null, "highdense": "Y" }, "geometry": { "type": "MultiPolygon", "coordinates": [ [ [ [ -71.848050463531379, 42.254376419987075 ], [ -71.847084894930134, 42.254664581878849 ], [ -71.846645308958855, 42.254226555635377 ], [ -71.846898939361168, 42.254104503535942 ], [ -71.847014839734769, 42.253885654043508 ], [ -71.847128006409889, 42.253673852165427 ], [ -71.847138381472035, 42.253638536076735 ], [ -71.847143646781845, 42.253609977811493 ], [ -71.847145038024323, 42.253595172601969 ], [ -71.847145195022492, 42.253584463906904 ], [ -71.847145349406929, 42.253573941582687 ], [ -71.847141669496978, 42.253539335101081 ], [ -71.847129670217186, 42.253496120745851 ], [ -71.847114333368097, 42.253462832429442 ], [ -71.847098099178567, 42.25343651247816 ], [ -71.847074905677545, 42.253407833151194 ], [ -71.847032974131992, 42.253364070021838 ], [ -71.845169359255735, 42.251441774941583 ], [ -71.845234942633383, 42.25144278691883 ], [ -71.848050463531379, 42.254376419987075 ] ] ] ] } },
{ "type": "Feature", "properties": { "ZONECODE": null, "TOWN_ID": "348", "LOCAL_ZONE": null, "highdense": "Y" }, "geometry": { "type": "MultiPolygon", "coordinates": [ [ [ [ -71.84739172704991, 42.255512445644854 ], [ -71.84714698950016, 42.255581402585719 ], [ -71.846973855801522, 42.255640447330201 ], [ -71.846829573816478, 42.255701077453622 ], [ -71.846341190171813, 42.255183947301177 ], [ -71.846928809873859, 42.255027473621567 ], [ -71.84739172704991, 42.255512445644854 ] ] ] ] } },
{ "type": "Feature", "properties": { "ZONECODE": "RESA", "TOWN_ID": "304", "LOCAL_ZONE": null, "highdense": "Y" }, "geometry": { "type": "MultiPolygon", "coordinates": [ [ [ [ -71.63609801910286, 42.093129159606264 ], [ -71.635557288900429, 42.093324386153299 ], [ -71.634949404164971, 42.092102248629672 ], [ -71.634847691915553, 42.091181925862699 ], [ -71.634847470039361, 42.091078005599684 ], [ -71.634767485057182, 42.09098902485178 ], [ -71.634627623543082, 42.090885269214134 ], [ -71.634368037104579, 42.090766809769733 ], [ -71.634288115973661, 42.090707521219144 ], [ -71.634188121566694, 42.090588872773402 ], [ -71.633847957299423, 42.090099360840931 ], [ -71.634744682667773, 42.089652923876237 ], [ -71.634884225130449, 42.089608220293336 ], [ -71.635123573434214, 42.089593090255072 ], [ -71.635402880145932, 42.089607602279834 ], [ -71.63571821731729, 42.089641013600144 ], [ -71.635711513567529, 42.089655658996016 ], [ -71.635682392841176, 42.089712807300138 ], [ -71.635672353061111, 42.089755782580973 ], [ -71.635671295160904, 42.089798661664467 ], [ -71.635672785747644, 42.089849684733572 ], [ -71.635681865009815, 42.089895724512324 ], [ -71.635694139576657, 42.089928469044253 ], [ -71.635699970617011, 42.089963020971432 ], [ -71.635699587601451, 42.08999929629222 ], [ -71.635694157466119, 42.090044324233652 ], [ -71.635693582275181, 42.090097578950953 ], [ -71.635675772374881, 42.090167577612888 ], [ -71.635670101445371, 42.090207974582754 ], [ -71.635666037766725, 42.090245369771509 ], [ -71.635663598153954, 42.090288764576322 ], [ -71.63566574094051, 42.090321434708777 ], [ -71.635668127865273, 42.090360880372728 ], [ -71.635662691447195, 42.090402992175527 ], [ -71.6356577224429, 42.090447762973341 ], [ -71.635630940336029, 42.090521373564201 ], [ -71.635619751939458, 42.090565979780962 ], [ -71.635614781242552, 42.09060997810171 ], [ -71.635608440002017, 42.09065972390183 ], [ -71.635610828843298, 42.090699511685017 ], [ -71.635612530495848, 42.090741272888401 ], [ -71.635611249175383, 42.090787667986703 ], [ -71.635608122863417, 42.090833294599129 ], [ -71.635603373560542, 42.090873433876105 ], [ -71.635605070268198, 42.090912879457086 ], [ -71.635615062462293, 42.090955059372213 ], [ -71.635627575836196, 42.090992005424525 ], [ -71.635641920738948, 42.091023974123345 ], [ -71.635647305347959, 42.091064529922875 ], [ -71.635646925043773, 42.091102091794255 ], [ -71.635657830857284, 42.091140754863858 ], [ -71.635680722719883, 42.09118506312111 ], [ -71.63563519729523, 42.091538259330399 ], [ -71.635795951706925, 42.091549815780112 ], [ -71.635802709964196, 42.091479744719557 ], [ -71.63580815159203, 42.091440634582582 ], [ -71.635814097322111, 42.091421331822062 ], [ -71.635820041398375, 42.091401257487497 ], [ -71.635823639206123, 42.091361377065219 ], [ -71.635826771996193, 42.091318839445883 ], [ -71.635831300882188, 42.091283074186506 ], [ -71.63586348607852, 42.091259108970931 ], [ -71.635907725991089, 42.091271748190259 ], [ -71.635924358918984, 42.091296769050111 ], [ -71.635947234943472, 42.091334130390699 ], [ -71.635965057598213, 42.091376215425576 ], [ -71.635996963361706, 42.091435691414262 ], [ -71.636019415311651, 42.091490034210864 ], [ -71.636044420996356, 42.091553205216769 ], [ -71.636168534659205, 42.09155202740105 ], [ -71.636165400439054, 42.091486685792681 ], [ -71.636156771761776, 42.091436272662122 ], [ -71.636150715529297, 42.091404549843553 ], [ -71.636161693421016, 42.091369548461877 ], [ -71.636198702751329, 42.091339402997214 ], [ -71.636241982971086, 42.091334549081473 ], [ -71.636291040279403, 42.09133946485121 ], [ -71.636332499510544, 42.091344473396155 ], [ -71.6363707451181, 42.091354204347532 ], [ -71.636412915674399, 42.091368475423934 ], [ -71.636433341298257, 42.091336377076743 ], [ -71.636404978225173, 42.091318060585316 ], [ -71.636364427738201, 42.091307303328485 ], [ -71.636310054791167, 42.091294163191399 ], [ -71.636241429236193, 42.091291671922953 ], [ -71.636179685816572, 42.091277081991421 ], [ -71.636115174423892, 42.091260265227383 ], [ -71.636070026819297, 42.091253888005959 ], [ -71.635964341139726, 42.091151107955127 ], [ -71.635937806213704, 42.091125583898176 ], [ -71.635916320761254, 42.091092936785515 ], [ -71.635889065187229, 42.091054293186595 ], [ -71.635859039391079, 42.091011794996781 ], [ -71.635841457136266, 42.090974083420534 ], [ -71.635831229990174, 42.090929502646304 ], [ -71.635820340430271, 42.090898471599566 ], [ -71.63585132422125, 42.090315811361336 ], [ -71.635862833882101, 42.090100550543916 ], [ -71.635869911425786, 42.089965133727759 ], [ -71.63591844442449, 42.089727274896092 ], [ -71.63596328961502, 42.089594042326844 ], [ -71.636120030678057, 42.089348851095323 ], [ -71.63620545606787, 42.089027593651174 ], [ -71.636153287528728, 42.088860602895984 ], [ -71.635997592341226, 42.088629506426308 ], [ -71.635807775265917, 42.088591144423781 ], [ -71.635427700011917, 42.088308946711642 ], [ -71.635065173617733, 42.088155189436868 ], [ -71.634754034382198, 42.087911412936378 ], [ -71.634184291686879, 42.087655077629819 ], [ -71.63397693804427, 42.087488356270505 ], [ -71.633683087901943, 42.087141735291361 ], [ -71.633544444609925, 42.086910615504209 ], [ -71.633526985917626, 42.086820678425958 ], [ -71.633509635439211, 42.086782193727863 ], [ -71.63331259983967, 42.086702330280204 ], [ -71.633133778227318, 42.08663342019485 ], [ -71.632952696809937, 42.086476185454849 ], [ -71.632978973733628, 42.086707866279021 ], [ -71.632918183805657, 42.086706308345136 ], [ -71.632677183390783, 42.086742007182266 ], [ -71.63227050590821, 42.08682763756407 ], [ -71.631914315514209, 42.086613233490134 ], [ -71.631656025273088, 42.086418267809968 ], [ -71.631503656247801, 42.08633569021255 ], [ -71.6313371434766, 42.086316072896814 ], [ -71.631179878413135, 42.086315226339366 ], [ -71.631057968053454, 42.086374109592882 ], [ -71.630918226980441, 42.086384818910453 ], [ -71.630820410739645, 42.086404226679797 ], [ -71.630700090800772, 42.086342278200696 ], [ -71.630663555607867, 42.086267283552345 ], [ -71.630619640180655, 42.086186896298898 ], [ -71.630548679035186, 42.086053798170205 ], [ -71.63048631893497, 42.085961254185285 ], [ -71.630399526545332, 42.085855445703601 ], [ -71.630385119973766, 42.085792174002499 ], [ -71.630343515453063, 42.085715556351431 ], [ -71.630289941955994, 42.085639638383029 ], [ -71.630223740926482, 42.085581571969328 ], [ -71.630047074907509, 42.085662042368718 ], [ -71.629822360211747, 42.0857783270095 ], [ -71.628902913807707, 42.086200264399963 ], [ -71.62844743998825, 42.086408566427622 ], [ -71.628340938239731, 42.086460655430372 ], [ -71.628337717842939, 42.0864622022007 ], [ -71.628271242735124, 42.086494778495464 ], [ -71.628118953454816, 42.086563470219708 ], [ -71.627958844786292, 42.086635685356988 ], [ -71.627684878351516, 42.08676668627924 ], [ -71.627381426574573, 42.086891801610975 ], [ -71.627129989518778, 42.08700622455094 ], [ -71.626939512769141, 42.087092279385843 ], [ -71.626558335738437, 42.087269448155141 ], [ -71.626273308395795, 42.087398912978827 ], [ -71.626195115948448, 42.087445736901365 ], [ -71.626123981710947, 42.087337764245412 ], [ -71.6255735337392, 42.086575491994921 ], [ -71.625111646657075, 42.085878978623015 ], [ -71.624554822521517, 42.085023663672636 ], [ -71.624371693568364, 42.084747645324448 ], [ -71.624220519951649, 42.084447493900896 ], [ -71.624150726408871, 42.084315849960859 ], [ -71.623932891118258, 42.084069111079941 ], [ -71.623841213946449, 42.084283257623724 ], [ -71.619788997111911, 42.084328601412487 ], [ -71.620323721477646, 42.083052246786217 ], [ -71.620686919768218, 42.082387853338062 ], [ -71.620610253711106, 42.081788244940114 ], [ -71.620427637660669, 42.080802504496297 ], [ -71.621068949383044, 42.080743079377662 ], [ -71.621138696320912, 42.080736572600571 ], [ -71.621022996075553, 42.079712342471467 ], [ -71.620567420458187, 42.07973641108925 ], [ -71.620124693803461, 42.07973688132585 ], [ -71.619783043771037, 42.07974195884654 ], [ -71.619789145013357, 42.079680722405655 ], [ -71.619820960903965, 42.079583270513716 ], [ -71.619837483232089, 42.079555296355558 ], [ -71.619861239908161, 42.079456909370691 ], [ -71.619904099832539, 42.079355329582597 ], [ -71.619944145668967, 42.079227254436312 ], [ -71.619987593394796, 42.079072332577461 ], [ -71.619993976943633, 42.078918223034336 ], [ -71.62000616882041, 42.078791720280769 ], [ -71.620049220003025, 42.078670844509617 ], [ -71.620088903812615, 42.078594565247769 ], [ -71.620093347825929, 42.0785103488844 ], [ -71.620095332957348, 42.078464724740897 ], [ -71.620136410403646, 42.07839504696134 ], [ -71.620248752976408, 42.078271268462061 ], [ -71.620312532080007, 42.078154401494039 ], [ -71.620313273551247, 42.078060325981333 ], [ -71.620241338286775, 42.07800483203674 ], [ -71.62010631581974, 42.077945718508289 ], [ -71.619987406090971, 42.077885043834755 ], [ -71.619841175560708, 42.077742843774182 ], [ -71.619763666000907, 42.077660943508377 ], [ -71.619848084171167, 42.077622863999899 ], [ -71.619949847491014, 42.077626186460989 ], [ -71.620054202263745, 42.077659777662454 ], [ -71.619723009277223, 42.07698248570712 ], [ -71.619866187122028, 42.076973330443437 ], [ -71.619867615314746, 42.076876510014401 ], [ -71.619912807339418, 42.076670733356366 ], [ -71.619915040730348, 42.076513970372069 ], [ -71.619807265288102, 42.076132384374155 ], [ -71.619699643618716, 42.075831066401179 ], [ -71.619674701656791, 42.075668585132192 ], [ -71.619683888878996, 42.075536082151608 ], [ -71.619626884945419, 42.075461877845207 ], [ -71.619610789178822, 42.075350069175379 ], [ -71.619706881160766, 42.075278362155601 ], [ -71.619817113335444, 42.075257406736263 ], [ -71.619983990418604, 42.07524402373064 ], [ -71.620118821665969, 42.075205119430919 ], [ -71.620165237680979, 42.075159362076597 ], [ -71.620255845111672, 42.075109527414696 ], [ -71.62037181208764, 42.07495718845648 ], [ -71.620413757982377, 42.074861868417379 ], [ -71.620460376956828, 42.074802305169754 ], [ -71.620463886039374, 42.074711056407885 ], [ -71.620560410301906, 42.074625540847777 ], [ -71.620642269965472, 42.074575716012198 ], [ -71.620764768731675, 42.074469591435097 ], [ -71.620895520795855, 42.074346992872186 ], [ -71.620929783256258, 42.07432646072364 ], [ -71.620915081188954, 42.074222883295647 ], [ -71.620919376151889, 42.074181715964336 ], [ -71.621037942876569, 42.074186048718389 ], [ -71.621127273192826, 42.074191269481481 ], [ -71.621204204602364, 42.074213398806812 ], [ -71.621423828255544, 42.074335365409681 ], [ -71.62151648710271, 42.07439503838502 ], [ -71.621606388884544, 42.074457457507251 ], [ -71.62172910214089, 42.074583387296762 ], [ -71.621949167060365, 42.074813148126665 ], [ -71.62197592997633, 42.074843048082435 ], [ -71.622054082999938, 42.074901021002567 ], [ -71.622165670577715, 42.074986742073058 ], [ -71.622231837861449, 42.075036838163513 ], [ -71.622481543276024, 42.075116665106087 ], [ -71.622726362834953, 42.075171113042842 ], [ -71.622949269438848, 42.075202858097008 ], [ -71.623237294644099, 42.075218152865226 ], [ -71.623491077051128, 42.075263841952442 ], [ -71.62405581181298, 42.075276174576949 ], [ -71.624276564868254, 42.075266585546387 ], [ -71.624470195902177, 42.075278293998288 ], [ -71.62459336828617, 42.075282189499539 ], [ -71.625285836236245, 42.075277395599109 ], [ -71.625388514049618, 42.075279254592715 ], [ -71.625420288077692, 42.075513075973021 ], [ -71.62549783672516, 42.07561178053605 ], [ -71.626143194509837, 42.075992506642372 ], [ -71.626467621187828, 42.076134843602517 ], [ -71.627112703315333, 42.076372866915094 ], [ -71.627168038426575, 42.076413968080189 ], [ -71.627301100994032, 42.076641586282328 ], [ -71.627433645776136, 42.076611250599761 ], [ -71.627676268507784, 42.076598886430638 ], [ -71.627986109867408, 42.076583187255423 ], [ -71.628509389847949, 42.076582595944863 ], [ -71.628508944505896, 42.076589456909318 ], [ -71.628486508829823, 42.076990819244088 ], [ -71.628462561257251, 42.076988360394921 ], [ -71.628320949095794, 42.076973941586012 ], [ -71.628323746348613, 42.076991090499895 ], [ -71.628323991900373, 42.076998979756169 ], [ -71.628331434899138, 42.077036617505961 ], [ -71.628332831968308, 42.077044419937288 ], [ -71.628349216268674, 42.07706275281032 ], [ -71.628421209734483, 42.077144053881376 ], [ -71.62854696878091, 42.077286009488581 ], [ -71.628667162683456, 42.077409188685088 ], [ -71.628745403875811, 42.077505490897281 ], [ -71.628810716629431, 42.077696480218549 ], [ -71.628812569341122, 42.077701880967773 ], [ -71.628827067653177, 42.077812060561598 ], [ -71.628840864304053, 42.077916495081602 ], [ -71.628865785567839, 42.078169961930449 ], [ -71.628870669229499, 42.078306394077671 ], [ -71.628870919203635, 42.07831642699572 ], [ -71.628871654841831, 42.078338294112214 ], [ -71.628887916346798, 42.078409623660427 ], [ -71.628987178199537, 42.078539516431555 ], [ -71.629004260117185, 42.078561880066829 ], [ -71.629028593654681, 42.078640404859222 ], [ -71.629039732502576, 42.07868378424137 ], [ -71.630826179810967, 42.078083162850312 ], [ -71.631069761574025, 42.077975601037565 ], [ -71.630958390712323, 42.077670439118755 ], [ -71.630835896225022, 42.077439553888169 ], [ -71.630558301441525, 42.077241863504369 ], [ -71.630358541030233, 42.077052315276539 ], [ -71.63030293852789, 42.076994666214119 ], [ -71.63119886961988, 42.076667699047483 ], [ -71.632058679085034, 42.076873415923274 ], [ -71.63299234617584, 42.077400586333596 ], [ -71.633536839728563, 42.077707015219623 ], [ -71.633829033788672, 42.077817556104385 ], [ -71.634648764297737, 42.077964036729313 ], [ -71.634653988436867, 42.077965062340446 ], [ -71.636539226592731, 42.078334988015477 ], [ -71.636885540241522, 42.078362012632887 ], [ -71.637522622830048, 42.078281661430822 ], [ -71.638918008469844, 42.07796986898861 ], [ -71.639249447463243, 42.0779337891721 ], [ -71.640056228387635, 42.07797121502729 ], [ -71.640108340074903, 42.078215383656385 ], [ -71.640212740321104, 42.078783301987471 ], [ -71.640349978356667, 42.079208481296419 ], [ -71.640464915034073, 42.07954313063145 ], [ -71.640494964221475, 42.079803791278252 ], [ -71.640540340835813, 42.080330619005856 ], [ -71.639288116245893, 42.080433696686001 ], [ -71.638724669772657, 42.080505734782015 ], [ -71.638378530203255, 42.080563785223625 ], [ -71.638235419914722, 42.080606494271201 ], [ -71.63807301187218, 42.080668435760657 ], [ -71.637749277659964, 42.080866411524454 ], [ -71.637648818034506, 42.0809243234647 ], [ -71.637472513832165, 42.081025958976333 ], [ -71.636915319605521, 42.080508354584957 ], [ -71.636647002254136, 42.080716952125208 ], [ -71.63658006065566, 42.080788602466875 ], [ -71.636721028635108, 42.080861627375747 ], [ -71.63643758000805, 42.081203426393927 ], [ -71.636516038126047, 42.081238366015512 ], [ -71.636250876847342, 42.081483602866584 ], [ -71.636144720691036, 42.081581835830214 ], [ -71.635768890664664, 42.0817554260626 ], [ -71.638749915794207, 42.084240370310397 ], [ -71.638655132809973, 42.084275816753312 ], [ -71.639211026261293, 42.085252581300779 ], [ -71.639688477677794, 42.086151401747394 ], [ -71.639351157197027, 42.086255323760717 ], [ -71.639241862420178, 42.086288986827967 ], [ -71.639803144505152, 42.087087970380878 ], [ -71.640095801639106, 42.087504469213783 ], [ -71.640316225581174, 42.087897259600574 ], [ -71.640517460918957, 42.088255853703281 ], [ -71.641061758340683, 42.089476341209526 ], [ -71.641406005986624, 42.090197633623113 ], [ -71.641612553707589, 42.090710623449993 ], [ -71.640483465029092, 42.09108583534109 ], [ -71.640861233998677, 42.091762408648684 ], [ -71.640781380066301, 42.091784718897792 ], [ -71.640621852356546, 42.091911319602126 ], [ -71.640467556356256, 42.092111493340091 ], [ -71.640085834079386, 42.092246858047595 ], [ -71.639844338760653, 42.092274683890224 ], [ -71.639007343789601, 42.092715294402346 ], [ -71.638330990358753, 42.093119429530375 ], [ -71.63762190936221, 42.093303122127899 ], [ -71.63784059617349, 42.093479256712108 ], [ -71.637649277611445, 42.093709570778515 ], [ -71.637493015353655, 42.093753838644076 ], [ -71.637311535563583, 42.094274251735676 ], [ -71.636657300000579, 42.093738982915021 ], [ -71.636314888687181, 42.093425613711332 ], [ -71.636262924764154, 42.093354670944834 ], [ -71.63609801910286, 42.093129159606264 ] ] ] ] } },
{ "type": "Feature", "properties": { "ZONECODE": "RESA", "TOWN_ID": "304", "LOCAL_ZONE": null, "highdense": "Y" }, "geometry": { "type": "MultiPolygon", "coordinates": [ [ [ [ -71.644761316483866, 42.090644910278122 ], [ -71.643065902131355, 42.088734705619061 ], [ -71.643063593549684, 42.088732049858145 ], [ -71.642929247522886, 42.088584376982105 ], [ -71.643121184152093, 42.088540141578385 ], [ -71.643266658811186, 42.088518347930162 ], [ -71.643426820717963, 42.088474754165219 ], [ -71.643630451716376, 42.088409493305164 ], [ -71.643834057634649, 42.088333342714989 ], [ -71.644037664463525, 42.088257275489667 ], [ -71.64421186290997, 42.08810981254841 ], [ -71.644631463331919, 42.088240227767578 ], [ -71.645010609028006, 42.088501470916597 ], [ -71.645289310423976, 42.088339121883728 ], [ -71.645642029303247, 42.088123166285023 ], [ -71.645374849253841, 42.088088262508215 ], [ -71.645171969181902, 42.088078403528939 ], [ -71.644996074624018, 42.087988069747766 ], [ -71.644887575976966, 42.087867378716069 ], [ -71.644887390870338, 42.087786768586419 ], [ -71.644873414915949, 42.087615703444634 ], [ -71.644846266514577, 42.087525093403301 ], [ -71.644809265952745, 42.087455593096742 ], [ -71.644732590558462, 42.087455690247673 ], [ -71.644661709249746, 42.087472074947044 ], [ -71.644650721869596, 42.087500559753273 ], [ -71.644634076719342, 42.087370403205668 ], [ -71.64462311391766, 42.087309359915906 ], [ -71.644710390005926, 42.087313279255646 ], [ -71.644814558949747, 42.08735388056455 ], [ -71.644827224283972, 42.087354721618439 ], [ -71.644874665105121, 42.087357833311572 ], [ -71.645011373900033, 42.087430980348735 ], [ -71.645049901240753, 42.087463433085489 ], [ -71.645148304265987, 42.087499925136441 ], [ -71.645312302796626, 42.087524155938333 ], [ -71.645327268756773, 42.087524136003779 ], [ -71.645416147136487, 42.087524022925088 ], [ -71.645488425780215, 42.087514067882822 ], [ -71.645520201931106, 42.087514456871489 ], [ -71.645612996970385, 42.087515623411853 ], [ -71.645667892257975, 42.087556287629127 ], [ -71.645760741712564, 42.087580609373475 ], [ -71.645881165717611, 42.087580454787215 ], [ -71.645973920454594, 42.087564041390642 ], [ -71.646094316218438, 42.08755162332406 ], [ -71.646148916678229, 42.087563816791359 ], [ -71.646192598186786, 42.087535203583137 ], [ -71.646263737065695, 42.087531081798467 ], [ -71.646515129724321, 42.087510434040794 ], [ -71.646608133860894, 42.087502166828003 ], [ -71.64678837698375, 42.087481609738617 ], [ -71.646935970854273, 42.087481419135401 ], [ -71.647017847237322, 42.087440579626247 ], [ -71.647140571912431, 42.087440248793158 ], [ -71.647757566741745, 42.087499047653097 ], [ -71.647926591011569, 42.087309564956449 ], [ -71.648095392504558, 42.087025493500626 ], [ -71.648094726805525, 42.086741557822037 ], [ -71.647924226858677, 42.086300222639196 ], [ -71.647975267460467, 42.086366016953654 ], [ -71.648205293519155, 42.086662603821587 ], [ -71.648461449110243, 42.086711235332032 ], [ -71.648682815572073, 42.086848069336099 ], [ -71.648880747804739, 42.086811621341155 ], [ -71.648970157637891, 42.086744272314903 ], [ -71.649312776273646, 42.086744851484596 ], [ -71.650024016118849, 42.087223546065779 ], [ -71.650464913081763, 42.087399619556614 ], [ -71.650714066415034, 42.087599443730205 ], [ -71.65092305878467, 42.087661940184667 ], [ -71.65092395066192, 42.087745807658138 ], [ -71.650924210881755, 42.087758671123702 ], [ -71.651049811753808, 42.088093808701068 ], [ -71.651062000082419, 42.088183664586801 ], [ -71.65106917476497, 42.088198833639701 ], [ -71.651118934315448, 42.088305361532711 ], [ -71.651153852598298, 42.088367316961047 ], [ -71.651215530914683, 42.088450246896571 ], [ -71.651219456337643, 42.088455129552997 ], [ -71.651277760210107, 42.088571594630793 ], [ -71.651279555158979, 42.088744131857382 ], [ -71.651257836950705, 42.088809078358629 ], [ -71.651151689575556, 42.088810419840506 ], [ -71.651076011316533, 42.088843193518528 ], [ -71.651212633674746, 42.088971130501648 ], [ -71.651388487159124, 42.089135719700373 ], [ -71.651449196849015, 42.089199269545887 ], [ -71.651535389811173, 42.089325987303276 ], [ -71.651649509104885, 42.089479852273101 ], [ -71.648929770099485, 42.090122158292417 ], [ -71.648393013440867, 42.090216849305293 ], [ -71.646972263768532, 42.090312683566488 ], [ -71.646088261480358, 42.090407897179801 ], [ -71.644857053031629, 42.090621033958726 ], [ -71.644761316483866, 42.090644910278122 ] ] ] ] } },
{ "type": "Feature", "properties": { "ZONECODE": "RESA", "TOWN_ID": "304", "LOCAL_ZONE": null, "highdense": "Y" }, "geometry": { "type": "MultiPolygon", "coordinates": [ [ [ [ -71.641370283266824, 42.087306363475292 ], [ -71.640316225581174, 42.087897259600574 ], [ -71.640095801639106, 42.087504469213783 ], [ -71.639803144505152, 42.087087970380878 ], [ -71.639241862420178, 42.086288986827967 ], [ -71.639351157197027, 42.086255323760717 ], [ -71.639688477677794, 42.086151401747394 ], [ -71.639211026261293, 42.085252581300779 ], [ -71.638655132809973, 42.084275816753312 ], [ -71.638749915794207, 42.084240370310397 ], [ -71.635768890664664, 42.0817554260626 ], [ -71.636144720691036, 42.081581835830214 ], [ -71.636250876847342, 42.081483602866584 ], [ -71.636516038126047, 42.081238366015512 ], [ -71.636534474393741, 42.081246576532386 ], [ -71.636578732075392, 42.081271220379364 ], [ -71.63680375442965, 42.081416391060877 ], [ -71.637399873974573, 42.081869490513967 ], [ -71.637424087046853, 42.08189030836251 ], [ -71.637811003087563, 42.082222950876314 ], [ -71.638207725924232, 42.082571063063291 ], [ -71.638725518996267, 42.083057025679551 ], [ -71.639004904911673, 42.083325899665191 ], [ -71.639222404744373, 42.083625615131972 ], [ -71.639553968248563, 42.084140560683714 ], [ -71.639916597894512, 42.084693926287741 ], [ -71.640030644343824, 42.084901465768098 ], [ -71.640082751138962, 42.085116772552524 ], [ -71.640135235289449, 42.085501299865896 ], [ -71.640168001975283, 42.085892931464997 ], [ -71.640168367184344, 42.086057314592502 ], [ -71.640253779460949, 42.086297462611263 ], [ -71.640517561804756, 42.086594292591542 ], [ -71.640840902865179, 42.08695427188966 ], [ -71.641062054839139, 42.087162637954499 ], [ -71.641257474108002, 42.087250909900845 ], [ -71.641370283266824, 42.087306363475292 ] ] ] ] } },
{ "type": "Feature", "properties": { "ZONECODE": "RESA", "TOWN_ID": "304", "LOCAL_ZONE": null, "highdense": "Y" }, "geometry": { "type": "MultiPolygon", "coordinates": [ [ [ [ -71.608601856146365, 42.082451273203574 ], [ -71.608590382000585, 42.081938979313627 ], [ -71.608578174192616, 42.08153611032629 ], [ -71.608651051826186, 42.080806687355349 ], [ -71.608659513560426, 42.08077383464898 ], [ -71.608456671487474, 42.080769140606179 ], [ -71.608495667963794, 42.080552570668161 ], [ -71.608517536517951, 42.080417312486567 ], [ -71.608550654986317, 42.080263434840766 ], [ -71.608574096822409, 42.080105536544046 ], [ -71.608565391121275, 42.079997063198078 ], [ -71.608545653299558, 42.079899577970501 ], [ -71.608532876169505, 42.079832871739463 ], [ -71.608524341334189, 42.079823618239217 ], [ -71.608515738365313, 42.079774488629809 ], [ -71.608502476372053, 42.07969346232921 ], [ -71.608462004021291, 42.079587592282635 ], [ -71.608436186462058, 42.079434971668519 ], [ -71.608416636180365, 42.079312617530718 ], [ -71.608424441457899, 42.07916570992446 ], [ -71.60841385862841, 42.079036314845389 ], [ -71.608406363331085, 42.078961971543336 ], [ -71.608450640108572, 42.078871371457886 ], [ -71.608492907671433, 42.078682838894764 ], [ -71.608473649562541, 42.078596329912997 ], [ -71.608414599801335, 42.078531040614905 ], [ -71.608326454547509, 42.078414411007351 ], [ -71.608311086511108, 42.078314177389679 ], [ -71.608365113700074, 42.078269876160796 ], [ -71.608464270159814, 42.078229732934112 ], [ -71.608611023197383, 42.078154641538973 ], [ -71.608763529595279, 42.078079544472054 ], [ -71.608812491413786, 42.078035246955885 ], [ -71.608814965460496, 42.07800222887127 ], [ -71.608802615962858, 42.077916313864741 ], [ -71.60880615679568, 42.077833727507063 ], [ -71.608806046460515, 42.077769324841654 ], [ -71.608869450786116, 42.077690454649719 ], [ -71.608991762344758, 42.077594804694591 ], [ -71.609159706656371, 42.077528096858821 ], [ -71.609352556647892, 42.077484603142828 ], [ -71.609521698741929, 42.077444306389793 ], [ -71.609631407824793, 42.077384343119874 ], [ -71.609767391098089, 42.077340047102282 ], [ -71.609909358809418, 42.077295144644999 ], [ -71.610083759947585, 42.07723563271108 ], [ -71.610196462778816, 42.077175665108463 ], [ -71.610214386392457, 42.077157124564977 ], [ -71.610250453429927, 42.07711232569131 ], [ -71.610271565076587, 42.077072942290819 ], [ -71.610283233904838, 42.077032368780571 ], [ -71.610301097282388, 42.076979182064591 ], [ -71.610308591080013, 42.076919317770496 ], [ -71.610307408264603, 42.076901396190188 ], [ -71.610304558967144, 42.076852174701806 ], [ -71.61029162351582, 42.07682723205783 ], [ -71.610235721669937, 42.076719492226609 ], [ -71.610126631492065, 42.076605713915228 ], [ -71.610088831396524, 42.076580624174341 ], [ -71.609993260230382, 42.076562708960296 ], [ -71.609902339126478, 42.076571201055962 ], [ -71.609741220847951, 42.076590137713637 ], [ -71.609535495692484, 42.076641018995574 ], [ -71.609366328130335, 42.076665279254826 ], [ -71.609327385353168, 42.076644563225422 ], [ -71.609290976612797, 42.076624447072192 ], [ -71.609256841398462, 42.076588375913531 ], [ -71.609200103429956, 42.07652737212841 ], [ -71.609125372057647, 42.076446405558634 ], [ -71.609084291000173, 42.076386586874726 ], [ -71.609048278391057, 42.076329594848197 ], [ -71.609035764186018, 42.07628218320567 ], [ -71.60902741596864, 42.076246946247409 ], [ -71.60902963004402, 42.076196347796234 ], [ -71.609025180738882, 42.076152873661435 ], [ -71.609002997319195, 42.076105300189084 ], [ -71.608992078694229, 42.076047511697361 ], [ -71.609014371080619, 42.07602622298311 ], [ -71.609035015052058, 42.075982381854082 ], [ -71.609042786468805, 42.075950558824161 ], [ -71.609047989507673, 42.075896699246755 ], [ -71.609055985804005, 42.075862131816848 ], [ -71.609093580551075, 42.075769565215317 ], [ -71.609104554437579, 42.075725132799441 ], [ -71.609109557497803, 42.075689968611236 ], [ -71.609102384549999, 42.075668450551063 ], [ -71.609101411701474, 42.07563817992785 ], [ -71.609110576865802, 42.075612958526769 ], [ -71.609110996451435, 42.075589890054864 ], [ -71.609100358245371, 42.075561686809039 ], [ -71.609064142661595, 42.075520644194476 ], [ -71.608998231229108, 42.075479373340663 ], [ -71.608898421030716, 42.075404776037701 ], [ -71.608767745893019, 42.075321032876658 ], [ -71.608653176555691, 42.07523255654263 ], [ -71.608408836905213, 42.075048758409885 ], [ -71.608159935919701, 42.074890004756654 ], [ -71.608110620156594, 42.074860808997407 ], [ -71.607475086315091, 42.074366088540856 ], [ -71.607239603101689, 42.073972778018693 ], [ -71.607035154821347, 42.073416501037407 ], [ -71.607127657308325, 42.073122185970995 ], [ -71.607227963714251, 42.072950064334925 ], [ -71.607294123700342, 42.072868875836946 ], [ -71.607325355521382, 42.072824082403855 ], [ -71.60734661753655, 42.072738306630185 ], [ -71.607217838533998, 42.072547106337716 ], [ -71.607056709574096, 42.072418625751098 ], [ -71.607062828967898, 42.072226527064366 ], [ -71.607148343635316, 42.071884793961544 ], [ -71.607184434197137, 42.07185586059294 ], [ -71.608155999927462, 42.071257303889908 ], [ -71.608265166326163, 42.071153863960205 ], [ -71.608361481369073, 42.071073846335992 ], [ -71.608452452321316, 42.070965279053318 ], [ -71.608482736819226, 42.070906677930445 ], [ -71.608532351456034, 42.070844458022385 ], [ -71.608576682571879, 42.070787645059696 ], [ -71.608610259571066, 42.070769260914666 ], [ -71.608689203877091, 42.070762324384447 ], [ -71.608825596144129, 42.070563325558595 ], [ -71.608853596104808, 42.070515190070672 ], [ -71.60888717408838, 42.070496805842367 ], [ -71.608910372426962, 42.070467282806263 ], [ -71.608946231057743, 42.070437920540769 ], [ -71.608997250932617, 42.070389505543773 ], [ -71.609056511992847, 42.070315183043334 ], [ -71.609066584072792, 42.07028232871729 ], [ -71.60908701051612, 42.070247320822034 ], [ -71.609117790595676, 42.070209043851897 ], [ -71.60915385882474, 42.070168189590738 ], [ -71.609188322222366, 42.070129394992961 ], [ -71.609245102491769, 42.070084832256732 ], [ -71.609295676200333, 42.070045679178271 ], [ -71.609328753397619, 42.070004742194733 ], [ -71.609380452116469, 42.069950236584326 ], [ -71.60943425247477, 42.069912795466841 ], [ -71.609486026144921, 42.06990116764301 ], [ -71.609542176670899, 42.069891766595894 ], [ -71.60958978464862, 42.069867966748625 ], [ -71.609630017004037, 42.069838683794885 ], [ -71.609655508229125, 42.069804271444909 ], [ -71.60969457074296, 42.069764443202395 ], [ -71.609709210224111, 42.069710745537236 ], [ -71.6097507797096, 42.069656078432914 ], [ -71.609784119515936, 42.069633835380252 ], [ -71.609826446785377, 42.069617758087006 ], [ -71.609884191565612, 42.069599007277262 ], [ -71.609930406054261, 42.069567575685433 ], [ -71.609966481710941, 42.069531523481672 ], [ -71.610014483989104, 42.069469818553067 ], [ -71.610055123828005, 42.069410264375087 ], [ -71.610081737665254, 42.069359384826619 ], [ -71.610096112173963, 42.069286907513842 ], [ -71.610104021466171, 42.0692022586598 ], [ -71.610114920797571, 42.069116577848916 ], [ -71.610108801368881, 42.069038974957145 ], [ -71.610130520966109, 42.068954483832847 ], [ -71.610157555498233, 42.068881564834484 ], [ -71.610179994704083, 42.068813539023502 ], [ -71.610210976381467, 42.06875991193639 ], [ -71.610265654902108, 42.068698800061576 ], [ -71.610309772119578, 42.068654163489541 ], [ -71.610334092957999, 42.068608689835543 ], [ -71.610357504321499, 42.068570419645219 ], [ -71.610389402018001, 42.06851353154947 ], [ -71.61041898569367, 42.068451072679785 ], [ -71.610462134019812, 42.068378910487205 ], [ -71.610477900946037, 42.068311919240742 ], [ -71.610473647226087, 42.068249150087475 ], [ -71.610462315486686, 42.068219918542702 ], [ -71.610452298391877, 42.068151066077505 ], [ -71.610447551832095, 42.068069602176166 ], [ -71.610435248707532, 42.068011214583308 ], [ -71.610437259840722, 42.067976052292778 ], [ -71.610456499711589, 42.067921750448846 ], [ -71.610522935129595, 42.067872290755432 ], [ -71.610557969055918, 42.067897983568557 ], [ -71.610588885959729, 42.067939458535321 ], [ -71.610638940180564, 42.067998238969608 ], [ -71.610672856164214, 42.068043141238974 ], [ -71.610725404599549, 42.068080479806049 ], [ -71.61077030314712, 42.068087982743492 ], [ -71.610800874771627, 42.068062996987621 ], [ -71.610838329599574, 42.068025914089688 ], [ -71.6108612541843, 42.067972808729863 ], [ -71.610874518648245, 42.067923400477945 ], [ -71.610897446908268, 42.067872438777314 ], [ -71.61094546456529, 42.067820081487227 ], [ -71.611003823446993, 42.0677590512013 ], [ -71.611048853482345, 42.067710555560872 ], [ -71.611098248088581, 42.067655965862564 ], [ -71.611151551205509, 42.067599829180075 ], [ -71.611195420498277, 42.06754550321368 ], [ -71.611302392737286, 42.067378945246432 ], [ -71.611344423143123, 42.067326935747069 ], [ -71.611371296987016, 42.067293808213101 ], [ -71.611420910486331, 42.067234158337413 ], [ -71.611460149487115, 42.067164914818783 ], [ -71.611524850259002, 42.067046422093739 ], [ -71.61153400509275, 42.067016570108855 ], [ -71.6115465938055, 42.066975652486313 ], [ -71.611545369710754, 42.066935004958097 ], [ -71.611560203570832, 42.066862526984245 ], [ -71.611577179058926, 42.066829579237599 ], [ -71.611658125555053, 42.066785764119935 ], [ -71.611710534175714, 42.066745235159154 ], [ -71.611735570369561, 42.066714510499317 ], [ -71.61177693690837, 42.06667776647776 ], [ -71.611831414562943, 42.066635520316758 ], [ -71.611897859952606, 42.066591719238644 ], [ -71.611943612867364, 42.066562088815779 ], [ -71.61201355660539, 42.066544610611487 ], [ -71.612093117581978, 42.066498652871836 ], [ -71.612163779153761, 42.066497038479383 ], [ -71.612210767141079, 42.066514143454043 ], [ -71.612266722590661, 42.066526865813053 ], [ -71.612330057883128, 42.066546183856175 ], [ -71.612394799183932, 42.066580936534415 ], [ -71.612477017008587, 42.066604609669689 ], [ -71.612536682950221, 42.066632163778095 ], [ -71.612605074183861, 42.066648218410329 ], [ -71.612660334259232, 42.066657081574284 ], [ -71.61272362567972, 42.066652216740735 ], [ -71.614106423979919, 42.06683658012863 ], [ -71.61401317481554, 42.067076189227159 ], [ -71.613834772638043, 42.067325576103528 ], [ -71.613701460483412, 42.067688200128266 ], [ -71.613713621247612, 42.067793668157698 ], [ -71.613851694676669, 42.067901153405131 ], [ -71.613884611981575, 42.068028724362343 ], [ -71.614068512656729, 42.068273287427594 ], [ -71.614360937055153, 42.068574853533399 ], [ -71.614531127318429, 42.068620132106155 ], [ -71.614637805793109, 42.069055236112611 ], [ -71.614511153005537, 42.069282702212931 ], [ -71.614561054305, 42.069508019363994 ], [ -71.614424378397388, 42.069666463094933 ], [ -71.614298057938868, 42.069950784941888 ], [ -71.614311076126285, 42.07014783924118 ], [ -71.614311360807335, 42.070304686132523 ], [ -71.614305007517657, 42.070355203350509 ], [ -71.614302162987144, 42.070437103234262 ], [ -71.614306676431383, 42.070513763967497 ], [ -71.614333807214251, 42.070622819094289 ], [ -71.614323807231344, 42.070693577437147 ], [ -71.614272858434617, 42.070779384279021 ], [ -71.61424094670177, 42.070826496845022 ], [ -71.614190652182884, 42.070891892659148 ], [ -71.614084552940511, 42.071030924985969 ], [ -71.614024158110126, 42.071111596705464 ], [ -71.61398031985901, 42.071183246822791 ], [ -71.613951656294432, 42.071244762136644 ], [ -71.613977685976693, 42.071254169734161 ], [ -71.614064573212531, 42.071184104387491 ], [ -71.614110768917101, 42.071142724357813 ], [ -71.614172825734812, 42.071089921344516 ], [ -71.614225210369483, 42.071034299161177 ], [ -71.614291864099854, 42.070977719125764 ], [ -71.614350224520138, 42.070917716227548 ], [ -71.614422623882547, 42.070855127900778 ], [ -71.614474317716343, 42.07080061999357 ], [ -71.6145278265477, 42.070730760624933 ], [ -71.614597224350234, 42.070663714994424 ], [ -71.614605209078675, 42.070624773384409 ], [ -71.614614582173175, 42.070588489034925 ], [ -71.614644687068576, 42.070560159827608 ], [ -71.614704927190644, 42.07052168069206 ], [ -71.614758498124303, 42.07048646560132 ], [ -71.614813470124403, 42.070461627105857 ], [ -71.614914791891252, 42.070481848137113 ], [ -71.61495371471095, 42.07049261462403 ], [ -71.614991757597465, 42.070525934189909 ], [ -71.615015532407767, 42.070561412693436 ], [ -71.615054728962534, 42.070595847476937 ], [ -71.615078708410564, 42.070617519298686 ], [ -71.615122432010153, 42.070610185283797 ], [ -71.615190828177433, 42.070626238367872 ], [ -71.615227253792568, 42.070655187516302 ], [ -71.615235377025968, 42.07069213939851 ], [ -71.615220250798473, 42.070728858161154 ], [ -71.615210176038104, 42.070757854248903 ], [ -71.61518815576774, 42.0708010974082 ], [ -71.615172106030329, 42.070835673425492 ], [ -71.615158145960194, 42.070881138545957 ], [ -71.615139813046753, 42.070926093090812 ], [ -71.615109946923994, 42.070958795958006 ], [ -71.615085836408895, 42.070991579444673 ], [ -71.61506908636666, 42.071021181865099 ], [ -71.61505741256785, 42.071057383038749 ], [ -71.61505382913009, 42.071111755388188 ], [ -71.61505507223869, 42.07116295103198 ], [ -71.615055652357157, 42.071228381458447 ], [ -71.615070478078266, 42.071279134854151 ], [ -71.615065351600535, 42.071370898292358 ], [ -71.615069114596267, 42.071414973436312 ], [ -71.615080462731015, 42.071452437059342 ], [ -71.615107709246942, 42.071498374698749 ], [ -71.615108491320953, 42.07154785568811 ], [ -71.615105163599878, 42.071616634753759 ], [ -71.615094891718456, 42.071664325342503 ], [ -71.615101863809969, 42.071700164689993 ], [ -71.615095474991904, 42.071731471777738 ], [ -71.615078314082197, 42.071788517369285 ], [ -71.615029109639266, 42.071820553660494 ], [ -71.615005915510608, 42.07185110610105 ], [ -71.614987778892043, 42.071877880186193 ], [ -71.614963678984054, 42.071916751618488 ], [ -71.614947424734339, 42.071966078703049 ], [ -71.614934852708529, 42.07201488709201 ], [ -71.614932646427079, 42.072067114373496 ], [ -71.614935005211365, 42.072098499072567 ], [ -71.615003883203798, 42.07212552762573 ], [ -71.615010161262816, 42.072159137574715 ], [ -71.614999191188275, 42.072203055599303 ], [ -71.614961939192369, 42.072224703588773 ], [ -71.614912935094196, 42.072240790396911 ], [ -71.614877773970036, 42.072274013511972 ], [ -71.614900381633831, 42.072300574603652 ], [ -71.614947640989087, 42.07233731513184 ], [ -71.614999707017688, 42.07235981668515 ], [ -71.615050375881339, 42.072373485650246 ], [ -71.615117378048396, 42.072380107495512 ], [ -71.615184378898292, 42.072387328017925 ], [ -71.615286140558254, 42.072393827349742 ], [ -71.615374548954492, 42.07240008439792 ], [ -71.61546663573705, 42.072403678101516 ], [ -71.615545989892226, 42.072367578559536 ], [ -71.615521523179538, 42.072331586788437 ], [ -71.615484392442696, 42.072294920879287 ], [ -71.615436445111939, 42.072258780883054 ], [ -71.615374911912227, 42.07222136803842 ], [ -71.615333405300319, 42.072182477302498 ], [ -71.61529649062075, 42.07213757945685 ], [ -71.615245757822677, 42.072089264419787 ], [ -71.615202148028132, 42.072033309228885 ], [ -71.615160365909219, 42.071969635505056 ], [ -71.615155008859972, 42.07193551054938 ], [ -71.615177519677616, 42.071909331639269 ], [ -71.615221040539055, 42.07191631923925 ], [ -71.615258634256932, 42.071954614352798 ], [ -71.615309393889277, 42.072017764887015 ], [ -71.615365905190004, 42.072079365530477 ], [ -71.615468731998192, 42.072165531440653 ], [ -71.615573845436757, 42.072242432415536 ], [ -71.615673657567541, 42.072316509850317 ], [ -71.615804342507715, 42.072404019314938 ], [ -71.615872117224029, 42.072455832567471 ], [ -71.615869225497363, 42.07251080474694 ], [ -71.615860550099995, 42.072549747137273 ], [ -71.615863392911763, 42.072593822283061 ], [ -71.615870147718041, 42.072636779757296 ], [ -71.615879883592712, 42.0726737308484 ], [ -71.615920710049011, 42.072716994946219 ], [ -71.615945165084781, 42.072746384571644 ], [ -71.615974922428833, 42.072779627590307 ], [ -71.616011361156254, 42.072816207611439 ], [ -71.616037444693319, 42.072853913649062 ], [ -71.616085401905821, 42.072895027668686 ], [ -71.616137257806372, 42.072927046236394 ], [ -71.616112279124991, 42.072864470366554 ], [ -71.616092403754465, 42.072822470692159 ], [ -71.616062633435391, 42.072781510145482 ], [ -71.616038863207379, 42.07274997617909 ], [ -71.61601877550865, 42.072716723348663 ], [ -71.615997760964021, 42.072680813701915 ], [ -71.615975373220891, 42.072649278317115 ], [ -71.615961273830195, 42.072618334122978 ], [ -71.615963755336736, 42.072590889745648 ], [ -71.615978902560869, 42.072565662600262 ], [ -71.616028388076273, 42.07256175172077 ], [ -71.616061822905692, 42.072591217724067 ], [ -71.616088111574285, 42.072616232584345 ], [ -71.616119949229969, 42.072654446836374 ], [ -71.616170688161048, 42.072705504763768 ], [ -71.616199338500209, 42.072762417451855 ], [ -71.616233986376528, 42.072826013427672 ], [ -71.616260337520885, 42.072885071210635 ], [ -71.616304632976536, 42.072937166510663 ], [ -71.61633694572977, 42.072982583704182 ], [ -71.616390211691893, 42.073030894771769 ], [ -71.616442551217204, 42.073075434404799 ], [ -71.616502468549811, 42.073110618222742 ], [ -71.616537111727553, 42.073171384393461 ], [ -71.61657977952467, 42.073214731905679 ], [ -71.616636528706579, 42.073279591744374 ], [ -71.616677617016578, 42.073339921831518 ], [ -71.61672837328058, 42.073399212047519 ], [ -71.616747360749713, 42.07345879313042 ], [ -71.616764471044419, 42.073499680917152 ], [ -71.616757867295291, 42.073538621251991 ], [ -71.616765518399305, 42.073567855925575 ], [ -71.616745319674862, 42.073600120763381 ], [ -71.616691232189268, 42.073606264955259 ], [ -71.616660089706656, 42.073571308424782 ], [ -71.616621255671234, 42.073609424578706 ], [ -71.616587078413431, 42.073676263477402 ], [ -71.616568112193946, 42.07375200543455 ], [ -71.616540418944894, 42.073839762108349 ], [ -71.616523267993401, 42.073901180761354 ], [ -71.616525014126765, 42.073974928955423 ], [ -71.616546796307603, 42.074052086924908 ], [ -71.616611909205645, 42.074032381675295 ], [ -71.616647981822211, 42.073994697803414 ], [ -71.616704253422071, 42.073924834625167 ], [ -71.616764926678812, 42.073869802442147 ], [ -71.616788808661212, 42.073838134349437 ], [ -71.616816622165899, 42.073815294399239 ], [ -71.616840234801998, 42.073762702158461 ], [ -71.616889022978967, 42.073754332322181 ], [ -71.616913709933243, 42.073783207416227 ], [ -71.616932888508813, 42.073822377942193 ], [ -71.616963154288726, 42.073880489809305 ], [ -71.617001457447287, 42.073928129873536 ], [ -71.617032394763697, 42.073976807446655 ], [ -71.617073689262654, 42.074023330719605 ], [ -71.617114798863867, 42.074094721994825 ], [ -71.617171103301843, 42.074166699074802 ], [ -71.617204131427215, 42.074225837110284 ], [ -71.617167766322027, 42.074353136026232 ], [ -71.617067911741415, 42.074507856376655 ], [ -71.616922014471285, 42.074661682066939 ], [ -71.616909020680609, 42.074730299998386 ], [ -71.616638158054556, 42.074906549736617 ], [ -71.616519231345379, 42.074955553333979 ], [ -71.616524204637159, 42.075030927808108 ], [ -71.616553840756467, 42.075122484718406 ], [ -71.616508389678089, 42.075193022811554 ], [ -71.616377875540238, 42.075201732422073 ], [ -71.616203615590194, 42.075207313685752 ], [ -71.61614676807973, 42.075215604094886 ], [ -71.616062084429927, 42.075109182910047 ], [ -71.616026360655383, 42.075086322210169 ], [ -71.615944682177044, 42.075111960871538 ], [ -71.615875956058915, 42.07517017351978 ], [ -71.615820309298911, 42.07520539121019 ], [ -71.615698888353819, 42.0752769495735 ], [ -71.61559541090071, 42.075340856699 ], [ -71.615464142729039, 42.07544089659708 ], [ -71.615489307770673, 42.075480146830365 ], [ -71.61547285240826, 42.075545424290084 ], [ -71.615429720023059, 42.075625906370526 ], [ -71.615390253009764, 42.075696524391375 ], [ -71.615334474793599, 42.075786196208107 ], [ -71.615299192343315, 42.075879362157039 ], [ -71.615261409020377, 42.075989597140357 ], [ -71.615216031527609, 42.076102498428071 ], [ -71.615178871094301, 42.076175857326092 ], [ -71.615157338548912, 42.076234535987489 ], [ -71.615135127739592, 42.076299732765733 ], [ -71.615109891510258, 42.076347953400649 ], [ -71.615076839872671, 42.076402098830464 ], [ -71.615046545511063, 42.076454012271931 ], [ -71.615019028089264, 42.07651321192084 ], [ -71.615003478861965, 42.076570769921481 ], [ -71.614998480735608, 42.076607563948926 ], [ -71.614977355405102, 42.076637685722311 ], [ -71.614931584114885, 42.076661057378793 ], [ -71.614897546764894, 42.076679530254694 ], [ -71.614843703580902, 42.076694677448089 ], [ -71.614774003391446, 42.076725620518509 ], [ -71.614710509810379, 42.076751153571948 ], [ -71.614654864705614, 42.07678774277435 ], [ -71.614599422096333, 42.076810008510556 ], [ -71.614539370301344, 42.076828935045732 ], [ -71.614493593767079, 42.076849563247606 ], [ -71.614435864926577, 42.076880064649202 ], [ -71.614356516212666, 42.076921993871309 ], [ -71.614300184153677, 42.076961840955711 ], [ -71.614224044404907, 42.07699604930518 ], [ -71.614145393595109, 42.077041835564415 ], [ -71.614083078579952, 42.077083319007841 ], [ -71.614032037167576, 42.07711990240319 ], [ -71.613992502588445, 42.077154930231885 ], [ -71.61393986742263, 42.077202491911969 ], [ -71.613901947155085, 42.077238118612684 ], [ -71.613844710417155, 42.077287315324071 ], [ -71.613786780752136, 42.077334281697212 ], [ -71.613751838440962, 42.077362700996488 ], [ -71.613564673045786, 42.077619814239384 ], [ -71.613559918628027, 42.077664326420638 ], [ -71.613554255284413, 42.077715528002663 ], [ -71.613550194892355, 42.077762268691444 ], [ -71.613551204523915, 42.077811233535456 ], [ -71.613556592009218, 42.077861910039296 ], [ -71.613557604427825, 42.077913105879347 ], [ -71.61356251156981, 42.077953320210732 ], [ -71.61356512142028, 42.077996281010456 ], [ -71.613572096257769, 42.07803375000087 ], [ -71.613573812548935, 42.078092661804533 ], [ -71.613576246931444, 42.078165895225325 ], [ -71.613586725867336, 42.078231402175511 ], [ -71.613601184098215, 42.07833386610772 ], [ -71.613603629411173, 42.078413187496018 ], [ -71.613604646917736, 42.078466526094566 ], [ -71.613603171872796, 42.078542507584757 ], [ -71.613605774872468, 42.078581609604527 ], [ -71.613614149849468, 42.078629538944227 ], [ -71.613615366324069, 42.078666412244317 ], [ -71.613624626483841, 42.07869504588929 ], [ -71.613634605830981, 42.078738599863023 ], [ -71.613655136677451, 42.078761819450165 ], [ -71.613686706879363, 42.07877799562096 ], [ -71.613752825941845, 42.07880202688844 ], [ -71.613802407727775, 42.078849057138008 ], [ -71.613867839629449, 42.0788753182227 ], [ -71.613942917157871, 42.07888896332701 ], [ -71.613994498812104, 42.078895342835217 ], [ -71.614079232211424, 42.078900745658594 ], [ -71.614150623437993, 42.078912166012181 ], [ -71.614211674393204, 42.078935601567387 ], [ -71.614257960488004, 42.078941386640039 ], [ -71.614322200350756, 42.078945094678581 ], [ -71.614375159417747, 42.078949243437471 ], [ -71.614435711539841, 42.078950639477377 ], [ -71.614483598736285, 42.0789509344877 ], [ -71.614524802930788, 42.078947291869468 ], [ -71.614572917730754, 42.078946470214177 ], [ -71.614627474130202, 42.078942385604286 ], [ -71.614719762918099, 42.078924797833629 ], [ -71.614810444288693, 42.078909869357233 ], [ -71.614876274177021, 42.078902000038667 ], [ -71.614963278883963, 42.078890933923113 ], [ -71.615050304534293, 42.078891445868464 ], [ -71.615116423023579, 42.078915477250369 ], [ -71.615149392621035, 42.078942027824844 ], [ -71.615178679212931, 42.078967553036975 ], [ -71.615219504640891, 42.079009617226063 ], [ -71.615249492530012, 42.07904063097876 ], [ -71.615306677667249, 42.079089882100746 ], [ -71.615340352069353, 42.079123121304612 ], [ -71.61537748008891, 42.079157471607552 ], [ -71.615417139472839, 42.07919018975543 ], [ -71.615485163479903, 42.07924834932485 ], [ -71.615572811546343, 42.07933693069463 ], [ -71.615622418317386, 42.079396051462403 ], [ -71.615661165038802, 42.079433144216345 ], [ -71.615690482763853, 42.079476850377972 ], [ -71.615723751183623, 42.079539760908034 ], [ -71.61572634564267, 42.079572774004625 ], [ -71.615730545969498, 42.079603641805292 ], [ -71.615738226399216, 42.079648827507597 ], [ -71.615747715519561, 42.079675831163478 ], [ -71.615759092727316, 42.079728216596152 ], [ -71.615774140451805, 42.079773393924839 ], [ -71.615787596288826, 42.0798290364135 ], [ -71.615807937897443, 42.079873778914227 ], [ -71.615828073843275, 42.079931643819641 ], [ -71.615859964514613, 42.079995671204266 ], [ -71.615891835776736, 42.08005035145159 ], [ -71.615907771561083, 42.080077433179163 ], [ -71.615944457166634, 42.080120531277458 ], [ -71.615993320606165, 42.080275699031453 ], [ -71.615410129051881, 42.080390778647761 ], [ -71.614559028793082, 42.080551490772301 ], [ -71.613599354132461, 42.080766759739291 ], [ -71.611776516245641, 42.081233026256164 ], [ -71.609977332850889, 42.081681317270608 ], [ -71.609425863078457, 42.081914077184685 ], [ -71.608946517211308, 42.082182440875691 ], [ -71.608601856146365, 42.082451273203574 ] ] ] ] } },
{ "type": "Feature", "properties": { "ZONECODE": null, "TOWN_ID": "348", "LOCAL_ZONE": null, "highdense": "Y" }, "geometry": { "type": "MultiPolygon", "coordinates": [ [ [ [ -71.819578469693624, 42.272472974756283 ], [ -71.819844512335919, 42.270602115325723 ], [ -71.821469389104479, 42.270532407985613 ], [ -71.82154386836298, 42.271238124225505 ], [ -71.823026228347643, 42.271158502381589 ], [ -71.822854475751143, 42.271486221897462 ], [ -71.822581607519368, 42.27240901298272 ], [ -71.822943324641059, 42.27247042534114 ], [ -71.82266110900791, 42.272647528623573 ], [ -71.819578469693624, 42.272472974756283 ] ] ] ] } },
{ "type": "Feature", "properties": { "ZONECODE": null, "TOWN_ID": "348", "LOCAL_ZONE": null, "highdense": "Y" }, "geometry": { "type": "MultiPolygon", "coordinates": [ [ [ [ -71.792538810039119, 42.274082402164979 ], [ -71.791745298147205, 42.273978085653738 ], [ -71.791691490568255, 42.27397822228081 ], [ -71.791800161042886, 42.273455878254552 ], [ -71.792637974986164, 42.273453747226995 ], [ -71.792553097930053, 42.273976031475165 ], [ -71.792538810039119, 42.274082402164979 ] ] ] ] } },
{ "type": "Feature", "properties": { "ZONECODE": "TC", "TOWN_ID": "280", "LOCAL_ZONE": null, "highdense": "Y" }, "geometry": { "type": "MultiPolygon", "coordinates": [ [ [ [ -71.995887938229799, 42.245400143285579 ], [ -71.995949494333416, 42.245646120020247 ], [ -71.995594775077976, 42.245695124968442 ], [ -71.995245794384971, 42.245743335522917 ], [ -71.995217437510561, 42.245617464160937 ], [ -71.995189080751558, 42.245491593140237 ], [ -71.995145331297806, 42.24529739692133 ], [ -71.995105271239311, 42.245119574975469 ], [ -71.995054053457309, 42.244892223401401 ], [ -71.994972154948613, 42.244528680347912 ], [ -71.994848433820664, 42.243979479598991 ], [ -71.995470476754221, 42.243849851740123 ], [ -71.995912359679977, 42.243757764870303 ], [ -71.996082294246662, 42.244087810777224 ], [ -71.995767704356155, 42.244196734385262 ], [ -71.995574800291905, 42.24426352454892 ], [ -71.995620281428003, 42.244443869202321 ], [ -71.995705753893489, 42.244782784031791 ], [ -71.995711652318846, 42.244806172795201 ], [ -71.995747011237583, 42.244946377999 ], [ -71.99576879405501, 42.245032749288121 ], [ -71.995795795804412, 42.245139814985926 ], [ -71.995813481527804, 42.24520994160693 ], [ -71.995872747052971, 42.245339440581652 ], [ -71.995887938229799, 42.245400143285579 ] ] ] ] } },
{ "type": "Feature", "properties": { "ZONECODE": null, "TOWN_ID": "348", "LOCAL_ZONE": null, "highdense": "Y" }, "geometry": { "type": "MultiPolygon", "coordinates": [ [ [ [ -71.802396737126855, 42.274085005714511 ], [ -71.803602457999858, 42.274520198550938 ], [ -71.802230787932999, 42.276526536561754 ], [ -71.80201665092757, 42.275440669391244 ], [ -71.801974017793157, 42.275174558538609 ], [ -71.80194620549382, 42.275004310363435 ], [ -71.802396737126855, 42.274085005714511 ] ] ] ] } },
{ "type": "Feature", "properties": { "ZONECODE": null, "TOWN_ID": "348", "LOCAL_ZONE": null, "highdense": "Y" }, "geometry": { "type": "MultiPolygon", "coordinates": [ [ [ [ -71.793675894784897, 42.275367864818854 ], [ -71.793669316172952, 42.275293789749334 ], [ -71.79357496904727, 42.273973424788331 ], [ -71.793612070958815, 42.27345880818114 ], [ -71.793585516598625, 42.272663081825968 ], [ -71.794445911712401, 42.272603253524082 ], [ -71.794423973634792, 42.271858967484491 ], [ -71.794825342364248, 42.271813346321402 ], [ -71.796314603793803, 42.274972109985946 ], [ -71.794714806672445, 42.277431522971142 ], [ -71.794695784736675, 42.277463128122626 ], [ -71.794077250269027, 42.277301439371513 ], [ -71.794288753674493, 42.276795979830034 ], [ -71.7932501709127, 42.276541376029257 ], [ -71.793596150576022, 42.275700792022214 ], [ -71.793708785321087, 42.275736863594652 ], [ -71.793675894784897, 42.275367864818854 ] ] ] ] } },
{ "type": "Feature", "properties": { "ZONECODE": "RESA", "TOWN_ID": "304", "LOCAL_ZONE": null, "highdense": "Y" }, "geometry": { "type": "MultiPolygon", "coordinates": [ [ [ [ -71.632209874971636, 42.076580592673317 ], [ -71.631765988690532, 42.076446631615148 ], [ -71.632065633062993, 42.07586630072678 ], [ -71.631993509641546, 42.075849043884823 ], [ -71.631972147807843, 42.07584393312932 ], [ -71.631916778752071, 42.075830806465937 ], [ -71.631880189036622, 42.075822789032877 ], [ -71.631843416632321, 42.075815248070228 ], [ -71.631806473628757, 42.075808186264673 ], [ -71.63176937090681, 42.075801606304637 ], [ -71.631732119343823, 42.075795509077615 ], [ -71.631694731029143, 42.075789897270546 ], [ -71.631657216841916, 42.075784772671462 ], [ -71.631619588869725, 42.075780137066808 ], [ -71.631581857989687, 42.075775991344365 ], [ -71.631544035077169, 42.07577233549145 ], [ -71.631506132225169, 42.075769173995653 ], [ -71.631468160303541, 42.075766504143509 ], [ -71.631430132611939, 42.075764329520815 ], [ -71.631392060023657, 42.075762649214738 ], [ -71.631353953416053, 42.075761464113064 ], [ -71.631315826081121, 42.075760774200404 ], [ -71.631277686481127, 42.075760581267744 ], [ -71.631239549112834, 42.075760883497679 ], [ -71.631201424851696, 42.075761680877747 ], [ -71.631163325783248, 42.075762974294371 ], [ -71.631125261574297, 42.075764763736515 ], [ -71.631087245513328, 42.07576704738829 ], [ -71.631049288473804, 42.075769824336959 ], [ -71.63101140254129, 42.075773095469046 ], [ -71.630973598585626, 42.075776858071116 ], [ -71.630935888688654, 42.075781111229119 ], [ -71.630898283725685, 42.075785854930665 ], [ -71.630860796983498, 42.075791086459716 ], [ -71.630823436916728, 42.075796804005982 ], [ -71.630786218024227, 42.075803006652642 ], [ -71.630749148760799, 42.075809692589544 ], [ -71.630712242413239, 42.075816859100676 ], [ -71.630675508646561, 42.075824505274788 ], [ -71.630638960745713, 42.075832627495473 ], [ -71.630585409732859, 42.075845472439489 ], [ -71.630549365723382, 42.075854762675093 ], [ -71.630513545023049, 42.075864520812281 ], [ -71.630477959706482, 42.07587474233577 ], [ -71.630442618226766, 42.075885424535215 ], [ -71.630407531453912, 42.075896564697501 ], [ -71.630372711468254, 42.0759081610083 ], [ -71.630338170340863, 42.075920207151853 ], [ -71.630165529259571, 42.075979011526883 ], [ -71.627934723322312, 42.073040499034946 ], [ -71.627941163462538, 42.073037746731615 ], [ -71.628766415414589, 42.07268555680178 ], [ -71.628998346748688, 42.072630410359942 ], [ -71.630113804597656, 42.072357461144968 ], [ -71.63128456542789, 42.072114623515418 ], [ -71.631884617022195, 42.071965742282138 ], [ -71.632042889745748, 42.071916162185737 ], [ -71.632399745819015, 42.071718165650019 ], [ -71.632664541395613, 42.071531250842121 ], [ -71.632899882979785, 42.071349858975886 ], [ -71.633404621019281, 42.071417871467574 ], [ -71.63378044750614, 42.07148603374543 ], [ -71.634900276520696, 42.071553312833579 ], [ -71.63528326133914, 42.071522670963276 ], [ -71.635500473596878, 42.071478505507038 ], [ -71.635931149467112, 42.071359989949606 ], [ -71.636413908366805, 42.071162601581626 ], [ -71.636441278306165, 42.071151420166622 ], [ -71.6367242583718, 42.07192708456919 ], [ -71.636765611170404, 42.072313966424225 ], [ -71.636872061746615, 42.073845095461088 ], [ -71.636629445412467, 42.07406766694551 ], [ -71.635860820578273, 42.074620171825643 ], [ -71.635283229731002, 42.074944676046982 ], [ -71.634598626812831, 42.075181489541173 ], [ -71.633844063543521, 42.07543210277219 ], [ -71.633056350748859, 42.075685493823421 ], [ -71.635294778731918, 42.076895779653036 ], [ -71.634864141383389, 42.077607890197143 ], [ -71.634801742504607, 42.077586104015154 ], [ -71.634624185360522, 42.07754366603848 ], [ -71.634480987792585, 42.07750545306417 ], [ -71.634343530663827, 42.077475761921384 ], [ -71.634206085091506, 42.077450335431735 ], [ -71.63412016920033, 42.077429113104671 ], [ -71.634051400282885, 42.07739507519242 ], [ -71.633994053722304, 42.077348230243025 ], [ -71.633976743673415, 42.077284277176062 ], [ -71.633907985190888, 42.077254504897262 ], [ -71.633850548989585, 42.077165010763174 ], [ -71.633775984032084, 42.077096861724506 ], [ -71.633655540410231, 42.076990381953486 ], [ -71.633546601388375, 42.07690947849364 ], [ -71.633431973891931, 42.076845640903883 ], [ -71.633265787163666, 42.076764804050356 ], [ -71.633128272051323, 42.076705257694833 ], [ -71.633007929702813, 42.076645691174406 ], [ -71.63285327465492, 42.076603223778108 ], [ -71.632744426446166, 42.076564967768157 ], [ -71.632658531260731, 42.076552273084886 ], [ -71.632544056589751, 42.076560936571568 ], [ -71.632435307660856, 42.076569593303638 ], [ -71.632349430305425, 42.076565428932064 ], [ -71.632292158014337, 42.076552700797976 ], [ -71.632232657260772, 42.076536467555826 ], [ -71.632209874971636, 42.076580592673317 ] ] ] ] } },
{ "type": "Feature", "properties": { "ZONECODE": null, "TOWN_ID": "348", "LOCAL_ZONE": null, "highdense": "Y" }, "geometry": { "type": "MultiPolygon", "coordinates": [ [ [ [ -71.77217576188589, 42.297659060763287 ], [ -71.772160532511407, 42.297609703096263 ], [ -71.772189831015012, 42.297546517694265 ], [ -71.772817729922735, 42.296686811754498 ], [ -71.772259205281784, 42.295362734619452 ], [ -71.771861538605066, 42.295448057923664 ], [ -71.771535123795672, 42.295557221471725 ], [ -71.771242647599948, 42.295661501820611 ], [ -71.770835744049066, 42.295101292648489 ], [ -71.770025528344746, 42.294546145577911 ], [ -71.768998969652515, 42.29184218049852 ], [ -71.774669010591396, 42.290923214302261 ], [ -71.775343304537827, 42.291404562273655 ], [ -71.775559141572629, 42.291583098345086 ], [ -71.775789661841415, 42.291791097843443 ], [ -71.775851838164812, 42.291852689955974 ], [ -71.775899743711207, 42.29192598052208 ], [ -71.775987461679478, 42.292017696332834 ], [ -71.77611571410624, 42.292134013387312 ], [ -71.776174126209412, 42.292179836693975 ], [ -71.776295041898209, 42.292309205650703 ], [ -71.776328043269501, 42.292355089069481 ], [ -71.7763247347972, 42.292390771219871 ], [ -71.776299306203796, 42.292439540128321 ], [ -71.776277525592576, 42.2924773238624 ], [ -71.776234069458468, 42.29252339289522 ], [ -71.776223339552672, 42.292552916855911 ], [ -71.776230646190285, 42.292585828486708 ], [ -71.776253199354542, 42.292619389491463 ], [ -71.776265367175171, 42.292655034433494 ], [ -71.776308193591149, 42.292729021253976 ], [ -71.776356760374242, 42.29279407683071 ], [ -71.776393519809758, 42.292854359511409 ], [ -71.776387529300294, 42.292910627955052 ], [ -71.776411982859486, 42.292955846778128 ], [ -71.776442429263298, 42.292998307980874 ], [ -71.776488200957218, 42.293058568049204 ], [ -71.776533732126225, 42.293116769702863 ], [ -71.776597573099338, 42.293188647765561 ], [ -71.776655151843428, 42.293202230561668 ], [ -71.776737004376457, 42.293219871026523 ], [ -71.776794292719231, 42.293219733056169 ], [ -71.776858166563045, 42.293193509349479 ], [ -71.777224811887081, 42.293413526340736 ], [ -71.777728939777845, 42.293430831775986 ], [ -71.777866313244616, 42.294097317545543 ], [ -71.778041071602772, 42.295174641343117 ], [ -71.778127467040946, 42.295436494556938 ], [ -71.778020218461464, 42.295580818306533 ], [ -71.77797283791665, 42.295733231253294 ], [ -71.777957362004514, 42.295838916451487 ], [ -71.777968679748312, 42.295943165693075 ], [ -71.777990335141126, 42.29608786536668 ], [ -71.777980664648211, 42.296199709836614 ], [ -71.77793644356008, 42.296282825742828 ], [ -71.777865524358958, 42.296388645889294 ], [ -71.777773965185119, 42.296475993220568 ], [ -71.777651468597611, 42.296568215594057 ], [ -71.777528872290787, 42.296637800172775 ], [ -71.777416585299207, 42.296686779904604 ], [ -71.775187105117226, 42.297657377867992 ], [ -71.774979702927851, 42.297138552204039 ], [ -71.774927585864816, 42.297159944541924 ], [ -71.774876598163075, 42.297175845060963 ], [ -71.77482561286115, 42.297191745551508 ], [ -71.774774395907485, 42.297207645672913 ], [ -71.774740019856779, 42.297218018219823 ], [ -71.774705642586042, 42.297228391659552 ], [ -71.774654189202849, 42.297242920243868 ], [ -71.774619811900735, 42.297253292757581 ], [ -71.774585201198207, 42.297262979794525 ], [ -71.774550590485092, 42.297272666820945 ], [ -71.77451597976534, 42.297282354737234 ], [ -71.774463830878517, 42.297296199773399 ], [ -71.774411678330821, 42.297310044794557 ], [ -71.774359529398396, 42.297323889783335 ], [ -71.774324453608358, 42.297332891827523 ], [ -71.774272068826775, 42.29734605131528 ], [ -71.774236993012067, 42.297355053332694 ], [ -71.774184374808826, 42.297367527313163 ], [ -71.774131526174713, 42.297380001819107 ], [ -71.774096215724342, 42.297388318328963 ], [ -71.774060906477374, 42.297396634825041 ], [ -71.77400782319863, 42.297408423809316 ], [ -71.773954738687479, 42.297420212771932 ], [ -71.773919194809011, 42.297427843759515 ], [ -71.773865876883164, 42.297438947213138 ], [ -71.773830334196191, 42.297446578170309 ], [ -71.773794555694067, 42.297453523654085 ], [ -71.773759010564945, 42.297461154594998 ], [ -71.773723232046791, 42.29746810005657 ], [ -71.773687454733476, 42.297475045504108 ], [ -71.773633669968092, 42.297484777913191 ], [ -71.773597891422895, 42.297491723335732 ], [ -71.773561879490885, 42.297497983278497 ], [ -71.773508094686846, 42.297507715628804 ], [ -71.77347208274081, 42.297513976443696 ], [ -71.773436070779894, 42.297520235446711 ], [ -71.773399824225805, 42.297525809872688 ], [ -71.773345804783858, 42.297534856680983 ], [ -71.773309558213484, 42.297540431078431 ], [ -71.773273312853348, 42.297546006361927 ], [ -71.773237067482953, 42.297551580733625 ], [ -71.773200820893436, 42.297557155096783 ], [ -71.773146563845316, 42.297564830327865 ], [ -71.773092076369238, 42.297572505180447 ], [ -71.773055596381312, 42.297577394028259 ], [ -71.773019116387758, 42.297582282864468 ], [ -71.772964622961524, 42.297588586522778 ], [ -71.772928142954541, 42.297593475330103 ], [ -71.772873417885961, 42.297599779495179 ], [ -71.772818462395406, 42.297606084181204 ], [ -71.772763734349297, 42.297611703177296 ], [ -71.772708778833632, 42.297618006910582 ], [ -71.772653817397952, 42.297622940383945 ], [ -71.772598860116503, 42.297628558044657 ], [ -71.772543664078114, 42.297632805097386 ], [ -71.772488701404058, 42.297637738494679 ], [ -71.772433506563033, 42.297641985491644 ], [ -71.772378311710682, 42.297646231561771 ], [ -71.772323112687275, 42.297649792491498 ], [ -71.772267914874277, 42.297653354292102 ], [ -71.772230959709091, 42.297655499006943 ], [ -71.77217576188589, 42.297659060763287 ] ] ] ] } },
{ "type": "Feature", "properties": { "ZONECODE": null, "TOWN_ID": "348", "LOCAL_ZONE": null, "highdense": "Y" }, "geometry": { "type": "MultiPolygon", "coordinates": [ [ [ [ -71.761966753656509, 42.297216286674505 ], [ -71.761854664110729, 42.296854966091651 ], [ -71.761682727660414, 42.29635772023024 ], [ -71.761514218192616, 42.295870371303643 ], [ -71.76139405487271, 42.295522839452737 ], [ -71.76126615111302, 42.295151207069829 ], [ -71.761199821285359, 42.294954557127667 ], [ -71.7608753695676, 42.293173277470181 ], [ -71.765940735439528, 42.29232814552369 ], [ -71.766771536166701, 42.295039452241845 ], [ -71.768676173843531, 42.296496248685294 ], [ -71.767179540744834, 42.297290039337256 ], [ -71.76612147916957, 42.29751065074867 ], [ -71.765249390800065, 42.297458470923409 ], [ -71.765253661008543, 42.297815195307088 ], [ -71.762325672708783, 42.297269564846751 ], [ -71.761966753656509, 42.297216286674505 ] ] ] ] } },
{ "type": "Feature", "properties": { "ZONECODE": null, "TOWN_ID": "348", "LOCAL_ZONE": null, "highdense": "Y" }, "geometry": { "type": "MultiPolygon", "coordinates": [ [ [ [ -71.780530669283181, 42.292412138945039 ], [ -71.780415637329511, 42.292048824642109 ], [ -71.780805403990044, 42.291908608902027 ], [ -71.784558270558222, 42.290584265072411 ], [ -71.784517921149714, 42.291319785882813 ], [ -71.785138319630263, 42.294636557458212 ], [ -71.785160173443487, 42.294667373447716 ], [ -71.785180903796586, 42.294705054269166 ], [ -71.785195340688219, 42.294730401358976 ], [ -71.785210239605163, 42.294755747300222 ], [ -71.785233969403592, 42.294792733742412 ], [ -71.785250482916339, 42.294817390546264 ], [ -71.785267687640555, 42.29484204473156 ], [ -71.785294184615566, 42.294877652242327 ], [ -71.785312774747752, 42.294901616956537 ], [ -71.785341576331831, 42.294936533609956 ], [ -71.785361316614541, 42.294959807635031 ], [ -71.785392196040448, 42.294994032190907 ], [ -71.785413550936795, 42.295016618873277 ], [ -71.785446272288979, 42.295049466790317 ], [ -71.785468778556222, 42.295071363677309 ], [ -71.785503575335127, 42.295103520397618 ], [ -71.785539294297337, 42.295134988791233 ], [ -71.785563872900056, 42.295155508460944 ], [ -71.785601432583945, 42.295185601111882 ], [ -71.785640144845686, 42.295215003060427 ], [ -71.785679776870296, 42.29524371758496 ], [ -71.785720561481355, 42.295271743205454 ], [ -71.785762268280536, 42.295299081393885 ], [ -71.785804892946402, 42.295325044334724 ], [ -71.785833845982395, 42.295342122943588 ], [ -71.78587463072472, 42.295370148508759 ], [ -71.783706460109627, 42.296167194789334 ], [ -71.783767122352657, 42.29630082070166 ], [ -71.783694472177672, 42.296327068997165 ], [ -71.78480656626634, 42.29811896181387 ], [ -71.78356497182827, 42.298152217058359 ], [ -71.782612043356508, 42.296765360562411 ], [ -71.782203788041542, 42.296909743786564 ], [ -71.780530669283181, 42.292412138945039 ] ] ] ] } },
{ "type": "Feature", "properties": { "ZONECODE": null, "TOWN_ID": "348", "LOCAL_ZONE": null, "highdense": "Y" }, "geometry": { "type": "MultiPolygon", "coordinates": [ [ [ [ -71.774948398159054, 42.302264608044247 ], [ -71.772742077259721, 42.298856889933631 ], [ -71.772682968189471, 42.29886457645577 ], [ -71.772628157960582, 42.298851672933068 ], [ -71.772569132625776, 42.298825057102206 ], [ -71.77251876493105, 42.298770294632043 ], [ -71.772297167306178, 42.298759843488646 ], [ -71.77214173908979, 42.298610658420579 ], [ -71.772073833798444, 42.298560738547799 ], [ -71.771961401255368, 42.298524646290069 ], [ -71.771803294585794, 42.298504438700121 ], [ -71.77167333715856, 42.298475932968429 ], [ -71.772126880646098, 42.297681129286133 ], [ -71.77217576188589, 42.297659060763287 ], [ -71.772230959709091, 42.297655499006943 ], [ -71.772267914874277, 42.297653354292102 ], [ -71.772323112687275, 42.297649792491498 ], [ -71.772378311710682, 42.297646231561771 ], [ -71.772433506563033, 42.297641985491644 ], [ -71.772488701404058, 42.297637738494679 ], [ -71.772543664078114, 42.297632805097386 ], [ -71.772598860116503, 42.297628558044657 ], [ -71.772653817397952, 42.297622940383945 ], [ -71.772708778833632, 42.297618006910582 ], [ -71.772763734349297, 42.297611703177296 ], [ -71.772818462395406, 42.297606084181204 ], [ -71.772873417885961, 42.297599779495179 ], [ -71.772928142954541, 42.297593475330103 ], [ -71.772964622961524, 42.297588586522778 ], [ -71.773019116387758, 42.297582282864468 ], [ -71.773055596381312, 42.297577394028259 ], [ -71.773092076369238, 42.297572505180447 ], [ -71.773146563845316, 42.297564830327865 ], [ -71.773200820893436, 42.297557155096783 ], [ -71.773237067482953, 42.297551580733625 ], [ -71.773273312853348, 42.297546006361927 ], [ -71.773309558213484, 42.297540431078431 ], [ -71.773345804783858, 42.297534856680983 ], [ -71.773399824225805, 42.297525809872688 ], [ -71.773436070779894, 42.297520235446711 ], [ -71.77347208274081, 42.297513976443696 ], [ -71.773508094686846, 42.297507715628804 ], [ -71.773561879490885, 42.297497983278497 ], [ -71.773597891422895, 42.297491723335732 ], [ -71.773633669968092, 42.297484777913191 ], [ -71.773687454733476, 42.297475045504108 ], [ -71.773723232046791, 42.29746810005657 ], [ -71.773759010564945, 42.297461154594998 ], [ -71.773794555694067, 42.297453523654085 ], [ -71.773830334196191, 42.297446578170309 ], [ -71.773865876883164, 42.297438947213138 ], [ -71.773919194809011, 42.297427843759515 ], [ -71.773954738687479, 42.297420212771932 ], [ -71.77400782319863, 42.297408423809316 ], [ -71.774060906477374, 42.297396634825041 ], [ -71.774096215724342, 42.297388318328963 ], [ -71.774131526174713, 42.297380001819107 ], [ -71.774184374808826, 42.297367527313163 ], [ -71.774236993012067, 42.297355053332694 ], [ -71.774272068826775, 42.29734605131528 ], [ -71.774324453608358, 42.297332891827523 ], [ -71.774359529398396, 42.297323889783335 ], [ -71.774411678330821, 42.297310044794557 ], [ -71.774463830878517, 42.297296199773399 ], [ -71.77451597976534, 42.297282354737234 ], [ -71.774550590485092, 42.297272666820945 ], [ -71.774585201198207, 42.297262979794525 ], [ -71.774619811900735, 42.297253292757581 ], [ -71.774654189202849, 42.297242920243868 ], [ -71.774705642586042, 42.297228391659552 ], [ -71.774740019856779, 42.297218018219823 ], [ -71.774774395907485, 42.297207645672913 ], [ -71.77482561286115, 42.297191745551508 ], [ -71.774876598163075, 42.297175845060963 ], [ -71.774927585864816, 42.297159944541924 ], [ -71.774979702927851, 42.297138552204039 ], [ -71.775187105117226, 42.297657377867992 ], [ -71.777416585299207, 42.296686779904604 ], [ -71.777528872290787, 42.296637800172775 ], [ -71.777651468597611, 42.296568215594057 ], [ -71.777773965185119, 42.296475993220568 ], [ -71.777865524358958, 42.296388645889294 ], [ -71.77793644356008, 42.296282825742828 ], [ -71.777980664648211, 42.296199709836614 ], [ -71.777990335141126, 42.29608786536668 ], [ -71.777968679748312, 42.295943165693075 ], [ -71.777957362004514, 42.295838916451487 ], [ -71.77797283791665, 42.295733231253294 ], [ -71.778020218461464, 42.295580818306533 ], [ -71.778127467040946, 42.295436494556938 ], [ -71.778041071602772, 42.295174641343117 ], [ -71.777866313244616, 42.294097317545543 ], [ -71.778590193548339, 42.293917884591558 ], [ -71.778674039723853, 42.293234398816658 ], [ -71.779153754553931, 42.293216083904603 ], [ -71.779477064821563, 42.293141891624742 ], [ -71.779408823181441, 42.2929115541071 ], [ -71.779708505656686, 42.292770875996887 ], [ -71.780619390684691, 42.295278824421899 ], [ -71.779692834860398, 42.295442985868014 ], [ -71.779690164445469, 42.295478047140861 ], [ -71.780132284250925, 42.295451290284269 ], [ -71.780172635963723, 42.295442624712443 ], [ -71.780207847380353, 42.29556726839013 ], [ -71.78020717189078, 42.295612686301872 ], [ -71.780109582796271, 42.296369882892748 ], [ -71.78008449933067, 42.296374169109413 ], [ -71.780047130532893, 42.296377432813863 ], [ -71.780022109291011, 42.296379067497888 ], [ -71.779981849749831, 42.296378562389471 ], [ -71.779922576152657, 42.296375487325641 ], [ -71.779826931859716, 42.296364731254009 ], [ -71.779783245335025, 42.296358478837462 ], [ -71.779734419844374, 42.296349565938726 ], [ -71.779703740579777, 42.296343599634412 ], [ -71.779625588442968, 42.296325804632531 ], [ -71.779543927039867, 42.297397835305993 ], [ -71.779981175939909, 42.297329541433491 ], [ -71.779988023947297, 42.2972588633478 ], [ -71.780421912446386, 42.297162448082453 ], [ -71.780288121054937, 42.298510127835456 ], [ -71.779818932170699, 42.298567183016296 ], [ -71.779349744867972, 42.298624236274868 ], [ -71.778138576940762, 42.298645009555955 ], [ -71.780407801613578, 42.30163811122852 ], [ -71.77883383017361, 42.301968488724313 ], [ -71.775285835862931, 42.30277077254955 ], [ -71.774948398159054, 42.302264608044247 ] ] ] ] } },
{ "type": "Feature", "properties": { "ZONECODE": null, "TOWN_ID": "348", "LOCAL_ZONE": null, "highdense": "Y" }, "geometry": { "type": "MultiPolygon", "coordinates": [ [ [ [ -71.789832528982458, 42.287096355250519 ], [ -71.790671018992271, 42.286498766697811 ], [ -71.79139185020945, 42.284982191637781 ], [ -71.791231686433918, 42.284910565835659 ], [ -71.791341623193219, 42.284658514592152 ], [ -71.791240562307692, 42.284631329737635 ], [ -71.791278875592752, 42.284524899441379 ], [ -71.791527386677672, 42.284571603217429 ], [ -71.791594853598752, 42.284375915417257 ], [ -71.791331969431113, 42.28431758308114 ], [ -71.791350367624901, 42.284250305848438 ], [ -71.791082614321766, 42.284187870030038 ], [ -71.791118441230537, 42.284093106724477 ], [ -71.791523945576031, 42.283123408362187 ], [ -71.792103665700253, 42.283121249126658 ], [ -71.793782708967413, 42.278974044037319 ], [ -71.794695784736675, 42.277463128122626 ], [ -71.794714806672445, 42.277431522971142 ], [ -71.796314603793803, 42.274972109985946 ], [ -71.796524166512015, 42.275437383924547 ], [ -71.794989779077511, 42.278007767196485 ], [ -71.794297005970861, 42.279066027533382 ], [ -71.793694621044651, 42.28049588082024 ], [ -71.793434132863865, 42.281100250035941 ], [ -71.792809522658445, 42.28277643922965 ], [ -71.792608415453742, 42.283389574164453 ], [ -71.79141044666639, 42.286461906516422 ], [ -71.790806579291583, 42.286342694886805 ], [ -71.790783305718762, 42.287158441410533 ], [ -71.790253028031515, 42.287221524428915 ], [ -71.7895668060047, 42.287278137820088 ], [ -71.789832528982458, 42.287096355250519 ] ] ] ] } },
{ "type": "Feature", "properties": { "ZONECODE": null, "TOWN_ID": "348", "LOCAL_ZONE": null, "highdense": "Y" }, "geometry": { "type": "MultiPolygon", "coordinates": [ [ [ [ -71.766565704013018, 42.288847857916792 ], [ -71.767083967481994, 42.28899414994244 ], [ -71.768504630462445, 42.289720771792247 ], [ -71.768583251299887, 42.289686285908246 ], [ -71.768714955178993, 42.289640700352166 ], [ -71.768879133123889, 42.289627281845966 ], [ -71.769054709108602, 42.289578848237227 ], [ -71.769195254229984, 42.28954833488087 ], [ -71.76936221124565, 42.28953696724858 ], [ -71.76941379009159, 42.289498429827212 ], [ -71.76947276570003, 42.289515441273544 ], [ -71.769683792132298, 42.289492306494921 ], [ -71.769812612927112, 42.289520962106657 ], [ -71.769851649150567, 42.289529645625045 ], [ -71.770063330233114, 42.289605297133818 ], [ -71.77026073208431, 42.289691271312556 ], [ -71.770370406841437, 42.289788429791557 ], [ -71.770538337913692, 42.289842231446862 ], [ -71.770735325712693, 42.289884987101473 ], [ -71.770925756291177, 42.290068393025315 ], [ -71.771021205413788, 42.290187537219353 ], [ -71.771101473177637, 42.290214101061814 ], [ -71.771130880972819, 42.290284693164132 ], [ -71.771174794798782, 42.290344274627003 ], [ -71.771269755022814, 42.290349538703261 ], [ -71.771372200454977, 42.290430246881698 ], [ -71.77148183106398, 42.290516427994639 ], [ -71.77156951648341, 42.290549150011458 ], [ -71.771861936272785, 42.290705558325307 ], [ -71.77205924173775, 42.290821029610591 ], [ -71.772117066670944, 42.290838729348231 ], [ -71.772043999172652, 42.290887701051915 ], [ -71.771989694206923, 42.29092409889239 ], [ -71.770415168793917, 42.291180957978071 ], [ -71.769738587127236, 42.291290940912084 ], [ -71.769310844842181, 42.291360546620744 ], [ -71.767709544144722, 42.29162703655097 ], [ -71.766993000165172, 42.291630075607202 ], [ -71.765386196247505, 42.291635168663881 ], [ -71.764824271637465, 42.29171261371603 ], [ -71.76318789356398, 42.291938645020238 ], [ -71.762229117758324, 42.291963476525289 ], [ -71.762297346544671, 42.291092752757194 ], [ -71.762351355174545, 42.29108233999969 ], [ -71.762420300461088, 42.29105268351497 ], [ -71.762493946192919, 42.290986656938202 ], [ -71.762567776572752, 42.290909653494325 ], [ -71.762655865580626, 42.290762641980741 ], [ -71.762778851838632, 42.290674548737336 ], [ -71.762961094385929, 42.290615820650103 ], [ -71.763123637657785, 42.290542043932021 ], [ -71.763172901410456, 42.290501455655544 ], [ -71.763207031306564, 42.290432088076003 ], [ -71.763191955357243, 42.290362148967041 ], [ -71.76316676253937, 42.290326755741539 ], [ -71.76313735447907, 42.29028543831717 ], [ -71.76305820637279, 42.290194378211993 ], [ -71.763013287844728, 42.290113530087289 ], [ -71.763067220043226, 42.290029024671135 ], [ -71.763057244450493, 42.289963189112719 ], [ -71.763017424976439, 42.289886445463431 ], [ -71.763031902910285, 42.289813007654999 ], [ -71.763036614864859, 42.289780067671217 ], [ -71.763100712323435, 42.289751107888314 ], [ -71.763204146786563, 42.289739208602576 ], [ -71.763243389410661, 42.289677376465491 ], [ -71.763272831902484, 42.289647809941521 ], [ -71.763361521389299, 42.289589293693147 ], [ -71.763479587265309, 42.289541001299838 ], [ -71.763528867169612, 42.289504528973666 ], [ -71.763523815660037, 42.289456518806411 ], [ -71.763558140723489, 42.289434487286009 ], [ -71.763676579157988, 42.289419809060149 ], [ -71.763794691925241, 42.289383178658341 ], [ -71.763913094633864, 42.289360267969677 ], [ -71.763932563073126, 42.289320433804029 ], [ -71.763947071321937, 42.289254542075554 ], [ -71.763956834180675, 42.289214044172105 ], [ -71.764016119863498, 42.289195385301738 ], [ -71.764075300768425, 42.289206226619861 ], [ -71.764154635273584, 42.289286994338219 ], [ -71.764233706411446, 42.289359531206216 ], [ -71.764362518582686, 42.289451162301454 ], [ -71.76447153005266, 42.289557246249316 ], [ -71.764545628756139, 42.289600981292658 ], [ -71.764674089210033, 42.289663113769862 ], [ -71.764782898026525, 42.289721175235115 ], [ -71.764872121231704, 42.289790944167358 ], [ -71.765045054318875, 42.289881786763729 ], [ -71.765142305742046, 42.289937816468253 ], [ -71.766565704013018, 42.288847857916792 ] ] ] ] } },
{ "type": "Feature", "properties": { "ZONECODE": null, "TOWN_ID": "348", "LOCAL_ZONE": null, "highdense": "Y" }, "geometry": { "type": "MultiPolygon", "coordinates": [ [ [ [ -71.776442429263298, 42.292998307980874 ], [ -71.777309520101369, 42.292555103996648 ], [ -71.777412832907785, 42.29267285092628 ], [ -71.778822529465515, 42.29201908580842 ], [ -71.778905313275004, 42.292143055445038 ], [ -71.780494488702402, 42.291442185135587 ], [ -71.780805403990044, 42.291908608902027 ], [ -71.780415637329511, 42.292048824642109 ], [ -71.780530669283181, 42.292412138945039 ], [ -71.779708505656686, 42.292770875996887 ], [ -71.779408823181441, 42.2929115541071 ], [ -71.779477064821563, 42.293141891624742 ], [ -71.779153754553931, 42.293216083904603 ], [ -71.778674039723853, 42.293234398816658 ], [ -71.778590193548339, 42.293917884591558 ], [ -71.777866313244616, 42.294097317545543 ], [ -71.777728939777845, 42.293430831775986 ], [ -71.777224811887081, 42.293413526340736 ], [ -71.776858166563045, 42.293193509349479 ], [ -71.776794292719231, 42.293219733056169 ], [ -71.776737004376457, 42.293219871026523 ], [ -71.776655151843428, 42.293202230561668 ], [ -71.776597573099338, 42.293188647765561 ], [ -71.776533732126225, 42.293116769702863 ], [ -71.776488200957218, 42.293058568049204 ], [ -71.776442429263298, 42.292998307980874 ] ] ] ] } },
{ "type": "Feature", "properties": { "ZONECODE": "RESA", "TOWN_ID": "304", "LOCAL_ZONE": null, "highdense": "Y" }, "geometry": { "type": "MultiPolygon", "coordinates": [ [ [ [ -71.633784811455385, 42.055952010315124 ], [ -71.634093554344417, 42.055900964135091 ], [ -71.634674762530011, 42.05724278810586 ], [ -71.634236050877448, 42.057326576954992 ], [ -71.635650141808114, 42.058321724153529 ], [ -71.636707935066369, 42.059075709351866 ], [ -71.636886658783922, 42.060088358748388 ], [ -71.636881893115557, 42.06043799236847 ], [ -71.63687982480657, 42.060651698803667 ], [ -71.636871928705418, 42.061468534802565 ], [ -71.636846829368437, 42.062737239362569 ], [ -71.637020545597707, 42.062816097551533 ], [ -71.635506332918297, 42.064235375856626 ], [ -71.635193487765505, 42.064538725021208 ], [ -71.634929780578602, 42.064787388932906 ], [ -71.629761278191069, 42.065038507866404 ], [ -71.630272538551225, 42.063386775741371 ], [ -71.630449661649436, 42.063223206797474 ], [ -71.630445634797198, 42.063056759321348 ], [ -71.630664239236253, 42.062140460986974 ], [ -71.631159873496458, 42.060523302832451 ], [ -71.631306204379868, 42.060056277191343 ], [ -71.631439262289248, 42.059627599770387 ], [ -71.6317549853175, 42.058611280568947 ], [ -71.631756585628892, 42.058606390854187 ], [ -71.631814900278599, 42.058427093011915 ], [ -71.631908613112429, 42.05811637601736 ], [ -71.631281230553071, 42.058119247574197 ], [ -71.626108207688247, 42.058492838771301 ], [ -71.626085076797921, 42.057974211172557 ], [ -71.626014358928387, 42.057598334982465 ], [ -71.625905015734034, 42.057124740408064 ], [ -71.628380643606704, 42.056758015648953 ], [ -71.632074986158386, 42.056234521765091 ], [ -71.6335050569255, 42.055998220316617 ], [ -71.633784811455385, 42.055952010315124 ] ] ] ] } },
{ "type": "Feature", "properties": { "ZONECODE": "CC", "TOWN_ID": "278", "LOCAL_ZONE": null, "highdense": "Y" }, "geometry": { "type": "MultiPolygon", "coordinates": [ [ [ [ -72.037957015447347, 42.082395476500103 ], [ -72.037096809478996, 42.081992357121685 ], [ -72.037011493729224, 42.082113120676951 ], [ -72.036038861656024, 42.081419650445994 ], [ -72.035504287769399, 42.081082551099385 ], [ -72.035086105157617, 42.080800477147399 ], [ -72.034640862250214, 42.080475991346411 ], [ -72.034499686731991, 42.080365341553247 ], [ -72.034364677620417, 42.080250500385233 ], [ -72.034236058909016, 42.080131658404071 ], [ -72.034114043983763, 42.080009012809029 ], [ -72.033998835269202, 42.079882767109787 ], [ -72.033890623892646, 42.079753130788433 ], [ -72.03378958936726, 42.079620318952074 ], [ -72.033695899294401, 42.07948455197549 ], [ -72.033609709085695, 42.079346055135566 ], [ -72.033539065417486, 42.079350500802633 ], [ -72.033468524980407, 42.0791889181247 ], [ -72.033392441241418, 42.078942976546472 ], [ -72.033425184574199, 42.078921556051498 ], [ -72.033143768300647, 42.078116742829906 ], [ -72.032887273203201, 42.077584739388676 ], [ -72.032856872163023, 42.077521684002676 ], [ -72.032819128669743, 42.077516752953322 ], [ -72.032598070634592, 42.07744962754245 ], [ -72.032128134095942, 42.077306927210174 ], [ -72.032101926464676, 42.077298582213324 ], [ -72.031884488709323, 42.077229347102211 ], [ -72.031869556406306, 42.077224592447756 ], [ -72.031860745172594, 42.077018161208315 ], [ -72.031863471755244, 42.076873824366963 ], [ -72.031720268059019, 42.076863066131786 ], [ -72.031155565220189, 42.076797767879036 ], [ -72.03047218524884, 42.076718609617508 ], [ -72.030466518685202, 42.07671789849767 ], [ -72.030412653185209, 42.07671165934542 ], [ -72.029924099737514, 42.076636967184065 ], [ -72.029347986416653, 42.076576294705973 ], [ -72.029351240220961, 42.076534584753404 ], [ -72.029375586591442, 42.076222458128584 ], [ -72.029389052990112, 42.07622320255426 ], [ -72.029413368794124, 42.076090613548011 ], [ -72.029431734226208, 42.076091628821061 ], [ -72.029442811484941, 42.07598492289106 ], [ -72.029454741173041, 42.07587000908498 ], [ -72.029500145588287, 42.075872518988575 ], [ -72.0294449514886, 42.075764902346116 ], [ -72.029460246000809, 42.075639167048031 ], [ -72.029473545375069, 42.075529832629812 ], [ -72.029737612384409, 42.075544428928517 ], [ -72.029743958033265, 42.07545267435475 ], [ -72.029746606768029, 42.075414381286407 ], [ -72.029685081349086, 42.07513962275268 ], [ -72.029850644116735, 42.075082483237281 ], [ -72.029941679421157, 42.07499004125809 ], [ -72.029211844355586, 42.074716517362923 ], [ -72.028992119706587, 42.074634168456235 ], [ -72.028836788541412, 42.074572297056612 ], [ -72.028691428921093, 42.074512169178107 ], [ -72.028547330226104, 42.074450379747475 ], [ -72.028441297929234, 42.074403490554474 ], [ -72.028211783372257, 42.074297736302952 ], [ -72.027985890805866, 42.074187738776516 ], [ -72.027933281780349, 42.074161248443865 ], [ -72.027880882354978, 42.074134526632477 ], [ -72.027748603330224, 42.074056894106356 ], [ -72.027618939799979, 42.073976849879969 ], [ -72.027499396266748, 42.073899376743931 ], [ -72.027382303040298, 42.073819853636408 ], [ -72.027236804197059, 42.073715660034942 ], [ -72.027182147985272, 42.07371383379941 ], [ -72.027101112883429, 42.073652316492918 ], [ -72.027075539461251, 42.073632465540541 ], [ -72.026928114606633, 42.073517406067133 ], [ -72.026866204298855, 42.073460785750214 ], [ -72.02686692357139, 42.073347148264503 ], [ -72.02686908667043, 42.073299494820922 ], [ -72.026940795281135, 42.072980097302313 ], [ -72.02700381406936, 42.072778791006925 ], [ -72.027004973301302, 42.072773151318067 ], [ -72.027088689103792, 42.072777762727071 ], [ -72.027396304968562, 42.072833641753135 ], [ -72.027568729390566, 42.072855885105483 ], [ -72.027623436779891, 42.072862942815085 ], [ -72.027634832825655, 42.072862719214783 ], [ -72.027678576148716, 42.072843278066955 ], [ -72.027719902882524, 42.072821095289257 ], [ -72.027758504305297, 42.072796336594436 ], [ -72.027795072727642, 42.07276836907721 ], [ -72.027828161777904, 42.072738091706029 ], [ -72.027857509796888, 42.072705743910781 ], [ -72.028075284540108, 42.072441059239068 ], [ -72.028089565541748, 42.072422289604198 ], [ -72.028111226508301, 42.07242490959753 ], [ -72.028068208058016, 42.072606378813795 ], [ -72.028009189909412, 42.072855335063053 ], [ -72.028007946526373, 42.072860580800061 ], [ -72.028371913705513, 42.072880105150787 ], [ -72.028372341682754, 42.072880128384753 ], [ -72.028666331736915, 42.07289490768774 ], [ -72.028719511598354, 42.072897580952969 ], [ -72.028776422243723, 42.072900442235877 ], [ -72.028806957266099, 42.072597183290057 ], [ -72.02882435935436, 42.072424357503508 ], [ -72.028906651102929, 42.072434459056659 ], [ -72.02943618371846, 42.072503791618594 ], [ -72.029438950004533, 42.0724900395738 ], [ -72.029521291517, 42.072370227124871 ], [ -72.029524562909913, 42.072365466276707 ], [ -72.029597315592113, 42.072259605745764 ], [ -72.029697264609581, 42.072114170730572 ], [ -72.029782908730496, 42.071989549366478 ], [ -72.029868994271794, 42.071864285746429 ], [ -72.029881437326196, 42.071846179842886 ], [ -72.030076298121685, 42.071928291056977 ], [ -72.030623760031148, 42.072153527792366 ], [ -72.030586361935747, 42.072209958267358 ], [ -72.030365942537202, 42.072540975769577 ], [ -72.029991513205047, 42.073120376285701 ], [ -72.029989394019637, 42.07315302086414 ], [ -72.029978544083619, 42.073320130813833 ], [ -72.029973777646973, 42.073393539013274 ], [ -72.030036669108512, 42.073404771286306 ], [ -72.030100802435896, 42.073417979430047 ], [ -72.030163801947097, 42.073432886336732 ], [ -72.030203693157802, 42.073444253864821 ], [ -72.030254721013833, 42.073364790812349 ], [ -72.030378462614024, 42.073172096685482 ], [ -72.030898524255065, 42.072389631131088 ], [ -72.031187205585297, 42.072550866839116 ], [ -72.031251811130105, 42.07258695078793 ], [ -72.031277726473178, 42.072547724052235 ], [ -72.031416203338026, 42.072232178634984 ], [ -72.031673976342873, 42.071647826775383 ], [ -72.031861467848444, 42.071660676903129 ], [ -72.032849636099357, 42.072015263964829 ], [ -72.032878592243677, 42.072025655077454 ], [ -72.033012440825829, 42.072076055228628 ], [ -72.03294461730593, 42.072174303305417 ], [ -72.03336501333817, 42.072313222758247 ], [ -72.033431769810818, 42.072343422513754 ], [ -72.033313131633719, 42.07254118948066 ], [ -72.033488988391824, 42.072601027912029 ], [ -72.033910153089181, 42.072748108813158 ], [ -72.034262824809076, 42.072865883882571 ], [ -72.034456882008328, 42.072933584112889 ], [ -72.035033654802277, 42.073123673791997 ], [ -72.035063813004399, 42.073129617337081 ], [ -72.035025820764261, 42.073204353345311 ], [ -72.03498042298213, 42.073280794092909 ], [ -72.034941258249432, 42.07333814900403 ], [ -72.034890721086981, 42.073411756041359 ], [ -72.034824933450821, 42.073496868688785 ], [ -72.034798452150937, 42.07354344298264 ], [ -72.0354357709666, 42.073745424889161 ], [ -72.035442956240814, 42.073747701558965 ], [ -72.03638400259554, 42.074045867746605 ], [ -72.037091902858762, 42.074277854881473 ], [ -72.037312484340788, 42.074354524703963 ], [ -72.037291606176922, 42.074412300565051 ], [ -72.03721039574809, 42.074637029526649 ], [ -72.037192259301165, 42.074687217902607 ], [ -72.037156185878175, 42.074787041797272 ], [ -72.037154785401057, 42.074790917148647 ], [ -72.037154608633116, 42.074791163772154 ], [ -72.037110322465651, 42.074853120802857 ], [ -72.036944784813187, 42.075084707008322 ], [ -72.036749200622239, 42.07535832597582 ], [ -72.036749160022438, 42.075358383788242 ], [ -72.036746700829696, 42.075361823830633 ], [ -72.036745605434589, 42.075361333778162 ], [ -72.036713882332208, 42.075387874321258 ], [ -72.03742160871866, 42.075709259032024 ], [ -72.037550030175794, 42.07577118758585 ], [ -72.037738325658239, 42.075842601655474 ], [ -72.037928221343577, 42.0759141276421 ], [ -72.03839007415543, 42.076081566580292 ], [ -72.038440739740068, 42.076101339301921 ], [ -72.038122366776548, 42.076552271171018 ], [ -72.038216351228613, 42.076563755238865 ], [ -72.03848645639826, 42.07662897615679 ], [ -72.038757030786712, 42.076694311275716 ], [ -72.039012353353357, 42.076773623394189 ], [ -72.038694850170813, 42.076800267409517 ], [ -72.038695217580582, 42.076973443251298 ], [ -72.038695360746217, 42.077041068316106 ], [ -72.038540069003417, 42.077022594720525 ], [ -72.0384366191456, 42.077579121217816 ], [ -72.038423707412534, 42.077648578661766 ], [ -72.038363826102824, 42.077734826055497 ], [ -72.038548541790703, 42.077805427325686 ], [ -72.038677971852607, 42.077864241889088 ], [ -72.038711931160535, 42.077878892726361 ], [ -72.038368967746976, 42.078608700812545 ], [ -72.038341344098001, 42.078690986201394 ], [ -72.038285882485937, 42.078898326091682 ], [ -72.03820568047027, 42.079195702302911 ], [ -72.038173620478474, 42.079374515440307 ], [ -72.037991959221458, 42.080269921984893 ], [ -72.037872629091211, 42.080522503321582 ], [ -72.037944111732727, 42.080543083294238 ], [ -72.03845901418579, 42.080691322259803 ], [ -72.038474217119202, 42.080661975174635 ], [ -72.038987442455962, 42.080809429159316 ], [ -72.039063707359261, 42.080831340934836 ], [ -72.038918160548477, 42.081106765181104 ], [ -72.038591763116472, 42.081724409994955 ], [ -72.0382736753389, 42.082317181452801 ], [ -72.03823237122117, 42.08230036277854 ], [ -72.038085512426889, 42.082227797658589 ], [ -72.037997366200585, 42.082342822063026 ], [ -72.037957015447347, 42.082395476500103 ] ] ] ] } },
{ "type": "Feature", "properties": { "ZONECODE": null, "TOWN_ID": "348", "LOCAL_ZONE": null, "highdense": "Y" }, "geometry": { "type": "MultiPolygon", "coordinates": [ [ [ [ -71.777092453777968, 42.273638694795203 ], [ -71.777133280973885, 42.273500637270217 ], [ -71.777610880442339, 42.273485552990515 ], [ -71.777638544758929, 42.274579701714039 ], [ -71.778570817352502, 42.274575386950048 ], [ -71.778560106708809, 42.273454441337314 ], [ -71.780597322987674, 42.273387055267825 ], [ -71.780706485690132, 42.274464540547484 ], [ -71.778281920934333, 42.27714869450984 ], [ -71.778387368758118, 42.277389920569803 ], [ -71.778155830441364, 42.277780146473489 ], [ -71.775187742456936, 42.276441876925659 ], [ -71.776494522516728, 42.275727369905496 ], [ -71.777092453777968, 42.273638694795203 ] ] ], [ [ [ -71.770540260612179, 42.278134512030157 ], [ -71.770555343050518, 42.278150344259593 ], [ -71.770586465926868, 42.278178663651516 ], [ -71.770617590043358, 42.278206983032007 ], [ -71.770639821951093, 42.27822458820215 ], [ -71.770651261482726, 42.278233646158085 ], [ -71.770672231937027, 42.278250250461625 ], [ -71.770684932946594, 42.278260308373824 ], [ -71.770697035029926, 42.278268658030633 ], [ -71.770715333464807, 42.278281283004439 ], [ -71.770734652069564, 42.278294612304954 ], [ -71.770762133662387, 42.278313117982833 ], [ -71.770795335106399, 42.278333049749079 ], [ -71.770833613544596, 42.278356029649608 ], [ -71.770862634776904, 42.278371685833676 ], [ -71.770891657231928, 42.278387341107212 ], [ -71.770913368421347, 42.278396560280186 ], [ -71.770931116560405, 42.278404097135109 ], [ -71.770953935424956, 42.278413786344657 ], [ -71.770976834214053, 42.278421189505814 ], [ -71.770983181096796, 42.278423241619983 ], [ -71.770983293720192, 42.278424061525392 ], [ -71.770984208305237, 42.278430681956806 ], [ -71.771009908518209, 42.278616247377357 ], [ -71.770928237689859, 42.278720297401854 ], [ -71.770886467711819, 42.278773513437478 ], [ -71.770846567802195, 42.278824346463146 ], [ -71.770817575616022, 42.278865064131629 ], [ -71.770796922600383, 42.278908493640898 ], [ -71.770785053343261, 42.27895370213966 ], [ -71.770782223123433, 42.278999713106735 ], [ -71.770788494398374, 42.279045536068409 ], [ -71.770795747466352, 42.279082531100237 ], [ -71.770810674035033, 42.279118235925175 ], [ -71.770832910308457, 42.279151777209059 ], [ -71.770861913292961, 42.27918233605692 ], [ -71.770896972992418, 42.279209165090229 ], [ -71.770940425112855, 42.279169044416136 ], [ -71.770979656137499, 42.279191819452045 ], [ -71.771018888402594, 42.279214594471625 ], [ -71.771058119483541, 42.279237369480562 ], [ -71.771097350592626, 42.279260144475991 ], [ -71.771130129417728, 42.279278071277517 ], [ -71.771162909473659, 42.279295998066843 ], [ -71.771197939752597, 42.279311398702916 ], [ -71.771232971264794, 42.279326800225682 ], [ -71.771269900749658, 42.279339520672636 ], [ -71.771306831461715, 42.279352241104888 ], [ -71.771383750625688, 42.27937206405845 ], [ -71.77146295441112, 42.279386071943989 ], [ -71.771543648099325, 42.279394123487769 ], [ -71.771625021464203, 42.279396136874325 ], [ -71.771665639977172, 42.279394115106882 ], [ -71.771706258487626, 42.279392093325065 ], [ -71.771746399736145, 42.279387062963572 ], [ -71.771786542190668, 42.279382032585254 ], [ -71.771825803879082, 42.279374044098788 ], [ -71.771865066769863, 42.279366055596064 ], [ -71.771903055217493, 42.279355189144326 ], [ -71.771941043655914, 42.279344323580204 ], [ -71.771977377430972, 42.279330688104132 ], [ -71.772013711194248, 42.279317053516763 ], [ -71.772032279149727, 42.279340627057827 ], [ -71.770333411473814, 42.280865362020613 ], [ -71.766126391313762, 42.281115979189543 ], [ -71.765906365340129, 42.280311091934628 ], [ -71.767440879263205, 42.279827997106771 ], [ -71.767356098040636, 42.279549666774152 ], [ -71.767332910854506, 42.279418689668482 ], [ -71.76751023640827, 42.279080064980327 ], [ -71.767584390401893, 42.279029812370929 ], [ -71.767664334834564, 42.278983662382991 ], [ -71.767809384872706, 42.278931872393649 ], [ -71.767857833162651, 42.278919410079503 ], [ -71.767936502016255, 42.278899332784228 ], [ -71.770063438367302, 42.278381889465663 ], [ -71.770136112437413, 42.278363881929252 ], [ -71.770322599297089, 42.278281806147369 ], [ -71.770490021364864, 42.278169590669009 ], [ -71.770540260612179, 42.278134512030157 ] ] ], [ [ [ -71.774718657383872, 42.276859183830155 ], [ -71.773513554508028, 42.278006684054198 ], [ -71.773507876315293, 42.278012091254467 ], [ -71.77362262658194, 42.277839435339253 ], [ -71.773718378448848, 42.277749531314093 ], [ -71.773909514321659, 42.277577906700955 ], [ -71.773958760517672, 42.277534097837773 ], [ -71.774004195268077, 42.277493681361605 ], [ -71.774053695756194, 42.277451793085767 ], [ -71.774119419555277, 42.277393159257201 ], [ -71.774186338798856, 42.277333458385279 ], [ -71.774250504500273, 42.277276215557002 ], [ -71.77431406988444, 42.277219507101613 ], [ -71.774379381394212, 42.277161239625904 ], [ -71.774435421768857, 42.277111243686576 ], [ -71.774493197428896, 42.277059700462992 ], [ -71.77454940910981, 42.277009551907099 ], [ -71.774598938886911, 42.27696536486026 ], [ -71.774648634038272, 42.276921029747292 ], [ -71.774718657383872, 42.276859183830155 ] ] ] ] } },
{ "type": "Feature", "properties": { "ZONECODE": "GB", "TOWN_ID": "278", "LOCAL_ZONE": null, "highdense": "Y" }, "geometry": { "type": "MultiPolygon", "coordinates": [ [ [ [ -72.02619451264367, 42.083256634730184 ], [ -72.026370885064964, 42.082979341319344 ], [ -72.026545180944851, 42.082715777489803 ], [ -72.026689489848806, 42.08250106258506 ], [ -72.026825582203642, 42.082295303195316 ], [ -72.026928583230699, 42.082132957423845 ], [ -72.026950012209284, 42.082099203075025 ], [ -72.027015940066491, 42.081981887442581 ], [ -72.027089434834394, 42.081850892234542 ], [ -72.027165490610017, 42.081715125970263 ], [ -72.027186272765931, 42.08167802707878 ], [ -72.02697679609409, 42.081705965879927 ], [ -72.026939152689351, 42.081483854470314 ], [ -72.026681392984727, 42.080274827032831 ], [ -72.026624239843159, 42.080045944637043 ], [ -72.026517543667552, 42.080034086354402 ], [ -72.026459171695308, 42.080032982710343 ], [ -72.026543371209797, 42.079733471826216 ], [ -72.026538681133559, 42.079556489592775 ], [ -72.02652629416751, 42.079526247331991 ], [ -72.026602726948354, 42.079476978300157 ], [ -72.026874057302564, 42.079311306402516 ], [ -72.027249376413181, 42.079095614438309 ], [ -72.027414136868245, 42.078988515895006 ], [ -72.027835134251788, 42.078788574589083 ], [ -72.027909125304589, 42.07876536465659 ], [ -72.02808763848445, 42.078713114528021 ], [ -72.028087679475945, 42.078713102634438 ], [ -72.028772425137149, 42.07852840441911 ], [ -72.029075609938943, 42.078457920122766 ], [ -72.029232107119029, 42.078435757689469 ], [ -72.029385485924223, 42.078423137795951 ], [ -72.029574155635316, 42.078424646476691 ], [ -72.029842942042237, 42.078447224799611 ], [ -72.030067063149062, 42.078481919078186 ], [ -72.030111176702405, 42.078492295622027 ], [ -72.030288056946688, 42.0785387821537 ], [ -72.030465627684933, 42.078570089927368 ], [ -72.030688638467538, 42.078586065499408 ], [ -72.030723351851748, 42.078588879288944 ], [ -72.030659449241668, 42.078597711712504 ], [ -72.030445376638497, 42.078617761513939 ], [ -72.030299415232292, 42.078658718278113 ], [ -72.030298631515606, 42.078658937991278 ], [ -72.030104340913638, 42.078750360248605 ], [ -72.029936085790425, 42.078896451125104 ], [ -72.029906938180531, 42.078929927573121 ], [ -72.02978405672819, 42.079071053445567 ], [ -72.029678788133666, 42.079224354952501 ], [ -72.02967198449069, 42.079236735541635 ], [ -72.029665301372532, 42.079249801634042 ], [ -72.029289068876807, 42.079839498370688 ], [ -72.028286271650074, 42.08140080653822 ], [ -72.028361076697848, 42.081407840494649 ], [ -72.02836277005386, 42.081408000142375 ], [ -72.02871091329115, 42.081438637561369 ], [ -72.028714834485683, 42.081438845436367 ], [ -72.028733992959062, 42.081408480218357 ], [ -72.028793760695294, 42.08131256072204 ], [ -72.028800302024678, 42.081302014500217 ], [ -72.028801488645101, 42.081300101192141 ], [ -72.029233864715053, 42.081331089753625 ], [ -72.029247912737759, 42.081407757422696 ], [ -72.029277383111534, 42.081573864964852 ], [ -72.029250383748973, 42.081664322092195 ], [ -72.029250694511333, 42.081664340462972 ], [ -72.029193032212035, 42.081947241751436 ], [ -72.029033566101432, 42.081934379162618 ], [ -72.029012743819962, 42.081962766861736 ], [ -72.028761884296358, 42.082304769535085 ], [ -72.028730171290704, 42.082348004617337 ], [ -72.028593816705268, 42.082295657274344 ], [ -72.028581549933122, 42.082327685986158 ], [ -72.02858351230428, 42.082328362985905 ], [ -72.028583279416281, 42.082328988899093 ], [ -72.02858673617537, 42.082330312647159 ], [ -72.028528291357446, 42.082476586574288 ], [ -72.028512408541687, 42.082516338005796 ], [ -72.028459832308187, 42.08264792451871 ], [ -72.028395147367689, 42.082809813006577 ], [ -72.028383182168696, 42.082839761410909 ], [ -72.028381309200228, 42.082844022374147 ], [ -72.028292069473537, 42.082972771781627 ], [ -72.028179495169283, 42.083135182749288 ], [ -72.028160926217325, 42.083161973484792 ], [ -72.028080974785752, 42.083281233469314 ], [ -72.027754016576637, 42.083167128316063 ], [ -72.027659198397103, 42.083324673378669 ], [ -72.027231770451635, 42.083187602890618 ], [ -72.027176242213216, 42.083169790550883 ], [ -72.027047545100032, 42.083378946585704 ], [ -72.026311824707861, 42.08456304405231 ], [ -72.02621531193364, 42.084531729063393 ], [ -72.0262096644351, 42.084529895816537 ], [ -72.025897656520087, 42.084416072280689 ], [ -72.025576281933056, 42.08429557975127 ], [ -72.025815511933175, 42.083921798881541 ], [ -72.025765742250655, 42.083903503834506 ], [ -72.02587362637891, 42.083738352787059 ], [ -72.025980738508053, 42.083574621417206 ], [ -72.026039038728456, 42.083485808458356 ], [ -72.026181203329102, 42.083275905612844 ], [ -72.02619451264367, 42.083256634730184 ] ] ] ] } },
{ "type": "Feature", "properties": { "ZONECODE": null, "TOWN_ID": "348", "LOCAL_ZONE": null, "highdense": "Y" }, "geometry": { "type": "MultiPolygon", "coordinates": [ [ [ [ -71.774009717038851, 42.271779125761732 ], [ -71.780234051819463, 42.268629411066499 ], [ -71.77976108749337, 42.268125727156608 ], [ -71.779226925966043, 42.268401235473227 ], [ -71.779182070766595, 42.268355140217523 ], [ -71.778766592527219, 42.267917728489806 ], [ -71.779288997786466, 42.267622964646648 ], [ -71.780279106651037, 42.26710648660719 ], [ -71.780747602819162, 42.26761417492645 ], [ -71.780280269741155, 42.267855975182819 ], [ -71.780773130803311, 42.268356587853084 ], [ -71.783272423502993, 42.267091659385372 ], [ -71.782334032688382, 42.266062180759512 ], [ -71.784034780902758, 42.264753843919891 ], [ -71.784218212451975, 42.264929700531233 ], [ -71.784341581916749, 42.26504739308227 ], [ -71.784597138389444, 42.265292358539007 ], [ -71.784732672977015, 42.265445693120569 ], [ -71.78531226704969, 42.265195226598713 ], [ -71.784999299050739, 42.264815941721714 ], [ -71.785938512623616, 42.264590648313892 ], [ -71.785895999542873, 42.264482361561086 ], [ -71.785549081960937, 42.264560745714675 ], [ -71.78548355298669, 42.264418213674418 ], [ -71.785835533419018, 42.264335701844097 ], [ -71.785793067168257, 42.264237705366163 ], [ -71.785434124415744, 42.264312002922253 ], [ -71.785325070158024, 42.264040605485981 ], [ -71.785181596854073, 42.264072519995153 ], [ -71.785121094451455, 42.263917625836505 ], [ -71.786101975528922, 42.263413013772009 ], [ -71.787299927777298, 42.263427174583114 ], [ -71.791078370448417, 42.26303897234196 ], [ -71.788285416004044, 42.264496970768889 ], [ -71.786346672951083, 42.265493133403517 ], [ -71.784520116951342, 42.266444393317045 ], [ -71.78496732970639, 42.267149896050171 ], [ -71.784139584430434, 42.267524460769543 ], [ -71.784120160031861, 42.268340884424518 ], [ -71.782551165159035, 42.268252140340834 ], [ -71.778852264163291, 42.270160794786186 ], [ -71.7787863149712, 42.270653522919112 ], [ -71.778343862522732, 42.270599712627934 ], [ -71.777890661255526, 42.270622076632783 ], [ -71.777036724379954, 42.271099558145863 ], [ -71.777072652576365, 42.271499425709273 ], [ -71.775720693677599, 42.271577456249247 ], [ -71.775739730969093, 42.271653558736347 ], [ -71.774986596534106, 42.272005925833142 ], [ -71.774932376975045, 42.271804363462742 ], [ -71.774130127200067, 42.272174677363729 ], [ -71.774009717038851, 42.271779125761732 ] ] ] ] } },
{ "type": "Feature", "properties": { "ZONECODE": null, "TOWN_ID": "348", "LOCAL_ZONE": null, "highdense": "Y" }, "geometry": { "type": "MultiPolygon", "coordinates": [ [ [ [ -71.794825342364248, 42.271813346321402 ], [ -71.794423973634792, 42.271858967484491 ], [ -71.790263605864055, 42.272313415382513 ], [ -71.789389931965403, 42.272398628838843 ], [ -71.789603373586274, 42.271655806903688 ], [ -71.790672918743596, 42.271834218072669 ], [ -71.790869452754038, 42.271184737170515 ], [ -71.792262008359899, 42.271252549865515 ], [ -71.792257005850374, 42.271469348385239 ], [ -71.79359830014991, 42.271585983283885 ], [ -71.794105665099266, 42.270349145063605 ], [ -71.794825342364248, 42.271813346321402 ] ] ] ] } },
{ "type": "Feature", "properties": { "ZONECODE": null, "TOWN_ID": "348", "LOCAL_ZONE": null, "highdense": "Y" }, "geometry": { "type": "MultiPolygon", "coordinates": [ [ [ [ -71.786475828530996, 42.232394475451294 ], [ -71.78591706447655, 42.232028154180497 ], [ -71.785514353843993, 42.231772578797788 ], [ -71.785332809126544, 42.230406448642896 ], [ -71.785281066801062, 42.229062633629212 ], [ -71.785250611754137, 42.228397940291764 ], [ -71.785229175393525, 42.227685202951953 ], [ -71.784979666268072, 42.22716031843229 ], [ -71.78481488921706, 42.226490470755103 ], [ -71.784713607314302, 42.225467841699924 ], [ -71.784605579993695, 42.224843818899174 ], [ -71.785429814652076, 42.224736121269444 ], [ -71.785907912942136, 42.226316244177198 ], [ -71.785830772442409, 42.226352796108038 ], [ -71.785805017264281, 42.226372755235836 ], [ -71.785765073823129, 42.22641882079246 ], [ -71.785739754077781, 42.226484056203041 ], [ -71.785743146189816, 42.226520407591977 ], [ -71.785795727011674, 42.227075965574521 ], [ -71.786145344147556, 42.23050252920433 ], [ -71.786178421553387, 42.230826254833744 ], [ -71.786197008372895, 42.230905103315429 ], [ -71.786230767813791, 42.231021644037021 ], [ -71.786271445125834, 42.231137483263709 ], [ -71.78630225146631, 42.231213556218194 ], [ -71.786354226472881, 42.231326622201742 ], [ -71.786413115657425, 42.231437612809344 ], [ -71.786482604070414, 42.231545147667589 ], [ -71.786562459684333, 42.231648539502281 ], [ -71.786675878213629, 42.231773800564923 ], [ -71.786835477652872, 42.231904434417508 ], [ -71.787045785449209, 42.232071988008904 ], [ -71.79064414477071, 42.234942224465094 ], [ -71.790143968006561, 42.235334529594333 ], [ -71.786475828530996, 42.232394475451294 ] ] ] ] } },
{ "type": "Feature", "properties": { "ZONECODE": "321GR", "TOWN_ID": "321", "LOCAL_ZONE": "GR", "highdense": "Y" }, "geometry": { "type": "MultiPolygon", "coordinates": [ [ [ [ -71.771030477981171, 42.316940492928097 ], [ -71.771473200257333, 42.316214858480045 ], [ -71.774961890160967, 42.321607477731597 ], [ -71.772840061119069, 42.321643603755618 ], [ -71.772871741817653, 42.321517488022423 ], [ -71.771496298387518, 42.321247281493882 ], [ -71.77146803106362, 42.321241721435797 ], [ -71.771319201382454, 42.321190868803868 ], [ -71.770139770829459, 42.320787390560973 ], [ -71.770350775651266, 42.319731304797095 ], [ -71.770815268653934, 42.317408588427142 ], [ -71.770759665674291, 42.317392964321201 ], [ -71.770953312125016, 42.317067840852786 ], [ -71.771030477981171, 42.316940492928097 ] ] ] ] } },
{ "type": "Feature", "properties": { "ZONECODE": null, "TOWN_ID": "348", "LOCAL_ZONE": null, "highdense": "Y" }, "geometry": { "type": "MultiPolygon", "coordinates": [ [ [ [ -71.788369223859888, 42.264747847010007 ], [ -71.788285416004044, 42.264496970768889 ], [ -71.791078370448417, 42.26303897234196 ], [ -71.791220027061641, 42.262964523040857 ], [ -71.791441844978934, 42.262848706652896 ], [ -71.791765468292311, 42.262729202046962 ], [ -71.792089228986598, 42.262639195434438 ], [ -71.79252782030845, 42.262516652153295 ], [ -71.792814681765265, 42.262437027890122 ], [ -71.793173641448035, 42.262370252574371 ], [ -71.793611732156521, 42.262289555109056 ], [ -71.793448546646303, 42.265736587988258 ], [ -71.791418883722628, 42.264580992105003 ], [ -71.791300621895459, 42.264522293565832 ], [ -71.7912082666017, 42.264472447610224 ], [ -71.791094942976557, 42.264432945153324 ], [ -71.790969486702068, 42.264416112275612 ], [ -71.79077692659213, 42.26441797192566 ], [ -71.789803951659138, 42.26442591894304 ], [ -71.788784418219791, 42.2645025776702 ], [ -71.788817481142758, 42.264714477497265 ], [ -71.788369223859888, 42.264747847010007 ] ] ] ] } },
{ "type": "Feature", "properties": { "ZONECODE": null, "TOWN_ID": "348", "LOCAL_ZONE": null, "highdense": "Y" }, "geometry": { "type": "MultiPolygon", "coordinates": [ [ [ [ -71.778672230493882, 42.26577681407116 ], [ -71.781379887447173, 42.26433915511236 ], [ -71.781953478942853, 42.264088720198949 ], [ -71.785393505704633, 42.261347766598448 ], [ -71.786669965045164, 42.260403353032636 ], [ -71.786392271945957, 42.259549937172558 ], [ -71.787018975814931, 42.259518873628473 ], [ -71.78707773824776, 42.25979931378027 ], [ -71.787150005225655, 42.25995211773462 ], [ -71.787189767282499, 42.260014447015578 ], [ -71.787270905118604, 42.260137043410062 ], [ -71.78738610443358, 42.260286995711006 ], [ -71.787463029448517, 42.260346488691461 ], [ -71.782104574904551, 42.264522605499195 ], [ -71.780199796815182, 42.265598160951079 ], [ -71.77901893412249, 42.266169754687141 ], [ -71.778672230493882, 42.26577681407116 ] ] ] ] } },
{ "type": "Feature", "properties": { "ZONECODE": null, "TOWN_ID": "348", "LOCAL_ZONE": null, "highdense": "Y" }, "geometry": { "type": "MultiPolygon", "coordinates": [ [ [ [ -71.809612694382224, 42.246884530805588 ], [ -71.809642935586567, 42.246507131223296 ], [ -71.809682736087424, 42.246155595915575 ], [ -71.809683697898578, 42.246147106140754 ], [ -71.809584211944355, 42.246140651800282 ], [ -71.8095872463104, 42.246102752457361 ], [ -71.809588748064414, 42.246083993241996 ], [ -71.809519632703697, 42.245645667669095 ], [ -71.809687846532697, 42.245604600467196 ], [ -71.809746542123975, 42.245592026947627 ], [ -71.809747783828954, 42.245581059675338 ], [ -71.809803142007311, 42.245092097431908 ], [ -71.809902656022473, 42.244531336304263 ], [ -71.809723789328615, 42.244111279668552 ], [ -71.809610130728615, 42.244139714427327 ], [ -71.809497704074801, 42.243805918445261 ], [ -71.809129953749562, 42.242755217370373 ], [ -71.809077988286433, 42.242607174958032 ], [ -71.8092081267081, 42.242597905268028 ], [ -71.80935095485529, 42.242587916112043 ], [ -71.809510614295533, 42.242573765212505 ], [ -71.809616736380519, 42.242562502589863 ], [ -71.809722385527607, 42.242549183944867 ], [ -71.809879919863306, 42.242525433795898 ], [ -71.809932275567036, 42.242517059195833 ], [ -71.810036514031921, 42.242498255801756 ], [ -71.810140053871592, 42.242478081232569 ], [ -71.810191703013814, 42.242466964288745 ], [ -71.810294306050253, 42.242444047977045 ], [ -71.810396209237055, 42.242419761398338 ], [ -71.810497409202441, 42.242393417629771 ], [ -71.810597676952085, 42.2423650199935 ], [ -71.8106965496209, 42.242334567043422 ], [ -71.810842874801466, 42.242284775727072 ], [ -71.810985949349558, 42.242230877726307 ], [ -71.81107830706182, 42.242190151587664 ], [ -71.811168348824395, 42.242147374449893 ], [ -71.811255601403843, 42.242101172833266 ], [ -71.811381723963265, 42.242026739279652 ], [ -71.811505992965451, 42.241950938546807 ], [ -71.811628409616205, 42.24187376973719 ], [ -71.811708938114649, 42.241821412618044 ], [ -71.811825786528345, 42.241738772242073 ], [ -71.811937543224801, 42.24165339964226 ], [ -71.812044202674116, 42.241563924581889 ], [ -71.812104408769116, 42.241509565204069 ], [ -71.812318480858352, 42.241322421625952 ], [ -71.812217999164744, 42.241540275565811 ], [ -71.811977071891462, 42.241993565780689 ], [ -71.81112683664449, 42.243518184294985 ], [ -71.811325557381124, 42.2440781357679 ], [ -71.810798987859599, 42.244160514068767 ], [ -71.810342440361396, 42.246428407311733 ], [ -71.810726519788247, 42.246375229320648 ], [ -71.811308715651563, 42.246294951429654 ], [ -71.81145454640928, 42.246793109260317 ], [ -71.811018241129844, 42.246803213763442 ], [ -71.811075183719964, 42.246960844383565 ], [ -71.809612694382224, 42.246884530805588 ] ] ] ] } },
{ "type": "Feature", "properties": { "ZONECODE": "321GR", "TOWN_ID": "321", "LOCAL_ZONE": "GR", "highdense": "Y" }, "geometry": { "type": "MultiPolygon", "coordinates": [ [ [ [ -71.746590768550703, 42.391417363000194 ], [ -71.746820860826233, 42.390859261939205 ], [ -71.74686409653637, 42.390754512228597 ], [ -71.747380513915573, 42.390868188312631 ], [ -71.747592663116777, 42.390914433827994 ], [ -71.747933383365691, 42.390985722253369 ], [ -71.748057010877886, 42.391008525379483 ], [ -71.748108707844935, 42.390980843009658 ], [ -71.748243207458685, 42.390921472399668 ], [ -71.748316324160413, 42.390887554336416 ], [ -71.74847031840163, 42.390815199937236 ], [ -71.74862431228938, 42.390742845330749 ], [ -71.748780023476598, 42.390672737491315 ], [ -71.748935543643682, 42.390602629852502 ], [ -71.748965282874366, 42.390589061389555 ], [ -71.748998259376407, 42.390482082369296 ], [ -71.749059147112476, 42.390282764726336 ], [ -71.749308122166866, 42.389467476472788 ], [ -71.749436166207943, 42.389408118423439 ], [ -71.74959034945779, 42.389336887423923 ], [ -71.749874284320853, 42.389206293968357 ], [ -71.749994536350926, 42.389144138850384 ], [ -71.750081452237623, 42.38909781087505 ], [ -71.750159422299603, 42.389044750215042 ], [ -71.750222908292955, 42.388975966176638 ], [ -71.750302629990628, 42.388886327915984 ], [ -71.750374195111931, 42.388797270017541 ], [ -71.750453097061921, 42.388692441281655 ], [ -71.750528216032038, 42.388590434086062 ], [ -71.750605182548085, 42.388476044025317 ], [ -71.750721590326904, 42.38830698876896 ], [ -71.750727816147247, 42.388297972447155 ], [ -71.750778199112403, 42.388226965948313 ], [ -71.750787447564861, 42.388214567001945 ], [ -71.750866717037169, 42.388106923803129 ], [ -71.750915205004929, 42.388036484044207 ], [ -71.750947216379089, 42.387974520282086 ], [ -71.750998383952506, 42.387862436888675 ], [ -71.751046510828274, 42.387749234758438 ], [ -71.75109385166121, 42.387629282251517 ], [ -71.751143627439433, 42.387501446993646 ], [ -71.751197161189097, 42.387364038075454 ], [ -71.751249396290191, 42.387234509377123 ], [ -71.751261806222786, 42.387205785985785 ], [ -71.751272156488326, 42.38718438183222 ], [ -71.75133522141769, 42.387058205474382 ], [ -71.751348967581649, 42.387031729843549 ], [ -71.751419615481723, 42.386903848852931 ], [ -71.751449025940914, 42.386855957427883 ], [ -71.751529941730141, 42.386733680650536 ], [ -71.751556358646624, 42.386696486517074 ], [ -71.751645072591799, 42.386578693985406 ], [ -71.751653001061314, 42.386568548540758 ], [ -71.751675092665138, 42.38654092927068 ], [ -71.751772356805319, 42.3864264939698 ], [ -71.751788603960094, 42.386408452897861 ], [ -71.751832822655317, 42.386362779654419 ], [ -71.751943780753194, 42.386256191647846 ], [ -71.751988969098221, 42.38621558027247 ], [ -71.752109433675855, 42.386114035335915 ], [ -71.752157477320907, 42.386075668327081 ], [ -71.752286691616774, 42.385979730752304 ], [ -71.752339108537626, 42.38594360476791 ], [ -71.75247669590712, 42.385853838012416 ], [ -71.752535755091444, 42.385818260035116 ], [ -71.75268077507549, 42.385736354136469 ], [ -71.752737010066824, 42.38570640898277 ], [ -71.752753865647705, 42.385698494542048 ], [ -71.752907080535124, 42.385625573116357 ], [ -71.752951779448921, 42.385605218646788 ], [ -71.752993645371845, 42.385588246424597 ], [ -71.753154680655285, 42.385525998252483 ], [ -71.75317703741888, 42.385517508973386 ], [ -71.753244307189036, 42.385494854034306 ], [ -71.753412785291133, 42.385443279899086 ], [ -71.753435906536538, 42.38543647690387 ], [ -71.753605914808801, 42.385387712477865 ], [ -71.753649697609546, 42.3853757998451 ], [ -71.753669980318975, 42.385370691077959 ], [ -71.753843434721432, 42.385329796120395 ], [ -71.753862203964516, 42.38532581600353 ], [ -71.754045716572634, 42.385285461221628 ], [ -71.754220511400703, 42.385247938770867 ], [ -71.754242124807988, 42.38524338963532 ], [ -71.754271891802532, 42.38523769713273 ], [ -71.754453539862553, 42.385205785910024 ], [ -71.75462855212254, 42.385175014430004 ], [ -71.754803564212409, 42.385144242683637 ], [ -71.75498540011904, 42.385111767530788 ], [ -71.75516723917417, 42.385080417428533 ], [ -71.755349270980673, 42.385049629283394 ], [ -71.755524667025455, 42.385019980931439 ], [ -71.755700251132467, 42.384990331893704 ], [ -71.755718835276639, 42.384987477230119 ], [ -71.755824456371471, 42.384970924940028 ], [ -71.755837539293537, 42.384968645160818 ], [ -71.755909228976734, 42.384960045650551 ], [ -71.755923075432634, 42.384958889509051 ], [ -71.756297310077201, 42.384925984192996 ], [ -71.756473298805147, 42.384902522473418 ], [ -71.756523368344631, 42.384896784132188 ], [ -71.756604745319265, 42.384890975955152 ], [ -71.756786490850033, 42.38488325575679 ], [ -71.756828040489353, 42.384882037678743 ], [ -71.757368023475991, 42.384874079081136 ], [ -71.757593231382984, 42.38486907375092 ], [ -71.757691882107665, 42.384864914151549 ], [ -71.757869258422588, 42.384856076681587 ], [ -71.758242033348381, 42.384837797801758 ], [ -71.758587309356031, 42.384822955552977 ], [ -71.758733941732473, 42.384813060491027 ], [ -71.758889476164626, 42.384799206503168 ], [ -71.759046710990347, 42.384783660458133 ], [ -71.759212653754432, 42.384763030525541 ], [ -71.759553646641422, 42.384721749398139 ], [ -71.759695111277097, 42.384701173982016 ], [ -71.759844711923932, 42.384674953289789 ], [ -71.759976864240812, 42.384650459845481 ], [ -71.760073727052017, 42.384627171363185 ], [ -71.760166205742024, 42.384598828655605 ], [ -71.760299395859747, 42.384550137557447 ], [ -71.760413639353274, 42.38450824126101 ], [ -71.760531626459539, 42.384453957569328 ], [ -71.760685975311503, 42.384383273865375 ], [ -71.76084107935219, 42.384311462894672 ], [ -71.76099580760274, 42.384240777911351 ], [ -71.761153563279251, 42.384167835155004 ], [ -71.761306588118572, 42.384098278962178 ], [ -71.761460173943718, 42.384027033270272 ], [ -71.761773981220941, 42.383882838150591 ], [ -71.76193344359298, 42.38381045310566 ], [ -71.76208722567462, 42.383740894141702 ], [ -71.762235704041302, 42.383673597750331 ], [ -71.762373568343008, 42.383609138734506 ], [ -71.762522402784924, 42.383536214426996 ], [ -71.762654008859371, 42.383472894696546 ], [ -71.762763816622979, 42.38341468865427 ], [ -71.763036578003778, 42.383257079631278 ], [ -71.763166998247456, 42.383182508555556 ], [ -71.763292285553149, 42.383105698383112 ], [ -71.7634306301902, 42.38302041808091 ], [ -71.763570866529463, 42.382934007930253 ], [ -71.763587144668179, 42.382924405196533 ], [ -71.76373080116889, 42.382839112359527 ], [ -71.764015844361495, 42.382670782041302 ], [ -71.764031744636824, 42.382661742784116 ], [ -71.76406146482212, 42.382645357057179 ], [ -71.764209512561436, 42.382566805615667 ], [ -71.764227876704055, 42.382557198000072 ], [ -71.764376504111638, 42.382481458376468 ], [ -71.76452816108818, 42.382404023573976 ], [ -71.764815001931396, 42.382258194050323 ], [ -71.764938808881212, 42.382190950914442 ], [ -71.76506033043988, 42.382122024888616 ], [ -71.765192622654112, 42.382042383115483 ], [ -71.765325486409168, 42.381963302543525 ], [ -71.765597612371025, 42.381793310022424 ], [ -71.765736894670724, 42.381706899398282 ], [ -71.76574825030913, 42.381700121090496 ], [ -71.765889434885423, 42.381614831232199 ], [ -71.765914797023427, 42.38160014311174 ], [ -71.76594565286446, 42.381583191594089 ], [ -71.766094074646048, 42.381504636834272 ], [ -71.766130614680122, 42.381485984100351 ], [ -71.766283039088464, 42.381411921223524 ], [ -71.766336253029039, 42.381387603099341 ], [ -71.766382659056532, 42.38136892744658 ], [ -71.766544052908273, 42.381307222270621 ], [ -71.766561858707135, 42.381300428939028 ], [ -71.766629119213093, 42.38127776615562 ], [ -71.76679757520381, 42.381226172378788 ], [ -71.766864473336412, 42.381207449011669 ], [ -71.766907879032757, 42.381197220206737 ], [ -71.767082463153272, 42.381159115958674 ], [ -71.767108625445459, 42.381153991164524 ], [ -71.767179343040254, 42.381141448155105 ], [ -71.767193566146901, 42.381139727106074 ], [ -71.767372571276539, 42.381115116313879 ], [ -71.767430030726601, 42.381108230693513 ], [ -71.767506849468887, 42.381102425383439 ], [ -71.767688579202215, 42.381094125295938 ], [ -71.767711534142791, 42.381093509214466 ], [ -71.767893466404232, 42.381088021699526 ], [ -71.767939758736546, 42.381087351233148 ], [ -71.768121904284314, 42.381087489595323 ], [ -71.768177500370442, 42.381088485372828 ], [ -71.768357208402691, 42.381095381125981 ], [ -71.768541467660697, 42.38110170330274 ], [ -71.768720985126748, 42.38110859893257 ], [ -71.769087227038469, 42.381121247150311 ], [ -71.769257445627346, 42.381127601016658 ], [ -71.769386288749047, 42.38113067546977 ], [ -71.769482471461075, 42.381127636869465 ], [ -71.769576921636059, 42.381118975512642 ], [ -71.769706425139546, 42.381098978444889 ], [ -71.769777348416838, 42.381090372069913 ], [ -71.769802383483054, 42.381088062673321 ], [ -71.769820379514144, 42.38108126839019 ], [ -71.769886502025628, 42.381059169040682 ], [ -71.769911136569519, 42.381051796497921 ], [ -71.770013086832435, 42.381022298266593 ], [ -71.77010762150708, 42.380988878638441 ], [ -71.770196829137078, 42.380952095400659 ], [ -71.77026006415521, 42.380920437165372 ], [ -71.770380644804405, 42.380854883734962 ], [ -71.770456139580844, 42.380806316372599 ], [ -71.770539741170765, 42.380745351079142 ], [ -71.770628226769915, 42.380673120763916 ], [ -71.770718011637285, 42.380594135238525 ], [ -71.770798505804464, 42.380516859528974 ], [ -71.770885012015071, 42.380425502765895 ], [ -71.770969809493977, 42.380334149959545 ], [ -71.771043615077886, 42.380245636351177 ], [ -71.771128718454605, 42.380137402491691 ], [ -71.771220614336812, 42.380020149775063 ], [ -71.771312134649477, 42.379904023214266 ], [ -71.771496494205948, 42.379669516055621 ], [ -71.771562915527369, 42.379584958238276 ], [ -71.771678775982792, 42.379437826861377 ], [ -71.771691796663134, 42.379421478575196 ], [ -71.77178749227275, 42.379305904430993 ], [ -71.772072501838977, 42.378961999779612 ], [ -71.772168570053779, 42.37884529907457 ], [ -71.772263509874321, 42.378730851651262 ], [ -71.772359012762323, 42.378615277465187 ], [ -71.772644581951724, 42.378270807330793 ], [ -71.772740084665401, 42.378155232813789 ], [ -71.772834831785687, 42.378040785353519 ], [ -71.772881828201236, 42.377983843824225 ], [ -71.773191921316467, 42.378090578665869 ], [ -71.773447860445472, 42.378178310476144 ], [ -71.773741927644124, 42.378351477450664 ], [ -71.773837206110457, 42.378403579398821 ], [ -71.773876650759647, 42.378355658223668 ], [ -71.773971964374823, 42.378240645806052 ], [ -71.77406727642979, 42.378125633309466 ], [ -71.774162398719071, 42.378010621182383 ], [ -71.77425713816632, 42.377895047211467 ], [ -71.774350168838481, 42.377778914559407 ], [ -71.774443389819609, 42.377663344048422 ], [ -71.774536418595943, 42.377547211242721 ], [ -71.77459208587463, 42.377477869483798 ], [ -71.7744994734567, 42.377428012486952 ], [ -71.774276555343633, 42.377298566405223 ], [ -71.773860683621933, 42.377036225573775 ], [ -71.774014428363671, 42.376789970901669 ], [ -71.774907290052411, 42.376971835391984 ], [ -71.775068125426628, 42.377004086077271 ], [ -71.774939711800968, 42.377097796929689 ], [ -71.774829382792547, 42.377205531291374 ], [ -71.774745162083931, 42.377296322976399 ], [ -71.774789470318737, 42.377407063960376 ], [ -71.775019682890388, 42.377947806356339 ], [ -71.775080311883627, 42.378102959448043 ], [ -71.775045601116005, 42.378235833499943 ], [ -71.775012026704943, 42.378368142146876 ], [ -71.774978454603968, 42.37850101344813 ], [ -71.774944882362163, 42.378633884735606 ], [ -71.774911500615659, 42.378766755553762 ], [ -71.774877925643239, 42.378899064145649 ], [ -71.774844352979699, 42.379031935391801 ], [ -71.774810780175358, 42.379164806624154 ], [ -71.774780005702723, 42.379286980355886 ], [ -71.774874164190052, 42.379299134269168 ], [ -71.775633705126609, 42.379398598470125 ], [ -71.775719315473111, 42.379408521474694 ], [ -71.775724300587882, 42.379420325679433 ], [ -71.775761121414533, 42.379510265252136 ], [ -71.775818452451915, 42.379647982921483 ], [ -71.775801663860804, 42.379713856005338 ], [ -71.775768095160018, 42.379847290163632 ], [ -71.775734710829184, 42.379979598518325 ], [ -71.775701144303383, 42.380113595316928 ], [ -71.775667567809677, 42.380245341430168 ], [ -71.775598559453641, 42.380518403511928 ], [ -71.775563094436251, 42.380652404799946 ], [ -71.775527997062738, 42.380783591823786 ], [ -71.775492532961977, 42.380917593079097 ], [ -71.775457248321317, 42.381049343194796 ], [ -71.775422337483548, 42.381179967053299 ], [ -71.775388180526051, 42.381309463745417 ], [ -71.775355164890499, 42.38143952036544 ], [ -71.775321589428131, 42.38157182900575 ], [ -71.775287641109315, 42.381705826544703 ], [ -71.775254062911941, 42.381837572489644 ], [ -71.775220487027497, 42.381969881088487 ], [ -71.775153339741863, 42.382235623580051 ], [ -71.775119951631382, 42.382367369014055 ], [ -71.775086377637464, 42.38250024022539 ], [ -71.774985841794617, 42.38289829065625 ], [ -71.774955256494891, 42.383020463874836 ], [ -71.774928095564249, 42.383144879592983 ], [ -71.774869681773396, 42.38341228899391 ], [ -71.774840658006099, 42.383544586555992 ], [ -71.77480586941877, 42.383703906193062 ], [ -71.774797103154071, 42.383738812873517 ], [ -71.774795629310859, 42.383748944512618 ], [ -71.774793219313011, 42.383761891753842 ], [ -71.774759048984279, 42.383932463357056 ], [ -71.774733063057184, 42.384065316294283 ], [ -71.774706892479117, 42.384199295008628 ], [ -71.774680531137491, 42.384333274168092 ], [ -71.774654170898742, 42.384467253314469 ], [ -71.774625576471934, 42.384611365899978 ], [ -71.774598084275311, 42.384747035745562 ], [ -71.774570579726415, 42.38487989224388 ], [ -71.774543268163725, 42.385013310943975 ], [ -71.774527844483643, 42.38508818326801 ], [ -71.774510570409433, 42.385173750792021 ], [ -71.774489769110502, 42.385277332264707 ], [ -71.774462647879758, 42.385411313151728 ], [ -71.774435527748537, 42.385545294025341 ], [ -71.774408595730876, 42.385679274439553 ], [ -71.774354346346342, 42.385945548135737 ], [ -71.774327225757446, 42.386079528967429 ], [ -71.774273359465923, 42.38634692703193 ], [ -71.774246233645741, 42.386479782497979 ], [ -71.774219299600958, 42.386613200169215 ], [ -71.774192177226297, 42.38674718095146 ], [ -71.774165245397384, 42.386881161268889 ], [ -71.774110993960761, 42.387147434776942 ], [ -71.774084246352018, 42.387280289277818 ], [ -71.774067712988, 42.387361916215532 ], [ -71.774030001559794, 42.387548250724173 ], [ -71.774003069047311, 42.387682230978996 ], [ -71.773975940874166, 42.387815086343522 ], [ -71.773948632903782, 42.387950192816255 ], [ -71.773921132925935, 42.388084737062414 ], [ -71.773893625508194, 42.388217593297199 ], [ -71.773811864022846, 42.388616722798467 ], [ -71.773784368345332, 42.388752392324939 ], [ -71.773756860350844, 42.388885248506639 ], [ -71.773647786672299, 42.389418921535487 ], [ -71.773620094749305, 42.389553466117647 ], [ -71.773592774293022, 42.389685759115544 ], [ -71.773565462260933, 42.38982030277252 ], [ -71.773538140361083, 42.389952595752192 ], [ -71.773510828097812, 42.390087139387937 ], [ -71.773483507183172, 42.390219432343628 ], [ -71.773455634853718, 42.390356227978103 ], [ -71.77342718915888, 42.390491899618837 ], [ -71.773370464933208, 42.390758178417386 ], [ -71.773342012788618, 42.390892724694311 ], [ -71.773313741452228, 42.391025019841045 ], [ -71.77328602984619, 42.391155062958056 ], [ -71.773259833794484, 42.391284539793048 ], [ -71.77323383683661, 42.391416266834263 ], [ -71.773207657615629, 42.39154968231481 ], [ -71.773181290044306, 42.391683660904356 ], [ -71.773154923575788, 42.391817639480855 ], [ -71.773129482393088, 42.391946551801055 ], [ -71.773105940581814, 42.392075459603838 ], [ -71.773057379921795, 42.392343406785962 ], [ -71.77303309943764, 42.392477380363111 ], [ -71.773008624520827, 42.392610229047797 ], [ -71.772984534509561, 42.392744202154056 ], [ -71.772960071552404, 42.392879864151702 ], [ -71.772935785791489, 42.393012712359109 ], [ -71.77292633111368, 42.393064500610812 ], [ -71.77073650035139, 42.392782147951138 ], [ -71.770759121649803, 42.392658306878964 ], [ -71.770783221162148, 42.392525459567146 ], [ -71.770807319373986, 42.392392049576941 ], [ -71.770831978629289, 42.392256950240572 ], [ -71.770856266098193, 42.392123539785914 ], [ -71.770904837100147, 42.39185615618527 ], [ -71.770929306478152, 42.391721057257328 ], [ -71.770957352588169, 42.391579197831561 ], [ -71.770983538975926, 42.391446345528863 ], [ -71.771009908681052, 42.391311804767462 ], [ -71.771036094848029, 42.391178952444605 ], [ -71.771062653788903, 42.391044411216548 ], [ -71.77109034091599, 42.390907616631026 ], [ -71.771119725806827, 42.390768567344978 ], [ -71.771148187449, 42.390635146945378 ], [ -71.771176460716831, 42.39050228965062 ], [ -71.771233193935473, 42.390236011914801 ], [ -71.771260528024101, 42.390105407489621 ], [ -71.771287664076425, 42.389973115503359 ], [ -71.771315172885267, 42.389839134610256 ], [ -71.771342116836209, 42.389706280382995 ], [ -71.771369816082668, 42.38957229901898 ], [ -71.771396759805597, 42.389439444770758 ], [ -71.771424644639694, 42.389304900274539 ], [ -71.771451965835055, 42.389171482441789 ], [ -71.771561248251075, 42.388637811007833 ], [ -71.771588758322025, 42.388504392675017 ], [ -71.77161607882644, 42.388370974778731 ], [ -71.77169803601339, 42.387970158362279 ], [ -71.771725543084571, 42.38783617730931 ], [ -71.771752678408035, 42.387703885141462 ], [ -71.771779807559454, 42.387570467632045 ], [ -71.771806937810837, 42.387437050109263 ], [ -71.771833690261431, 42.387304196141002 ], [ -71.771871406789856, 42.387117862342436 ], [ -71.7718877558965, 42.387036798829513 ], [ -71.771914696245815, 42.3869033817126 ], [ -71.771969141302179, 42.386635983440051 ], [ -71.771995893074333, 42.386503129409654 ], [ -71.772023016350573, 42.386368586471761 ], [ -71.772049958555428, 42.38623573196994 ], [ -71.772077273471041, 42.386101751230299 ], [ -71.772130964230584, 42.385835479958253 ], [ -71.7721582763768, 42.385700936519861 ], [ -71.77221253235578, 42.385434101173793 ], [ -71.772239283110025, 42.385301247050201 ], [ -71.772266596010269, 42.385166703566739 ], [ -71.772293346538206, 42.385033849422449 ], [ -71.772314338361639, 42.384929705224195 ], [ -71.772331990576021, 42.384843011789819 ], [ -71.772347785962467, 42.384765888188809 ], [ -71.772375103256309, 42.384632469997882 ], [ -71.772402609874064, 42.384499051347909 ], [ -71.772425092573101, 42.384388714181554 ], [ -71.772277394118277, 42.384546612260458 ], [ -71.77182610547294, 42.385058023767471 ], [ -71.769462124969479, 42.384318042279247 ], [ -71.769463222073639, 42.384130669557337 ], [ -71.769466568609616, 42.38358093002428 ], [ -71.769468470344464, 42.383226441430814 ], [ -71.769470966516906, 42.382833126957799 ], [ -71.769471984606795, 42.382671637329963 ], [ -71.769472203784488, 42.382633937703211 ], [ -71.769473130609128, 42.382451066694003 ], [ -71.769367697112841, 42.382465380406046 ], [ -71.769352683615111, 42.382459788819489 ], [ -71.769282939601027, 42.382434069092092 ], [ -71.768914239384983, 42.38242480327154 ], [ -71.76770440333965, 42.38240961893662 ], [ -71.767662853878008, 42.382052418017494 ], [ -71.767659112633694, 42.382020354337826 ], [ -71.767658690414578, 42.381920762129717 ], [ -71.767575031910511, 42.381924332750863 ], [ -71.767396024573245, 42.381948943854248 ], [ -71.767221438464915, 42.381987048571887 ], [ -71.76713237660941, 42.382014263701627 ], [ -71.767160977815166, 42.382092408893975 ], [ -71.7673653094717, 42.382805404044959 ], [ -71.767377823217075, 42.382848138135316 ], [ -71.767366273347335, 42.382853791706879 ], [ -71.767264609548832, 42.382907481856968 ], [ -71.767156546305813, 42.382973002913332 ], [ -71.767023886432483, 42.383055461148089 ], [ -71.766746080367341, 42.383228846197674 ], [ -71.7667282906867, 42.383239578228817 ], [ -71.766588235533234, 42.38332317844332 ], [ -71.766448182384892, 42.383407341153557 ], [ -71.766422631371498, 42.383422592494817 ], [ -71.766278203973471, 42.383504514430967 ], [ -71.766258137259271, 42.383515251657947 ], [ -71.766110853547033, 42.383594929298383 ], [ -71.766084159800826, 42.383609057860049 ], [ -71.765785387867567, 42.38376110746109 ], [ -71.765633729179143, 42.383838543897184 ], [ -71.765492862602088, 42.383910328499397 ], [ -71.765377189614611, 42.383971926708909 ], [ -71.765115232982822, 42.384126140327417 ], [ -71.764982364429571, 42.384205220618767 ], [ -71.76485045460781, 42.384286549240009 ], [ -71.764706240957537, 42.38437522076299 ], [ -71.764565621740587, 42.384461070472931 ], [ -71.764539123797249, 42.384476886240726 ], [ -71.764396588382027, 42.384558801435645 ], [ -71.764104137411053, 42.384727149612324 ], [ -71.764074416260129, 42.384743535342778 ], [ -71.763926363266691, 42.384822086572768 ], [ -71.763897017415644, 42.384837346050098 ], [ -71.763885465658333, 42.384842999272657 ], [ -71.763736626228365, 42.384914799984095 ], [ -71.763587789945419, 42.384987725839771 ], [ -71.763566771538819, 42.384997902099016 ], [ -71.76341280676661, 42.385069714127496 ], [ -71.763402012768125, 42.385074802893421 ], [ -71.763243114868544, 42.385146625985406 ], [ -71.763089897837048, 42.385215622502791 ], [ -71.762938767970994, 42.385284614044963 ], [ -71.76263139665113, 42.385425984232732 ], [ -71.762473450101083, 42.385498929426809 ], [ -71.762320425497933, 42.385569049817313 ], [ -71.762166834565178, 42.38563973396564 ], [ -71.762011915882837, 42.385710983603296 ], [ -71.761857564061131, 42.385781669067711 ], [ -71.761701889243781, 42.38585348267776 ], [ -71.761536931878567, 42.385929255883596 ], [ -71.761507384957611, 42.385942264511343 ], [ -71.761441460182965, 42.385968297264604 ], [ -71.761279848399198, 42.386027182314585 ], [ -71.761116342888073, 42.386087196779023 ], [ -71.761049644850473, 42.386109855024593 ], [ -71.760881360637526, 42.386161439903447 ], [ -71.760813887173143, 42.386180161060629 ], [ -71.760798154078003, 42.386184135429737 ], [ -71.76062489480816, 42.386225603098737 ], [ -71.760571052858069, 42.386236978491702 ], [ -71.760555506855482, 42.386240389731135 ], [ -71.760378987045527, 42.386273424321153 ], [ -71.760360402734165, 42.386276279736656 ], [ -71.760183113238725, 42.386307065076252 ], [ -71.760146138768917, 42.386313338074586 ], [ -71.759967501986225, 42.386339624745744 ], [ -71.75993033218316, 42.386344772770521 ], [ -71.759570745326371, 42.386388347619423 ], [ -71.759391331816502, 42.386410133765487 ], [ -71.759363450049221, 42.386413009978185 ], [ -71.759182883438086, 42.386431422361923 ], [ -71.759164485065384, 42.386433151819787 ], [ -71.758983718445492, 42.386449313650495 ], [ -71.758951281582469, 42.386451637342688 ], [ -71.758769739714438, 42.386463861873032 ], [ -71.758732748869008, 42.386466195744724 ], [ -71.758373613678728, 42.386481632200379 ], [ -71.758017143517037, 42.386498749576745 ], [ -71.757832933966569, 42.386508165246788 ], [ -71.75781965324424, 42.386508757676928 ], [ -71.757692540556022, 42.3865135437959 ], [ -71.757674516415406, 42.386514146831999 ], [ -71.7574181884534, 42.386520347276658 ], [ -71.756892610062394, 42.386527711249592 ], [ -71.756797941118066, 42.386531861270917 ], [ -71.756655325489589, 42.386550747656045 ], [ -71.7566052546549, 42.386556486052946 ], [ -71.756591407862274, 42.386557642276209 ], [ -71.756234805519028, 42.386589383910803 ], [ -71.756187397346082, 42.38659680421415 ], [ -71.75601484271867, 42.386625884563522 ], [ -71.755839633117233, 42.386655533229238 ], [ -71.75566650861866, 42.386684614322235 ], [ -71.755493577962071, 42.386714820068981 ], [ -71.755318561868663, 42.386745592855114 ], [ -71.755137099275288, 42.38677750501347 ], [ -71.754962082835547, 42.386808277257039 ], [ -71.754812664576605, 42.386834491170497 ], [ -71.754667820622117, 42.38686575881858 ], [ -71.754507053410578, 42.38690100021158 ], [ -71.754375491049814, 42.386932238113708 ], [ -71.754248883068982, 42.386968528970748 ], [ -71.754137636563939, 42.387002535071851 ], [ -71.75406469504378, 42.387030829771007 ], [ -71.753991212288568, 42.387065877688251 ], [ -71.753912454916161, 42.387110502629625 ], [ -71.753831832212086, 42.387163009045935 ], [ -71.753753885638886, 42.387220573555645 ], [ -71.753680130932679, 42.387282630149926 ], [ -71.753623235465568, 42.387337334795674 ], [ -71.753569788726111, 42.387400471899433 ], [ -71.753509579833775, 42.387480504048234 ], [ -71.753458653559576, 42.387557139683125 ], [ -71.753410992264079, 42.387643333534641 ], [ -71.753366942000767, 42.387731207430733 ], [ -71.753326548118437, 42.387831452050932 ], [ -71.753277342576467, 42.387958724323553 ], [ -71.753225879068523, 42.388090502918743 ], [ -71.753174785219159, 42.38822002998387 ], [ -71.753168019529596, 42.388236362366946 ], [ -71.753113128100665, 42.38836533508259 ], [ -71.753106169458093, 42.388381105213554 ], [ -71.753043531972949, 42.388518535013276 ], [ -71.75302866510367, 42.388549514680761 ], [ -71.752967655846533, 42.38866724732349 ], [ -71.75295691902852, 42.388686964455772 ], [ -71.752926943798798, 42.38873598283233 ], [ -71.752920531051231, 42.388745562355815 ], [ -71.752838088313169, 42.388865592720329 ], [ -71.752822046056721, 42.388887572185098 ], [ -71.752739192497529, 42.388999725965618 ], [ -71.752696548024559, 42.38906002554787 ], [ -71.752585615254844, 42.389221193351602 ], [ -71.752506387828973, 42.389338965716455 ], [ -71.752487330693, 42.389366015796831 ], [ -71.752395605288797, 42.389490567568515 ], [ -71.752307079330365, 42.389608360182159 ], [ -71.752298583256419, 42.389619069580824 ], [ -71.75229197515705, 42.389627524151017 ], [ -71.752199077320299, 42.389743638245818 ], [ -71.752170558373322, 42.389777461072612 ], [ -71.752066844138213, 42.389893598758292 ], [ -71.752058154035694, 42.389903183219204 ], [ -71.751954987539676, 42.390014255551442 ], [ -71.751921347993402, 42.390048652197493 ], [ -71.751882776301827, 42.390083622301447 ], [ -71.751793517351317, 42.390160903717096 ], [ -71.751743767341196, 42.390200399608531 ], [ -71.75171103119601, 42.39022354077396 ], [ -71.751535788307038, 42.390343210436995 ], [ -71.751515537468649, 42.390356758829462 ], [ -71.751459313464849, 42.390390642025274 ], [ -71.751429586386436, 42.390407024469582 ], [ -71.751281504479181, 42.390485559333939 ], [ -71.751270900280744, 42.390491209209365 ], [ -71.751121296628966, 42.390568621844075 ], [ -71.751102548047228, 42.390578228180622 ], [ -71.751072055029084, 42.390592924186905 ], [ -71.750762358807734, 42.390735392811344 ], [ -71.750609690958697, 42.390806059388126 ], [ -71.750453613146561, 42.390878421198039 ], [ -71.750298479021765, 42.39094965539789 ], [ -71.75013842248535, 42.391023713446337 ], [ -71.749979494387659, 42.391095518130108 ], [ -71.749823406795059, 42.391166191075449 ], [ -71.749512552546648, 42.39130584544543 ], [ -71.749356463910175, 42.39137651775382 ], [ -71.749209842601616, 42.391442105300193 ], [ -71.748905450387866, 42.391585120051744 ], [ -71.748832334408746, 42.39161903848116 ], [ -71.748811307773281, 42.391628649365522 ], [ -71.748720757587066, 42.391668794806421 ], [ -71.748563583362156, 42.391753535170281 ], [ -71.748382927562886, 42.39185070478009 ], [ -71.748259478462018, 42.391921867804669 ], [ -71.74813508818454, 42.391995283411383 ], [ -71.748021508642893, 42.392066987567503 ], [ -71.74790056417622, 42.392147710222851 ], [ -71.747781703727881, 42.39222786558998 ], [ -71.747674407495353, 42.392305182585822 ], [ -71.747558803124036, 42.392393208114299 ], [ -71.747426740196872, 42.392494210360155 ], [ -71.747296372226259, 42.392592395450542 ], [ -71.74690866496195, 42.392881878484623 ], [ -71.746781317520046, 42.392976117797247 ], [ -71.746654161363608, 42.393070919227611 ], [ -71.746523412063439, 42.393169104241018 ], [ -71.746396063465752, 42.39326334312085 ], [ -71.746009483774685, 42.39355225797582 ], [ -71.745882323103885, 42.393646495873497 ], [ -71.745754976966339, 42.393741859366756 ], [ -71.745624222684995, 42.393839480676021 ], [ -71.745496871389719, 42.393933718545725 ], [ -71.74540755856205, 42.394012350833655 ], [ -71.744335980147142, 42.393631753259484 ], [ -71.744452932974596, 42.39354488409726 ], [ -71.744581416525577, 42.393448956955268 ], [ -71.744709900900247, 42.393353029665001 ], [ -71.744838387066849, 42.393257664895991 ], [ -71.744966870660747, 42.393161737314486 ], [ -71.745095163182441, 42.393065809993402 ], [ -71.745223648181224, 42.392970444787721 ], [ -71.745352130603862, 42.392874516769503 ], [ -71.745480611421158, 42.392778588608216 ], [ -71.745609093062114, 42.392682660298703 ], [ -71.745737576503032, 42.392587294510513 ], [ -71.745865866683587, 42.392491366317103 ], [ -71.745994347153285, 42.392395437570904 ], [ -71.746122829426398, 42.39230007134605 ], [ -71.74619800463347, 42.392243941367205 ], [ -71.74625130911538, 42.392204142308586 ], [ -71.746379787199018, 42.392108213128083 ], [ -71.746508266106318, 42.392012283799346 ], [ -71.746635796090899, 42.391916356357875 ], [ -71.74676275046896, 42.391819304662832 ], [ -71.746889707871972, 42.391722815489885 ], [ -71.74694666655499, 42.391681618238273 ], [ -71.746876057243739, 42.391628878590403 ], [ -71.746590768550703, 42.391417363000194 ] ], [ [ -71.772219729874479, 42.382394523409083 ], [ -71.772712883399933, 42.382575661793474 ], [ -71.773823880943013, 42.382593279422977 ], [ -71.774066416119325, 42.381686797667271 ], [ -71.774083571243551, 42.381617547956807 ], [ -71.772768748840534, 42.381540772856042 ], [ -71.772525879865782, 42.381231315237628 ], [ -71.772320406997878, 42.380969595842529 ], [ -71.771982805375458, 42.380822411226497 ], [ -71.771908823118977, 42.380913739212481 ], [ -71.771873907152752, 42.380956584915339 ], [ -71.771827086157188, 42.381010712205331 ], [ -71.771796869488554, 42.381043418656866 ], [ -71.771765703216076, 42.381076127343071 ], [ -71.771734156846222, 42.381108274244646 ], [ -71.77170166087069, 42.381140423379698 ], [ -71.771668401089457, 42.381171448961588 ], [ -71.771634382344558, 42.38120247632537 ], [ -71.771599791643794, 42.381232942355325 ], [ -71.771564441977915, 42.381263410165992 ], [ -71.771528139076821, 42.381292754867928 ], [ -71.771491454863465, 42.381321537784359 ], [ -71.771454010469768, 42.381350322482298 ], [ -71.771415995333953, 42.381378545840619 ], [ -71.77137721881229, 42.38140620830837 ], [ -71.771337679690603, 42.381433309887683 ], [ -71.771297569827397, 42.381459850125431 ], [ -71.771256889223039, 42.381485829020995 ], [ -71.771215637866447, 42.3815118092473 ], [ -71.771173623921797, 42.381536665908882 ], [ -71.771131227453154, 42.381560960782807 ], [ -71.771088261446693, 42.38158525698276 ], [ -71.771044721070709, 42.381608429172523 ], [ -71.77100060995636, 42.381631040016401 ], [ -71.770955739873926, 42.381653652630497 ], [ -71.770901207496891, 42.381679664017611 ], [ -71.770874473694647, 42.381905359019967 ], [ -71.772219729874479, 42.382394523409083 ] ] ] ] } },
{ "type": "Feature", "properties": { "ZONECODE": "AA", "TOWN_ID": "328", "LOCAL_ZONE": null, "highdense": "Y" }, "geometry": { "type": "MultiPolygon", "coordinates": [ [ [ [ -71.631708800980491, 42.287611456677624 ], [ -71.632653927475218, 42.287599392851718 ], [ -71.632654211209442, 42.287599396125287 ], [ -71.632654218546804, 42.287599425826436 ], [ -71.632665838034967, 42.287636427928163 ], [ -71.632667478767786, 42.287648088420291 ], [ -71.632668651553914, 42.28765631933905 ], [ -71.632670054716897, 42.287664549991661 ], [ -71.632671226291166, 42.287672780911727 ], [ -71.63267239907826, 42.287681011830365 ], [ -71.63267380224228, 42.287689242482905 ], [ -71.632674973817501, 42.287697473402858 ], [ -71.632676092181043, 42.287704036142621 ], [ -71.632676116733364, 42.287704180161043 ], [ -71.632676141285671, 42.287704324179472 ], [ -71.632676376982218, 42.287705704055398 ], [ -71.632677780147361, 42.28771393470786 ], [ -71.63267918331286, 42.28772216536025 ], [ -71.632680586478699, 42.287730396012698 ], [ -71.632681989644922, 42.287738626665067 ], [ -71.632684093562204, 42.287750286621801 ], [ -71.632685496729323, 42.287758517274085 ], [ -71.632687130273752, 42.287766747660214 ], [ -71.632688533441637, 42.287774978312498 ], [ -71.632690168199446, 42.287783208697213 ], [ -71.632691571368099, 42.287791439349348 ], [ -71.632693204914162, 42.287799669735399 ], [ -71.632694839673206, 42.287807900120001 ], [ -71.632697404349472, 42.287819559544111 ], [ -71.632699039109582, 42.287827789928649 ], [ -71.632700672657606, 42.287836020314444 ], [ -71.632702307418569, 42.287844250698946 ], [ -71.632704172557226, 42.287852480817214 ], [ -71.632705806106515, 42.287860711202953 ], [ -71.632707671246123, 42.287868941321172 ], [ -71.63271023713979, 42.287880600743449 ], [ -71.632712102280507, 42.287888830861526 ], [ -71.632713967421779, 42.287897060979589 ], [ -71.63271583256352, 42.287905291097545 ], [ -71.632717697705743, 42.287913521215529 ], [ -71.632720493980628, 42.287925180371325 ], [ -71.632722589501583, 42.287933410223033 ], [ -71.632724454645526, 42.28794164034084 ], [ -71.632726319789953, 42.287949870458554 ], [ -71.632728416525012, 42.287958100308735 ], [ -71.632731443181569, 42.287969759197985 ], [ -71.632733539917993, 42.287977989047988 ], [ -71.632735635442444, 42.287986218899363 ], [ -71.632737732179933, 42.287994448749252 ], [ -71.63274099043214, 42.28800610827092 ], [ -71.632743085958495, 42.288014338122068 ], [ -71.632745182697889, 42.288022567971836 ], [ -71.632747509815786, 42.288030797555308 ], [ -71.632750768069826, 42.288042456176299 ], [ -71.632753095189159, 42.288050685759622 ], [ -71.632755190718584, 42.288058915610492 ], [ -71.632757517839124, 42.288067145193736 ], [ -71.632761007687492, 42.288078803546689 ], [ -71.632763334809511, 42.28808703312977 ], [ -71.632765892310289, 42.288095262446504 ], [ -71.632769382161783, 42.288106920799159 ], [ -71.632771709285919, 42.288115150381998 ], [ -71.632774266788928, 42.288123379698504 ], [ -71.632777987021825, 42.288135037784585 ], [ -71.632780545738981, 42.288143267099542 ], [ -71.632782872865917, 42.288151496682119 ], [ -71.632786823480473, 42.288163154501525 ], [ -71.632789382199917, 42.288171383816199 ], [ -71.632793332816888, 42.288183041635385 ], [ -71.632795891538052, 42.28819127094993 ], [ -71.632798449047314, 42.288199500265804 ], [ -71.632802631258841, 42.288211157816839 ], [ -71.632805189982292, 42.28821938713115 ], [ -71.632809372196363, 42.288231044681901 ], [ -71.63281216130018, 42.288239273729694 ], [ -71.632816343516865, 42.288250931280153 ], [ -71.632819132622544, 42.288259160327677 ], [ -71.632823314841815, 42.288270817877894 ], [ -71.632826103949213, 42.288279046925219 ], [ -71.632830516549987, 42.288290704208727 ], [ -71.63283330565919, 42.288298933255881 ], [ -71.632837719475248, 42.288310590537655 ], [ -71.632840738965271, 42.288318819318199 ], [ -71.63284515644807, 42.288330489199524 ], [ -71.632848172276013, 42.288338705379971 ], [ -71.632852816476642, 42.288350362394695 ], [ -71.632855837183016, 42.288358591173349 ], [ -71.632884259202029, 42.28842575341011 ], [ -71.632963438800843, 42.288612856847877 ], [ -71.633004406387599, 42.288709663755611 ], [ -71.633009744210696, 42.288721319960139 ], [ -71.633013225716297, 42.2887295482006 ], [ -71.633018563542763, 42.288741204404644 ], [ -71.633024131751725, 42.28875286034171 ], [ -71.633029468369671, 42.28876451654655 ], [ -71.633035036582683, 42.288776172483018 ], [ -71.633040374417135, 42.288787828685926 ], [ -71.633045942634268, 42.288799484621798 ], [ -71.63305151085342, 42.288811140557357 ], [ -71.633055452900493, 42.288818682240404 ], [ -71.63306102112314, 42.288830338175472 ], [ -71.633066589347791, 42.288841994110214 ], [ -71.633070532611143, 42.288849535791321 ], [ -71.633074474662834, 42.288857077473686 ], [ -71.633078187777826, 42.288865305443736 ], [ -71.633082131045867, 42.288872848024674 ], [ -71.633086073098553, 42.288880388806312 ], [ -71.63309001636658, 42.288887930486673 ], [ -71.633095814982823, 42.288899586152993 ], [ -71.633099758255099, 42.288907128733307 ], [ -71.633103701757449, 42.288915356435453 ], [ -71.633107645029767, 42.288922898115196 ], [ -71.633111818684242, 42.288930439527824 ], [ -71.633115760745952, 42.288937981208647 ], [ -71.633119704021126, 42.288945522887907 ], [ -71.633123877678528, 42.288953064300095 ], [ -71.633128052780776, 42.288961291732996 ], [ -71.633131994846366, 42.288968833413236 ], [ -71.633136168506766, 42.288976374824898 ], [ -71.63314034216819, 42.288983916236432 ], [ -71.633144515830608, 42.288991457647796 ], [ -71.633148689494007, 42.288998999058983 ], [ -71.633152863158415, 42.289006540470005 ], [ -71.633157038267981, 42.289014767901797 ], [ -71.633161211934421, 42.289022309312486 ], [ -71.633165385601856, 42.289029850723033 ], [ -71.633169790864414, 42.289037391864952 ], [ -71.633173964533881, 42.289044933275164 ], [ -71.6331783697985, 42.289052474416735 ], [ -71.633182543469999, 42.289060015826571 ], [ -71.63318694752418, 42.289067556969201 ], [ -71.633191351579427, 42.28907509811166 ], [ -71.633195756848295, 42.289082639252506 ], [ -71.633200162118172, 42.28909018039316 ], [ -71.633204566176559, 42.289097721535079 ], [ -71.633208971448525, 42.289105262675406 ], [ -71.633213375509044, 42.289112803816941 ], [ -71.6332177795706, 42.289120344958313 ], [ -71.633222184845721, 42.2891278860981 ], [ -71.633226820503921, 42.289135426970496 ], [ -71.633231225781174, 42.289142968109871 ], [ -71.633232869547413, 42.28915600063219 ], [ -71.633232664602147, 42.289155988265826 ], [ -71.633221780663959, 42.289155327469132 ], [ -71.633210691780747, 42.289154654304994 ], [ -71.633199831835128, 42.289153294851772 ], [ -71.633188973102548, 42.289151935396127 ], [ -71.633177882775897, 42.289150576207923 ], [ -71.633167252981991, 42.289148530462263 ], [ -71.633156391594184, 42.289146484984101 ], [ -71.633145761801686, 42.289144439236431 ], [ -71.633135130565918, 42.28914170746696 ], [ -71.633124730925587, 42.289138975428095 ], [ -71.633109245445254, 42.289134877235952 ], [ -71.63309884436363, 42.289131459173895 ], [ -71.633088904046986, 42.289128040577083 ], [ -71.633078964943977, 42.289124621977962 ], [ -71.633069023186295, 42.289120517358555 ], [ -71.633059313024361, 42.289116412470023 ], [ -71.633040586274888, 42.289108201887302 ], [ -71.633031105055693, 42.289103410708719 ], [ -71.633022087026688, 42.289098618992959 ], [ -71.633013067786507, 42.289093827277924 ], [ -71.633004280142046, 42.289089035294054 ], [ -71.632995722650804, 42.289083557020554 ], [ -71.632987395542798, 42.289078078479683 ], [ -71.632979298817986, 42.289072599671563 ], [ -71.632971203307093, 42.289067120861439 ], [ -71.632963567118964, 42.289060955496566 ], [ -71.632955932144824, 42.289054790129761 ], [ -71.632948527553808, 42.289048624495841 ], [ -71.632938113748281, 42.289039718253314 ], [ -71.632931400076416, 42.289032865796187 ], [ -71.632924687618512, 42.289026013337278 ], [ -71.632915889899408, 42.289016419200294 ], [ -71.632839360002635, 42.288928948008852 ], [ -71.632815476359497, 42.288901649957033 ], [ -71.632579110839458, 42.288631491424233 ], [ -71.632391177458828, 42.288416687773392 ], [ -71.632327078006625, 42.288343422921812 ], [ -71.632280744336015, 42.288290330232577 ], [ -71.632143466054913, 42.288133025309556 ], [ -71.63197948652558, 42.287936262277398 ], [ -71.631863415407267, 42.287796985305917 ], [ -71.631800826581227, 42.287721881822854 ], [ -71.631708800980491, 42.287611456677624 ] ] ] ] } },
{ "type": "Feature", "properties": { "ZONECODE": null, "TOWN_ID": "348", "LOCAL_ZONE": null, "highdense": "Y" }, "geometry": { "type": "MultiPolygon", "coordinates": [ [ [ [ -71.81106952836555, 42.236170216805505 ], [ -71.811617234957694, 42.236081605248366 ], [ -71.811660181675734, 42.236413530145342 ], [ -71.811712419487975, 42.236663791717383 ], [ -71.8117871848725, 42.23694280371695 ], [ -71.811881098785307, 42.237219707341957 ], [ -71.812000389987688, 42.237494484720699 ], [ -71.812087608432762, 42.237676732748035 ], [ -71.812567225949579, 42.237912795886601 ], [ -71.814336640943267, 42.235368948104259 ], [ -71.815420240489701, 42.235883247170413 ], [ -71.816379745171545, 42.234929761568758 ], [ -71.816438620912379, 42.234934400655504 ], [ -71.81648745690967, 42.23459261992133 ], [ -71.816948407964318, 42.234628350998989 ], [ -71.816864730191014, 42.235241255863841 ], [ -71.815473420553957, 42.236615100625045 ], [ -71.815392356815536, 42.236696961413323 ], [ -71.815407708167953, 42.23681354507324 ], [ -71.815396300879229, 42.236932946373798 ], [ -71.815429621088825, 42.237089272452423 ], [ -71.815515971392458, 42.237234473554999 ], [ -71.815577229844436, 42.237300166288762 ], [ -71.815649762723069, 42.237358964951717 ], [ -71.815719765620983, 42.237419144394494 ], [ -71.815782862786165, 42.237483457192106 ], [ -71.815858857555696, 42.237588211393216 ], [ -71.815896848805465, 42.237708849794039 ], [ -71.81594552552292, 42.237935794073749 ], [ -71.815961016389863, 42.23817243322803 ], [ -71.812318480858352, 42.241322421625952 ], [ -71.812882943832108, 42.239965239127834 ], [ -71.812719182586122, 42.239707736533568 ], [ -71.812640914124586, 42.239562510498573 ], [ -71.81250214488891, 42.239317973273458 ], [ -71.812278877250264, 42.238974876832408 ], [ -71.811821577659245, 42.238303805486616 ], [ -71.811706212785239, 42.238123691793959 ], [ -71.811581191946544, 42.23790381331208 ], [ -71.811504755430832, 42.237755151327846 ], [ -71.81143339252462, 42.237605103460226 ], [ -71.811336720742247, 42.237376915390684 ], [ -71.811293916765507, 42.237261775923066 ], [ -71.811242615847107, 42.237107558228239 ], [ -71.811175226632031, 42.23687380325152 ], [ -71.811127873960444, 42.236677724911935 ], [ -71.811099635341037, 42.236520014472127 ], [ -71.81107719760098, 42.236321809586414 ], [ -71.81106952836555, 42.236170216805505 ] ] ] ] } },
{ "type": "Feature", "properties": { "ZONECODE": "226R-4", "TOWN_ID": "226", "LOCAL_ZONE": "R-4", "highdense": "Y" }, "geometry": { "type": "MultiPolygon", "coordinates": [ [ [ [ -71.897133861649337, 42.173152525098907 ], [ -71.897131419608428, 42.175511376262428 ], [ -71.897222324551137, 42.176860417860475 ], [ -71.897371050125031, 42.178140046981575 ], [ -71.897382647132247, 42.178240167446113 ], [ -71.897846536822144, 42.180946837012812 ], [ -71.89795358497922, 42.18133810511339 ], [ -71.897705064911733, 42.181399738652587 ], [ -71.897151745145862, 42.181536704101823 ], [ -71.896743990071883, 42.181632086333877 ], [ -71.89554923830093, 42.181911936076467 ], [ -71.893477873666455, 42.18238553959398 ], [ -71.891564736803446, 42.182819739051098 ], [ -71.890067118682197, 42.183160774093409 ], [ -71.888666671532775, 42.183465447177355 ], [ -71.887820805501178, 42.183649499689373 ], [ -71.887515452381209, 42.183297156423805 ], [ -71.887290490016497, 42.183037948870748 ], [ -71.886577474079076, 42.182209246764245 ], [ -71.885782739234529, 42.181282342266641 ], [ -71.884676241354143, 42.179997475898013 ], [ -71.883490717252812, 42.178647589667712 ], [ -71.882263101279264, 42.177240436173456 ], [ -71.881988201482216, 42.176909921596845 ], [ -71.881101758693859, 42.175900572948336 ], [ -71.881056059059901, 42.175848956521754 ], [ -71.880887912090316, 42.175657071530473 ], [ -71.880820498017343, 42.175579642840368 ], [ -71.880234748318102, 42.17491028469739 ], [ -71.87980133921792, 42.174445242479365 ], [ -71.879662200706974, 42.174296024973167 ], [ -71.879622970473662, 42.174250575860583 ], [ -71.879721532942071, 42.174224365535672 ], [ -71.879775910066982, 42.174209555039852 ], [ -71.879796678892291, 42.174203859325239 ], [ -71.879817254953011, 42.174197601580914 ], [ -71.879838023770574, 42.174191905858805 ], [ -71.87985879258278, 42.174186209844869 ], [ -71.879879561392983, 42.174180514115228 ], [ -71.879900137825189, 42.174174256354696 ], [ -71.879920717621545, 42.17416856095565 ], [ -71.879941486420321, 42.17416286521479 ], [ -71.879962254828143, 42.174157169471407 ], [ -71.879983020249128, 42.174150911069738 ], [ -71.880003600030392, 42.174145215655798 ], [ -71.880024179809766, 42.174139520526211 ], [ -71.88004494521887, 42.174133262113308 ], [ -71.880065713993204, 42.174127566061777 ], [ -71.880086293373964, 42.174121870922328 ], [ -71.880107062142685, 42.174116175151426 ], [ -71.880127638531562, 42.174109917349959 ], [ -71.880148407290918, 42.17410422128345 ], [ -71.880168983284619, 42.17409796347588 ], [ -71.880189563033724, 42.174092268316542 ], [ -71.880210331781754, 42.174086572238764 ], [ -71.880230908150821, 42.174080314418745 ], [ -71.880251676892925, 42.174074618621589 ], [ -71.880272252865112, 42.174068360507341 ], [ -71.880292832595359, 42.174062665329437 ], [ -71.880313601326122, 42.174056969521025 ], [ -71.880334177675508, 42.174050711682469 ], [ -71.880354757005435, 42.17404501620662 ], [ -71.880375522350974, 42.174038757733705 ], [ -71.880396102062321, 42.174033062537241 ], [ -71.880416678006782, 42.174026804396988 ], [ -71.880439709563589, 42.174019975730189 ], [ -71.880458023040134, 42.174014850705262 ], [ -71.880478602734698, 42.174009155205859 ], [ -71.880499178664977, 42.174002897338873 ], [ -71.8805197583536, 42.173997202120212 ], [ -71.880540334661518, 42.17399094395644 ], [ -71.880561103346494, 42.173985248103079 ], [ -71.880581679260899, 42.173978990221272 ], [ -71.880602255556795, 42.173972732046373 ], [ -71.880622835226376, 42.173967036809152 ], [ -71.880643411128773, 42.173960778916218 ], [ -71.88066399079085, 42.173955083671572 ], [ -71.880684567070816, 42.173948825481872 ], [ -71.880705142961205, 42.173942567577846 ], [ -71.880723459770934, 42.173938005163713 ], [ -71.88074403941846, 42.173932309904643 ], [ -71.880764808064214, 42.17392661372628 ], [ -71.88078557670805, 42.173920917832191 ], [ -71.880806341970484, 42.173914659281103 ], [ -71.880826921601155, 42.173908963719043 ], [ -71.880847497464572, 42.173902705789438 ], [ -71.88086807371117, 42.17389644785483 ], [ -71.880888463939499, 42.173890752910737 ], [ -71.88090903679965, 42.173883932315483 ], [ -71.880929423643138, 42.173877674998927 ], [ -71.880949810868287, 42.17387141738935 ], [ -71.88097019432459, 42.173864597412255 ], [ -71.880990392150636, 42.173858340424623 ], [ -71.881010586594925, 42.173851521068265 ], [ -71.881030781033047, 42.173844701420215 ], [ -71.881050975468639, 42.173837882056731 ], [ -71.881070980894606, 42.173831063029638 ], [ -71.881091175321529, 42.173824243659055 ], [ -71.881110988355047, 42.173816862599779 ], [ -71.881130993769759, 42.173810043850253 ], [ -71.881150806406879, 42.173802662785405 ], [ -71.881170619426797, 42.173795281715798 ], [ -71.88119023967198, 42.17378733890714 ], [ -71.881209863291886, 42.173779958460287 ], [ -71.881229294522385, 42.173772015985087 ], [ -71.881248918134659, 42.173764635819651 ], [ -71.881268160352406, 42.173756693966219 ], [ -71.881287399183293, 42.173748189456255 ], [ -71.881306641391248, 42.173740247596371 ], [ -71.881325879824672, 42.173731743081255 ], [ -71.88134493302131, 42.17372380213147 ], [ -71.88136398244157, 42.173715298238427 ], [ -71.88138698971261, 42.173704530233067 ], [ -71.8814016998775, 42.173697729046765 ], [ -71.881420371276235, 42.173689226401528 ], [ -71.881439228289594, 42.173680160471278 ], [ -71.881457710675036, 42.173671658448598 ], [ -71.881476189284598, 42.173662593770956 ], [ -71.881494475889511, 42.173652967064534 ], [ -71.881512954488372, 42.173643902380896 ], [ -71.881531055076152, 42.173634838951941 ], [ -71.88154934166468, 42.173625212236708 ], [ -71.881567249467466, 42.173615586778865 ], [ -71.88158534665483, 42.173605960688029 ], [ -71.881603065831158, 42.173596335852181 ], [ -71.881620973615796, 42.173586710097808 ], [ -71.881638689396283, 42.173576522603142 ], [ -71.881656215781078, 42.173566335736041 ], [ -71.881673745545626, 42.173556711519495 ], [ -71.881691271919308, 42.173546524647023 ], [ -71.881708798285644, 42.173536337483711 ], [ -71.881726135645621, 42.17352615123496 ], [ -71.881743662002464, 42.173515964354387 ], [ -71.881760999351158, 42.173505778100335 ], [ -71.881778336692562, 42.173495591555543 ], [ -71.881795674030144, 42.173485405296184 ], [ -71.881813011362155, 42.173475219034202 ], [ -71.881830348688581, 42.173465032769542 ], [ -71.881847493231135, 42.17345428419155 ], [ -71.881864641543999, 42.173444098551045 ], [ -71.881881789851363, 42.173433912907946 ], [ -71.881898934376792, 42.173423164322173 ], [ -71.881916082672987, 42.173412978673895 ], [ -71.881933227188696, 42.173402230371053 ], [ -71.881950186469808, 42.173392045059018 ], [ -71.881967141971955, 42.173381297380566 ], [ -71.881984097468347, 42.173370549699584 ], [ -71.882001056732832, 42.173360364379967 ], [ -71.882018012217898, 42.173349616693947 ], [ -71.882034778695186, 42.173338869635025 ], [ -71.88205173416705, 42.173328121655864 ], [ -71.882068500632968, 42.173317374591988 ], [ -71.882085267093188, 42.173306627525619 ], [ -71.882102033545991, 42.173295880168695 ], [ -71.882118610993032, 42.17328513372717 ], [ -71.882135377434508, 42.173274386365314 ], [ -71.882151954870281, 42.173263639918943 ], [ -71.882168528910569, 42.173252330816844 ], [ -71.882185105945922, 42.173241584078816 ], [ -71.882201683364698, 42.173230837625141 ], [ -71.882218257385915, 42.173219528227719 ], [ -71.882234645404395, 42.173208782400508 ], [ -71.882251030412391, 42.173197473628257 ], [ -71.882267418419602, 42.173186727796349 ], [ -71.88228380341782, 42.17317541930742 ], [ -71.882300191412043, 42.173164673182661 ], [ -71.882316576398708, 42.173153364689057 ], [ -71.882332771988999, 42.173142056536406 ], [ -71.882348967575311, 42.173130748669543 ], [ -71.882364974152793, 42.173119441142475 ], [ -71.882381173119242, 42.173108695924327 ], [ -71.882397368686696, 42.173097387762482 ], [ -71.882564386836535, 42.17297697563896 ], [ -71.882719888714632, 42.172859977691004 ], [ -71.882879307007443, 42.172733963240482 ], [ -71.883035496531164, 42.172605708689424 ], [ -71.88318093306161, 42.172481991169811 ], [ -71.883330667712386, 42.172349818834299 ], [ -71.883483751226038, 42.172208631886861 ], [ -71.883639619535856, 42.172058994864997 ], [ -71.883732294651765, 42.171966964372757 ], [ -71.883823635527861, 42.171873250274793 ], [ -71.883906885078218, 42.17178631574437 ], [ -71.883995003737681, 42.171691486963077 ], [ -71.884075217096708, 42.171602874478694 ], [ -71.884178327571263, 42.171485487303926 ], [ -71.884255315315784, 42.171395197212561 ], [ -71.885039911388944, 42.17048886763456 ], [ -71.88510794749628, 42.17038847845874 ], [ -71.885163976530606, 42.170303885055311 ], [ -71.885172771989076, 42.170288662692982 ], [ -71.885181949230955, 42.170274001424332 ], [ -71.885190934061058, 42.170258778424369 ], [ -71.885200296872441, 42.17024355415392 ], [ -71.88520966309413, 42.170228892248041 ], [ -71.885219407298464, 42.170214229359665 ], [ -71.885228962893066, 42.170199567104007 ], [ -71.885238893049802, 42.170184340636077 ], [ -71.88524882662044, 42.170169677108817 ], [ -71.885258949178876, 42.170155012945713 ], [ -71.885269260725153, 42.170140348146667 ], [ -71.885279576071156, 42.170126245998894 ], [ -71.885290076598579, 42.170111580274792 ], [ -71.885300955882101, 42.170096913565125 ], [ -71.885311649198485, 42.170082810144216 ], [ -71.885322720494585, 42.170068705452167 ], [ -71.885333788755389, 42.17005403810419 ], [ -71.885344860427054, 42.170039933120478 ], [ -71.885356310079757, 42.170025827153566 ], [ -71.885367759727359, 42.170011721185418 ], [ -71.885379398361877, 42.1699976145809 ], [ -71.885391229788638, 42.169984069992239 ], [ -71.885403057792089, 42.16996996274878 ], [ -71.885415078200538, 42.169956417522357 ], [ -71.885427284177197, 42.169942309005862 ], [ -71.885439493567034, 42.169928763141598 ], [ -71.885452456274649, 42.169914652078631 ], [ -71.888560012651425, 42.169667829327565 ], [ -71.888463733437675, 42.169169602221551 ], [ -71.888455130719862, 42.169123489938691 ], [ -71.888763544709931, 42.169029036227016 ], [ -71.888819514177058, 42.169028283788087 ], [ -71.88884163523214, 42.169027646110258 ], [ -71.888863756286767, 42.169027008428166 ], [ -71.888885880789971, 42.169026933395294 ], [ -71.888908001843916, 42.169026295704633 ], [ -71.888930122897406, 42.16902565800973 ], [ -71.888952247400155, 42.169025582964061 ], [ -71.888974368452949, 42.16902494526061 ], [ -71.8889964929554, 42.169024870206435 ], [ -71.889018802996574, 42.169024231853285 ], [ -71.889040927498726, 42.169024156790513 ], [ -71.88906304854828, 42.169023518781835 ], [ -71.889085173050134, 42.169023443710515 ], [ -71.889107297551917, 42.169023368634939 ], [ -71.889129418215106, 42.169022730902896 ], [ -71.889151542716604, 42.169022655818765 ], [ -71.889173667218031, 42.169022580730378 ], [ -71.88919579171943, 42.169022505637727 ], [ -71.889217916220744, 42.169022430540792 ], [ -71.889240037269786, 42.169021792786097 ], [ -71.889262161770716, 42.169021717680643 ], [ -71.889284286271703, 42.169021642570911 ], [ -71.889306410772633, 42.169021567456909 ], [ -71.889328535273506, 42.169021492338636 ], [ -71.889350659774337, 42.169021417216086 ], [ -71.889372783887822, 42.169021342090595 ], [ -71.889394908388539, 42.169021266959504 ], [ -71.889417036343019, 42.169021754477662 ], [ -71.889439160843835, 42.169021679338037 ], [ -71.889461285344495, 42.16902160419415 ], [ -71.889483409845198, 42.169021529046013 ], [ -71.889505534345844, 42.169021453893571 ], [ -71.889527662301248, 42.169021941390398 ], [ -71.889549975791056, 42.169021865587368 ], [ -71.889572103748705, 42.169022353363722 ], [ -71.889594228249535, 42.169022278194191 ], [ -71.889616352750323, 42.169022203020376 ], [ -71.889638480706836, 42.169022690495787 ], [ -71.889660604820335, 42.169022615314759 ], [ -71.889682732777331, 42.169023102781651 ], [ -71.889704860734668, 42.169023590244244 ], [ -71.889726985235768, 42.169023515049091 ], [ -71.889749113193588, 42.169024002503185 ], [ -71.889771241151763, 42.169024489952996 ], [ -71.889793176664014, 42.169024415387469 ], [ -71.889815304622658, 42.169024902828752 ], [ -71.88983743219427, 42.169025390267116 ], [ -71.889859749531723, 42.169025877344112 ], [ -71.889881877491376, 42.169026364772542 ], [ -71.88990400160597, 42.169026289544547 ], [ -71.889926129566106, 42.169026776964458 ], [ -71.889948257526598, 42.169027264380098 ], [ -71.889970385487445, 42.169027751791496 ], [ -71.889992513448604, 42.169028239198575 ], [ -71.890014452421028, 42.169028727244218 ], [ -71.890036583843866, 42.16902977758442 ], [ -71.890058711806248, 42.169030264978751 ], [ -71.89008083938171, 42.169030752370105 ], [ -71.89010296734476, 42.169031239755924 ], [ -71.890125095308164, 42.16903172713743 ], [ -71.890147226732211, 42.169032777168141 ], [ -71.890169354696482, 42.169033264541142 ], [ -71.890191482662871, 42.169033752197947 ], [ -71.890213614088708, 42.169034802215847 ], [ -71.890235742054116, 42.16903528957603 ], [ -71.890257684104867, 42.169036340229944 ], [ -71.890279812071228, 42.169036827581614 ], [ -71.890302132490476, 42.169037877227261 ], [ -71.890324260457731, 42.169038364570348 ], [ -71.890553863782969, 42.169043772369378 ], [ -71.890584136792228, 42.169046482868971 ], [ -71.890609111543824, 42.169048648455899 ], [ -71.8906282206855, 42.169050271642618 ], [ -71.890650166599968, 42.169051884873582 ], [ -71.890672112515531, 42.169053498100368 ], [ -71.890694247423156, 42.169055110967093 ], [ -71.890716192953676, 42.169056724186731 ], [ -71.890738327861769, 42.169058336756827 ], [ -71.890760459306932, 42.169059386957308 ], [ -71.890782401761953, 42.169060437509501 ], [ -71.890804536285728, 42.169062050068149 ], [ -71.890826667733393, 42.169063100255848 ], [ -71.890848795713453, 42.16906358749771 ], [ -71.890870927160577, 42.169064637388765 ], [ -71.890892869619265, 42.169065687919812 ], [ -71.89091499760076, 42.169066175148885 ], [ -71.890937125582582, 42.169066662373709 ], [ -71.890959253566436, 42.169067149882338 ], [ -71.890981381161666, 42.169067637099914 ], [ -71.891003509144525, 42.169068124311913 ], [ -71.891025633659609, 42.16906804886618 ], [ -71.891047758174651, 42.169067973416169 ], [ -71.891069886158121, 42.169068460615392 ], [ -71.891092010673248, 42.169068385156855 ], [ -71.891114324177522, 42.169068309049415 ], [ -71.891136445223481, 42.169067670928804 ], [ -71.891158569738181, 42.169067595457413 ], [ -71.891180690783429, 42.169066957328312 ], [ -71.891202815297916, 42.169066881848387 ], [ -71.891224746966031, 42.169066244356877 ], [ -71.89124686800838, 42.169065605926903 ], [ -71.891268985581817, 42.16906440512728 ], [ -71.891291106624863, 42.169063766976862 ], [ -71.891313224196821, 42.169062566168705 ], [ -71.891335341767842, 42.169061365356306 ], [ -71.891357462807377, 42.169060726905002 ], [ -71.891379387529355, 42.169058964076982 ], [ -71.891401505097974, 42.169057763251793 ], [ -71.891423622665755, 42.169056562422369 ], [ -71.891445547769948, 42.169054799292276 ], [ -71.891467665335853, 42.169053598454305 ], [ -71.891489779428724, 42.169051834958701 ], [ -71.89151170414209, 42.169050071817267 ], [ -71.891533629243369, 42.169048308958409 ], [ -71.891555550868873, 42.169045983153829 ], [ -71.891577664956642, 42.169044219641208 ], [ -71.891599589666797, 42.169042456771081 ], [ -71.891621511287852, 42.16904013095386 ], [ -71.891643432521818, 42.169037805421901 ], [ -71.891665354139576, 42.16903547959631 ], [ -71.891687275757604, 42.169033154054659 ], [ -71.891709196984948, 42.169030828221999 ], [ -71.891731118599765, 42.169028502671935 ], [ -71.891753040211185, 42.169026176829597 ], [ -71.891774768969938, 42.169023288976661 ], [ -71.891796690192464, 42.169020963415328 ], [ -71.891818419334641, 42.169018075552778 ], [ -71.891840337078435, 42.169015187329698 ], [ -71.891862066216746, 42.169012299458871 ], [ -71.89188398395477, 42.16900941093936 ], [ -71.891905713090893, 42.169006523348351 ], [ -71.89192744183589, 42.169003635466453 ], [ -71.891949167102709, 42.169000184926979 ], [ -71.891970896232692, 42.1689972973236 ], [ -71.891992621494978, 42.168993846775884 ], [ -71.892014350231747, 42.168990958877508 ], [ -71.89203588688963, 42.16898750925445 ], [ -71.892057612144939, 42.168984058694399 ], [ -71.892079148409067, 42.168980608776479 ], [ -71.892100681193227, 42.168976596201048 ], [ -71.89212240644315, 42.168973145916802 ], [ -71.892143939222038, 42.168969133333263 ], [ -71.892165475476318, 42.168965683399087 ], [ -71.892187008637222, 42.168961670806091 ], [ -71.892208352032014, 42.168957658858126 ], [ -71.892229884800201, 42.168953646258423 ], [ -71.892251417565603, 42.16894963365467 ], [ -71.892272761341317, 42.168945621981514 ], [ -71.892294294101362, 42.168941609369668 ], [ -71.892315637869899, 42.168937597400394 ], [ -71.892336978155924, 42.1689330227737 ], [ -71.892358510907613, 42.168929010149789 ], [ -71.892380985507486, 42.168924431633506 ], [ -71.892399492884607, 42.168920429354614 ], [ -71.892422534831908, 42.168915848888595 ], [ -71.892443875103012, 42.168911274241999 ], [ -71.892465218851868, 42.168907262244851 ], [ -71.892486559117003, 42.168902687590275 ], [ -71.892507710003017, 42.168898113579999 ], [ -71.892529050262013, 42.16889353891753 ], [ -71.892550390517926, 42.168888964251018 ], [ -71.892571541394844, 42.168884390228946 ], [ -71.892592881644532, 42.168879815554568 ], [ -71.89261403251534, 42.168875241524638 ], [ -71.89263537275896, 42.168870666842352 ], [ -71.892656524010945, 42.168866092803263 ], [ -71.892677671389777, 42.168860956108105 ], [ -71.892695611376766, 42.16885695572433 ], [ -71.892719973490841, 42.168851808011709 ], [ -71.892741121247056, 42.168846671303541 ], [ -71.892762268612657, 42.168841534592765 ], [ -71.89278341984577, 42.168836960530221 ], [ -71.892804567204706, 42.168831823811679 ], [ -71.892825525571666, 42.16882668773664 ], [ -71.892846676795287, 42.168822113662401 ], [ -71.892867824142357, 42.168816976644059 ], [ -71.892888782886587, 42.168811840556145 ], [ -71.892909930228612, 42.168806703818099 ], [ -71.892930888578846, 42.16880156772379 ], [ -71.892952036301324, 42.168796430976627 ], [ -71.892972994644666, 42.168791294874637 ], [ -71.89299395298471, 42.168786158768768 ], [ -71.893014911708619, 42.16878102265774 ], [ -71.893035866554087, 42.168775323602695 ], [ -71.893056824883757, 42.168770187485286 ], [ -71.893077590735516, 42.16876448935848 ], [ -71.893098549058138, 42.16875935323349 ], [ -71.893119503890816, 42.168753654451194 ], [ -71.893140462592044, 42.168748518029084 ], [ -71.893161228429094, 42.168742819887122 ], [ -71.893181993875231, 42.168737121742716 ], [ -71.893202952567719, 42.168731985597262 ], [ -71.893223718393727, 42.168726287443995 ], [ -71.893244484214321, 42.168720588998802 ], [ -71.893265439021093, 42.168714890189776 ], [ -71.893286015460532, 42.168709192674697 ], [ -71.893306781271718, 42.168703494506317 ], [ -71.893327736452733, 42.168697795396454 ], [ -71.893934175884084, 42.168544347044609 ], [ -71.893951173483842, 42.168540912366474 ], [ -71.893972513518563, 42.168536337434958 ], [ -71.893993853550214, 42.168531762499434 ], [ -71.894015004203979, 42.168527188210696 ], [ -71.894208149295352, 42.168478131953968 ], [ -71.894224194545487, 42.16847357517841 ], [ -71.894244578336682, 42.168467315487305 ], [ -71.894265151496668, 42.168461054853275 ], [ -71.894285535279678, 42.168454795154851 ], [ -71.894305726574331, 42.168447973449247 ], [ -71.894326110734625, 42.16844171345415 ], [ -71.894346113033464, 42.168434892391339 ], [ -71.894366300815705, 42.16842750773349 ], [ -71.894386303105748, 42.16842068666363 ], [ -71.894406301504304, 42.168413302650094 ], [ -71.894425925809429, 42.168406482585347 ], [ -71.894822022584407, 42.16821323835488 ], [ -71.894836736651769, 42.168207560745635 ], [ -71.894866424723489, 42.16823784417852 ], [ -71.895115864145822, 42.168483448247756 ], [ -71.895572075193385, 42.168954544558126 ], [ -71.895793414089269, 42.169181112306461 ], [ -71.896081749557183, 42.169476660105616 ], [ -71.89626484771901, 42.16966565813604 ], [ -71.896297205669171, 42.169699308250607 ], [ -71.896433409830379, 42.169828258837413 ], [ -71.896559931849495, 42.169951052851033 ], [ -71.89683751564921, 42.170219626543656 ], [ -71.896900677796737, 42.170280179832361 ], [ -71.896935908046956, 42.170319446765888 ], [ -71.896963153738696, 42.170351989345512 ], [ -71.896988326413336, 42.170385664138244 ], [ -71.897011989917914, 42.170419907104005 ], [ -71.897033954866558, 42.170454718323278 ], [ -71.89704351599211, 42.170471566331443 ], [ -71.897054607066977, 42.170491222656125 ], [ -71.897065327203535, 42.170512005306769 ], [ -71.897076054005311, 42.170533913552134 ], [ -71.897095049939367, 42.170577738550591 ], [ -71.897108708707123, 42.170614829468448 ], [ -71.897120669293955, 42.17065248893104 ], [ -71.897130549414129, 42.170690155885595 ], [ -71.897135610394315, 42.170713209077874 ], [ -71.897141288065313, 42.170744138025199 ], [ -71.89714625164919, 42.170781821717497 ], [ -71.897149502947727, 42.170817823343789 ], [ -71.897150610353179, 42.170843703842756 ], [ -71.897151235321886, 42.170883090844924 ], [ -71.897153723653332, 42.171129545197353 ], [ -71.897153878633915, 42.171335493415178 ], [ -71.897152457071769, 42.171531318534988 ], [ -71.897146602439406, 42.172499184953423 ], [ -71.897133861649337, 42.173152525098907 ] ] ] ] } },
{ "type": "Feature", "properties": { "ZONECODE": null, "TOWN_ID": "348", "LOCAL_ZONE": null, "highdense": "Y" }, "geometry": { "type": "MultiPolygon", "coordinates": [ [ [ [ -71.814707440264087, 42.243577715575803 ], [ -71.815984248303693, 42.241765120750507 ], [ -71.816066737097131, 42.241767653166136 ], [ -71.816367994204171, 42.24177574198572 ], [ -71.816478340333163, 42.241778868079173 ], [ -71.816828305516054, 42.241788192602172 ], [ -71.816819007070848, 42.242698587601993 ], [ -71.819407629110458, 42.242691416284728 ], [ -71.819410508631819, 42.242759325608695 ], [ -71.819483678339182, 42.242759122055112 ], [ -71.819472115979821, 42.243578965298646 ], [ -71.818861588651373, 42.243579290163552 ], [ -71.818861612099269, 42.243905156922018 ], [ -71.816085050637142, 42.243912147200184 ], [ -71.816089603126912, 42.243575292258399 ], [ -71.815567951302427, 42.243577413029506 ], [ -71.815064660410769, 42.244301189049978 ], [ -71.814198594200107, 42.244300131824623 ], [ -71.814707440264087, 42.243577715575803 ] ] ] ] } },
{ "type": "Feature", "properties": { "ZONECODE": "TC", "TOWN_ID": "280", "LOCAL_ZONE": null, "highdense": "Y" }, "geometry": { "type": "MultiPolygon", "coordinates": [ [ [ [ -71.99335567766957, 42.243356906542402 ], [ -71.993438853018873, 42.243798017941614 ], [ -71.993201897724475, 42.243781340568844 ], [ -71.993044813457274, 42.243793120110624 ], [ -71.992703938561675, 42.243818681493948 ], [ -71.992692265902875, 42.243801670131731 ], [ -71.992362947791577, 42.243875844313166 ], [ -71.992358467554126, 42.243876618018433 ], [ -71.992353928917282, 42.243877176655388 ], [ -71.992349351713401, 42.243877517328905 ], [ -71.992344754373121, 42.243877639257512 ], [ -71.992340156275219, 42.243877542006786 ], [ -71.992335575853048, 42.24387722514647 ], [ -71.9923310320345, 42.24387669105419 ], [ -71.992326544212006, 42.243875941051776 ], [ -71.992322129903485, 42.243874978576663 ], [ -71.992317808050458, 42.243873807762753 ], [ -71.992313596179073, 42.243872433101139 ], [ -71.992309511826321, 42.243870860487952 ], [ -71.992305571589242, 42.243869096525891 ], [ -71.992301791594841, 42.243867148170871 ], [ -71.992298188451088, 42.243865023430587 ], [ -71.992294909994882, 42.243862827398566 ], [ -71.992068907979004, 42.243595165362883 ], [ -71.991909852181266, 42.243406788064924 ], [ -71.99177941422343, 42.243252303392723 ], [ -71.991696200285702, 42.243071888056313 ], [ -71.991684415969488, 42.242993647906481 ], [ -71.991669916388773, 42.24289738144347 ], [ -71.991918240746159, 42.24280523625967 ], [ -71.991964457197057, 42.242795113913303 ], [ -71.992181822778804, 42.242747505262287 ], [ -71.992364295975008, 42.242707538428867 ], [ -71.992637317789402, 42.242675317511761 ], [ -71.992808575574017, 42.242655105892418 ], [ -71.992902456778353, 42.242644026185019 ], [ -71.993214320212175, 42.242607219769468 ], [ -71.993254274162553, 42.242819117670038 ], [ -71.993272228838705, 42.242914339577041 ], [ -71.993295236736785, 42.24303636256893 ], [ -71.993334314497076, 42.243243608672948 ], [ -71.99335567766957, 42.243356906542402 ] ] ] ] } },
{ "type": "Feature", "properties": { "ZONECODE": null, "TOWN_ID": "348", "LOCAL_ZONE": null, "highdense": "Y" }, "geometry": { "type": "MultiPolygon", "coordinates": [ [ [ [ -71.792081052541889, 42.238045631980256 ], [ -71.792049926986024, 42.237944321368808 ], [ -71.791943098176546, 42.237942122598803 ], [ -71.791410495233251, 42.237860492525165 ], [ -71.789980996794569, 42.237638877514947 ], [ -71.790962546690238, 42.237284913057387 ], [ -71.790627552535739, 42.236406951748322 ], [ -71.789579184587154, 42.235782564174201 ], [ -71.790143968006561, 42.235334529594333 ], [ -71.79064414477071, 42.234942224465094 ], [ -71.787045785449209, 42.232071988008904 ], [ -71.786835477652872, 42.231904434417508 ], [ -71.786675878213629, 42.231773800564923 ], [ -71.786562459684333, 42.231648539502281 ], [ -71.786482604070414, 42.231545147667589 ], [ -71.786413115657425, 42.231437612809344 ], [ -71.786354226472881, 42.231326622201742 ], [ -71.78630225146631, 42.231213556218194 ], [ -71.786271445125834, 42.231137483263709 ], [ -71.786230767813791, 42.231021644037021 ], [ -71.786197008372895, 42.230905103315429 ], [ -71.786178421553387, 42.230826254833744 ], [ -71.786145344147556, 42.23050252920433 ], [ -71.785795727011674, 42.227075965574521 ], [ -71.785743146189816, 42.226520407591977 ], [ -71.785739754077781, 42.226484056203041 ], [ -71.785765073823129, 42.22641882079246 ], [ -71.785805017264281, 42.226372755235836 ], [ -71.785830772442409, 42.226352796108038 ], [ -71.785907912942136, 42.226316244177198 ], [ -71.785960701366037, 42.226303763168936 ], [ -71.786015600043811, 42.22629882505997 ], [ -71.786089230939723, 42.226302756892153 ], [ -71.786179745619421, 42.226315566838771 ], [ -71.786285843774579, 42.226355093201995 ], [ -71.786957355345706, 42.22691527891849 ], [ -71.789117004368819, 42.22877196671493 ], [ -71.789047059246926, 42.228861039216078 ], [ -71.789350393960049, 42.230145394711698 ], [ -71.789429928482107, 42.230474674313243 ], [ -71.790234522574721, 42.230934756423686 ], [ -71.790559566795039, 42.231120170907225 ], [ -71.790963103664609, 42.231350570188532 ], [ -71.791603875439918, 42.231726355954969 ], [ -71.792296757154645, 42.232190183370967 ], [ -71.792664984266921, 42.232398449674754 ], [ -71.792642393384796, 42.232407188021526 ], [ -71.792765710936791, 42.232510968039726 ], [ -71.792898912736234, 42.232622772354858 ], [ -71.792799089204792, 42.232649188102663 ], [ -71.792837780812903, 42.23271314717325 ], [ -71.793058822701596, 42.233080087621445 ], [ -71.79329456971054, 42.233469294268637 ], [ -71.793442850422437, 42.233713033621903 ], [ -71.793527655646898, 42.233851456912014 ], [ -71.793431808985005, 42.233885728113194 ], [ -71.793297122439114, 42.233995491962752 ], [ -71.793117887212347, 42.234141551825992 ], [ -71.793413215093608, 42.234602180435616 ], [ -71.793082411995499, 42.234721206816744 ], [ -71.793245273341242, 42.234963737856091 ], [ -71.792843210303417, 42.235112032622823 ], [ -71.792641185747399, 42.234811242965662 ], [ -71.792071545758688, 42.235028196276325 ], [ -71.792574156415071, 42.235758739886968 ], [ -71.792284442224343, 42.23584239420159 ], [ -71.792137430509598, 42.235891395706538 ], [ -71.793829463976181, 42.236966838218059 ], [ -71.796000003096623, 42.237481964426877 ], [ -71.796815594333594, 42.237419488027342 ], [ -71.796949501607855, 42.23757624347602 ], [ -71.798439758803752, 42.238353773691315 ], [ -71.797833036159162, 42.239006396584301 ], [ -71.796420330958611, 42.239019656685208 ], [ -71.79634091677859, 42.238917641798778 ], [ -71.794639154127111, 42.238912416699151 ], [ -71.792081052541889, 42.238045631980256 ] ] ] ] } },
{ "type": "Feature", "properties": { "ZONECODE": null, "TOWN_ID": "348", "LOCAL_ZONE": null, "highdense": "Y" }, "geometry": { "type": "MultiPolygon", "coordinates": [ [ [ [ -71.82863130346793, 42.253214383249215 ], [ -71.828405954490918, 42.253119669469349 ], [ -71.828194722353288, 42.252987183175087 ], [ -71.827920034624043, 42.252815087861627 ], [ -71.827824078653052, 42.252741269494464 ], [ -71.827435383492727, 42.252442581650463 ], [ -71.828820830166308, 42.251257275910582 ], [ -71.830743730618153, 42.249647120533474 ], [ -71.830968174962138, 42.248598899317543 ], [ -71.830934108312704, 42.247777813723609 ], [ -71.831005321549583, 42.247799561554324 ], [ -71.832692229958681, 42.248534232768634 ], [ -71.83345554928556, 42.247467293085734 ], [ -71.836232339496519, 42.244776797819981 ], [ -71.836244888620783, 42.244749319713556 ], [ -71.836250745650901, 42.244721862101891 ], [ -71.836251752328351, 42.244694416892223 ], [ -71.836247682090558, 42.244666987448959 ], [ -71.836232701842178, 42.244627926471942 ], [ -71.836207346074787, 42.24459095577388 ], [ -71.836171403981709, 42.244560188568279 ], [ -71.836122830316242, 42.244541122705634 ], [ -71.836049873060105, 42.244537906966315 ], [ -71.836006538839086, 42.244549695453152 ], [ -71.833006428598637, 42.245068844982285 ], [ -71.833345511024135, 42.246120238840732 ], [ -71.832794982443559, 42.246298148075887 ], [ -71.831736217312866, 42.246532404858186 ], [ -71.831276328736138, 42.246696320621098 ], [ -71.831002470499527, 42.246193561636723 ], [ -71.830162768166716, 42.246560949708318 ], [ -71.830127552207969, 42.246492447594008 ], [ -71.82932445844024, 42.246888535842018 ], [ -71.82858867261308, 42.247311871675805 ], [ -71.82865406900774, 42.24736999647677 ], [ -71.827417036100059, 42.248045158489482 ], [ -71.827009582774281, 42.247638814774298 ], [ -71.827365046921187, 42.247454630218627 ], [ -71.826860186301303, 42.2472728973908 ], [ -71.826614577624014, 42.24718372582759 ], [ -71.826869166695403, 42.246820774026844 ], [ -71.826732229891448, 42.246766281945639 ], [ -71.826961414513562, 42.246445937157212 ], [ -71.827502535300994, 42.246655442328652 ], [ -71.827541362923782, 42.246599440569021 ], [ -71.827688094691752, 42.246389681812516 ], [ -71.827718366922142, 42.246346510360787 ], [ -71.828120531038692, 42.246500870994197 ], [ -71.828191270000787, 42.246528370379245 ], [ -71.829579262368341, 42.245727035119344 ], [ -71.829027412022398, 42.245206545101624 ], [ -71.82952208894794, 42.244587009334637 ], [ -71.830324601124644, 42.244926349374715 ], [ -71.83055519470804, 42.24461628367014 ], [ -71.830964193371557, 42.244787300091012 ], [ -71.831404921813004, 42.24427218871871 ], [ -71.832146255600051, 42.244565042304799 ], [ -71.832855251888446, 42.243709561287382 ], [ -71.833058844604011, 42.243842748492938 ], [ -71.833204234521673, 42.244012463142404 ], [ -71.833584519811524, 42.243902965655778 ], [ -71.833896374680464, 42.243816990159843 ], [ -71.833984850870777, 42.243742641178677 ], [ -71.834100050493731, 42.24383354859193 ], [ -71.834288065962483, 42.243944824955669 ], [ -71.834319675905235, 42.243948659169348 ], [ -71.834613969476379, 42.243984352646976 ], [ -71.834793064781238, 42.243935808238597 ], [ -71.834824553803202, 42.24391033316499 ], [ -71.834878502537862, 42.24385460528444 ], [ -71.834949634695292, 42.243818038911961 ], [ -71.835021654490149, 42.243818514846851 ], [ -71.835109768443402, 42.24385050223912 ], [ -71.835137288353963, 42.243903931683818 ], [ -71.835173242534083, 42.243937836749367 ], [ -71.835200386290509, 42.243963433378553 ], [ -71.835274893541666, 42.243997516664407 ], [ -71.835400294169077, 42.244008295360217 ], [ -71.835506620892644, 42.244004264677791 ], [ -71.835581447772825, 42.2440007382977 ], [ -71.835612250780883, 42.243986945598088 ], [ -71.835647766948142, 42.243971044098764 ], [ -71.835699509789038, 42.243934533934798 ], [ -71.835746527087977, 42.243877455639868 ], [ -71.835765544063378, 42.243807423653209 ], [ -71.835827829257312, 42.243713254833999 ], [ -71.835831681033426, 42.243655616699918 ], [ -71.835798301062766, 42.243585738834106 ], [ -71.835674659008873, 42.243557286002989 ], [ -71.835631816331997, 42.243443529562533 ], [ -71.835681963039747, 42.243367233183406 ], [ -71.83582526365322, 42.243316047647681 ], [ -71.83589497712164, 42.243317216712292 ], [ -71.835943381535301, 42.243391165903596 ], [ -71.835943153875959, 42.24343095745332 ], [ -71.835943157660708, 42.243479664969463 ], [ -71.835956169803694, 42.243539312774693 ], [ -71.836038183476987, 42.243639919820936 ], [ -71.836134364884458, 42.243669823816951 ], [ -71.836351586996742, 42.243672617917241 ], [ -71.836441062304601, 42.243613355955546 ], [ -71.836439936989549, 42.24353172118353 ], [ -71.83647493612699, 42.24347193455781 ], [ -71.836787465099377, 42.24355745866 ], [ -71.837092780169854, 42.243585959615572 ], [ -71.837338161626903, 42.243548295795449 ], [ -71.837567688043293, 42.243478330915515 ], [ -71.837814238305882, 42.243354119685605 ], [ -71.837892643434699, 42.243296262118498 ], [ -71.838033553218594, 42.243169765631372 ], [ -71.838355746048265, 42.243958294490241 ], [ -71.838504163685755, 42.244346840258608 ], [ -71.838567523739925, 42.244497580980649 ], [ -71.83768928895941, 42.244682652988445 ], [ -71.837775473378926, 42.244958185211139 ], [ -71.83668505464081, 42.245005293656476 ], [ -71.836730230441916, 42.245514199311856 ], [ -71.835758120687871, 42.245542429012417 ], [ -71.835860748952257, 42.245743136828295 ], [ -71.836078619762176, 42.246998630925468 ], [ -71.834476029209128, 42.24767493768649 ], [ -71.833651100473901, 42.248349652045974 ], [ -71.833905419430479, 42.248468282698667 ], [ -71.833114659703554, 42.249278728293511 ], [ -71.832270948440055, 42.249019792904654 ], [ -71.831702984019145, 42.249664248868235 ], [ -71.831678430526452, 42.249692448046574 ], [ -71.831652680698369, 42.249800229626615 ], [ -71.831662947092198, 42.249909279256933 ], [ -71.831687532186663, 42.249975753472881 ], [ -71.831732394630663, 42.250034622687039 ], [ -71.831789784088812, 42.250061212147337 ], [ -71.831948899593527, 42.250117007866436 ], [ -71.831079706787321, 42.251078591308257 ], [ -71.830338865098341, 42.253946284116964 ], [ -71.82863130346793, 42.253214383249215 ] ] ] ] } },
{ "type": "Feature", "properties": { "ZONECODE": null, "TOWN_ID": "348", "LOCAL_ZONE": null, "highdense": "Y" }, "geometry": { "type": "MultiPolygon", "coordinates": [ [ [ [ -71.768268237513979, 42.311259898468315 ], [ -71.765332496346772, 42.306721040339717 ], [ -71.765094911801995, 42.306353685926666 ], [ -71.765094954263347, 42.306353688529605 ], [ -71.76520333952071, 42.306361119797486 ], [ -71.765803555309517, 42.306402266762944 ], [ -71.765911356691774, 42.306378693548552 ], [ -71.766036976587984, 42.306361251396034 ], [ -71.766125748630813, 42.306372708280549 ], [ -71.766263359430639, 42.306404632652267 ], [ -71.766378511695095, 42.306425632546144 ], [ -71.766551525028703, 42.306414941113665 ], [ -71.76670675846195, 42.306407033868496 ], [ -71.766866243435217, 42.306421071070091 ], [ -71.767070325986751, 42.306490571374361 ], [ -71.767243351354779, 42.306537504780117 ], [ -71.767404559207122, 42.306576234046695 ], [ -71.767580409263616, 42.306580626065681 ], [ -71.767963352274791, 42.306655884267897 ], [ -71.768402295078573, 42.306805784215207 ], [ -71.768603510189337, 42.306797767928238 ], [ -71.768777820529223, 42.306820685227208 ], [ -71.768934658181379, 42.306863537803281 ], [ -71.769231710984826, 42.307006907155596 ], [ -71.769367823688924, 42.307066272227331 ], [ -71.769880810500936, 42.307185123760426 ], [ -71.770086388322753, 42.307225116223023 ], [ -71.770241495537832, 42.307295411988292 ], [ -71.770359770806081, 42.307397351225525 ], [ -71.770492994116722, 42.307536986408664 ], [ -71.770666006203257, 42.307741014773008 ], [ -71.770919555215187, 42.307867331621139 ], [ -71.771995354041422, 42.308403319564654 ], [ -71.772630720063219, 42.309249739926479 ], [ -71.77541884462579, 42.308163977812626 ], [ -71.77545481646608, 42.310904555837311 ], [ -71.775840529427953, 42.311924434615875 ], [ -71.771516077091079, 42.313930371821975 ], [ -71.773173246911526, 42.315450103391726 ], [ -71.773226664550378, 42.315501190380054 ], [ -71.771604495541951, 42.316417752765183 ], [ -71.771604462870869, 42.316417771748469 ], [ -71.771480510411976, 42.316226155006639 ], [ -71.770645239633694, 42.314934888520199 ], [ -71.770620181109848, 42.31489614948309 ], [ -71.770475707782097, 42.314672797849219 ], [ -71.770379697258221, 42.314524367689359 ], [ -71.769901288836792, 42.313784746990116 ], [ -71.769645821262301, 42.313389784766478 ], [ -71.769106359057005, 42.312555739032426 ], [ -71.768874501087183, 42.312197264360819 ], [ -71.768268237513979, 42.311259898468315 ] ] ] ] } },
{ "type": "Feature", "properties": { "ZONECODE": "AA", "TOWN_ID": "328", "LOCAL_ZONE": null, "highdense": "Y" }, "geometry": { "type": "MultiPolygon", "coordinates": [ [ [ [ -71.615390572428765, 42.277762604134935 ], [ -71.615379485735446, 42.27776192924825 ], [ -71.615368400293107, 42.277761940383172 ], [ -71.615357314850684, 42.277761951517029 ], [ -71.615353043369367, 42.277761691120517 ], [ -71.615346228157847, 42.277761276627174 ], [ -71.615335142715608, 42.277761287758899 ], [ -71.615324056023056, 42.277760612866906 ], [ -71.615313200883662, 42.277759937741351 ], [ -71.615302115441636, 42.277759948869878 ], [ -71.6152949926758, 42.277759074632122 ], [ -71.615291027499836, 42.277758587952036 ], [ -71.615285318048308, 42.27775824076754 ], [ -71.615279939595922, 42.277757913057023 ], [ -71.615268852904606, 42.277757238159644 ], [ -71.615261113784328, 42.277756757066463 ], [ -71.615257997766321, 42.277756563028937 ], [ -71.615246909826041, 42.277755202106846 ], [ -71.615239744216495, 42.277754766351677 ], [ -71.615235823135563, 42.277754527206326 ], [ -71.615228968321517, 42.277753668000614 ], [ -71.615224965536598, 42.277753166051021 ], [ -71.615221974073009, 42.27775279903112 ], [ -71.61521387759764, 42.277751805125753 ], [ -71.615203020002951, 42.27775044576893 ], [ -71.615192163614481, 42.277749082808747 ], [ -71.615182515023363, 42.277747898695054 ], [ -71.615181075676887, 42.277747721880289 ], [ -71.615179133095381, 42.277747478048077 ], [ -71.615170219294271, 42.27774636161891 ], [ -71.615159361696556, 42.277744999557079 ], [ -71.615154785189588, 42.277744335227119 ], [ -71.615145270811794, 42.277742955611998 ], [ -71.615134411968612, 42.277740908425514 ], [ -71.615132376017641, 42.277740652982267 ], [ -71.61512355558655, 42.277739547259394 ], [ -71.615115618226511, 42.277738050823629 ], [ -71.615112696744603, 42.277737500070842 ], [ -71.61510660880748, 42.27773635199523 ], [ -71.615101839115738, 42.277735452880059 ], [ -71.615091211828016, 42.277733405457411 ], [ -71.615083411450087, 42.277731902580122 ], [ -71.615080584540991, 42.277731358033805 ], [ -71.615069956007162, 42.277728624586558 ], [ -71.615068554074654, 42.277728355002566 ], [ -71.615059328721628, 42.277726577160962 ], [ -71.615048930529937, 42.277723843481034 ], [ -71.61503830199868, 42.277721110030861 ], [ -71.615027906228548, 42.27771837364574 ], [ -71.615027512036988, 42.277718270506753 ], [ -71.615027119059448, 42.27771816826673 ], [ -71.615017506832118, 42.277715642665036 ], [ -71.615007338949908, 42.277712222726841 ], [ -71.614997171068836, 42.277708802787714 ], [ -71.61499596528553, 42.277708397062106 ], [ -71.614987003188816, 42.277705382847664 ], [ -71.614976835309903, 42.277701962906754 ], [ -71.614966898984719, 42.277698542733184 ], [ -71.614956961448314, 42.277695122559955 ], [ -71.614950877098735, 42.277692608726802 ], [ -71.614947022666811, 42.277691016363178 ], [ -71.614940805283652, 42.277688679120224 ], [ -71.614932463678031, 42.277685542740947 ], [ -71.614921831420631, 42.277680751211967 ], [ -71.614918686269277, 42.277679198651001 ], [ -71.614913911511309, 42.277676841057087 ], [ -71.614907962176375, 42.277673903948447 ], [ -71.614900561097912, 42.277669969865904 ], [ -71.614898945942898, 42.277669111700988 ], [ -71.614897528456083, 42.27766828664921 ], [ -71.614885999245203, 42.277661578388305 ], [ -71.614877675213265, 42.277656098522606 ], [ -71.614875169992544, 42.277654448988983 ], [ -71.614872260586736, 42.277652533372503 ], [ -71.61486935118279, 42.277650618656324 ], [ -71.614857557339562, 42.277641712139662 ], [ -71.614846224178265, 42.277632804260875 ], [ -71.614838822693471, 42.277626637445984 ], [ -71.614828413291306, 42.277617043518205 ], [ -71.61482193434999, 42.277610189756061 ], [ -71.61481244752531, 42.27760059490452 ], [ -71.614812242160497, 42.27760032862281 ], [ -71.614812036793978, 42.277600061440843 ], [ -71.614806660787252, 42.277593054425665 ], [ -71.614803319732943, 42.277589096472155 ], [ -71.614800874082817, 42.277586199970379 ], [ -71.614796358911647, 42.277579909628493 ], [ -71.614793002004376, 42.277575231455501 ], [ -71.614791090863719, 42.277572266897259 ], [ -71.614788139054994, 42.2775676900524 ], [ -71.614783621926748, 42.277560319359367 ], [ -71.614781425950767, 42.277556718577856 ], [ -71.614781367583262, 42.277556621404443 ], [ -71.614781312849487, 42.277556522426821 ], [ -71.614777250389793, 42.277549178287963 ], [ -71.614775966938296, 42.277546720867946 ], [ -71.614773311227978, 42.2775416359611 ], [ -71.614769831502258, 42.27753340715109 ], [ -71.614768142839424, 42.277529448445769 ], [ -71.614765425473792, 42.277523121194776 ], [ -71.614765640883178, 42.27751488869248 ], [ -71.61476562595287, 42.27750665642035 ], [ -71.614764918791479, 42.277498424839898 ], [ -71.61476378280922, 42.277490380048626 ], [ -71.614763768091663, 42.277490286432766 ], [ -71.614763750951113, 42.277490193719657 ], [ -71.614762117582686, 42.277481963064538 ], [ -71.614760027172679, 42.277473732866042 ], [ -71.614757500555811, 42.277465627343823 ], [ -71.614757479835461, 42.277465566144549 ], [ -71.614757456692104, 42.277465505847978 ], [ -71.614755017252023, 42.277459344873371 ], [ -71.614754018602014, 42.277456834951515 ], [ -71.614752828748792, 42.277453845364001 ], [ -71.614750263835433, 42.277448687442025 ], [ -71.614747033355016, 42.277442188747017 ], [ -71.614743842989967, 42.277436418349581 ], [ -71.614742862651752, 42.277434646650285 ], [ -71.614737998506868, 42.277427105246062 ], [ -71.614736278737894, 42.277424709481444 ], [ -71.614734238104134, 42.277421864790604 ], [ -71.614730128885398, 42.2774161376244 ], [ -71.614727283531167, 42.277412765264728 ], [ -71.614724433328021, 42.277409392909853 ], [ -71.614724387160578, 42.277409338038026 ], [ -71.614724339780878, 42.277409283167444 ], [ -71.614718323973605, 42.277402428036289 ], [ -71.614714653564803, 42.27739867927724 ], [ -71.614711613514729, 42.277395574498897 ], [ -71.614702825124041, 42.277388037012265 ], [ -71.614700209999242, 42.277385271220083 ], [ -71.614696345007474, 42.277381183243897 ], [ -71.614689635765529, 42.277374329703989 ], [ -71.614679226427654, 42.277364735762205 ], [ -71.61467700200339, 42.27736282305802 ], [ -71.614672055329663, 42.277358568706347 ], [ -71.614664885445407, 42.277352401648727 ], [ -71.614660126211348, 42.277348556743092 ], [ -71.614657252459835, 42.277346235052995 ], [ -71.614649620688027, 42.277340068455523 ], [ -71.6146421482552, 42.277334860511502 ], [ -71.61463782696427, 42.277331847939656 ], [ -71.614629732093576, 42.277325681803042 ], [ -71.614621639679442, 42.277320201687374 ], [ -71.614612889517062, 42.27731501752384 ], [ -71.61460892342518, 42.277312668113069 ], [ -71.614604876880904, 42.277310075703085 ], [ -71.614600369124346, 42.27730718845676 ], [ -71.614591584516134, 42.277302395053489 ], [ -71.614584398300906, 42.27729791335733 ], [ -71.614582798667044, 42.277296915626877 ], [ -71.614579467663603, 42.277295144470543 ], [ -71.614573782510391, 42.277292122453233 ], [ -71.614559913390806, 42.277285276047415 ], [ -71.614458203296479, 42.277233239626085 ], [ -71.614447576114102, 42.277231192143724 ], [ -71.614436948932365, 42.277229144660339 ], [ -71.614432884364206, 42.277228645445561 ], [ -71.614425861102347, 42.277227783658894 ], [ -71.614409233079144, 42.277227800222818 ], [ -71.614406658423974, 42.277227962139335 ], [ -71.614399069010119, 42.277228439651942 ], [ -71.614398608384974, 42.277228468920157 ], [ -71.614396779376037, 42.277228672407624 ], [ -71.614396701804566, 42.27722868148782 ], [ -71.614387296438721, 42.277229879242796 ], [ -71.614376697291945, 42.277231938866713 ], [ -71.614367111304091, 42.277234485440168 ], [ -71.614366700528336, 42.277234594784737 ], [ -71.614358974295982, 42.277237180919251 ], [ -71.614356134377161, 42.277238142559753 ], [ -71.614346672473502, 42.277242269023759 ], [ -71.614339294026394, 42.277246116122434 ], [ -71.614337443357428, 42.277247080378878 ], [ -71.614328908920143, 42.277252577065767 ], [ -71.614320606059451, 42.277258759545475 ], [ -71.614260888587026, 42.277313014858528 ], [ -71.61423395569966, 42.277350535286722 ], [ -71.614221957299335, 42.277367249471091 ], [ -71.614216558967698, 42.277375364686527 ], [ -71.614195930442989, 42.277406378714367 ], [ -71.614188782882479, 42.277412560035671 ], [ -71.614182578864131, 42.277417598845993 ], [ -71.614181172217272, 42.277418741816916 ], [ -71.614173099634158, 42.277424238032921 ], [ -71.614164563946346, 42.277429734708591 ], [ -71.614161543346597, 42.277431349236842 ], [ -71.614155566340742, 42.277434545818799 ], [ -71.61415009801506, 42.27743747000612 ], [ -71.614146567521431, 42.27743935692947 ], [ -71.614136875232859, 42.277443482704633 ], [ -71.614134349254641, 42.277444424221152 ], [ -71.614128175446652, 42.277446724304518 ], [ -71.614122104614879, 42.277448985572562 ], [ -71.614111949194978, 42.277452425781846 ], [ -71.614100478865538, 42.277455445058621 ], [ -71.614096252316472, 42.277456557518853 ], [ -71.614091778020452, 42.277457428946299 ], [ -71.614085632529111, 42.277458626139214 ], [ -71.614078543327309, 42.277459529873084 ], [ -71.614074779952546, 42.277460008965903 ], [ -71.614069920896725, 42.277460627792031 ], [ -71.614063928587839, 42.277461391790339 ], [ -71.614052845670912, 42.277462774843677 ], [ -71.614049102048341, 42.277462778560903 ], [ -71.614041760280827, 42.277462785850545 ], [ -71.614030674890685, 42.277462796856405 ], [ -71.614028030836025, 42.277462799481285 ], [ -71.6140195895006, 42.277462807861127 ], [ -71.614008502874483, 42.277462132842111 ], [ -71.613997645352271, 42.277460771570723 ], [ -71.613986787807079, 42.277458724274375 ], [ -71.613981118265741, 42.277457631542163 ], [ -71.61397616060205, 42.2774566767485 ], [ -71.613962066136665, 42.277453260613939 ], [ -71.613951898353804, 42.277449840582165 ], [ -71.613946583983974, 42.27744805336927 ], [ -71.613941730572037, 42.27744642054941 ], [ -71.613934528136141, 42.277445033138811 ], [ -71.613931103370547, 42.27744437301935 ], [ -71.613920474934716, 42.277441639465572 ], [ -71.613916067854291, 42.277440790357922 ], [ -71.613909847734718, 42.277439591933543 ], [ -71.613904331670582, 42.277438900576335 ], [ -71.613898991430801, 42.277438230651633 ], [ -71.61389500324691, 42.277437741245315 ], [ -71.613887903575616, 42.277436869598247 ], [ -71.613877047294892, 42.277436194338165 ], [ -71.613867595053676, 42.277435618518062 ], [ -71.613865960675014, 42.277435519305349 ], [ -71.61385487405532, 42.277434844271532 ], [ -71.613851134487632, 42.277435079353815 ], [ -71.613843789904294, 42.277435541281989 ], [ -71.613834087767486, 42.277435550897799 ], [ -71.613832287577338, 42.277435604898997 ], [ -71.613831870634172, 42.277435656628946 ], [ -71.613821621601431, 42.277436935299718 ], [ -71.613811459941772, 42.277437588178827 ], [ -71.613811114471574, 42.277437610128167 ], [ -71.613810769001347, 42.277437632077593 ], [ -71.613806849720063, 42.277438379603694 ], [ -71.61379991765611, 42.27743970090097 ], [ -71.613789066310133, 42.277441769723332 ], [ -71.613778446515198, 42.277443838315342 ], [ -71.613768059504622, 42.277446592699633 ], [ -71.613757672493207, 42.277449347083063 ], [ -71.61341114169764, 42.277511424712706 ], [ -71.61340051342242, 42.277514186504348 ], [ -71.613398201130735, 42.277514637133514 ], [ -71.613389893602573, 42.277516255060291 ], [ -71.613387159551237, 42.277516776328582 ], [ -71.613379043442364, 42.277518323842763 ], [ -71.613368192062055, 42.277519712003162 ], [ -71.613359613236483, 42.277520799922499 ], [ -71.613357339449664, 42.277521089360256 ], [ -71.613355546833802, 42.277521312601692 ], [ -71.613346256506787, 42.277522472345382 ], [ -71.613337184574718, 42.277523054784524 ], [ -71.613335402674394, 42.277523169079508 ], [ -71.61333392607574, 42.277523170536497 ], [ -71.613324317273594, 42.277523180017162 ], [ -71.61331323187278, 42.277523190953723 ], [ -71.613306339228572, 42.277520810174039 ], [ -71.613299366523847, 42.277518402464111 ], [ -71.61329939175836, 42.277518277298356 ], [ -71.613323195205297, 42.277365745838487 ], [ -71.613373800654031, 42.277041541481807 ], [ -71.613290280051217, 42.276828956457017 ], [ -71.613026629794547, 42.276237870688021 ], [ -71.612962731460158, 42.276099521438752 ], [ -71.612962651140663, 42.276099348661269 ], [ -71.612794335308436, 42.275735235271412 ], [ -71.61279425984705, 42.275735066990478 ], [ -71.612673443143308, 42.275448715569922 ], [ -71.612671655979639, 42.275444479638338 ], [ -71.613345914946962, 42.275191633010536 ], [ -71.613373934752531, 42.275181125930715 ], [ -71.613374162505892, 42.27518104017792 ], [ -71.613377815453148, 42.275188691774062 ], [ -71.613379725895513, 42.275192697097935 ], [ -71.61338052737959, 42.275194146680789 ], [ -71.613383896288042, 42.275200239247496 ], [ -71.613388528556357, 42.275207780940882 ], [ -71.613390392147309, 42.275210670846207 ], [ -71.613393392369304, 42.275215322405529 ], [ -71.613396217515856, 42.275219013523618 ], [ -71.613401262681379, 42.275225604998447 ], [ -71.613406218380334, 42.275232330705151 ], [ -71.613406818703552, 42.275233145778998 ], [ -71.613412835372586, 42.275240000080267 ], [ -71.613415791847288, 42.275243238220199 ], [ -71.61341908237435, 42.275246854153743 ], [ -71.613420192496903, 42.275248028841773 ], [ -71.613425560921129, 42.275253707998175 ], [ -71.613435970933139, 42.275263302056381 ], [ -71.613443140460348, 42.275269469193177 ], [ -71.61345470332985, 42.275278376086682 ], [ -71.61346446584578, 42.275285181670306 ], [ -71.613466496516352, 42.275286596727348 ], [ -71.61347032333245, 42.275289116471512 ], [ -71.613470475047137, 42.275289217154608 ], [ -71.613470626760275, 42.275289316937361 ], [ -71.613474820113709, 42.275292076697809 ], [ -71.613483375256308, 42.275297556438915 ], [ -71.613491357403902, 42.275301912278074 ], [ -71.613491757847484, 42.275302131554184 ], [ -71.613492159500069, 42.2753023490285 ], [ -71.613493614407119, 42.275303124544784 ], [ -71.613501174080028, 42.275307143190382 ], [ -71.613509459189785, 42.275311438409176 ], [ -71.613510420203667, 42.275311936222423 ], [ -71.613513237311054, 42.275313166841407 ], [ -71.613523095977129, 42.275317474908761 ], [ -71.613524519089637, 42.27531809650575 ], [ -71.613527191757925, 42.275319227334521 ], [ -71.613534225861414, 42.275322203056383 ], [ -71.613544162966207, 42.275326309378478 ], [ -71.613554100053548, 42.275329729675505 ], [ -71.613559462755674, 42.275331533964852 ], [ -71.613564266263026, 42.27533315064543 ], [ -71.613573323833521, 42.275335549976418 ], [ -71.613573625833112, 42.275335629804026 ], [ -71.613575263182639, 42.275336063927334 ], [ -71.613575565182245, 42.275336143754913 ], [ -71.613579443880468, 42.275337171656545 ], [ -71.613579745883314, 42.275337253284739 ], [ -71.613591461224246, 42.275340586292046 ], [ -71.613591762016426, 42.275340668821656 ], [ -71.613596569229941, 42.275342323309509 ], [ -71.6136016991086, 42.275344089114562 ], [ -71.613611866533617, 42.275347509178758 ], [ -71.613622033959714, 42.275350929242116 ], [ -71.613628828952699, 42.275353062519301 ], [ -71.613637283274343, 42.275355717225352 ], [ -71.613639773248508, 42.275356371076299 ], [ -71.61364007524827, 42.275356450903658 ], [ -71.613645291704728, 42.275357822292236 ], [ -71.613645593704533, 42.275357902119573 ], [ -71.613647377803147, 42.275358371208156 ], [ -71.613647681015209, 42.275358451034343 ], [ -71.613648886573628, 42.275358761343242 ], [ -71.61364918978245, 42.275358839368842 ], [ -71.613657583813406, 42.27536099807093 ], [ -71.61365779484747, 42.275361052780077 ], [ -71.613657840934835, 42.275361064438243 ], [ -71.613657887022256, 42.275361076096473 ], [ -71.61365800466767, 42.27536110659004 ], [ -71.613658050755035, 42.275361118248256 ], [ -71.61365809805632, 42.275361130805621 ], [ -71.61365830666584, 42.275361185517113 ], [ -71.613660936116489, 42.275361875241302 ], [ -71.613661238116322, 42.275361955068661 ], [ -71.613668403619343, 42.275363838595375 ], [ -71.613668706829827, 42.275363917521183 ], [ -71.613679333672891, 42.275365965076347 ], [ -71.61368847496486, 42.275367726006841 ], [ -71.61368996051668, 42.27536801263053 ], [ -71.613691002213201, 42.275368208763844 ], [ -71.613700817692944, 42.275370059955733 ], [ -71.613711444538069, 42.275372107507934 ], [ -71.613720852556156, 42.275373881676153 ], [ -71.613722302927997, 42.27537415482989 ], [ -71.613726388002576, 42.27537466665369 ], [ -71.61373315887343, 42.275375516129046 ], [ -71.613742023771948, 42.275376603908875 ], [ -71.61374424636351, 42.27537687719785 ], [ -71.613746191291099, 42.275377121052031 ], [ -71.613755103522124, 42.27537823849368 ], [ -71.613766189807336, 42.275379603162797 ], [ -71.613766234671147, 42.275379608520076 ], [ -71.613766279533337, 42.275379612977176 ], [ -71.613779126008779, 42.275380958795864 ], [ -71.613789934684675, 42.275382998058056 ], [ -71.613789980768843, 42.275383007915629 ], [ -71.613794424643643, 42.275384174795711 ], [ -71.613794726643761, 42.275384254622693 ], [ -71.613800077731369, 42.275385660982288 ], [ -71.613800380943729, 42.275385740808069 ], [ -71.613810705819347, 42.275388396348852 ], [ -71.613811007817887, 42.275388475275527 ], [ -71.613818371107044, 42.275390457629229 ], [ -71.613818673108767, 42.275390538356454 ], [ -71.61382408611243, 42.275391994169766 ], [ -71.613824388114239, 42.275392074896956 ], [ -71.61382595513237, 42.275392496482304 ], [ -71.613826258343209, 42.275392575407672 ], [ -71.613827220258912, 42.275392898560312 ], [ -71.613835399581404, 42.27539564985581 ], [ -71.613836425788165, 42.275395995451959 ], [ -71.613839071727341, 42.275397088487594 ], [ -71.613846364134844, 42.27540010084639 ], [ -71.613856070941836, 42.275404208270025 ], [ -71.613864135226805, 42.275407703320504 ], [ -71.613865546202533, 42.275408314121798 ], [ -71.613879414836518, 42.275415161514253 ], [ -71.613885336407805, 42.275418309373556 ], [ -71.613888430672574, 42.275419954744116 ], [ -71.613890952258217, 42.27542133059422 ], [ -71.613897214964155, 42.275424747302644 ], [ -71.61390576894911, 42.27543022701331 ], [ -71.613913865903299, 42.275435704475804 ], [ -71.613913897461345, 42.275435726051548 ], [ -71.613913929019361, 42.275435747627292 ], [ -71.613921954384381, 42.275441188248152 ], [ -71.613929587068029, 42.27544735489505 ], [ -71.613936988208778, 42.275453521771126 ], [ -71.613944157806486, 42.275459688876438 ], [ -71.613950867976499, 42.27546654246126 ], [ -71.613960349502449, 42.275476138293101 ], [ -71.613960384726525, 42.275476176070484 ], [ -71.613960415093345, 42.275476209351218 ], [ -71.613966369889894, 42.275482991661121 ], [ -71.613969602132826, 42.275487203631386 ], [ -71.613972157546712, 42.275490532184243 ], [ -71.613974138680618, 42.275493376048274 ], [ -71.613974983399316, 42.275494589706994 ], [ -71.613979112182591, 42.275500517648346 ], [ -71.613979792834016, 42.275501503695345 ], [ -71.613980441958176, 42.275502485272149 ], [ -71.613986977147761, 42.275512470251712 ], [ -71.613990585997556, 42.275519144152277 ], [ -71.613992538208052, 42.275522755095395 ], [ -71.614019532461995, 42.275674397261945 ], [ -71.614031735121713, 42.275742929944549 ], [ -71.614031877307411, 42.275822508604477 ], [ -71.614031878738743, 42.275822630142777 ], [ -71.614031878956141, 42.275822750782012 ], [ -71.614031902007383, 42.275835543038639 ], [ -71.614110302511961, 42.276033690136046 ], [ -71.614110314685135, 42.276033718033084 ], [ -71.614114029440387, 42.276041954734431 ], [ -71.61411406716735, 42.276042035723428 ], [ -71.614114106106612, 42.276042116711217 ], [ -71.614117731902766, 42.276049424397321 ], [ -71.614119819741418, 42.276053612291726 ], [ -71.614124785852795, 42.276064016557854 ], [ -71.614125333467939, 42.276065172891634 ], [ -71.61412536023731, 42.276065227783022 ], [ -71.614125380922474, 42.276065270076316 ], [ -71.614128426319056, 42.276071390850795 ], [ -71.61413101789509, 42.276076603679435 ], [ -71.614131137122939, 42.276076838537683 ], [ -71.614131180921135, 42.276076924922414 ], [ -71.614131197949959, 42.276076956415793 ], [ -71.614131213764892, 42.276076987010057 ], [ -71.614133722082627, 42.276081743472233 ], [ -71.614136451783892, 42.276086913849667 ], [ -71.614136971203465, 42.276087896454655 ], [ -71.614137696628006, 42.276089504559344 ], [ -71.614139950806631, 42.276094505253603 ], [ -71.614140681101631, 42.276096125057293 ], [ -71.614144623733054, 42.276103666504056 ], [ -71.614148560307257, 42.276111209757275 ], [ -71.614151949451454, 42.276117699310099 ], [ -71.614152499305348, 42.276118752107706 ], [ -71.614153119908821, 42.276120047014139 ], [ -71.614156157224258, 42.2761263892682 ], [ -71.614156299596189, 42.276126685323433 ], [ -71.614156443177208, 42.276126979576922 ], [ -71.614157541677912, 42.276129087874232 ], [ -71.614160295799451, 42.276134352757637 ], [ -71.614160339594477, 42.276134437341746 ], [ -71.614160383389518, 42.276134521925833 ], [ -71.6141643199675, 42.276142065178483 ], [ -71.614167866040972, 42.276148854372714 ], [ -71.614168258969428, 42.276149607528311 ], [ -71.614170449870542, 42.276153801621341 ], [ -71.614172199184551, 42.276157149876795 ], [ -71.614173415802952, 42.276159548851474 ], [ -71.614176370973126, 42.276165378019009 ], [ -71.614178179896214, 42.276168840552472 ], [ -71.614180309977883, 42.276172920368367 ], [ -71.614184480530696, 42.276180462487403 ], [ -71.61418758501911, 42.276186404943267 ], [ -71.614188420749741, 42.276188004835269 ], [ -71.614189174831395, 42.276189368931448 ], [ -71.61419259130453, 42.276195546954021 ], [ -71.614195811962858, 42.27620137225589 ], [ -71.614196761860299, 42.276203089072567 ], [ -71.614197892100918, 42.276205317977286 ], [ -71.614200882555352, 42.276211215531383 ], [ -71.614200933651873, 42.276211315413235 ], [ -71.614200977443701, 42.276211398196743 ], [ -71.614204788739912, 42.276218705695442 ], [ -71.614204828885136, 42.27621878308085 ], [ -71.614204849563976, 42.2762188217729 ], [ -71.61420487024111, 42.276218859564693 ], [ -71.614209043224434, 42.276226401680333 ], [ -71.614212003094366, 42.27623147279462 ], [ -71.614213445331544, 42.27623394356803 ], [ -71.614215601741961, 42.276237831594436 ], [ -71.614217615892343, 42.27624148568578 ], [ -71.614221786454138, 42.276249027803331 ], [ -71.614225862133281, 42.276256389956309 ], [ -71.614225910787383, 42.276256479937331 ], [ -71.614225959441484, 42.276256569918338 ], [ -71.614230356703501, 42.276264111810129 ], [ -71.614230398054616, 42.276264185593135 ], [ -71.614230417517902, 42.276264222485857 ], [ -71.614230438193445, 42.276264259377314 ], [ -71.614233381544977, 42.276269579888933 ], [ -71.614234528480637, 42.276271653926052 ], [ -71.614238929409353, 42.276279882738201 ], [ -71.61423896225169, 42.276279943925552 ], [ -71.614238979279008, 42.276279974518623 ], [ -71.614238995092421, 42.276280004212587 ], [ -71.6142431023992, 42.276287423952269 ], [ -71.61424565368543, 42.276291797744065 ], [ -71.614247503303915, 42.276294966740025 ], [ -71.614251906627729, 42.276302505924058 ], [ -71.614256075988607, 42.276310049842081 ], [ -71.614259050460831, 42.276315147049054 ], [ -71.614260476896447, 42.276317592629319 ], [ -71.614263517034701, 42.276322801407311 ], [ -71.614264879015991, 42.276325134514877 ], [ -71.614265433537454, 42.276326084673762 ], [ -71.614269279922681, 42.276332675501159 ], [ -71.614272199674858, 42.276337679131622 ], [ -71.614273682046004, 42.27634021828662 ], [ -71.614278314504091, 42.276347759942446 ], [ -71.614279962261122, 42.276350583425803 ], [ -71.614282715415598, 42.276355301828509 ], [ -71.614285310478195, 42.276359746699093 ], [ -71.614287117540414, 42.276362843713194 ], [ -71.61428962222908, 42.276366920453334 ], [ -71.614291750001769, 42.276370385368473 ], [ -71.614293263994824, 42.276372980309986 ], [ -71.614296150916445, 42.276377927253954 ], [ -71.614297350982326, 42.276379882398722 ], [ -71.614300783379989, 42.276385468908849 ], [ -71.614304489350658, 42.276391501692437 ], [ -71.614305415844697, 42.276393010563538 ], [ -71.614309817974856, 42.276400552447271 ], [ -71.614313902935564, 42.276407001689513 ], [ -71.614316766055879, 42.276411521917247 ], [ -71.614318800206945, 42.276414832974737 ], [ -71.614321398524325, 42.276419063571254 ], [ -71.614323826621771, 42.276423017946811 ], [ -71.614326030993965, 42.276426605225055 ], [ -71.614328431124576, 42.276430512813072 ], [ -71.614330663464642, 42.276434146878636 ], [ -71.614332056480833, 42.276436208965976 ], [ -71.614336304817854, 42.276442498692745 ], [ -71.614337147190142, 42.276443744761444 ], [ -71.614338898793108, 42.276446337665178 ], [ -71.614342241547249, 42.276451285954735 ], [ -71.614346471563266, 42.276458169893367 ], [ -71.614346679464191, 42.276458500994615 ], [ -71.614346887361819, 42.276458830295255 ], [ -71.614351044613286, 42.276466369720218 ], [ -71.614354695322064, 42.276474017684599 ], [ -71.614356582712858, 42.276477957292805 ], [ -71.614356598534499, 42.276477991488221 ], [ -71.614356611931541, 42.276478025686089 ], [ -71.614361248213129, 42.276489684379207 ], [ -71.614362491996815, 42.276493691249819 ], [ -71.614363802847436, 42.27649791412427 ], [ -71.614364764290642, 42.276501318979264 ], [ -71.614366112483339, 42.276506080192334 ], [ -71.614366121027984, 42.276506112594404 ], [ -71.614366128358711, 42.276506144097411 ], [ -71.614368689193626, 42.276517803956409 ], [ -71.61436920859235, 42.276521454131561 ], [ -71.614369859389143, 42.276526035079819 ], [ -71.614370375793598, 42.276532053031183 ], [ -71.614370566488191, 42.276534266664342 ], [ -71.61437093439713, 42.276540625974945 ], [ -71.614371043251296, 42.276542498478172 ], [ -71.614370947975914, 42.276546126757957 ], [ -71.614370826581535, 42.276550730982464 ], [ -71.614370380789438, 42.276558964615255 ], [ -71.614369471897007, 42.276567196908516 ], [ -71.614369458752094, 42.276567302255991 ], [ -71.614369444394953, 42.276567407604681 ], [ -71.614368331457385, 42.276575430332592 ], [ -71.614366498796414, 42.276583664445958 ], [ -71.614364948528802, 42.276589846507989 ], [ -71.614364438224897, 42.276591899686451 ], [ -71.614360989652553, 42.276602192580462 ], [ -71.614358344181042, 42.276606757904496 ], [ -71.614356614776355, 42.276609743200723 ], [ -71.614352934572523, 42.276617979153229 ], [ -71.614348744490613, 42.276629175779902 ], [ -71.614348656417519, 42.276629410844293 ], [ -71.61434856834444, 42.276629645908734 ], [ -71.614348327445157, 42.276630509530527 ], [ -71.614346273794084, 42.276637880481495 ], [ -71.614345687104375, 42.276640599053195 ], [ -71.614345330068161, 42.276642268553736 ], [ -71.614344011181515, 42.276648359455365 ], [ -71.614343755104613, 42.276649545397461 ], [ -71.614343635280065, 42.276650994089835 ], [ -71.614343129924436, 42.276657128295973 ], [ -71.614343102628837, 42.276657453329321 ], [ -71.614343078970137, 42.27665777835896 ], [ -71.614342958028843, 42.276659950888842 ], [ -71.614342629535159, 42.27666601109479 ], [ -71.614343111144862, 42.276674242903674 ], [ -71.614343114869598, 42.276674291515867 ], [ -71.614343119814762, 42.276674344628269 ], [ -71.614343918074184, 42.276681367027138 ], [ -71.614344049790972, 42.276682474257619 ], [ -71.61434410742946, 42.276682839719548 ], [ -71.614344168703198, 42.276683204277695 ], [ -71.614345434480143, 42.276690659252495 ], [ -71.614345439379761, 42.276690687156709 ], [ -71.614347539440828, 42.276698935360201 ], [ -71.61435304853039, 42.276713913468548 ], [ -71.614353340918612, 42.27671470813705 ], [ -71.61435384103487, 42.276719092070906 ], [ -71.614354264788048, 42.276722811663753 ], [ -71.614354272178986, 42.276722876477585 ], [ -71.614354275874462, 42.27672290888448 ], [ -71.614354279568303, 42.276722940391082 ], [ -71.614368631504192, 42.276741447849652 ], [ -71.614374418085987, 42.276748303228182 ], [ -71.614376093299668, 42.276750211983867 ], [ -71.614380435002687, 42.276755156576414 ], [ -71.614386912597766, 42.276762011266143 ], [ -71.614394083600146, 42.276768178340568 ], [ -71.614401484939336, 42.276774344284789 ], [ -71.61441143811787, 42.27678114869606 ], [ -71.614413508865283, 42.276782564596381 ], [ -71.614422064291134, 42.276788044265963 ], [ -71.614423312981813, 42.276788725444881 ], [ -71.61443084881661, 42.276792838582956 ], [ -71.614438805533851, 42.276797069239727 ], [ -71.614439863678811, 42.276797631769469 ], [ -71.614443747229856, 42.27679927453773 ], [ -71.614449570737463, 42.276801738241574 ], [ -71.614459277797394, 42.276805844712797 ], [ -71.614469215166991, 42.27680926492976 ], [ -71.614472762050667, 42.276810431776958 ], [ -71.614479614427395, 42.276812686485933 ], [ -71.614479924924495, 42.276812768103262 ], [ -71.614480232995462, 42.276812848822651 ], [ -71.614489697112774, 42.27681534670814 ], [ -71.614490000331259, 42.276815425631753 ], [ -71.614500638342761, 42.276817465897132 ], [ -71.61450700753015, 42.276818666841891 ], [ -71.614511495794375, 42.276819513145107 ], [ -71.614513525650011, 42.276819767705177 ], [ -71.614522353217467, 42.276820874368084 ], [ -71.614533439736547, 42.276821549337591 ], [ -71.61454299858579, 42.276822131298594 ], [ -71.614544526255813, 42.276822224306017 ], [ -71.614555611533405, 42.276822213250597 ], [ -71.614566696811067, 42.276822202194097 ], [ -71.614575447428507, 42.276821651488468 ], [ -71.614577780846517, 42.276821505113787 ], [ -71.614588632090062, 42.276820122240622 ], [ -71.614598125867815, 42.276818912676937 ], [ -71.614599484545408, 42.276818739365225 ], [ -71.614610334545503, 42.276816670467198 ], [ -71.61461557892676, 42.276815309391345 ], [ -71.61462095296524, 42.276813915775271 ], [ -71.614631341046888, 42.276811161312224 ], [ -71.614641496335437, 42.27680772105662 ], [ -71.614649164182765, 42.276805062937527 ], [ -71.614651420073457, 42.276804281031154 ], [ -71.614654908815183, 42.276802796565072 ], [ -71.614659707043572, 42.27680075350969 ], [ -71.614661112230365, 42.276800155212051 ], [ -71.614666010367998, 42.276797719528503 ], [ -71.614674957602901, 42.276793281149558 ], [ -71.614681566732244, 42.276789747199061 ], [ -71.614683955077624, 42.276788469998074 ], [ -71.614688072379664, 42.276785972972917 ], [ -71.614696230681389, 42.27678101951161 ], [ -71.614696319079755, 42.276780964505413 ], [ -71.614696405050239, 42.276780907701038 ], [ -71.614707020792153, 42.276772668412796 ], [ -71.614708565062713, 42.276771888116301 ], [ -71.614719798879904, 42.276766215848021 ], [ -71.614720216741375, 42.276766004761875 ], [ -71.614720634602804, 42.276765793675722 ], [ -71.614728707054141, 42.276760297420587 ], [ -71.614736086037226, 42.276754115833555 ], [ -71.614742309667676, 42.276747250276436 ], [ -71.614742975845658, 42.276746257486977 ], [ -71.614747376728516, 42.276739698049859 ], [ -71.614750240418331, 42.276734478885501 ], [ -71.614751520017904, 42.276732147646243 ], [ -71.614752378234542, 42.276729422499201 ], [ -71.614755193956114, 42.276720481567253 ], [ -71.614756325861791, 42.27671224814798 ], [ -71.614756329451339, 42.276712222035904 ], [ -71.614756331828602, 42.276712195924979 ], [ -71.614757702619727, 42.276703328460094 ], [ -71.614759623593656, 42.27669902943753 ], [ -71.61476138277574, 42.276695092494734 ], [ -71.614765443706801, 42.276689593042569 ], [ -71.614768985831674, 42.276684794537445 ], [ -71.61477543978674, 42.276677927847999 ], [ -71.614782587206761, 42.276671746489249 ], [ -71.614790891189557, 42.27666624999825 ], [ -71.614792949756975, 42.276664958719806 ], [ -71.614799657056253, 42.276660753044936 ], [ -71.614804520687557, 42.276658684709858 ], [ -71.614804640611879, 42.27665863327325 ], [ -71.614804759322325, 42.276658580937514 ], [ -71.614809349181471, 42.276656627213185 ], [ -71.61481272243401, 42.276655640720293 ], [ -71.614817241915532, 42.276654319972707 ], [ -71.61482112164029, 42.276653185325024 ], [ -71.614824780279008, 42.27665247223586 ], [ -71.614831741268176, 42.276651116636344 ], [ -71.614842359650382, 42.276648361923826 ], [ -71.614852978031664, 42.276645607210313 ], [ -71.61486867465922, 42.276641475369203 ], [ -71.61487906148939, 42.276638720884897 ], [ -71.614893721893182, 42.276634084111542 ], [ -71.614894148376536, 42.276633948640828 ], [ -71.614894293768828, 42.276633902580357 ], [ -71.614894851083847, 42.276633713861457 ], [ -71.614904464774412, 42.276630462285581 ], [ -71.61491460547316, 42.276627022920501 ], [ -71.614924530380222, 42.276623582870158 ], [ -71.61493906554648, 42.276618078332845 ], [ -71.614939101889235, 42.276618063891803 ], [ -71.614939135807404, 42.276618049453127 ], [ -71.614948761296219, 42.276613954286248 ], [ -71.61495241476355, 42.27661239852295 ], [ -71.614958453404498, 42.276609828441885 ], [ -71.614960133271794, 42.276608952575039 ], [ -71.614967682380126, 42.276605017036225 ], [ -71.614967819327134, 42.276604993491496 ], [ -71.614967957486385, 42.276604969945538 ], [ -71.614979919198646, 42.276602946715059 ], [ -71.614986141573809, 42.27659608024544 ], [ -71.614987545298561, 42.276595348701697 ], [ -71.614995371757644, 42.276591268836356 ], [ -71.615003644716964, 42.276586728473134 ], [ -71.615003890567678, 42.276586593182877 ], [ -71.615004137630649, 42.276586457891383 ], [ -71.615012905926875, 42.276581646943328 ], [ -71.615015050461835, 42.276580301557182 ], [ -71.615021671762591, 42.276576149972996 ], [ -71.615029974499677, 42.276570653465811 ], [ -71.615042432880614, 42.276563094723585 ], [ -71.615050504030719, 42.276556912422784 ], [ -71.615062267726074, 42.276548668350209 ], [ -71.615070096429776, 42.276542495293768 ], [ -71.615077257471654, 42.276536495762244 ], [ -71.615077474135177, 42.276536310084602 ], [ -71.615077660553581, 42.276536158648454 ], [ -71.615084465722859, 42.276530458370594 ], [ -71.615084736865981, 42.276530232125118 ], [ -71.615084865169521, 42.276530122160693 ], [ -71.615085142349528, 42.276529882404716 ], [ -71.6150920101081, 42.276523935383175 ], [ -71.615097208187166, 42.276519131607188 ], [ -71.61510238929165, 42.276514326947662 ], [ -71.615109073529013, 42.27650746000846 ], [ -71.615118064654268, 42.276498532684556 ], [ -71.615127746748954, 42.276488918643324 ], [ -71.615133969096817, 42.276482052165555 ], [ -71.615139089256473, 42.276476403089632 ], [ -71.615140192655588, 42.27647518568628 ], [ -71.615146184664894, 42.27646831943877 ], [ -71.615151945124765, 42.27646145342306 ], [ -71.615152581413497, 42.276460695637887 ], [ -71.61515704752432, 42.27645537312327 ], [ -71.615157706795685, 42.276454587405844 ], [ -71.615159606383997, 42.276451879217383 ], [ -71.615160896555636, 42.27645003952334 ], [ -71.615163004120788, 42.27644703582984 ], [ -71.615164058507759, 42.276445533082182 ], [ -71.615168302656855, 42.276439484252343 ], [ -71.615175903154835, 42.276428500245942 ], [ -71.615183042978856, 42.276417516701009 ], [ -71.615187416530645, 42.276409966050188 ], [ -71.615191564097259, 42.276402808154032 ], [ -71.615191677695549, 42.276402611776049 ], [ -71.615191790081454, 42.27640241539919 ], [ -71.615192345895636, 42.276401403811548 ], [ -71.615195934507952, 42.276394864977846 ], [ -71.615199397986203, 42.276388179521554 ], [ -71.615199846173255, 42.276387314789766 ], [ -71.615201151639511, 42.27638455497938 ], [ -71.615205367541819, 42.276375646842475 ], [ -71.615208484121595, 42.27636819648388 ], [ -71.615208816072638, 42.276367411094512 ], [ -71.615208916258524, 42.276367172416087 ], [ -71.615209015230434, 42.276366932838606 ], [ -71.615213402614003, 42.276356329275615 ], [ -71.615213523310445, 42.276356036558994 ], [ -71.615213642792995, 42.276355742943288 ], [ -71.615214443871523, 42.276353609343055 ], [ -71.615218012480867, 42.276344077050858 ], [ -71.615219686418399, 42.276338618689223 ], [ -71.615220537242337, 42.276335842229116 ], [ -71.615220785539961, 42.276335054222734 ], [ -71.615224208646282, 42.276324176136619 ], [ -71.615224226704385, 42.276324106795855 ], [ -71.615224236340467, 42.276324072574994 ], [ -71.615224245974844, 42.276324037453861 ], [ -71.615226275160069, 42.276315941774413 ], [ -71.615228338036502, 42.276307707415839 ], [ -71.615229708435436, 42.276300663040452 ], [ -71.615229940241917, 42.276299473519423 ], [ -71.615230408646639, 42.276297062962193 ], [ -71.61523154123465, 42.276291239624086 ], [ -71.615232354272123, 42.276286353812736 ], [ -71.615232911891823, 42.276283005959847 ], [ -71.615233080208213, 42.276281568921625 ], [ -71.615233916988544, 42.276274409843879 ], [ -71.61523427630064, 42.276271341281088 ], [ -71.615234739119586, 42.276267194962465 ], [ -71.615235185074539, 42.276263108080229 ], [ -71.615235859876222, 42.276254875113999 ], [ -71.61523586224672, 42.27625484540193 ], [ -71.615235863404905, 42.276254815691082 ], [ -71.615236078856853, 42.276246642605116 ], [ -71.615236117585098, 42.276244609702225 ], [ -71.615236213988027, 42.276239630979177 ], [ -71.615236290415723, 42.276235666007288 ], [ -71.615215941874084, 42.276095051478606 ], [ -71.615215515136754, 42.276077067631292 ], [ -71.615215192202214, 42.276063495121036 ], [ -71.615183207501133, 42.275797926022378 ], [ -71.61515281950777, 42.275545608531509 ], [ -71.615149296331566, 42.275516799047558 ], [ -71.615149292632481, 42.275516764840063 ], [ -71.615149287721138, 42.275516730633825 ], [ -71.615149275473868, 42.275516662223737 ], [ -71.615128331959866, 42.275414601556811 ], [ -71.615127849043859, 42.275410367056786 ], [ -71.615127393230338, 42.275406370207243 ], [ -71.615126686045329, 42.27539813862554 ], [ -71.615126671068481, 42.275389906350007 ], [ -71.615126881535119, 42.275381652241386 ], [ -71.615127567291267, 42.275373440870503 ], [ -71.615127584041971, 42.275373319313992 ], [ -71.615127602004975, 42.275373197756259 ], [ -71.615128703973426, 42.275365207440515 ], [ -71.61512945465671, 42.27536069981506 ], [ -71.615130074623892, 42.275356973775978 ], [ -71.615130977699295, 42.275352937751975 ], [ -71.615131907149774, 42.275348739648493 ], [ -71.615134187096984, 42.275340556389203 ], [ -71.615134194324767, 42.27534053117369 ], [ -71.615134202763173, 42.275340505056718 ], [ -71.615134230494746, 42.275340422201815 ], [ -71.615134307685409, 42.27534020515354 ], [ -71.615136544972771, 42.275333894549 ], [ -71.615137597887369, 42.275330926123623 ], [ -71.615138337213153, 42.275328838500435 ], [ -71.615138839184056, 42.275327555077908 ], [ -71.615141555363877, 42.275320602983676 ], [ -71.61514677957129, 42.275309561939359 ], [ -71.615146942597306, 42.275309215162665 ], [ -71.615147074223756, 42.275308934138877 ], [ -71.615147146727438, 42.275308806224366 ], [ -71.615150178271492, 42.27530328258073 ], [ -71.615151219797781, 42.275301384616512 ], [ -71.615152411545779, 42.275299431583747 ], [ -71.615155824819979, 42.275293833733087 ], [ -71.615162319537234, 42.275284153559426 ], [ -71.61516319485078, 42.275282849955964 ], [ -71.61517148502567, 42.275272549479332 ], [ -71.61517152977811, 42.275272493616193 ], [ -71.615171551548158, 42.275272465685248 ], [ -71.615171574530535, 42.27527243775311 ], [ -71.615177480521254, 42.275264999001315 ], [ -71.615186932086388, 42.275255385183698 ], [ -71.615193616181372, 42.275248518237817 ], [ -71.615200764611075, 42.275242336850035 ], [ -71.615208143370737, 42.275236155230807 ], [ -71.615215752460216, 42.275229973380029 ], [ -71.615223825884527, 42.275224477087143 ], [ -71.615226269219292, 42.275222812692725 ], [ -71.615231898095146, 42.275218980794911 ], [ -71.615240433391421, 42.275213484037472 ], [ -71.6152474527062, 42.275209632737898 ], [ -71.615249200266845, 42.275208673071255 ], [ -71.615251461318266, 42.275207431997572 ], [ -71.615257967141005, 42.275203862104384 ], [ -71.615262091009811, 42.275201711664423 ], [ -71.61526719588845, 42.275199050673322 ], [ -71.615280809338216, 42.275192862792139 ], [ -71.615290734000084, 42.275189422709168 ], [ -71.615300658660843, 42.275185982625331 ], [ -71.615304974108213, 42.275184520716635 ], [ -71.615310813651718, 42.275182542309345 ], [ -71.615320737098074, 42.275179102224946 ], [ -71.61533089208676, 42.275175661907213 ], [ -71.615341048289864, 42.275172223387941 ], [ -71.615341486863798, 42.275172076199546 ], [ -71.615341926653215, 42.275171930810522 ], [ -71.615351192507035, 42.275168860504543 ], [ -71.615351312449462, 42.275168820771164 ], [ -71.615351434819686, 42.275168782835856 ], [ -71.615352583489383, 42.275168473781576 ], [ -71.615366898288826, 42.275164649358601 ], [ -71.615377286066789, 42.275161894827178 ], [ -71.615387671380674, 42.275158454273068 ], [ -71.615403368854885, 42.27515500838058 ], [ -71.615413986960704, 42.275152253614394 ], [ -71.615424374734559, 42.275149499078744 ], [ -71.615433608956451, 42.275147700013349 ], [ -71.615434994089966, 42.275147430333561 ], [ -71.615440236550555, 42.275146431139675 ], [ -71.615445843775689, 42.275145361355925 ], [ -71.615457847500906, 42.275142605192919 ], [ -71.615506663102423, 42.275131252015981 ], [ -71.615546721327348, 42.275121935091462 ], [ -71.615811888671999, 42.275422106126264 ], [ -71.615811925116006, 42.275422147503086 ], [ -71.615836689099211, 42.275703392451824 ], [ -71.615844591595916, 42.275792591031873 ], [ -71.615854374423634, 42.275903008546976 ], [ -71.61587874381226, 42.276152604918977 ], [ -71.615879087277762, 42.276156126523055 ], [ -71.615885677997781, 42.276224036260842 ], [ -71.615917922042073, 42.276554668234219 ], [ -71.615943150443215, 42.276831501188703 ], [ -71.615976372542391, 42.277196043491017 ], [ -71.615990938462431, 42.277358087990443 ], [ -71.616016196986536, 42.277639099118879 ], [ -71.616016450682821, 42.277641919483266 ], [ -71.616012416598977, 42.277643521579442 ], [ -71.616006065040295, 42.277646046116445 ], [ -71.615995909691307, 42.27764948649213 ], [ -71.61598606948246, 42.277652893237835 ], [ -71.615986025867116, 42.277652908586866 ], [ -71.615985983462465, 42.277652923034417 ], [ -71.615975830540819, 42.27765636610679 ], [ -71.615965675190182, 42.277659807380111 ], [ -71.61595551983676, 42.27766324775228 ], [ -71.615943976762154, 42.277666898392482 ], [ -71.615940286176127, 42.277668065297441 ], [ -71.61593889529739, 42.277668536654765 ], [ -71.615930130820033, 42.277671505667321 ], [ -71.615914897155463, 42.277676323209143 ], [ -71.615899431934324, 42.277681140082287 ], [ -71.615884197010402, 42.277685272497706 ], [ -71.615873811308191, 42.277688713094982 ], [ -71.615864497379789, 42.277691537709487 ], [ -71.615860192398159, 42.277692842976634 ], [ -71.615848135803475, 42.277696112400605 ], [ -71.615844957467218, 42.277696974486524 ], [ -71.615834340208281, 42.277700415313767 ], [ -71.615827482187385, 42.277702441588737 ], [ -71.615825596837979, 42.277702998971229 ], [ -71.61580871835254, 42.277707987412818 ], [ -71.615798331387055, 42.277710741980584 ], [ -71.615787943208375, 42.277713496548664 ], [ -71.615777323433193, 42.277715565325373 ], [ -71.615775006601623, 42.277716179860484 ], [ -71.615766936465107, 42.277718319890305 ], [ -71.615760634179253, 42.27771995487371 ], [ -71.615756317943379, 42.277721074687719 ], [ -71.615755159379219, 42.277721300928789 ], [ -71.615752848307395, 42.277721750703833 ], [ -71.615745698165924, 42.277723143461465 ], [ -71.615735079642477, 42.277725898256882 ], [ -71.615725414832582, 42.277727781506286 ], [ -71.615724937348858, 42.277727874717613 ], [ -71.615724459865135, 42.277727967928975 ], [ -71.615713840083814, 42.277730035799522 ], [ -71.61570919178159, 42.277731216265934 ], [ -71.615702990005019, 42.277732790825198 ], [ -71.615692370223826, 42.27773485959402 ], [ -71.615681520101489, 42.277736928593839 ], [ -71.61566535885369, 42.277739688964971 ], [ -71.615654506263482, 42.277741071940817 ], [ -71.615643886479305, 42.277743140705141 ], [ -71.615637986269221, 42.277743888487514 ], [ -71.615633035100331, 42.277744523677747 ], [ -71.615625936959958, 42.277745848853527 ], [ -71.61562195342151, 42.277746592905068 ], [ -71.615618602135854, 42.277747020316916 ], [ -71.61561110082917, 42.277747975876821 ], [ -71.615605142448359, 42.277748735419863 ], [ -71.615600248236348, 42.277749358847508 ], [ -71.61559412259308, 42.277750139265123 ], [ -71.615589396855285, 42.277750741816021 ], [ -71.61558123009992, 42.277751761064245 ], [ -71.615578313920992, 42.277752125016463 ], [ -71.615567460073819, 42.277752821961478 ], [ -71.615563501535917, 42.277753315704118 ], [ -71.615556377138631, 42.277754205159802 ], [ -71.615545525755834, 42.277755588124137 ], [ -71.615534441567164, 42.27775628529772 ], [ -71.615523357378279, 42.277756982470187 ], [ -71.615512274441386, 42.277758365664269 ], [ -71.615501420592423, 42.277759062603032 ], [ -71.615490342446165, 42.277759749863051 ], [ -71.615479252212609, 42.277760456940612 ], [ -71.615468166770555, 42.27776046808517 ], [ -71.615457082580193, 42.27776116525127 ], [ -71.615445998389518, 42.277761862416298 ], [ -71.615443051242707, 42.277761865378402 ], [ -71.615434912947208, 42.277761873557623 ], [ -71.615423827504827, 42.277761884697917 ], [ -71.615417669620356, 42.277762271710074 ], [ -71.615412743313712, 42.27776258185974 ], [ -71.615408635977843, 42.277762585986743 ], [ -71.615401657871274, 42.277762592997881 ], [ -71.615390572428765, 42.277762604134935 ] ] ] ] } },
{ "type": "Feature", "properties": { "ZONECODE": null, "TOWN_ID": "348", "LOCAL_ZONE": null, "highdense": "Y" }, "geometry": { "type": "MultiPolygon", "coordinates": [ [ [ [ -71.759143554834864, 42.297150119938436 ], [ -71.759073992807743, 42.297042526907163 ], [ -71.758543040630741, 42.296221279824486 ], [ -71.758526976288849, 42.296129054739374 ], [ -71.758526725443673, 42.29612761573361 ], [ -71.758526755708715, 42.296127603061421 ], [ -71.758531279911878, 42.296125755384189 ], [ -71.758560404542791, 42.296113861801437 ], [ -71.75867911965905, 42.296065383013215 ], [ -71.758755797817344, 42.296017907152098 ], [ -71.758814214655416, 42.295960457494864 ], [ -71.758892077535279, 42.295800209846007 ], [ -71.758897694407537, 42.295768182737277 ], [ -71.758872227043653, 42.295685230295 ], [ -71.758746014618438, 42.295384349951604 ], [ -71.758719796004101, 42.295243087111338 ], [ -71.758702437628401, 42.295122385940985 ], [ -71.758703877195472, 42.294965968294768 ], [ -71.758724461676081, 42.294802646402765 ], [ -71.758716978360397, 42.294667518284612 ], [ -71.758724307546672, 42.294539214357634 ], [ -71.758676890512348, 42.294411719690267 ], [ -71.7586252410198, 42.294265715471617 ], [ -71.758572781562563, 42.294147835541843 ], [ -71.758464069008852, 42.293888075985549 ], [ -71.758403736498153, 42.293708474189089 ], [ -71.758428074636839, 42.293615804376429 ], [ -71.758381588037281, 42.293545934419349 ], [ -71.758413306629862, 42.293449818791281 ], [ -71.75839891120188, 42.29337644745285 ], [ -71.758426213215813, 42.293273482404672 ], [ -71.758450439772659, 42.293209626754667 ], [ -71.758509112899205, 42.293095614736579 ], [ -71.758574910849703, 42.292948330675024 ], [ -71.758666877187139, 42.292841788122509 ], [ -71.758721675713019, 42.292741506096625 ], [ -71.758806033128522, 42.292551614176737 ], [ -71.758737160421646, 42.292430342923353 ], [ -71.758727437560523, 42.292312368596036 ], [ -71.758706695431385, 42.292210883661191 ], [ -71.758672406438464, 42.292075070367282 ], [ -71.75866303763307, 42.291975718725979 ], [ -71.758644698259516, 42.291794604497731 ], [ -71.758534069419568, 42.291573268383495 ], [ -71.758490252724869, 42.291364814558861 ], [ -71.758469556188203, 42.291258890106612 ], [ -71.758452737439868, 42.291172812030183 ], [ -71.758417698534089, 42.291077532495962 ], [ -71.758295289766963, 42.29096941579003 ], [ -71.758210140976686, 42.290821426704802 ], [ -71.75824392957054, 42.290610739384242 ], [ -71.758329571787911, 42.29052789171601 ], [ -71.758405099113162, 42.29049649877895 ], [ -71.758512480600572, 42.290078465462081 ], [ -71.758380895863937, 42.289691194262268 ], [ -71.758692739772059, 42.289622209795056 ], [ -71.759471335170119, 42.289573056584338 ], [ -71.759476184105196, 42.289572750338834 ], [ -71.759476209564212, 42.289573044677887 ], [ -71.759496997687435, 42.289809127150242 ], [ -71.759497020551592, 42.289809380081529 ], [ -71.759501874528439, 42.289809116137555 ], [ -71.759754224294809, 42.289795394496714 ], [ -71.759773455939012, 42.289794351696656 ], [ -71.759756781255945, 42.289565127425334 ], [ -71.760469003354771, 42.289519943715938 ], [ -71.760484471638122, 42.289519017362039 ], [ -71.760543680613296, 42.289369328792617 ], [ -71.760669110564095, 42.289089832167612 ], [ -71.760753305217804, 42.289005946099572 ], [ -71.761001773618077, 42.288850013563255 ], [ -71.761066420021336, 42.288812461244291 ], [ -71.761172156364438, 42.288763096363638 ], [ -71.76130842298771, 42.288715224877521 ], [ -71.761408254634361, 42.288668663220101 ], [ -71.761520441689697, 42.288595689300415 ], [ -71.761658747860778, 42.288495542502197 ], [ -71.761765025998329, 42.288388965662577 ], [ -71.76182781191217, 42.288297939597172 ], [ -71.761895092866339, 42.288171884457263 ], [ -71.761927313908913, 42.288031862782653 ], [ -71.761955450104452, 42.287798549176983 ], [ -71.762001569609069, 42.287612532995446 ], [ -71.762097246960565, 42.287624660563672 ], [ -71.762331123478234, 42.287653625975537 ], [ -71.765407312031542, 42.288521246220292 ], [ -71.766565704013018, 42.288847857916792 ], [ -71.765142305742046, 42.289937816468253 ], [ -71.765045054318875, 42.289881786763729 ], [ -71.764872121231704, 42.289790944167358 ], [ -71.764782898026525, 42.289721175235115 ], [ -71.764674089210033, 42.289663113769862 ], [ -71.764545628756139, 42.289600981292658 ], [ -71.76447153005266, 42.289557246249316 ], [ -71.764362518582686, 42.289451162301454 ], [ -71.764233706411446, 42.289359531206216 ], [ -71.764154635273584, 42.289286994338219 ], [ -71.764075300768425, 42.289206226619861 ], [ -71.764016119863498, 42.289195385301738 ], [ -71.763956834180675, 42.289214044172105 ], [ -71.763947071321937, 42.289254542075554 ], [ -71.763932563073126, 42.289320433804029 ], [ -71.763913094633864, 42.289360267969677 ], [ -71.763794691925241, 42.289383178658341 ], [ -71.763676579157988, 42.289419809060149 ], [ -71.763558140723489, 42.289434487286009 ], [ -71.763523815660037, 42.289456518806411 ], [ -71.763528867169612, 42.289504528973666 ], [ -71.763479587265309, 42.289541001299838 ], [ -71.763361521389299, 42.289589293693147 ], [ -71.763272831902484, 42.289647809941521 ], [ -71.763243389410661, 42.289677376465491 ], [ -71.763204146786563, 42.289739208602576 ], [ -71.763100712323435, 42.289751107888314 ], [ -71.763036614864859, 42.289780067671217 ], [ -71.763031902910285, 42.289813007654999 ], [ -71.763017424976439, 42.289886445463431 ], [ -71.763057244450493, 42.289963189112719 ], [ -71.763067220043226, 42.290029024671135 ], [ -71.763013287844728, 42.290113530087289 ], [ -71.76305820637279, 42.290194378211993 ], [ -71.76313735447907, 42.29028543831717 ], [ -71.76316676253937, 42.290326755741539 ], [ -71.763191955357243, 42.290362148967041 ], [ -71.763207031306564, 42.290432088076003 ], [ -71.763172901410456, 42.290501455655544 ], [ -71.763123637657785, 42.290542043932021 ], [ -71.762961094385929, 42.290615820650103 ], [ -71.762778851838632, 42.290674548737336 ], [ -71.762655865580626, 42.290762641980741 ], [ -71.762567776572752, 42.290909653494325 ], [ -71.762493946192919, 42.290986656938202 ], [ -71.762420300461088, 42.29105268351497 ], [ -71.762351355174545, 42.29108233999969 ], [ -71.762297346544671, 42.291092752757194 ], [ -71.762229117758324, 42.291963476525289 ], [ -71.76318789356398, 42.291938645020238 ], [ -71.764824271637465, 42.29171261371603 ], [ -71.765386196247505, 42.291635168663881 ], [ -71.766993000165172, 42.291630075607202 ], [ -71.767709544144722, 42.29162703655097 ], [ -71.769310844842181, 42.291360546620744 ], [ -71.769738587127236, 42.291290940912084 ], [ -71.770415168793917, 42.291180957978071 ], [ -71.771989694206923, 42.29092409889239 ], [ -71.772043999172652, 42.290887701051915 ], [ -71.772117066670944, 42.290838729348231 ], [ -71.772219990748965, 42.290869357607704 ], [ -71.772460574375941, 42.290896227547641 ], [ -71.772621042889057, 42.290879382371877 ], [ -71.772919852946302, 42.290856721200683 ], [ -71.773225896900996, 42.290796994899601 ], [ -71.773510038700181, 42.290747611188657 ], [ -71.773670387793629, 42.290703323826854 ], [ -71.773874309982915, 42.290692547631195 ], [ -71.774078365574567, 42.290659131927477 ], [ -71.77426073327409, 42.290631941849476 ], [ -71.774669010591396, 42.290923214302261 ], [ -71.768998969652515, 42.29184218049852 ], [ -71.765940735439528, 42.29232814552369 ], [ -71.7608753695676, 42.293173277470181 ], [ -71.761199821285359, 42.294954557127667 ], [ -71.76126615111302, 42.295151207069829 ], [ -71.76139405487271, 42.295522839452737 ], [ -71.761514218192616, 42.295870371303643 ], [ -71.761682727660414, 42.29635772023024 ], [ -71.761854664110729, 42.296854966091651 ], [ -71.761966753656509, 42.297216286674505 ], [ -71.761725489032571, 42.297198339825442 ], [ -71.759234693257568, 42.29715182302251 ], [ -71.759143597282375, 42.297150120743048 ], [ -71.759143554834864, 42.297150119938436 ] ] ] ] } },
{ "type": "Feature", "properties": { "ZONECODE": null, "TOWN_ID": "348", "LOCAL_ZONE": null, "highdense": "Y" }, "geometry": { "type": "MultiPolygon", "coordinates": [ [ [ [ -71.773226664550378, 42.315501190380054 ], [ -71.773173246911526, 42.315450103391726 ], [ -71.773627829547607, 42.315191077224831 ], [ -71.773529650478665, 42.315039013181433 ], [ -71.77494208228714, 42.314571892998025 ], [ -71.775173891706501, 42.315004904942427 ], [ -71.774152039466728, 42.315377113040554 ], [ -71.774839620824352, 42.316038855836894 ], [ -71.774158821229676, 42.316396974088747 ], [ -71.773226664550378, 42.315501190380054 ] ] ] ] } },
{ "type": "Feature", "properties": { "ZONECODE": null, "TOWN_ID": "348", "LOCAL_ZONE": null, "highdense": "Y" }, "geometry": { "type": "MultiPolygon", "coordinates": [ [ [ [ -71.78942787377656, 42.322345234964011 ], [ -71.791463385654254, 42.323308035527603 ], [ -71.79193199913648, 42.323529514308923 ], [ -71.792399902145547, 42.323671438878051 ], [ -71.793078906190971, 42.323718417397302 ], [ -71.793168592675002, 42.323123406837389 ], [ -71.793525766389138, 42.323195901502608 ], [ -71.794783596243391, 42.319849007830094 ], [ -71.7950230154119, 42.3186602016903 ], [ -71.79481627017941, 42.318678569549292 ], [ -71.794545079678443, 42.316868848903262 ], [ -71.79466611752099, 42.316856876336644 ], [ -71.794556707812632, 42.316239736132182 ], [ -71.795836242089464, 42.316091012781726 ], [ -71.796470384071824, 42.316197771424761 ], [ -71.79575393500474, 42.318750251357599 ], [ -71.793831274145973, 42.32348805380326 ], [ -71.794487566365646, 42.323621518875385 ], [ -71.794430632366101, 42.323753380703593 ], [ -71.794706032041788, 42.323734152504485 ], [ -71.794905736747296, 42.323738443449407 ], [ -71.795080776659688, 42.323757201994347 ], [ -71.795287062774349, 42.323784799193525 ], [ -71.795411972553339, 42.323807803907357 ], [ -71.795503894829054, 42.323843924975542 ], [ -71.795685161568798, 42.32390863179338 ], [ -71.795775027995134, 42.323950247899546 ], [ -71.799185471592807, 42.325536187523035 ], [ -71.799193467749944, 42.325539714755536 ], [ -71.799269608446565, 42.32557233213894 ], [ -71.799612438572112, 42.3257160554435 ], [ -71.800039876435306, 42.32591512462497 ], [ -71.800034017995699, 42.325922093750677 ], [ -71.799974583194938, 42.325992839647768 ], [ -71.799888408799518, 42.326098731445441 ], [ -71.79967116104514, 42.326142777397962 ], [ -71.799591083873693, 42.326058489419303 ], [ -71.799501511866694, 42.325973649933495 ], [ -71.799365091485967, 42.325859519913671 ], [ -71.799248172531065, 42.325775482468387 ], [ -71.799105869853392, 42.325739264106112 ], [ -71.799052800079124, 42.325843350497124 ], [ -71.799015310460348, 42.32592662576031 ], [ -71.797950882303667, 42.325433983293934 ], [ -71.797286006576016, 42.325124225856143 ], [ -71.797139432676687, 42.324936324497841 ], [ -71.797029834547303, 42.325003681989187 ], [ -71.795254857980382, 42.324179291668209 ], [ -71.795202100692208, 42.324166391850966 ], [ -71.795166704862055, 42.324158252283148 ], [ -71.795113037169216, 42.324148097045011 ], [ -71.795076954588694, 42.32414201637463 ], [ -71.795040645914554, 42.324136620493341 ], [ -71.794986069832362, 42.324129902132675 ], [ -71.794949304129673, 42.32412587853652 ], [ -71.79489427863578, 42.324121904468178 ], [ -71.7948572896222, 42.324119942178683 ], [ -71.794802045656311, 42.324118026688978 ], [ -71.794765064250399, 42.324117434591336 ], [ -71.794728088037346, 42.324118216310687 ], [ -71.794691113028165, 42.324118996214452 ], [ -71.794654145630872, 42.324121149028734 ], [ -71.794598923602877, 42.324124720651248 ], [ -71.794562193099694, 42.324128244870444 ], [ -71.794507447285582, 42.324134559312007 ], [ -71.794453175692865, 42.324142928774698 ], [ -71.794417150694841, 42.324149197024305 ], [ -71.79436865709134, 42.324158238571059 ], [ -71.794349421194582, 42.324196704986271 ], [ -71.79433521152697, 42.32422212503554 ], [ -71.79432007737843, 42.324247544748737 ], [ -71.794295516827844, 42.324283968523602 ], [ -71.794277836597644, 42.324308710528136 ], [ -71.794249802282692, 42.324343770242507 ], [ -71.794219453588113, 42.324378148051323 ], [ -71.794198067099913, 42.324400841465589 ], [ -71.794164474381191, 42.324433170398734 ], [ -71.794129029515886, 42.324464818039544 ], [ -71.794104163626812, 42.324485461374877 ], [ -71.794078605439154, 42.324505422255434 ], [ -71.794038983246708, 42.324533650449474 ], [ -71.794011564853491, 42.324552242230439 ], [ -71.793983221222689, 42.324570151250278 ], [ -71.793954412158939, 42.324587376332616 ], [ -71.793909920331913, 42.324611501708318 ], [ -71.793864033722556, 42.324634941910176 ], [ -71.793824171178898, 42.324652477903307 ], [ -71.793798597196613, 42.32463122440187 ], [ -71.793752511647995, 42.324608473006812 ], [ -71.793719631456113, 42.324595521720461 ], [ -71.793667791021107, 42.324581249517117 ], [ -71.793631940495217, 42.324574479079018 ], [ -71.793576915144016, 42.324569817458411 ], [ -71.793503195850079, 42.324572064644634 ], [ -71.793466700688057, 42.324576959053047 ], [ -71.793413832419375, 42.324588757245259 ], [ -71.793379906346971, 42.32459981925561 ], [ -71.793347613847445, 42.324613622971086 ], [ -71.793302656352523, 42.324637062378223 ], [ -71.793262340991774, 42.324665292071209 ], [ -71.793238634118595, 42.324686620082431 ], [ -71.793203217296053, 42.324724443349851 ], [ -71.792432524369474, 42.326193821335742 ], [ -71.792531137273755, 42.326225797221419 ], [ -71.793172853517703, 42.326424911845351 ], [ -71.792985546303029, 42.32676253413824 ], [ -71.793037240898315, 42.326832145094002 ], [ -71.793218922836587, 42.327076602848827 ], [ -71.793321787845287, 42.327213477002317 ], [ -71.79323506387523, 42.327242357128355 ], [ -71.792974159793829, 42.327329238454524 ], [ -71.792981671668244, 42.327341389420297 ], [ -71.792770309805235, 42.327413375679683 ], [ -71.792739205550646, 42.327585059877642 ], [ -71.792624023609719, 42.327576246669913 ], [ -71.792569179867385, 42.327572048651206 ], [ -71.792519553556929, 42.327568185743722 ], [ -71.792166199710692, 42.328206166507314 ], [ -71.790089427675255, 42.328818678958598 ], [ -71.790066537798808, 42.328826133481385 ], [ -71.790984031484939, 42.327031872831341 ], [ -71.788926857937241, 42.32653864924454 ], [ -71.789302525005155, 42.326303901269128 ], [ -71.790977336033265, 42.324629440722184 ], [ -71.786594056515199, 42.324106984495785 ], [ -71.78942787377656, 42.322345234964011 ] ] ] ] } },
{ "type": "Feature", "properties": { "ZONECODE": null, "TOWN_ID": "348", "LOCAL_ZONE": null, "highdense": "Y" }, "geometry": { "type": "MultiPolygon", "coordinates": [ [ [ [ -71.756344119656546, 42.27418163813617 ], [ -71.756230596680581, 42.272639683610137 ], [ -71.757623372043966, 42.272590552019501 ], [ -71.757638152572369, 42.272583681110774 ], [ -71.757688983361476, 42.27245215688766 ], [ -71.757718769001443, 42.272420072771595 ], [ -71.757712277785998, 42.272388300503593 ], [ -71.757735005130456, 42.272273357062708 ], [ -71.757907224463651, 42.27205925688687 ], [ -71.757912094954577, 42.27200779300626 ], [ -71.757985426672505, 42.271755856337826 ], [ -71.758054262908857, 42.271534800937943 ], [ -71.758002973704947, 42.271472487639066 ], [ -71.757904108345713, 42.271351967899854 ], [ -71.75777786319378, 42.271199267122462 ], [ -71.757729129247267, 42.271140377201583 ], [ -71.757633206457896, 42.271061697394373 ], [ -71.757551049754667, 42.27101729161884 ], [ -71.757516542973491, 42.270993358910637 ], [ -71.757479917846027, 42.270959138727569 ], [ -71.757935127052619, 42.270663895579972 ], [ -71.757937982683529, 42.27066204355674 ], [ -71.757940001210642, 42.270663884636768 ], [ -71.758628239604079, 42.271291364210867 ], [ -71.758628607058114, 42.271291699194961 ], [ -71.75863311381022, 42.271291353238226 ], [ -71.759401393583317, 42.271232333335369 ], [ -71.759406242056485, 42.271231960467993 ], [ -71.759406267784797, 42.271232322329915 ], [ -71.75955486643214, 42.273324898422345 ], [ -71.759554877992542, 42.273325056848691 ], [ -71.759559740794245, 42.273324887410311 ], [ -71.766883238998631, 42.273069858266801 ], [ -71.766907434519169, 42.273713981689333 ], [ -71.758896031743774, 42.274027992585417 ], [ -71.758891092526326, 42.274028164868604 ], [ -71.758015374632365, 42.274058786810251 ], [ -71.758016558675067, 42.274066728380127 ], [ -71.758019883682422, 42.274088961872877 ], [ -71.758000191469876, 42.274090054942278 ], [ -71.756348994085059, 42.274181627260404 ], [ -71.756344138887684, 42.274181896478765 ], [ -71.756344119656546, 42.27418163813617 ] ] ] ] } },
{ "type": "Feature", "properties": { "ZONECODE": null, "TOWN_ID": "348", "LOCAL_ZONE": null, "highdense": "Y" }, "geometry": { "type": "MultiPolygon", "coordinates": [ [ [ [ -71.764374369078254, 42.250979941938603 ], [ -71.763525053117988, 42.250547366538854 ], [ -71.761768044899981, 42.250532833701506 ], [ -71.760860737728507, 42.249365387851036 ], [ -71.760858894536796, 42.249363015237563 ], [ -71.761994238081257, 42.248469514444366 ], [ -71.761996747959586, 42.248467539755808 ], [ -71.76199911053466, 42.248469503329304 ], [ -71.762024515188628, 42.248490610599703 ], [ -71.762200839512516, 42.248633657092363 ], [ -71.762688341314345, 42.249030805695021 ], [ -71.763961947887793, 42.250068984328209 ], [ -71.764045440761748, 42.250135540820324 ], [ -71.764201085287979, 42.250253146795359 ], [ -71.764261773003312, 42.250298040295853 ], [ -71.764448958691574, 42.250392943360239 ], [ -71.764620926351938, 42.250468828085921 ], [ -71.764695253228254, 42.250491087844146 ], [ -71.764928169874423, 42.250563974969829 ], [ -71.764937272676335, 42.25056651623256 ], [ -71.76497021303399, 42.250574885078095 ], [ -71.765101539735397, 42.250607545695253 ], [ -71.765116715554569, 42.250610532080223 ], [ -71.765795234337872, 42.250724884968726 ], [ -71.765800183223263, 42.250725718899645 ], [ -71.76580010696388, 42.250724873692391 ], [ -71.765796448109143, 42.250684394669022 ], [ -71.76575657188566, 42.250243178586672 ], [ -71.765753483767298, 42.250200950750958 ], [ -71.767601711724609, 42.250074828633153 ], [ -71.767606538120191, 42.250074499581032 ], [ -71.767606584304161, 42.250074818180472 ], [ -71.767614423649079, 42.250128736128993 ], [ -71.767699414422097, 42.25071305303905 ], [ -71.767699436885835, 42.250713206938364 ], [ -71.767704287046854, 42.250713041681898 ], [ -71.76875652093365, 42.25067726679741 ], [ -71.769378620209068, 42.250479339126009 ], [ -71.769519884798214, 42.250434394131425 ], [ -71.769421598374066, 42.249751152737133 ], [ -71.7709104432532, 42.249671748646904 ], [ -71.770915292926887, 42.249671489623985 ], [ -71.770915314581828, 42.249671736256019 ], [ -71.770992689688654, 42.250548724091701 ], [ -71.77099280561076, 42.250550042761148 ], [ -71.770987817073248, 42.25054873468806 ], [ -71.770203445213994, 42.250343130505257 ], [ -71.770198480975509, 42.250341829543146 ], [ -71.770198572618085, 42.250343141968422 ], [ -71.770256999409966, 42.251179725678043 ], [ -71.770054632340333, 42.251185407226529 ], [ -71.766645993619846, 42.251290369856093 ], [ -71.766643642998289, 42.251290441935595 ], [ -71.766641120950595, 42.251290381168353 ], [ -71.765641942723221, 42.251266178062465 ], [ -71.764374369078254, 42.250979941938603 ] ] ] ] } },
{ "type": "Feature", "properties": { "ZONECODE": "TC", "TOWN_ID": "280", "LOCAL_ZONE": null, "highdense": "Y" }, "geometry": { "type": "MultiPolygon", "coordinates": [ [ [ [ -71.991539256658456, 42.241941033673783 ], [ -71.991461561698728, 42.242150861119256 ], [ -71.991454027850921, 42.242171207082123 ], [ -71.991445983290447, 42.242192933199405 ], [ -71.991409775307687, 42.242380569580114 ], [ -71.99138020131717, 42.242533824220608 ], [ -71.991370553631995, 42.242903622000867 ], [ -71.990931283104928, 42.243071323088763 ], [ -71.990825959919562, 42.242310773176023 ], [ -71.990817023477859, 42.242310344796579 ], [ -71.990825135308441, 42.242270690774838 ], [ -71.990811390819189, 42.242228380221221 ], [ -71.990785547637088, 42.242195892390164 ], [ -71.990940530542119, 42.242186690800473 ], [ -71.991031094820457, 42.24214579024612 ], [ -71.991085023667068, 42.242069037883006 ], [ -71.991169342234031, 42.24200565136762 ], [ -71.991249733976971, 42.241978513077854 ], [ -71.991539256658456, 42.241941033673783 ] ] ] ] } },
{ "type": "Feature", "properties": { "ZONECODE": null, "TOWN_ID": "348", "LOCAL_ZONE": null, "highdense": "Y" }, "geometry": { "type": "MultiPolygon", "coordinates": [ [ [ [ -71.780597322987674, 42.273387055267825 ], [ -71.778560106708809, 42.273454441337314 ], [ -71.778570817352502, 42.274575386950048 ], [ -71.777638544758929, 42.274579701714039 ], [ -71.777610880442339, 42.273485552990515 ], [ -71.773236231231166, 42.273623641504194 ], [ -71.773011599986802, 42.272676083766214 ], [ -71.774130127200067, 42.272174677363729 ], [ -71.774932376975045, 42.271804363462742 ], [ -71.774986596534106, 42.272005925833142 ], [ -71.775739730969093, 42.271653558736347 ], [ -71.775720693677599, 42.271577456249247 ], [ -71.777072652576365, 42.271499425709273 ], [ -71.777036724379954, 42.271099558145863 ], [ -71.777890661255526, 42.270622076632783 ], [ -71.777932377801477, 42.271076813102361 ], [ -71.780500615865733, 42.270951202342864 ], [ -71.780685760357713, 42.270417705514575 ], [ -71.782227114926769, 42.269631855453731 ], [ -71.782761893750163, 42.269418557721366 ], [ -71.783843081012009, 42.269116782244836 ], [ -71.784894620862033, 42.269156027937917 ], [ -71.78496732970639, 42.267149896050171 ], [ -71.784520116951342, 42.266444393317045 ], [ -71.786346672951083, 42.265493133403517 ], [ -71.786681414672103, 42.266344348903679 ], [ -71.787141665057945, 42.266101716380511 ], [ -71.787013377051053, 42.265715800990321 ], [ -71.788397507778839, 42.2650770707845 ], [ -71.788369223859888, 42.264747847010007 ], [ -71.788817481142758, 42.264714477497265 ], [ -71.788784418219791, 42.2645025776702 ], [ -71.789803951659138, 42.26442591894304 ], [ -71.79077692659213, 42.26441797192566 ], [ -71.790969486702068, 42.264416112275612 ], [ -71.791094942976557, 42.264432945153324 ], [ -71.7912082666017, 42.264472447610224 ], [ -71.791300621895459, 42.264522293565832 ], [ -71.791418883722628, 42.264580992105003 ], [ -71.793448546646303, 42.265736587988258 ], [ -71.793319395652034, 42.267364181784316 ], [ -71.795830163985059, 42.267628038785901 ], [ -71.796092129098781, 42.268392288557536 ], [ -71.796992030677359, 42.269628248944962 ], [ -71.796680148039329, 42.271617169471618 ], [ -71.794825342364248, 42.271813346321402 ], [ -71.794105665099266, 42.270349145063605 ], [ -71.79359830014991, 42.271585983283885 ], [ -71.792257005850374, 42.271469348385239 ], [ -71.792262008359899, 42.271252549865515 ], [ -71.790869452754038, 42.271184737170515 ], [ -71.790672918743596, 42.271834218072669 ], [ -71.789603373586274, 42.271655806903688 ], [ -71.789389931965403, 42.272398628838843 ], [ -71.790263605864055, 42.272313415382513 ], [ -71.789685156380088, 42.273983298728261 ], [ -71.789671033402954, 42.274025868057066 ], [ -71.791679903463162, 42.274019413365615 ], [ -71.79151970746716, 42.274586479769738 ], [ -71.791938995482312, 42.274666366359128 ], [ -71.791783446809987, 42.275289676414765 ], [ -71.792028971218571, 42.275347364940274 ], [ -71.792125890561067, 42.275080939830282 ], [ -71.793675894784897, 42.275367864818854 ], [ -71.793708785321087, 42.275736863594652 ], [ -71.793596150576022, 42.275700792022214 ], [ -71.7932501709127, 42.276541376029257 ], [ -71.794288753674493, 42.276795979830034 ], [ -71.794077250269027, 42.277301439371513 ], [ -71.794695784736675, 42.277463128122626 ], [ -71.793782708967413, 42.278974044037319 ], [ -71.792103665700253, 42.283121249126658 ], [ -71.791523945576031, 42.283123408362187 ], [ -71.791118441230537, 42.284093106724477 ], [ -71.790523605292719, 42.28397387161899 ], [ -71.790454484674754, 42.28416201759007 ], [ -71.790166931957089, 42.284516048569586 ], [ -71.79046708608864, 42.284642892889813 ], [ -71.790331790431537, 42.284805822152947 ], [ -71.789416027259023, 42.284513140192992 ], [ -71.789360103789889, 42.284607952663698 ], [ -71.788210517764085, 42.284245875911282 ], [ -71.787842857446478, 42.285169504585831 ], [ -71.7886418838564, 42.285371099628094 ], [ -71.788560589152453, 42.285493110363042 ], [ -71.788534737256867, 42.285533334818865 ], [ -71.788601643981977, 42.285551688597756 ], [ -71.788789848116849, 42.285603317716038 ], [ -71.788937450462782, 42.285643807523769 ], [ -71.788921142678149, 42.285679107750965 ], [ -71.788799573241135, 42.285932024015302 ], [ -71.788885359482961, 42.285952390054987 ], [ -71.788484939246402, 42.286733409426837 ], [ -71.789832528982458, 42.287096355250519 ], [ -71.7895668060047, 42.287278137820088 ], [ -71.789228390253101, 42.287524587389107 ], [ -71.788845628356199, 42.287469296053168 ], [ -71.788912323805988, 42.287203635464316 ], [ -71.786341357930084, 42.286817663144262 ], [ -71.787843346907337, 42.282688827656173 ], [ -71.788735286252887, 42.282880048336516 ], [ -71.789426050743657, 42.28115157961718 ], [ -71.788658333515656, 42.280796089169797 ], [ -71.79022063093511, 42.277996588140681 ], [ -71.786541247418072, 42.277915953769771 ], [ -71.786515968480103, 42.277841924982035 ], [ -71.785682889204509, 42.27783096493603 ], [ -71.786029561411056, 42.277477483561512 ], [ -71.783493414877256, 42.277400074956795 ], [ -71.783548397466646, 42.275141197175827 ], [ -71.783604578978981, 42.272832906089974 ], [ -71.781576099129992, 42.27335447535048 ], [ -71.780597322987674, 42.273387055267825 ] ] ] ] } },
{ "type": "Feature", "properties": { "ZONECODE": null, "TOWN_ID": "348", "LOCAL_ZONE": null, "highdense": "Y" }, "geometry": { "type": "MultiPolygon", "coordinates": [ [ [ [ -71.789416878763788, 42.339041505866817 ], [ -71.788896083640495, 42.339358868299215 ], [ -71.788453524992633, 42.339628548297668 ], [ -71.788030283824114, 42.339886448351209 ], [ -71.788043118525835, 42.339844250383393 ], [ -71.788200308289447, 42.339334982153424 ], [ -71.788250436441544, 42.339175014216387 ], [ -71.788293278959088, 42.339033496986943 ], [ -71.788021093696869, 42.339159809562652 ], [ -71.787890278158855, 42.339222031851989 ], [ -71.787819607326838, 42.339255802956508 ], [ -71.788091915844916, 42.338411033838582 ], [ -71.78721403734977, 42.338230058449938 ], [ -71.787718381411921, 42.337047473518112 ], [ -71.787869073015017, 42.336838543962365 ], [ -71.787690156349768, 42.336737460060711 ], [ -71.788542668921153, 42.334810353023329 ], [ -71.788238909341445, 42.33475486221738 ], [ -71.788517596466932, 42.334078431719284 ], [ -71.789396538617922, 42.334301237191461 ], [ -71.788917503751321, 42.335597648564146 ], [ -71.78891937130642, 42.336458703838417 ], [ -71.78906278135301, 42.336492958554203 ], [ -71.789516462952221, 42.336478519014022 ], [ -71.789511572569069, 42.336370139445918 ], [ -71.789495681069653, 42.336328499758302 ], [ -71.789579465849258, 42.336353954175401 ], [ -71.789592129094046, 42.336532644602677 ], [ -71.789519088134384, 42.336535840893163 ], [ -71.789528022268556, 42.336730943941639 ], [ -71.789530528514561, 42.337149534232736 ], [ -71.789534485934851, 42.337294485791467 ], [ -71.789488976526599, 42.337290836273084 ], [ -71.789396242048966, 42.33820175587951 ], [ -71.789703206088433, 42.337883018692551 ], [ -71.790899080988154, 42.337742108921589 ], [ -71.791273771760473, 42.337635512630548 ], [ -71.790501799917479, 42.337964011295625 ], [ -71.789815187705472, 42.338256615763214 ], [ -71.789741865924597, 42.3387013423689 ], [ -71.789402982626967, 42.338841886953318 ], [ -71.789413388743711, 42.338991424498353 ], [ -71.789416878763788, 42.339041505866817 ] ] ] ] } },
{ "type": "Feature", "properties": { "ZONECODE": null, "TOWN_ID": "348", "LOCAL_ZONE": null, "highdense": "Y" }, "geometry": { "type": "MultiPolygon", "coordinates": [ [ [ [ -71.778439526615443, 42.259282729150861 ], [ -71.777681900109798, 42.257890548508634 ], [ -71.777591697325988, 42.256696386165643 ], [ -71.782314990144968, 42.256465344430623 ], [ -71.782499921152848, 42.256414810458004 ], [ -71.784915239046072, 42.256250370735792 ], [ -71.784811486676844, 42.256538075506221 ], [ -71.786536213060742, 42.256870626569288 ], [ -71.786812564145677, 42.256054243567931 ], [ -71.787915267482589, 42.256206728295929 ], [ -71.787837069948694, 42.256529605085071 ], [ -71.788376368306146, 42.256598926940342 ], [ -71.788089841044695, 42.256939294727665 ], [ -71.787878053277936, 42.257190747937685 ], [ -71.787690693041213, 42.257413194861243 ], [ -71.78769944438254, 42.257703991089272 ], [ -71.787717177669919, 42.257948173293812 ], [ -71.787606964577677, 42.257929241378335 ], [ -71.787491090977568, 42.25796481698049 ], [ -71.787032610749222, 42.259394955394086 ], [ -71.787018975814931, 42.259518873628473 ], [ -71.786392271945957, 42.259549937172558 ], [ -71.786669965045164, 42.260403353032636 ], [ -71.785393505704633, 42.261347766598448 ], [ -71.7850787285564, 42.261125587811698 ], [ -71.784860419586764, 42.261288437461481 ], [ -71.784735003571555, 42.261385982712959 ], [ -71.784077541275522, 42.261245928396249 ], [ -71.784092360701877, 42.261201436686385 ], [ -71.784129630335926, 42.261094653441099 ], [ -71.783142819552282, 42.26083469560826 ], [ -71.783065914881277, 42.260985127372102 ], [ -71.782391560854705, 42.260793326024285 ], [ -71.782480774555268, 42.260503601380705 ], [ -71.781289333718163, 42.259915853000024 ], [ -71.782017485462376, 42.259126503909627 ], [ -71.778439526615443, 42.259282729150861 ] ] ] ] } },
{ "type": "Feature", "properties": { "ZONECODE": null, "TOWN_ID": "348", "LOCAL_ZONE": null, "highdense": "Y" }, "geometry": { "type": "MultiPolygon", "coordinates": [ [ [ [ -71.79663909768648, 42.301475250958603 ], [ -71.796917384521834, 42.300074355160199 ], [ -71.79639989878028, 42.300078435022392 ], [ -71.796113352826112, 42.298633032475863 ], [ -71.797384185814778, 42.298478824767869 ], [ -71.798622975588572, 42.29834115084099 ], [ -71.798714125956934, 42.298514479075443 ], [ -71.799063646218045, 42.299292209694173 ], [ -71.799282781176615, 42.299952281664183 ], [ -71.800058032769272, 42.301980210468884 ], [ -71.799927942355126, 42.303243522942502 ], [ -71.799652195612879, 42.304243093821412 ], [ -71.800106882368823, 42.304289929144304 ], [ -71.800051317818287, 42.304655726677602 ], [ -71.799757926488056, 42.305247844647411 ], [ -71.799284354214592, 42.306215355552858 ], [ -71.799253918475657, 42.306205097632557 ], [ -71.799036630355346, 42.306553553582219 ], [ -71.799107651334452, 42.306576354169579 ], [ -71.798248245124611, 42.30833202332802 ], [ -71.796788742963599, 42.312734588437458 ], [ -71.795528767710991, 42.312702161540294 ], [ -71.794574665453297, 42.312852791399472 ], [ -71.79428919776656, 42.312138686289707 ], [ -71.79630148404911, 42.31146944600313 ], [ -71.796138111153667, 42.308409511748977 ], [ -71.795610344765961, 42.308404010960295 ], [ -71.795508501208104, 42.306833276120045 ], [ -71.797513674113134, 42.303708747794055 ], [ -71.79692524189403, 42.303568262560113 ], [ -71.796443111373108, 42.303579797467918 ], [ -71.796433322554165, 42.302526774280096 ], [ -71.79663909768648, 42.301475250958603 ] ] ] ] } },
{ "type": "Feature", "properties": { "ZONECODE": "TC", "TOWN_ID": "280", "LOCAL_ZONE": null, "highdense": "Y" }, "geometry": { "type": "MultiPolygon", "coordinates": [ [ [ [ -71.996239329588676, 42.246827900201879 ], [ -71.996241510645433, 42.246837104511755 ], [ -71.99629465860842, 42.247061405652694 ], [ -71.996340290879957, 42.247122084539086 ], [ -71.995816946605856, 42.247331068526051 ], [ -71.995759842949013, 42.247283895492238 ], [ -71.995747700896203, 42.247272516013759 ], [ -71.995735792281621, 42.247261001698512 ], [ -71.995724119488173, 42.247249354995112 ], [ -71.995712684425996, 42.24723757835406 ], [ -71.995701490428985, 42.24722567492239 ], [ -71.995690540350026, 42.247213646795359 ], [ -71.995679836104713, 42.247201497126049 ], [ -71.995669380078681, 42.247189228714213 ], [ -71.995659174654818, 42.247176844008479 ], [ -71.995649222694198, 42.247164346157817 ], [ -71.995639526112441, 42.247151738315303 ], [ -71.995630087765107, 42.247139022927435 ], [ -71.995620908146847, 42.2471262028022 ], [ -71.995611991064209, 42.247113281084502 ], [ -71.995603337954506, 42.247100260226922 ], [ -71.995594950268838, 42.247087144438375 ], [ -71.995586830857278, 42.247073935462872 ], [ -71.995578980692628, 42.247060636808762 ], [ -71.995571402163222, 42.247047251627137 ], [ -71.99556409718457, 42.247033783071011 ], [ -71.995557067194014, 42.247020233593013 ], [ -71.995550313167101, 42.247006607052789 ], [ -71.995543837489336, 42.2469929062501 ], [ -71.995537641128081, 42.246979133990919 ], [ -71.995531726001559, 42.246965293779468 ], [ -71.995526093079818, 42.246951388772864 ], [ -71.995520743332918, 42.246937422128383 ], [ -71.995515678676355, 42.246923396998909 ], [ -71.995510899604682, 42.246909316192486 ], [ -71.995506408038892, 42.24689518356459 ], [ -71.995502204476267, 42.246881002274449 ], [ -71.995501699880123, 42.246879228162108 ], [ -71.995476770287141, 42.246768574914938 ], [ -71.995474331304607, 42.246757749263146 ], [ -71.995413956441737, 42.246489765403133 ], [ -71.995353582562345, 42.246221781496011 ], [ -71.995270187875221, 42.245851611757317 ], [ -71.995984618705194, 42.245752913834608 ], [ -71.996065092697378, 42.246092551727209 ], [ -71.996072190153086, 42.246122506542477 ], [ -71.996135588384902, 42.246390072730186 ], [ -71.996140910681575, 42.246412536645472 ], [ -71.996188675476034, 42.246614121998284 ], [ -71.996198986676717, 42.246657638520446 ], [ -71.996239329588676, 42.246827900201879 ] ] ] ] } },
{ "type": "Feature", "properties": { "ZONECODE": null, "TOWN_ID": "348", "LOCAL_ZONE": null, "highdense": "Y" }, "geometry": { "type": "MultiPolygon", "coordinates": [ [ [ [ -71.796788742963599, 42.312734588437458 ], [ -71.798248245124611, 42.30833202332802 ], [ -71.799107651334452, 42.306576354169579 ], [ -71.799036630355346, 42.306553553582219 ], [ -71.799253918475657, 42.306205097632557 ], [ -71.799284354214592, 42.306215355552858 ], [ -71.799757926488056, 42.305247844647411 ], [ -71.800051317818287, 42.304655726677602 ], [ -71.800106882368823, 42.304289929144304 ], [ -71.799652195612879, 42.304243093821412 ], [ -71.799927942355126, 42.303243522942502 ], [ -71.800058032769272, 42.301980210468884 ], [ -71.799282781176615, 42.299952281664183 ], [ -71.800699425315727, 42.299947211794553 ], [ -71.800725980785785, 42.300041814578663 ], [ -71.800792038459349, 42.300329771947624 ], [ -71.800850537242042, 42.300485345454845 ], [ -71.800945594318506, 42.300944048643537 ], [ -71.801027097864704, 42.301467273489585 ], [ -71.801080614149271, 42.301595419830093 ], [ -71.801145895085568, 42.302253146847029 ], [ -71.801241024538783, 42.302483402537504 ], [ -71.801301935244041, 42.302611529369706 ], [ -71.801334999384125, 42.302859096459485 ], [ -71.801335918892718, 42.303246014277747 ], [ -71.801320014290695, 42.303302309940371 ], [ -71.800821727868694, 42.305065327976862 ], [ -71.800607931914485, 42.30500071419786 ], [ -71.798985767653051, 42.308181240207723 ], [ -71.797348386962071, 42.31317219739492 ], [ -71.796685441159497, 42.31302778580541 ], [ -71.796788742963599, 42.312734588437458 ] ] ] ] } },
{ "type": "Feature", "properties": { "ZONECODE": null, "TOWN_ID": "348", "LOCAL_ZONE": null, "highdense": "Y" }, "geometry": { "type": "MultiPolygon", "coordinates": [ [ [ [ -71.803602457999858, 42.274520198550938 ], [ -71.802396737126855, 42.274085005714511 ], [ -71.802430731695864, 42.273950453836314 ], [ -71.802752358846135, 42.272365796383639 ], [ -71.802754567544824, 42.272354909542535 ], [ -71.802865941655099, 42.271806150757108 ], [ -71.804701499861366, 42.271646254549985 ], [ -71.806799266447086, 42.271462990089844 ], [ -71.807507909412578, 42.271400978789956 ], [ -71.807536237528751, 42.271579335190602 ], [ -71.807772616097068, 42.271557801701732 ], [ -71.808226195134594, 42.271518854975398 ], [ -71.808238803819407, 42.271452275478914 ], [ -71.808343147081487, 42.271445136981626 ], [ -71.808199579225857, 42.272265326250249 ], [ -71.808113233671534, 42.272743720540383 ], [ -71.807905409726644, 42.272651663904334 ], [ -71.807806591246376, 42.27260802289755 ], [ -71.807669584908581, 42.272547332474417 ], [ -71.807619166366038, 42.272531689738258 ], [ -71.807516960463275, 42.272503836204883 ], [ -71.807359767693796, 42.272470640579812 ], [ -71.807306608168886, 42.272461179295085 ], [ -71.807199384223338, 42.272446372540841 ], [ -71.807145552548548, 42.272441028248871 ], [ -71.807036976424428, 42.272433087942709 ], [ -71.806927964182194, 42.272429948196773 ], [ -71.806818971600109, 42.272431610493356 ], [ -71.80671023746693, 42.272438075995566 ], [ -71.806548913019753, 42.272457715375268 ], [ -71.806495843345175, 42.27246677534076 ], [ -71.806443242151701, 42.272477206088723 ], [ -71.806338976696821, 42.272500808226773 ], [ -71.806275962052936, 42.272507151395608 ], [ -71.806076984934961, 42.272524146373421 ], [ -71.806039590335914, 42.27252767613767 ], [ -71.80590409056758, 42.272539014372768 ], [ -71.805715602039356, 42.272528538762245 ], [ -71.804486727616009, 42.272459769383879 ], [ -71.804351992902639, 42.273206527831611 ], [ -71.804992952912642, 42.273280289307408 ], [ -71.804878164208304, 42.273948101176501 ], [ -71.805433160883908, 42.27400836953592 ], [ -71.805197544015172, 42.275096352827561 ], [ -71.803602457999858, 42.274520198550938 ] ] ] ] } },
{ "type": "Feature", "properties": { "ZONECODE": null, "TOWN_ID": "348", "LOCAL_ZONE": null, "highdense": "Y" }, "geometry": { "type": "MultiPolygon", "coordinates": [ [ [ [ -71.815304369629331, 42.25508086168292 ], [ -71.814341722402474, 42.254582009990749 ], [ -71.814175223911832, 42.254666162231985 ], [ -71.813877511700582, 42.254361005532061 ], [ -71.813503332552841, 42.254557546316242 ], [ -71.813390825815091, 42.254448774445173 ], [ -71.813857400329411, 42.25422188984092 ], [ -71.813344310625894, 42.253935017361954 ], [ -71.81331265508615, 42.253908028905506 ], [ -71.813559149890537, 42.253658372871094 ], [ -71.813619485307427, 42.253611475194333 ], [ -71.814232137047412, 42.254039659376716 ], [ -71.814359399953034, 42.253960475173166 ], [ -71.814609057375947, 42.253760784952561 ], [ -71.814670966134685, 42.253713360236844 ], [ -71.81471800896928, 42.253739079044159 ], [ -71.816204759823947, 42.252819282475294 ], [ -71.823213086165296, 42.249055402965332 ], [ -71.823504197848024, 42.248742438263974 ], [ -71.823962816883778, 42.248503776191896 ], [ -71.824173289911101, 42.248718598450935 ], [ -71.826858839762153, 42.247272370943008 ], [ -71.827363700373922, 42.247454103776739 ], [ -71.827008235014389, 42.247638288331771 ], [ -71.82596866030876, 42.248200361848326 ], [ -71.82625619999115, 42.248497283726671 ], [ -71.825745133464551, 42.248770403623844 ], [ -71.825507288065737, 42.248845171396916 ], [ -71.825627276673245, 42.248970375295627 ], [ -71.82480063460018, 42.249422068749709 ], [ -71.824127664461571, 42.249230508778233 ], [ -71.821112557908776, 42.250815482762505 ], [ -71.821522334181154, 42.251228014229014 ], [ -71.82044553426482, 42.251799745663611 ], [ -71.816944340404916, 42.253631562879363 ], [ -71.816539593485373, 42.253898860971312 ], [ -71.816704537549839, 42.254012973443182 ], [ -71.816225551413794, 42.254438946451124 ], [ -71.816564899639786, 42.254665774804003 ], [ -71.815923710825132, 42.255251352607161 ], [ -71.815304369629331, 42.25508086168292 ] ] ] ] } },
{ "type": "Feature", "properties": { "ZONECODE": "AA", "TOWN_ID": "328", "LOCAL_ZONE": null, "highdense": "Y" }, "geometry": { "type": "MultiPolygon", "coordinates": [ [ [ [ -71.613794992241395, 42.275267686062705 ], [ -71.613781446164325, 42.275258844188592 ], [ -71.613781303169759, 42.27525887403997 ], [ -71.613768288262108, 42.275261601319478 ], [ -71.613760887502679, 42.275263042818594 ], [ -71.613757668832932, 42.275263669910466 ], [ -71.613750899471938, 42.275265002748284 ], [ -71.613736660303999, 42.275267806861422 ], [ -71.613720040044697, 42.275267134593314 ], [ -71.613710985783371, 42.275266574571688 ], [ -71.613709176869818, 42.275266462025186 ], [ -71.613705392531244, 42.275265997618646 ], [ -71.613698089399918, 42.275265100952943 ], [ -71.61369210480531, 42.275263972506245 ], [ -71.613687231029459, 42.275263053628692 ], [ -71.613678568766218, 42.275261384954234 ], [ -71.613676604203462, 42.27526100607416 ], [ -71.613665977378162, 42.275258958518734 ], [ -71.613665674168175, 42.27525887959289 ], [ -71.613661132062077, 42.275257685796134 ], [ -71.613660830062798, 42.275257605968847 ], [ -71.613655579654505, 42.275256225611656 ], [ -71.613650184276395, 42.275254450168454 ], [ -71.613645181908765, 42.275252804878846 ], [ -71.613635246040843, 42.275249384588477 ], [ -71.61362670272689, 42.275245770256547 ], [ -71.613625539273684, 42.275245278046313 ], [ -71.613625316046154, 42.275245183736203 ], [ -71.613625092818666, 42.275245089426164 ], [ -71.613618040520848, 42.275242105625189 ], [ -71.613615832507719, 42.275241171503367 ], [ -71.613610283784809, 42.275238386079877 ], [ -71.613602194273469, 42.275234324751352 ], [ -71.613593431871053, 42.275229542952026 ], [ -71.613585086429808, 42.275224051307831 ], [ -71.613576994375407, 42.275218571116326 ], [ -71.613569361753804, 42.275212404445739 ], [ -71.613563271889916, 42.275207329206417 ], [ -71.613561960677259, 42.275206237545653 ], [ -71.613559871741231, 42.27520410411303 ], [ -71.613555251789336, 42.275199383936524 ], [ -71.613545765518992, 42.275189788975872 ], [ -71.613541063033097, 42.275183660820112 ], [ -71.613539979152876, 42.275182248429601 ], [ -71.613536918771729, 42.275177855318013 ], [ -71.613532337923999, 42.275171279595426 ], [ -71.613527705641204, 42.275163737907761 ], [ -71.6135259190185, 42.275160506716986 ], [ -71.613523535233909, 42.275156195763373 ], [ -71.613518483617966, 42.275144660784413 ], [ -71.613518458050507, 42.27514459958968 ], [ -71.613518445872913, 42.275144568991713 ], [ -71.613518434907576, 42.275144538392517 ], [ -71.613516952937218, 42.275140162626535 ], [ -71.613514482568917, 42.275132861881019 ], [ -71.613511694055418, 42.275120534206692 ], [ -71.613312919911152, 42.274769485164619 ], [ -71.613282640307133, 42.274727672954334 ], [ -71.613268269690408, 42.274707777118081 ], [ -71.613385585454694, 42.274668021403571 ], [ -71.613558580296839, 42.274609398881026 ], [ -71.613558632617824, 42.274609506864628 ], [ -71.613749530590454, 42.274975547792295 ], [ -71.613798568666652, 42.27496242424197 ], [ -71.614011978755784, 42.274905312197113 ], [ -71.614051538528258, 42.275105026618135 ], [ -71.614070942925466, 42.275202989074216 ], [ -71.614829165674081, 42.275104818090327 ], [ -71.615263957122465, 42.275048868630201 ], [ -71.615264381317417, 42.275048814186867 ], [ -71.615264301466851, 42.275048901595561 ], [ -71.615264220402423, 42.275048988105155 ], [ -71.61525562442381, 42.275058427314271 ], [ -71.615255155571688, 42.275058589837698 ], [ -71.615254685508958, 42.275058753262684 ], [ -71.615245859703066, 42.275061814116469 ], [ -71.61524571069593, 42.275061870084244 ], [ -71.615245663453578, 42.275061889938073 ], [ -71.61524561742354, 42.275061909790772 ], [ -71.615244650769014, 42.275062314092509 ], [ -71.61523600792853, 42.275065993264199 ], [ -71.615221468292873, 42.275071496045079 ], [ -71.615211776437746, 42.275075621912926 ], [ -71.615204570274486, 42.275079378866955 ], [ -71.615202547704101, 42.275080433339681 ], [ -71.61520212132362, 42.275080619227978 ], [ -71.615201694943195, 42.275080805116254 ], [ -71.615193087389471, 42.275084558973681 ], [ -71.615189480761003, 42.275086487420054 ], [ -71.615184088983867, 42.275089370167933 ], [ -71.615179088390121, 42.275092044555301 ], [ -71.615175091789197, 42.275094181360267 ], [ -71.615170693106734, 42.275096533738626 ], [ -71.61516609338085, 42.275098992553104 ], [ -71.615157327762702, 42.275104489536091 ], [ -71.615155897622714, 42.275105341748031 ], [ -71.615144640566186, 42.275112049422923 ], [ -71.615144603028497, 42.275112072868218 ], [ -71.615144566704686, 42.27511209721257 ], [ -71.615136336816818, 42.275117545040949 ], [ -71.615131712724605, 42.275120605275042 ], [ -71.615128033067634, 42.275123041558672 ], [ -71.61511995964797, 42.2751285378449 ], [ -71.61511211901805, 42.275134719921525 ], [ -71.615101121349426, 42.275143411580729 ], [ -71.615100815085981, 42.27514365406676 ], [ -71.615100485833622, 42.275143920883849 ], [ -71.615094018227566, 42.275149175180459 ], [ -71.615093209624192, 42.275149831404946 ], [ -71.615092108190481, 42.275150784119717 ], [ -71.615087140845191, 42.275155080800033 ], [ -71.615086062406746, 42.275156012784912 ], [ -71.615085157052576, 42.27515679604781 ], [ -71.615079711608317, 42.275161504641353 ], [ -71.615078913975594, 42.275162194165596 ], [ -71.615072480627902, 42.27516829020179 ], [ -71.61507239833108, 42.275168365908982 ], [ -71.615072317248234, 42.275168442515216 ], [ -71.615068770202299, 42.275171808668041 ], [ -71.615062086101858, 42.275178675606753 ], [ -71.615055862662302, 42.275185542083548 ], [ -71.61505077284761, 42.275191158716368 ], [ -71.615049640433654, 42.27519240855888 ], [ -71.615043648534865, 42.275199274803057 ], [ -71.615037886966007, 42.275206140816266 ], [ -71.615036826196572, 42.275207457208658 ], [ -71.615029591925719, 42.275216439487671 ], [ -71.615027510994878, 42.2752194044402 ], [ -71.615024293475656, 42.275223991060614 ], [ -71.615022478770797, 42.275226695561358 ], [ -71.615019227780152, 42.275231542400178 ], [ -71.615012506337308, 42.275241881808313 ], [ -71.615012297200309, 42.275242204323071 ], [ -71.615012091701757, 42.275242527734484 ], [ -71.615011102995098, 42.27524414115156 ], [ -71.615007734432183, 42.275249666029339 ], [ -71.615007608735667, 42.275249875023484 ], [ -71.61500748667757, 42.275250084914269 ], [ -71.615003339864415, 42.275257627230339 ], [ -71.614999435937904, 42.275264740762978 ], [ -71.614999316320649, 42.275264959654265 ], [ -71.614999197915679, 42.275265178544352 ], [ -71.614998149332664, 42.27526719805396 ], [ -71.614995285081932, 42.275272727828217 ], [ -71.61499295970242, 42.275277932956904 ], [ -71.614991605039265, 42.275280963803368 ], [ -71.614991256224187, 42.275281806828033 ], [ -71.614987308211084, 42.275291345797108 ], [ -71.614986775933872, 42.275292631049886 ], [ -71.614984836775065, 42.275297564803203 ], [ -71.614982178370511, 42.275304298064391 ], [ -71.614979422075365, 42.275312533114359 ], [ -71.614978247345448, 42.275316516291817 ], [ -71.614976391861077, 42.275322800402584 ], [ -71.614975978592113, 42.275324198973223 ], [ -71.614973729951075, 42.275332275963358 ], [ -71.614973719112584, 42.275332315587129 ], [ -71.61497370948635, 42.275332355209713 ], [ -71.614973689021653, 42.275332434456104 ], [ -71.614986141382616, 42.275451790203157 ], [ -71.614996951663031, 42.275540073035224 ], [ -71.61501755344689, 42.275708331797134 ], [ -71.615058034159318, 42.275998480368472 ], [ -71.615061069387167, 42.276020295956179 ], [ -71.615065287505175, 42.27605061093589 ], [ -71.615080377094756, 42.276220729797771 ], [ -71.615080392065764, 42.276228962071954 ], [ -71.615080176701795, 42.276237194576936 ], [ -71.615079882266798, 42.276242611041162 ], [ -71.615079729790438, 42.27624542731386 ], [ -71.615079627216616, 42.27624635291896 ], [ -71.61507892118513, 42.276252756517913 ], [ -71.61507882099653, 42.276253660513554 ], [ -71.615077704596359, 42.276261726466551 ], [ -71.615077692625718, 42.276261810205874 ], [ -71.615077679442749, 42.276261893946483 ], [ -71.615076958737987, 42.276266228684243 ], [ -71.61507630997815, 42.27627012760766 ], [ -71.615074708965707, 42.276278361500786 ], [ -71.615073342925967, 42.276283812349497 ], [ -71.615072644857946, 42.276286595857883 ], [ -71.61507139420317, 42.276290832994491 ], [ -71.615069202551155, 42.276298261716072 ], [ -71.615066676559181, 42.276306496535767 ], [ -71.615065426694457, 42.276309835178047 ], [ -71.615062310484433, 42.276318163319139 ], [ -71.615059986907895, 42.276323711458346 ], [ -71.615058860724957, 42.276326399064054 ], [ -71.615058050390971, 42.276328112235113 ], [ -71.615056666420344, 42.276331036876336 ], [ -71.61505333933529, 42.276338067904696 ], [ -71.615049438536644, 42.276345601871647 ], [ -71.615045284426998, 42.27635316850278 ], [ -71.615043032628364, 42.276356856562138 ], [ -71.61504067931439, 42.276360719380165 ], [ -71.615039960144813, 42.276361899485728 ], [ -71.615036072986697, 42.276368269358308 ], [ -71.615036030671078, 42.276368332421278 ], [ -71.615036008907055, 42.276368363953345 ], [ -71.615035988353753, 42.276368394583962 ], [ -71.615028838837262, 42.276378725416336 ], [ -71.615028655049954, 42.276378990286837 ], [ -71.615028472473341, 42.276379254255865 ], [ -71.615025649344318, 42.276382756526182 ], [ -71.615022450047931, 42.276386730026928 ], [ -71.615020177277486, 42.276389552924186 ], [ -71.615014648392275, 42.276397104725575 ], [ -71.615011189644221, 42.276401067682222 ], [ -71.615008656375423, 42.276403970966292 ], [ -71.615005426025135, 42.276407534863857 ], [ -71.615002434021633, 42.276410837437396 ], [ -71.614995970549458, 42.27641710815481 ], [ -71.614992520371885, 42.276420451700027 ], [ -71.614990053106865, 42.276422985797026 ], [ -71.614985834918798, 42.276427318633779 ], [ -71.614975230256746, 42.276436933586716 ], [ -71.614967851334114, 42.276443115189494 ], [ -71.614957187530024, 42.276451541811724 ], [ -71.614956869153104, 42.276451793312418 ], [ -71.614956550776199, 42.276452044813126 ], [ -71.614944787085037, 42.276460288875022 ], [ -71.614943091017977, 42.276461587896094 ], [ -71.614938789715012, 42.27646488277523 ], [ -71.614936715936921, 42.276466471168547 ], [ -71.614932203804273, 42.276469159460213 ], [ -71.614924526152123, 42.276473732533617 ], [ -71.614924276689337, 42.276473881331732 ], [ -71.614924029656038, 42.276474032828304 ], [ -71.614915492944704, 42.276479526861173 ], [ -71.614911520569805, 42.276481705945876 ], [ -71.614906725867527, 42.276484337800689 ], [ -71.614901065090436, 42.276487364850524 ], [ -71.614897727240802, 42.276489148971159 ], [ -71.61489473092773, 42.276490750890687 ], [ -71.614888729824926, 42.27649396013971 ], [ -71.614879502075055, 42.276498773338496 ], [ -71.614879465737246, 42.276498790480431 ], [ -71.614879429397845, 42.276498806722088 ], [ -71.614879046613495, 42.276498972759036 ], [ -71.614878626274191, 42.276499153238255 ], [ -71.61487003909906, 42.276502897146536 ], [ -71.614865955680017, 42.276504678410717 ], [ -71.614860578549724, 42.276507022752 ], [ -71.614857243672915, 42.276508442249423 ], [ -71.614852726508147, 42.276510365293035 ], [ -71.61485088645081, 42.276511148588192 ], [ -71.614846659935765, 42.276512905686864 ], [ -71.614840962802333, 42.27651527465509 ], [ -71.614831039119963, 42.276518714697062 ], [ -71.614820883888257, 42.276522154969683 ], [ -71.614810728655385, 42.27652559524136 ], [ -71.614797175678376, 42.276529215365791 ], [ -71.614795262388867, 42.276529726844451 ], [ -71.614792296111332, 42.276530513064884 ], [ -71.614788620982424, 42.276531488155051 ], [ -71.614784875572909, 42.27653248132129 ], [ -71.61477918686397, 42.276533481831095 ], [ -71.614773100646119, 42.276534551160147 ], [ -71.614762015419004, 42.276534562236584 ], [ -71.614750928947899, 42.276533887289133 ], [ -71.61474574822951, 42.276533571960172 ], [ -71.614739842476979, 42.276533212340581 ], [ -71.614738214181784, 42.276533113134263 ], [ -71.614731811332859, 42.276532723400834 ], [ -71.614728756006357, 42.276532537390992 ], [ -71.614724280060443, 42.276531789215966 ], [ -71.614716512943687, 42.276530491547348 ], [ -71.614716374655544, 42.276530443969868 ], [ -71.614707029286834, 42.276527227549764 ], [ -71.614706802445696, 42.276527149450693 ], [ -71.614706575606164, 42.276527072251966 ], [ -71.614696407930438, 42.276523651385162 ], [ -71.614696104713104, 42.276523572462033 ], [ -71.614694645625519, 42.276523189493474 ], [ -71.614694343618837, 42.276523109668936 ], [ -71.614686567878962, 42.276521066563454 ], [ -71.614686276789485, 42.276520990329111 ], [ -71.614685996617197, 42.276520917685055 ], [ -71.614680963796971, 42.276519262568002 ], [ -71.614675611944421, 42.276517497933355 ], [ -71.614675308727129, 42.276517419010197 ], [ -71.61467446577926, 42.276517197479173 ], [ -71.614674163772619, 42.276517117654549 ], [ -71.614665529321584, 42.276514850331473 ], [ -71.614665376502273, 42.276514811771349 ], [ -71.61466522247396, 42.276514775013091 ], [ -71.614665069661228, 42.276514740054182 ], [ -71.614664914425475, 42.276514705997997 ], [ -71.614649504895965, 42.276511347978676 ], [ -71.614649200472996, 42.276511272657849 ], [ -71.614648264142659, 42.276511031413392 ], [ -71.614647960927073, 42.276510953390449 ], [ -71.614638868104862, 42.276508617200257 ], [ -71.614638834145907, 42.276508609131547 ], [ -71.614628248310595, 42.276506568826761 ], [ -71.614619459794582, 42.276504912053348 ], [ -71.61461739090899, 42.276504521589686 ], [ -71.61460650682946, 42.276502469876782 ], [ -71.614590361378646, 42.27649974639084 ], [ -71.61458665333268, 42.276499281036941 ], [ -71.61457950522157, 42.276498385172999 ], [ -71.614577465685826, 42.276498135125237 ], [ -71.614568417516722, 42.276497024185076 ], [ -71.61455594949139, 42.276495931059834 ], [ -71.614552941306457, 42.276495667573059 ], [ -71.614552915801042, 42.276495641489952 ], [ -71.614552889081651, 42.276495614507802 ], [ -71.614546232174106, 42.276488814023487 ], [ -71.61453651522379, 42.276479219376824 ], [ -71.61453525687547, 42.276477888196432 ], [ -71.614530036430807, 42.276472365596632 ], [ -71.614523557639245, 42.276465511816141 ], [ -71.614517309184905, 42.276458657805584 ], [ -71.614512150321161, 42.276452997398557 ], [ -71.614511061944185, 42.276451803793456 ], [ -71.614505045040588, 42.276444949551411 ], [ -71.614501546417301, 42.276440963836237 ], [ -71.614499028138297, 42.27643809530894 ], [ -71.6144930112373, 42.276431241066199 ], [ -71.614487213744795, 42.2764243767012 ], [ -71.614481511007753, 42.276417620276767 ], [ -71.61448147941816, 42.276417581595574 ], [ -71.614481441747444, 42.276417532116994 ], [ -71.614475883068295, 42.276409991392548 ], [ -71.6144700965081, 42.276403136918951 ], [ -71.614466488374916, 42.276398255519339 ], [ -71.614461994298935, 42.276392168608389 ], [ -71.614458956590155, 42.27638831387555 ], [ -71.614453892121091, 42.276381886321253 ], [ -71.614448797756253, 42.276374345132794 ], [ -71.614446799625625, 42.276371514798676 ], [ -71.614443473057165, 42.27636680417357 ], [ -71.614440039133427, 42.276361720933572 ], [ -71.614436063075857, 42.276355835171366 ], [ -71.614432191557782, 42.276350105055677 ], [ -71.614428653097136, 42.27634486616865 ], [ -71.614425786473348, 42.27634042247211 ], [ -71.614423789073669, 42.27633732474952 ], [ -71.614419224705358, 42.276329903671076 ], [ -71.614419206467304, 42.276329873979535 ], [ -71.614419188229192, 42.276329844287993 ], [ -71.614419151751378, 42.276329784004638 ], [ -71.614414524125323, 42.276322241449328 ], [ -71.614410146943598, 42.276315092072849 ], [ -71.614407807584683, 42.276311271754444 ], [ -71.614407129021828, 42.276310108350124 ], [ -71.614403405449067, 42.276303729874343 ], [ -71.614399234860343, 42.276296186863171 ], [ -71.614395970394298, 42.276290283285121 ], [ -71.614395064274234, 42.276288644752078 ], [ -71.614394585066165, 42.276287779146443 ], [ -71.614390893690782, 42.276281103541109 ], [ -71.614388468435607, 42.276276038201161 ], [ -71.614386953414026, 42.276272875176282 ], [ -71.614385014322096, 42.276269169696377 ], [ -71.614383013164414, 42.276265331935058 ], [ -71.614380823958811, 42.276260744415985 ], [ -71.614377449495308, 42.276253675066123 ], [ -71.614374500944777, 42.276247496583139 ], [ -71.614371885828163, 42.276242018196825 ], [ -71.614366769501132, 42.276230362682441 ], [ -71.614361682266036, 42.276218704437959 ], [ -71.614361648185309, 42.276218628847161 ], [ -71.614361631146508, 42.276218591952095 ], [ -71.614361612893859, 42.276218554157929 ], [ -71.614227239872136, 42.275943741652391 ], [ -71.614206661663815, 42.275892882893032 ], [ -71.614184787839193, 42.27583882127071 ], [ -71.614176872399156, 42.275791545690602 ], [ -71.614170595285984, 42.275753966449734 ], [ -71.614170578138655, 42.27575386923499 ], [ -71.614170560991326, 42.275753772020252 ], [ -71.614155855258403, 42.275667338590239 ], [ -71.614115225551686, 42.275427275003025 ], [ -71.614112936736944, 42.275415825534587 ], [ -71.614112915938335, 42.275415720220806 ], [ -71.614112895139755, 42.27541561490704 ], [ -71.614107746452632, 42.275412841714335 ], [ -71.614100181780358, 42.27540876819571 ], [ -71.614093933474777, 42.275401913260382 ], [ -71.614084217972604, 42.275392318572173 ], [ -71.614084179111714, 42.275392280798386 ], [ -71.614084145104741, 42.275392245720688 ], [ -71.614078665226444, 42.275386647732333 ], [ -71.614077507795997, 42.27538546499499 ], [ -71.614067097668055, 42.275375871895505 ], [ -71.614059696522091, 42.275369704127428 ], [ -71.614052295379196, 42.275363537259139 ], [ -71.614049206259153, 42.275361384121901 ], [ -71.614040502102171, 42.275355316678784 ], [ -71.61403240875525, 42.275349150496496 ], [ -71.614025781649673, 42.275344662807051 ], [ -71.614024315433781, 42.275343670337776 ], [ -71.614015761450275, 42.27533819063585 ], [ -71.614009971618614, 42.27533482118006 ], [ -71.614002815335525, 42.275330657220181 ], [ -71.613996125491809, 42.275327006864899 ], [ -71.613994029838395, 42.275325865571141 ], [ -71.613993669443317, 42.275325671465268 ], [ -71.613993307839237, 42.275325479161175 ], [ -71.613985015216755, 42.27532107054769 ], [ -71.613978729768604, 42.275317812318342 ], [ -71.61397576905577, 42.275316277553834 ], [ -71.613973923745618, 42.27531547722284 ], [ -71.61396629380009, 42.275312170810814 ], [ -71.613956817333317, 42.275308064068156 ], [ -71.613950108223463, 42.275305156472108 ], [ -71.613947342080095, 42.275303957323551 ], [ -71.613945382800935, 42.275303148102182 ], [ -71.613941199769769, 42.275301420085839 ], [ -71.61393740374038, 42.275299851037566 ], [ -71.613935270028932, 42.275299116713455 ], [ -71.613927467849237, 42.275296430772407 ], [ -71.613917530746917, 42.275293010507646 ], [ -71.613907363314141, 42.275289590470493 ], [ -71.61389696555095, 42.275286170660785 ], [ -71.613896662340551, 42.27528609173558 ], [ -71.613886566600513, 42.27528343777584 ], [ -71.613886264600779, 42.275283357949135 ], [ -71.61387615309728, 42.275280701303245 ], [ -71.613876104586993, 42.275280690547795 ], [ -71.613867202202385, 42.275278975310378 ], [ -71.613865544449482, 42.275278655548789 ], [ -71.61386524124238, 42.275278578424064 ], [ -71.61386311393079, 42.275278031353523 ], [ -71.613862810722097, 42.275277953328498 ], [ -71.613856495493138, 42.275276329156057 ], [ -71.613856192284445, 42.275276251131046 ], [ -71.613854900618051, 42.275275920202866 ], [ -71.613851053980696, 42.275275193877214 ], [ -71.61384405800348, 42.275273874678383 ], [ -71.613827887433729, 42.275271146608418 ], [ -71.613819532987506, 42.275270098842618 ], [ -71.613817031504198, 42.275269785318187 ], [ -71.613815035652891, 42.275269535213617 ], [ -71.613806174362864, 42.27526842402812 ], [ -71.613795088124093, 42.27526774898832 ], [ -71.613794992241395, 42.275267686062705 ] ] ] ] } },
{ "type": "Feature", "properties": { "ZONECODE": null, "TOWN_ID": "348", "LOCAL_ZONE": null, "highdense": "Y" }, "geometry": { "type": "MultiPolygon", "coordinates": [ [ [ [ -71.828067578593959, 42.246480763587165 ], [ -71.8280660622124, 42.246480197124932 ], [ -71.827718376541341, 42.246346495928449 ], [ -71.827688208495758, 42.246389428501672 ], [ -71.827541477940372, 42.246599187254915 ], [ -71.827502650317854, 42.24665518901454 ], [ -71.826958221111539, 42.246444900993716 ], [ -71.826729037688779, 42.246765245772359 ], [ -71.826865974487731, 42.246819737857322 ], [ -71.826611385402231, 42.247182689651083 ], [ -71.826856994071008, 42.247271861221179 ], [ -71.82417144419945, 42.248718088686033 ], [ -71.823960971180071, 42.248503266423612 ], [ -71.823502352141062, 42.248741928488322 ], [ -71.823211240451528, 42.249054893185004 ], [ -71.816202914054855, 42.252818772583531 ], [ -71.814716163185395, 42.253738569128572 ], [ -71.814669120351923, 42.253712850320454 ], [ -71.814607211592303, 42.253760275035184 ], [ -71.814357554165596, 42.253959965251852 ], [ -71.814230291258696, 42.254039149453376 ], [ -71.813617639536076, 42.253610965261025 ], [ -71.813557304118305, 42.253657862936848 ], [ -71.813310809308632, 42.25390751896736 ], [ -71.813342464847366, 42.253934507424248 ], [ -71.813855554538392, 42.254221379911527 ], [ -71.81338898002123, 42.254448264508312 ], [ -71.811219335139413, 42.255530549131933 ], [ -71.811087831128688, 42.255408104989655 ], [ -71.809972806878363, 42.256034037294562 ], [ -71.81002954156591, 42.256084825989923 ], [ -71.809964849582244, 42.256119185085261 ], [ -71.80969947888012, 42.256258692492359 ], [ -71.809592651888195, 42.256314851470194 ], [ -71.809511173422138, 42.256357684186355 ], [ -71.809465160028452, 42.256315181545958 ], [ -71.809160253843046, 42.256549794137356 ], [ -71.80897314775244, 42.256420652252025 ], [ -71.809058445596818, 42.256361229670034 ], [ -71.809300406892845, 42.256163051952527 ], [ -71.809265028283434, 42.256130217751192 ], [ -71.80934916825133, 42.256085209210212 ], [ -71.809218591912511, 42.255960638433884 ], [ -71.809135623704137, 42.256004607478395 ], [ -71.809008945414575, 42.255883754124667 ], [ -71.808894395010441, 42.255774297355622 ], [ -71.808913309795642, 42.25576473388643 ], [ -71.808804457403909, 42.255662578460488 ], [ -71.808787017490374, 42.255672136146181 ], [ -71.808765753523758, 42.255654266485131 ], [ -71.808684351040199, 42.255575454920447 ], [ -71.808602203191953, 42.255496095215094 ], [ -71.808443353895356, 42.25534175357673 ], [ -71.808396417278914, 42.255297509996446 ], [ -71.808614042209399, 42.25512253230287 ], [ -71.808671257680544, 42.255162956996898 ], [ -71.808846694842785, 42.255324114028589 ], [ -71.809068900829132, 42.255185873511465 ], [ -71.808912790389954, 42.255035575604602 ], [ -71.808847360242396, 42.254942656656901 ], [ -71.808843888363143, 42.254937726931651 ], [ -71.808935972570382, 42.254869458701492 ], [ -71.809002097407642, 42.254820435789775 ], [ -71.809050984454103, 42.254859804140501 ], [ -71.809214263621001, 42.255013677473741 ], [ -71.809352549811976, 42.254922145831287 ], [ -71.808868980263412, 42.254448699579243 ], [ -71.808937944629577, 42.254393817094574 ], [ -71.809036944885193, 42.254315030838328 ], [ -71.809048280362347, 42.254306009912334 ], [ -71.809056780454327, 42.254300547409656 ], [ -71.809067670140379, 42.254293549761691 ], [ -71.809074019682157, 42.254288196579594 ], [ -71.809093607773548, 42.254271679125786 ], [ -71.809114319080706, 42.254255620501084 ], [ -71.80919817770787, 42.254191214878958 ], [ -71.809263482843832, 42.254251409765132 ], [ -71.809622185410134, 42.254036761824572 ], [ -71.809414797403022, 42.253843316226011 ], [ -71.809479767742616, 42.253799876214565 ], [ -71.809581962162667, 42.253735474913597 ], [ -71.80993144205469, 42.253542099788817 ], [ -71.809719902221076, 42.253342821160693 ], [ -71.810176583857853, 42.25306809013032 ], [ -71.810246951174861, 42.25303196266708 ], [ -71.810377728063969, 42.253156728958658 ], [ -71.811738875857472, 42.252314391970891 ], [ -71.81163333149199, 42.252258422948522 ], [ -71.813060011400523, 42.251370249543619 ], [ -71.813347091693899, 42.251629472506593 ], [ -71.815175111497808, 42.25046556265503 ], [ -71.815580249783025, 42.25082351736252 ], [ -71.816328823926369, 42.250223803881532 ], [ -71.816647542713781, 42.250463117632698 ], [ -71.818726275121662, 42.248781724150227 ], [ -71.817705254647393, 42.248153452564715 ], [ -71.818751614666255, 42.247500102858524 ], [ -71.818799079652706, 42.247533024031064 ], [ -71.818857178328486, 42.247578093195834 ], [ -71.818911963335367, 42.247620590356568 ], [ -71.819025260942567, 42.247708477730278 ], [ -71.819139281228146, 42.247797118340067 ], [ -71.819251754787246, 42.247884388369087 ], [ -71.819498643076557, 42.248076019680049 ], [ -71.819551478717145, 42.24811913686662 ], [ -71.819680745722764, 42.248009654639894 ], [ -71.81918744080555, 42.247642626165316 ], [ -71.81954780072877, 42.247417976332535 ], [ -71.818673496853393, 42.246751522655856 ], [ -71.817486637745759, 42.247508075210995 ], [ -71.816097288157962, 42.246225595000041 ], [ -71.816375991056859, 42.246055356623067 ], [ -71.816363074292951, 42.24604349826626 ], [ -71.816121958030976, 42.245821781290047 ], [ -71.816022746690535, 42.245741901916318 ], [ -71.815683856806061, 42.245946142014688 ], [ -71.814769436122646, 42.245230375408639 ], [ -71.814562934401977, 42.245527994513466 ], [ -71.813750134263714, 42.244912785559869 ], [ -71.813502185863058, 42.245278434175205 ], [ -71.81342243847871, 42.245395963523023 ], [ -71.813052601000422, 42.245993821094686 ], [ -71.812971306632477, 42.246125761918108 ], [ -71.812818100185083, 42.246141445841765 ], [ -71.812578857631848, 42.246165934687767 ], [ -71.812561936417907, 42.246111253858764 ], [ -71.812022154439262, 42.246189885162714 ], [ -71.811306870114038, 42.246294441457763 ], [ -71.810724674253052, 42.246374719339393 ], [ -71.81034059482775, 42.246427897324367 ], [ -71.810797142388338, 42.244160004088556 ], [ -71.811323711908017, 42.24407762579613 ], [ -71.811124991189288, 42.243517674320003 ], [ -71.811975226473834, 42.241993055819236 ], [ -71.812642137166179, 42.242195679947351 ], [ -71.814734760464276, 42.242199567785633 ], [ -71.814874484917809, 42.242355600381082 ], [ -71.814048896565126, 42.243576259386757 ], [ -71.814705594778346, 42.243577205658283 ], [ -71.814196748697412, 42.244299621899039 ], [ -71.815062814901069, 42.244300679138341 ], [ -71.815566105809779, 42.243576903125877 ], [ -71.816087757630115, 42.24357478236319 ], [ -71.816083205130582, 42.24391163730489 ], [ -71.818859766570569, 42.243904647071375 ], [ -71.818859743132151, 42.24357878031288 ], [ -71.819470270455696, 42.243578455457765 ], [ -71.820420360581451, 42.243581983486528 ], [ -71.820417454415264, 42.243920207049968 ], [ -71.820715224654805, 42.24392143298715 ], [ -71.820918362035258, 42.244242616997532 ], [ -71.820925222908002, 42.244639811224083 ], [ -71.820354141469338, 42.245002945434237 ], [ -71.820807921575408, 42.245407126160565 ], [ -71.823701584044898, 42.243683919116776 ], [ -71.824025480002362, 42.243738574343894 ], [ -71.824258664038567, 42.243748891754635 ], [ -71.824547831148777, 42.243693193041985 ], [ -71.824714590375606, 42.243622744362781 ], [ -71.824713942721715, 42.244037111464046 ], [ -71.82583430419038, 42.244058249777005 ], [ -71.826010798948317, 42.244127482094598 ], [ -71.826179436383512, 42.243884374129621 ], [ -71.826213752111187, 42.243833964805283 ], [ -71.826187840341987, 42.243820775093511 ], [ -71.826165761462235, 42.243809535357158 ], [ -71.826141065785876, 42.243796964292613 ], [ -71.826118824496604, 42.243771351610434 ], [ -71.826096583225379, 42.243745738923813 ], [ -71.826074049685531, 42.243700059223954 ], [ -71.826066845269693, 42.24367019489712 ], [ -71.826067357128878, 42.243650754919102 ], [ -71.826070591190401, 42.243578723890515 ], [ -71.826143010415549, 42.243593313869049 ], [ -71.829443347575804, 42.244173196743333 ], [ -71.830552002551173, 42.244615247602766 ], [ -71.830321407744194, 42.244925313304492 ], [ -71.829518896809375, 42.244585973238522 ], [ -71.829024219860756, 42.245205508991866 ], [ -71.82957607017147, 42.245725999025005 ], [ -71.828191270000787, 42.246528370379245 ], [ -71.828120531038692, 42.246500870994197 ], [ -71.828067578593959, 42.246480763587165 ] ] ] ] } },
{ "type": "Feature", "properties": { "ZONECODE": null, "TOWN_ID": "348", "LOCAL_ZONE": null, "highdense": "Y" }, "geometry": { "type": "MultiPolygon", "coordinates": [ [ [ [ -71.809288028315052, 42.271242959995526 ], [ -71.809361200046084, 42.270858586955782 ], [ -71.809177186604586, 42.270865255697892 ], [ -71.809225040363771, 42.270450766491479 ], [ -71.808451522525445, 42.270512530490727 ], [ -71.808493206336692, 42.270063068872339 ], [ -71.808118551157406, 42.2700421214358 ], [ -71.808056110120646, 42.270544462783157 ], [ -71.807630916990675, 42.270578530650951 ], [ -71.8076487635864, 42.270402172598871 ], [ -71.807668063051764, 42.270214007712305 ], [ -71.807602981525804, 42.270209111504712 ], [ -71.807183538350358, 42.270165229650516 ], [ -71.80718345802984, 42.270199622228937 ], [ -71.807203419699945, 42.270201763781856 ], [ -71.807199581239701, 42.270346435162338 ], [ -71.807195879284109, 42.270487766960642 ], [ -71.806743250186742, 42.270435466199373 ], [ -71.806738522079172, 42.270650892706939 ], [ -71.804391845096617, 42.270839935947514 ], [ -71.80440103157926, 42.270753108292247 ], [ -71.803964206204341, 42.270731580073011 ], [ -71.80395108581483, 42.270871199080617 ], [ -71.803950674792119, 42.270875470290328 ], [ -71.803497623025891, 42.270911959834969 ], [ -71.80361582429677, 42.269798219558467 ], [ -71.803666091064969, 42.269638928051371 ], [ -71.803979190760032, 42.269681319792305 ], [ -71.804120925099767, 42.268902300276146 ], [ -71.80328061201125, 42.268755653570111 ], [ -71.803547323500652, 42.267456979836005 ], [ -71.803993843950636, 42.267492159510773 ], [ -71.804468650038388, 42.267023029376901 ], [ -71.808734202385423, 42.267489807693678 ], [ -71.808591793220103, 42.269017979539825 ], [ -71.80903535055576, 42.269058634923958 ], [ -71.809285383462935, 42.267536347963713 ], [ -71.809448709552228, 42.267551000751816 ], [ -71.809388137497251, 42.26796140927587 ], [ -71.810885334565796, 42.268093886961623 ], [ -71.810655390159212, 42.269561242496145 ], [ -71.810587225861568, 42.269552507532715 ], [ -71.810504686342455, 42.270049417313651 ], [ -71.810770355141997, 42.270072023908448 ], [ -71.810704433122808, 42.270378857074064 ], [ -71.810854238807707, 42.270366103290613 ], [ -71.810900632473761, 42.27036186157072 ], [ -71.811044348905369, 42.270378623254281 ], [ -71.811065124597974, 42.270283209004802 ], [ -71.811809942121755, 42.270349792670515 ], [ -71.81181417925842, 42.27031890987535 ], [ -71.812275755955838, 42.270358817820053 ], [ -71.812466154173379, 42.270336347179835 ], [ -71.812922386977476, 42.270369406774023 ], [ -71.812942773470795, 42.270242435913133 ], [ -71.813402272669677, 42.27028234499052 ], [ -71.81359083432578, 42.270261934680434 ], [ -71.814048266638977, 42.270303905803125 ], [ -71.814066592427125, 42.270181056542214 ], [ -71.814606254916299, 42.27022760280515 ], [ -71.814676252968809, 42.270233585346254 ], [ -71.814645607093979, 42.270432616750455 ], [ -71.814573598161687, 42.270440360273227 ], [ -71.814508727592653, 42.270862447398095 ], [ -71.81353198673412, 42.270782106923697 ], [ -71.813511203988483, 42.270922114405622 ], [ -71.813127973681148, 42.270896404499481 ], [ -71.813119071982655, 42.270963659576857 ], [ -71.812612188170064, 42.270915645069337 ], [ -71.81259376446971, 42.271019286436648 ], [ -71.811547039543356, 42.270936375377701 ], [ -71.811519804689908, 42.27107982922503 ], [ -71.810966716873992, 42.271027817467335 ], [ -71.810938509658257, 42.2712090062779 ], [ -71.810382182784366, 42.271155628414611 ], [ -71.810398003322646, 42.271038275675053 ], [ -71.810014523086025, 42.271008438084387 ], [ -71.809955958952585, 42.271168440777757 ], [ -71.809933080425921, 42.271306395151356 ], [ -71.809288028315052, 42.271242959995526 ] ] ] ] } },
{ "type": "Feature", "properties": { "ZONECODE": null, "TOWN_ID": "348", "LOCAL_ZONE": null, "highdense": "Y" }, "geometry": { "type": "MultiPolygon", "coordinates": [ [ [ [ -71.803497623025891, 42.270911959834969 ], [ -71.803950674792119, 42.270875470290328 ], [ -71.80395108581483, 42.270871199080617 ], [ -71.803964206204341, 42.270731580073011 ], [ -71.80440103157926, 42.270753108292247 ], [ -71.804391845096617, 42.270839935947514 ], [ -71.806738522079172, 42.270650892706939 ], [ -71.806743250186742, 42.270435466199373 ], [ -71.807195879284109, 42.270487766960642 ], [ -71.807199581239701, 42.270346435162338 ], [ -71.807203419699945, 42.270201763781856 ], [ -71.80718345802984, 42.270199622228937 ], [ -71.807183538350358, 42.270165229650516 ], [ -71.807602981525804, 42.270209111504712 ], [ -71.807668063051764, 42.270214007712305 ], [ -71.8076487635864, 42.270402172598871 ], [ -71.807630916990675, 42.270578530650951 ], [ -71.808056110120646, 42.270544462783157 ], [ -71.808118551157406, 42.2700421214358 ], [ -71.808493206336692, 42.270063068872339 ], [ -71.808451522525445, 42.270512530490727 ], [ -71.809225040363771, 42.270450766491479 ], [ -71.809177186604586, 42.270865255697892 ], [ -71.809361200046084, 42.270858586955782 ], [ -71.809288028315052, 42.271242959995526 ], [ -71.809264227976328, 42.271381602740711 ], [ -71.808343147081487, 42.271445136981626 ], [ -71.808238803819407, 42.271452275478914 ], [ -71.808226195134594, 42.271518854975398 ], [ -71.807772616097068, 42.271557801701732 ], [ -71.807536237528751, 42.271579335190602 ], [ -71.807507909412578, 42.271400978789956 ], [ -71.806799266447086, 42.271462990089844 ], [ -71.804701499861366, 42.271646254549985 ], [ -71.802865941655099, 42.271806150757108 ], [ -71.802970067252247, 42.271367503171071 ], [ -71.803015409264034, 42.270950278297903 ], [ -71.803497623025891, 42.270911959834969 ] ] ] ] } },
{ "type": "Feature", "properties": { "ZONECODE": null, "TOWN_ID": "348", "LOCAL_ZONE": null, "highdense": "Y" }, "geometry": { "type": "MultiPolygon", "coordinates": [ [ [ [ -71.768777820529223, 42.306820685227208 ], [ -71.768603510189337, 42.306797767928238 ], [ -71.768402295078573, 42.306805784215207 ], [ -71.767963352274791, 42.306655884267897 ], [ -71.767580409263616, 42.306580626065681 ], [ -71.767404559207122, 42.306576234046695 ], [ -71.767243351354779, 42.306537504780117 ], [ -71.767070325986751, 42.306490571374361 ], [ -71.766866243435217, 42.306421071070091 ], [ -71.76670675846195, 42.306407033868496 ], [ -71.766551525028703, 42.306414941113665 ], [ -71.766378511695095, 42.306425632546144 ], [ -71.766263359430639, 42.306404632652267 ], [ -71.766125748630813, 42.306372708280549 ], [ -71.766036976587984, 42.306361251396034 ], [ -71.765911356691774, 42.306378693548552 ], [ -71.765803555309517, 42.306402266762944 ], [ -71.76520333952071, 42.306361119797486 ], [ -71.765094954263347, 42.306353688529605 ], [ -71.765094911801995, 42.306353685926666 ], [ -71.763178707475205, 42.303390670515938 ], [ -71.763019495910427, 42.303144467284426 ], [ -71.762987193559255, 42.303094515531434 ], [ -71.762987216489989, 42.303094488470187 ], [ -71.763043853187156, 42.303028876068794 ], [ -71.763743373967813, 42.302275774229322 ], [ -71.764331026490495, 42.301366127564677 ], [ -71.76540550807556, 42.301242910364415 ], [ -71.765636056662387, 42.301506590387696 ], [ -71.765319290080114, 42.301658503790129 ], [ -71.765254310678102, 42.301685405983434 ], [ -71.765454122022263, 42.301918138585805 ], [ -71.76559717443223, 42.302082876833687 ], [ -71.766775681539883, 42.303412378440925 ], [ -71.767142658483564, 42.303829748995732 ], [ -71.76722218675242, 42.303786419393987 ], [ -71.767528299963757, 42.303636222673497 ], [ -71.768112283743704, 42.304290809811 ], [ -71.768487803246799, 42.304144496343277 ], [ -71.76971272699025, 42.30374853630417 ], [ -71.770145849839068, 42.303621289948623 ], [ -71.770491642668674, 42.303549131166832 ], [ -71.773467471082569, 42.304138930405117 ], [ -71.774474076708898, 42.304339594758844 ], [ -71.776906633098648, 42.307531318593277 ], [ -71.77541884462579, 42.308163977812626 ], [ -71.772630720063219, 42.309249739926479 ], [ -71.771995354041422, 42.308403319564654 ], [ -71.770919555215187, 42.307867331621139 ], [ -71.770666006203257, 42.307741014773008 ], [ -71.770492994116722, 42.307536986408664 ], [ -71.770359770806081, 42.307397351225525 ], [ -71.770241495537832, 42.307295411988292 ], [ -71.770086388322753, 42.307225116223023 ], [ -71.769880810500936, 42.307185123760426 ], [ -71.769367823688924, 42.307066272227331 ], [ -71.769231710984826, 42.307006907155596 ], [ -71.768934658181379, 42.306863537803281 ], [ -71.768777820529223, 42.306820685227208 ] ] ] ] } },
{ "type": "Feature", "properties": { "ZONECODE": null, "TOWN_ID": "348", "LOCAL_ZONE": null, "highdense": "Y" }, "geometry": { "type": "MultiPolygon", "coordinates": [ [ [ [ -71.766775681539883, 42.303412378440925 ], [ -71.76559717443223, 42.302082876833687 ], [ -71.765454122022263, 42.301918138585805 ], [ -71.765254310678102, 42.301685405983434 ], [ -71.765319290080114, 42.301658503790129 ], [ -71.765636056662387, 42.301506590387696 ], [ -71.765638646784254, 42.301505348298754 ], [ -71.765835913222674, 42.301735167379078 ], [ -71.766448353310437, 42.3024209168005 ], [ -71.766538690532855, 42.302376296786221 ], [ -71.766742680186809, 42.302604860785969 ], [ -71.766652728552586, 42.302653242387883 ], [ -71.767160724452538, 42.303224199761004 ], [ -71.767528299963757, 42.303636222673497 ], [ -71.76722218675242, 42.303786419393987 ], [ -71.767142658483564, 42.303829748995732 ], [ -71.766775681539883, 42.303412378440925 ] ] ] ] } },
{ "type": "Feature", "properties": { "ZONECODE": null, "TOWN_ID": "110", "LOCAL_ZONE": "VMU-GW", "highdense": "Y" }, "geometry": { "type": "MultiPolygon", "coordinates": [ [ [ [ -71.680384559991793, 42.207303250211318 ], [ -71.680116867770124, 42.206786127038704 ], [ -71.679980720520348, 42.20651578695329 ], [ -71.681644136054715, 42.206614120022671 ], [ -71.681745116252912, 42.206616854510081 ], [ -71.682505857616576, 42.206550747679849 ], [ -71.682945789678342, 42.206512563299107 ], [ -71.683582383018887, 42.206451282997193 ], [ -71.683595302126577, 42.20655226773448 ], [ -71.683520321702161, 42.206930362643959 ], [ -71.683492891298101, 42.207200787550917 ], [ -71.682213583121879, 42.207123033267898 ], [ -71.682450099315218, 42.20790198511083 ], [ -71.680756310971645, 42.207831195190707 ], [ -71.680384559991793, 42.207303250211318 ] ] ] ] } },
{ "type": "Feature", "properties": { "ZONECODE": null, "TOWN_ID": "348", "LOCAL_ZONE": null, "highdense": "Y" }, "geometry": { "type": "MultiPolygon", "coordinates": [ [ [ [ -71.835292296945795, 42.230396951365883 ], [ -71.835278449400533, 42.229568258660528 ], [ -71.83576774782469, 42.229579177227876 ], [ -71.83579166567668, 42.22986861533461 ], [ -71.836329903966842, 42.230099606783128 ], [ -71.835745153121479, 42.230890261459962 ], [ -71.835105711924996, 42.230636237527484 ], [ -71.835292296945795, 42.230396951365883 ] ] ] ] } },
{ "type": "Feature", "properties": { "ZONECODE": null, "TOWN_ID": "348", "LOCAL_ZONE": null, "highdense": "Y" }, "geometry": { "type": "MultiPolygon", "coordinates": [ [ [ [ -71.832544115077923, 42.231917656232227 ], [ -71.832481245347822, 42.231283254518445 ], [ -71.833331460479187, 42.23128765030426 ], [ -71.833476269179698, 42.231308496862574 ], [ -71.833576738956921, 42.231323981994898 ], [ -71.833680304612841, 42.2313572985693 ], [ -71.834088524829383, 42.231570841386414 ], [ -71.834196309799438, 42.231485458349567 ], [ -71.8353454178351, 42.232193528259785 ], [ -71.835364360359421, 42.232720349148153 ], [ -71.83534470156016, 42.233017459953736 ], [ -71.833781963765716, 42.232912934387123 ], [ -71.83379728270755, 42.232710508484331 ], [ -71.833772451114513, 42.232027289295971 ], [ -71.83335192524973, 42.232019591768555 ], [ -71.832550832653126, 42.232010252470708 ], [ -71.832544115077923, 42.231917656232227 ] ] ] ] } },
{ "type": "Feature", "properties": { "ZONECODE": null, "TOWN_ID": "348", "LOCAL_ZONE": null, "highdense": "Y" }, "geometry": { "type": "MultiPolygon", "coordinates": [ [ [ [ -71.838162864025961, 42.238387721795974 ], [ -71.837089863736381, 42.238910892323666 ], [ -71.83549423795418, 42.238726219248463 ], [ -71.835705257663136, 42.239434963289646 ], [ -71.834043910835803, 42.23978831512057 ], [ -71.833308569819479, 42.239704697743441 ], [ -71.832221132451892, 42.239951392424516 ], [ -71.832134024462832, 42.239757495760507 ], [ -71.832096017841252, 42.239640293788682 ], [ -71.832078702374503, 42.239507253167275 ], [ -71.832069663592549, 42.239368012491852 ], [ -71.832077307484653, 42.23924107398777 ], [ -71.832142808302592, 42.239055655187954 ], [ -71.832221178536386, 42.238903815704553 ], [ -71.832283075723538, 42.238823369639036 ], [ -71.832378226230503, 42.238702352136428 ], [ -71.832436082540312, 42.2386438716916 ], [ -71.832506268860655, 42.238559971326602 ], [ -71.832737138268214, 42.238132588912329 ], [ -71.836973919234353, 42.238592226462657 ], [ -71.838185355298492, 42.238104320419019 ], [ -71.838162864025961, 42.238387721795974 ] ] ] ] } },
{ "type": "Feature", "properties": { "ZONECODE": null, "TOWN_ID": "348", "LOCAL_ZONE": null, "highdense": "Y" }, "geometry": { "type": "MultiPolygon", "coordinates": [ [ [ [ -71.792608415453742, 42.283389574164453 ], [ -71.792809522658445, 42.28277643922965 ], [ -71.793434132863865, 42.281100250035941 ], [ -71.793694621044651, 42.28049588082024 ], [ -71.794297005970861, 42.279066027533382 ], [ -71.794989779077511, 42.278007767196485 ], [ -71.796524166512015, 42.275437383924547 ], [ -71.796904083325359, 42.276320913847535 ], [ -71.796949346285771, 42.276426170523727 ], [ -71.797351895458021, 42.277362299680455 ], [ -71.796571506203861, 42.277062463781625 ], [ -71.795842236096803, 42.278901528744349 ], [ -71.793976471114661, 42.283047871031663 ], [ -71.794934593566779, 42.283211433199504 ], [ -71.794966666328008, 42.283699803581676 ], [ -71.792608415453742, 42.283389574164453 ] ] ] ] } },
{ "type": "Feature", "properties": { "ZONECODE": null, "TOWN_ID": "348", "LOCAL_ZONE": null, "highdense": "Y" }, "geometry": { "type": "MultiPolygon", "coordinates": [ [ [ [ -71.831003974964787, 42.247799035155175 ], [ -71.830906939659371, 42.247253230356108 ], [ -71.830906577799738, 42.247183942914113 ], [ -71.830940984307858, 42.246964998167869 ], [ -71.830790108998798, 42.246894085377555 ], [ -71.83062740962346, 42.246769009781403 ], [ -71.830680191954912, 42.246753765064426 ], [ -71.831274982172488, 42.246695794225062 ], [ -71.831734870748932, 42.246531878467515 ], [ -71.832793635875802, 42.246297621697622 ], [ -71.833344163243851, 42.246119712472449 ], [ -71.833005082055195, 42.245068318606393 ], [ -71.836005192281803, 42.244549169112346 ], [ -71.836048525291034, 42.244537380629602 ], [ -71.836121483758177, 42.244540596366249 ], [ -71.836170057422777, 42.244559662229463 ], [ -71.836205999514902, 42.244590429435483 ], [ -71.836231355281313, 42.244627400133837 ], [ -71.83624633552877, 42.244666461111017 ], [ -71.836250405765981, 42.244693890554323 ], [ -71.836249397876216, 42.244721335767551 ], [ -71.836243542057247, 42.244748793375592 ], [ -71.836230992932485, 42.244776271481939 ], [ -71.833454202687463, 42.247466766715263 ], [ -71.832690882132468, 42.24853370639287 ], [ -71.831003974964787, 42.247799035155175 ] ] ] ] } },
{ "type": "Feature", "properties": { "ZONECODE": null, "TOWN_ID": "271", "LOCAL_ZONE": "TOWN CTR", "highdense": "Y" }, "geometry": { "type": "MultiPolygon", "coordinates": [ [ [ [ -71.713779538236452, 42.298423312519077 ], [ -71.71374371267332, 42.298334911054368 ], [ -71.713719580066936, 42.298260809677096 ], [ -71.713704344057703, 42.298200356382843 ], [ -71.713694237686681, 42.298138057849719 ], [ -71.713682050681442, 42.29808662881193 ], [ -71.713678633446406, 42.298019599403986 ], [ -71.713677170048086, 42.297950462378466 ], [ -71.713678942754854, 42.297895491735233 ], [ -71.713685015680213, 42.297825082083634 ], [ -71.713694226046869, 42.297750062500555 ], [ -71.713707681610146, 42.297640470095438 ], [ -71.713506459350498, 42.297515373141998 ], [ -71.71296225385835, 42.297548050894115 ], [ -71.712910224504967, 42.297397332141969 ], [ -71.712640225358342, 42.297419722753219 ], [ -71.712377292888846, 42.297441527081702 ], [ -71.712365130023173, 42.297426523683512 ], [ -71.711889549185557, 42.297643378240707 ], [ -71.711774439210686, 42.297695865935289 ], [ -71.711699267987328, 42.297730141745205 ], [ -71.711729747345231, 42.29741382369717 ], [ -71.711363284942124, 42.297394603757361 ], [ -71.711326546802127, 42.297392612365556 ], [ -71.711382474820127, 42.297165440448453 ], [ -71.711409510836162, 42.297055622556165 ], [ -71.711100284397631, 42.297018459859437 ], [ -71.710957589885069, 42.29700412460253 ], [ -71.710932441821797, 42.297142091064622 ], [ -71.710922531202726, 42.2971964662106 ], [ -71.71055970716948, 42.29715940043841 ], [ -71.710515195439868, 42.297389986548744 ], [ -71.710069494998876, 42.297370906735168 ], [ -71.710117205752027, 42.297094940215004 ], [ -71.710127747531558, 42.297033963040811 ], [ -71.709828999069671, 42.29702147458115 ], [ -71.70967927315138, 42.297013935181155 ], [ -71.709674546700114, 42.297065674605228 ], [ -71.70966389195722, 42.297182305313875 ], [ -71.709054164563668, 42.297139559482332 ], [ -71.709055033600194, 42.297125850950557 ], [ -71.70836345939783, 42.297069674837935 ], [ -71.708370470883978, 42.296979445629589 ], [ -71.708405600039143, 42.296527340614382 ], [ -71.70847787931109, 42.296353688024062 ], [ -71.70849743600148, 42.295909108812424 ], [ -71.708139547193937, 42.295894665204536 ], [ -71.707666828962985, 42.295875626828099 ], [ -71.707671246210154, 42.295795736788939 ], [ -71.70770062697656, 42.295264317495771 ], [ -71.709006629356466, 42.295313386450026 ], [ -71.709041819069952, 42.295314708880674 ], [ -71.709109052783717, 42.295317330625586 ], [ -71.709098222803803, 42.295465531302291 ], [ -71.709088281726793, 42.295602753988391 ], [ -71.709078556188842, 42.295735861040058 ], [ -71.709060654774262, 42.295980803799438 ], [ -71.709329810340734, 42.295987860886648 ], [ -71.709643466350869, 42.29599568422978 ], [ -71.709790668015799, 42.296011786463446 ], [ -71.709802535173836, 42.295751247133019 ], [ -71.709816971170952, 42.29543240554608 ], [ -71.709818691090334, 42.295394518090191 ], [ -71.709830084068784, 42.295143537997312 ], [ -71.709841287167535, 42.294896756302229 ], [ -71.70984237429235, 42.294872822734661 ], [ -71.709851848355967, 42.294664121166377 ], [ -71.710384590302453, 42.294672574740993 ], [ -71.710374825237551, 42.294905172459771 ], [ -71.710371210697133, 42.294991283077458 ], [ -71.710668238092424, 42.294998157243683 ], [ -71.710689900597529, 42.295197074113865 ], [ -71.710711346832866, 42.295394006223496 ], [ -71.710713863739556, 42.295417115721868 ], [ -71.710732797166983, 42.295591036445749 ], [ -71.710750285319463, 42.295737349637562 ], [ -71.710754794889411, 42.295775074429891 ], [ -71.710756225742159, 42.295787048397877 ], [ -71.710779670671641, 42.295983193550988 ], [ -71.710789150258066, 42.296062509941315 ], [ -71.710810054265721, 42.296237394829589 ], [ -71.711071718509487, 42.296223904303083 ], [ -71.711292960145826, 42.296212496977773 ], [ -71.711440766130693, 42.296204875979086 ], [ -71.711417620035945, 42.296077691027214 ], [ -71.711728186046457, 42.2960461652779 ], [ -71.712046888264368, 42.296018458919164 ], [ -71.712036313491836, 42.295968491488466 ], [ -71.711993121551345, 42.295764135439811 ], [ -71.711979508909906, 42.295700360416348 ], [ -71.712288936130051, 42.295640552551198 ], [ -71.712869528977279, 42.29552877653731 ], [ -71.713269498381607, 42.295451456799654 ], [ -71.713396952303228, 42.295217778731427 ], [ -71.713760895220815, 42.295138822627727 ], [ -71.714085483907255, 42.295068394255608 ], [ -71.714122766288966, 42.295060304971102 ], [ -71.714361760748716, 42.295005779624795 ], [ -71.714671556459578, 42.295000435055286 ], [ -71.714715741371037, 42.295075950981534 ], [ -71.714763183146374, 42.295134561405021 ], [ -71.714957093656139, 42.295017402882927 ], [ -71.715054565386026, 42.294958512379928 ], [ -71.715015079837997, 42.294900303120393 ], [ -71.714934070117792, 42.294777710562691 ], [ -71.714714135060063, 42.294444876561101 ], [ -71.715357233932735, 42.294220941325634 ], [ -71.715362778523399, 42.294228178291362 ], [ -71.715501505815624, 42.294409263286774 ], [ -71.715614448580823, 42.294556689532591 ], [ -71.715636258120583, 42.294585158178869 ], [ -71.715861267438754, 42.294918707419214 ], [ -71.715903202472589, 42.294903166993244 ], [ -71.71598672731443, 42.294872215486016 ], [ -71.715993550754831, 42.294869686339716 ], [ -71.716431766138328, 42.294707264493994 ], [ -71.71641110413546, 42.294691773360967 ], [ -71.716458129427281, 42.29466273045221 ], [ -71.716368065447426, 42.294520839266184 ], [ -71.716336540105829, 42.294471173647935 ], [ -71.716452930583628, 42.294415470272419 ], [ -71.716514286775237, 42.294386105942884 ], [ -71.716813431284436, 42.294242936294744 ], [ -71.717004968388622, 42.294148794753795 ], [ -71.716887672292557, 42.294042050617669 ], [ -71.716846019174454, 42.294004144975005 ], [ -71.7170104876366, 42.293928882335422 ], [ -71.717049955070109, 42.293910821724786 ], [ -71.71719665674226, 42.293843668009231 ], [ -71.717637429120799, 42.293640404779133 ], [ -71.717593463582375, 42.293578967419045 ], [ -71.717558879322567, 42.293531011273842 ], [ -71.717522083749103, 42.293457463968139 ], [ -71.717519103236896, 42.293451507869293 ], [ -71.717432760180159, 42.293185179103979 ], [ -71.717725697433067, 42.293071058638404 ], [ -71.717975321966264, 42.293023559384778 ], [ -71.717982619606175, 42.293033086847615 ], [ -71.718050450863686, 42.293121646924021 ], [ -71.718459466814238, 42.292958041965285 ], [ -71.718538416531047, 42.292926461675478 ], [ -71.718849241288126, 42.293319471954668 ], [ -71.718966394486017, 42.29335848441611 ], [ -71.719311671654339, 42.293565665745874 ], [ -71.719125774817655, 42.29373641535058 ], [ -71.718963178779902, 42.293885761685843 ], [ -71.718817102548385, 42.294019934292436 ], [ -71.71885609261733, 42.294081983855989 ], [ -71.718907771412958, 42.294164228913644 ], [ -71.719010516056443, 42.294327739705153 ], [ -71.719173693339911, 42.294587416074897 ], [ -71.719214497326973, 42.294652351991516 ], [ -71.718808394243723, 42.294728551768969 ], [ -71.718954383464663, 42.295083425731363 ], [ -71.719022160624561, 42.295312838839536 ], [ -71.71904219898083, 42.295391680703602 ], [ -71.718076365594953, 42.295521012058103 ], [ -71.717569174285856, 42.295643513154609 ], [ -71.717003312496914, 42.29584208593608 ], [ -71.716373695044396, 42.29607059729581 ], [ -71.715907955328419, 42.29621944915398 ], [ -71.715959598530404, 42.296292953722897 ], [ -71.716254022804264, 42.296712019135946 ], [ -71.716561331294471, 42.297148507151711 ], [ -71.716166430292233, 42.29726306757216 ], [ -71.71540237541862, 42.297487823657775 ], [ -71.715582370859067, 42.29783596405526 ], [ -71.715020520341511, 42.298017426454955 ], [ -71.715094153143951, 42.298114165490631 ], [ -71.713818762783291, 42.298502639903006 ], [ -71.713779538236452, 42.298423312519077 ] ] ] ] } },
{ "type": "Feature", "properties": { "ZONECODE": null, "TOWN_ID": "348", "LOCAL_ZONE": null, "highdense": "Y" }, "geometry": { "type": "MultiPolygon", "coordinates": [ [ [ [ -71.796904086933665, 42.276321682693286 ], [ -71.796524170115688, 42.275438152770427 ], [ -71.796314607394905, 42.274972878831939 ], [ -71.794825345947118, 42.271814115167928 ], [ -71.796680151644665, 42.27161793831803 ], [ -71.796992034286362, 42.269629017791679 ], [ -71.796092132696813, 42.268393057404481 ], [ -71.795830167579865, 42.267628807633017 ], [ -71.793319399216415, 42.267364950631546 ], [ -71.793448550212148, 42.265737356835757 ], [ -71.793611735724156, 42.262290323957039 ], [ -71.793661600492698, 42.260298647382463 ], [ -71.795492996786606, 42.260253474908858 ], [ -71.797096460346197, 42.260247281559799 ], [ -71.798201885213984, 42.2597258343446 ], [ -71.798123479918758, 42.258700677945434 ], [ -71.7990287474409, 42.258665273775712 ], [ -71.799003530237556, 42.258250771117474 ], [ -71.798989864796894, 42.258086455673954 ], [ -71.798753997156794, 42.258097097873936 ], [ -71.798074438758363, 42.258121406961841 ], [ -71.798059297609598, 42.257918071651261 ], [ -71.798043109038616, 42.257710533738397 ], [ -71.798029394158903, 42.257544432098499 ], [ -71.798025469811392, 42.257495774655595 ], [ -71.7980191755492, 42.257445448799437 ], [ -71.798015282904231, 42.257414329156461 ], [ -71.798116171921563, 42.257399713830033 ], [ -71.798445813567739, 42.257387912806117 ], [ -71.798928665245569, 42.257378628277976 ], [ -71.798873538331847, 42.25674204387159 ], [ -71.797964311857825, 42.256772240812218 ], [ -71.797933789225922, 42.256457855249366 ], [ -71.797924317755175, 42.256355068908 ], [ -71.797918590868221, 42.256282347446806 ], [ -71.797915641619056, 42.256244878216073 ], [ -71.797913315041257, 42.25621533543142 ], [ -71.797915364321639, 42.256180825132851 ], [ -71.797943586729787, 42.255705512066285 ], [ -71.798025504386061, 42.255706088204199 ], [ -71.79819673739496, 42.255707290422102 ], [ -71.79837478517166, 42.255708541303896 ], [ -71.798458410462601, 42.25570912890236 ], [ -71.798457904710787, 42.255678980892036 ], [ -71.798457152905854, 42.255634177499097 ], [ -71.798456320589793, 42.25558463692397 ], [ -71.798455449150353, 42.255532710648758 ], [ -71.798454618477777, 42.255483260998957 ], [ -71.798453787415824, 42.255433728521822 ], [ -71.798452938375377, 42.255383210259865 ], [ -71.798452522107993, 42.255358416113417 ], [ -71.798451581305684, 42.255321075815345 ], [ -71.798760609850532, 42.255342641309255 ], [ -71.798807521937945, 42.255349484913125 ], [ -71.798843096206056, 42.25535467443266 ], [ -71.798876014597241, 42.255359476519786 ], [ -71.798985263571836, 42.255375412931514 ], [ -71.799134869941369, 42.255397237451767 ], [ -71.799341965015302, 42.255447463253091 ], [ -71.799442769296178, 42.25547841487456 ], [ -71.799543573675393, 42.255509366407374 ], [ -71.799593973466102, 42.255524327623988 ], [ -71.799701490103857, 42.255583045741837 ], [ -71.799809006940436, 42.255641763758241 ], [ -71.799866357837658, 42.255052999008086 ], [ -71.799923707671056, 42.254464234163358 ], [ -71.800438699131746, 42.254454979937343 ], [ -71.800746856119147, 42.2544494423515 ], [ -71.801063036212625, 42.254443758666369 ], [ -71.801410347968996, 42.254437515256008 ], [ -71.801708095637892, 42.254432161759887 ], [ -71.802006737543124, 42.254426790735323 ], [ -71.802285241299018, 42.254422368638693 ], [ -71.802640972099411, 42.254415943594395 ], [ -71.803049463229058, 42.254431549103138 ], [ -71.803235162355364, 42.254593785985954 ], [ -71.803077384146846, 42.254700651524466 ], [ -71.802921351934472, 42.254806039342661 ], [ -71.802806554956774, 42.254883575414439 ], [ -71.802674029280965, 42.254973085299675 ], [ -71.802759668023981, 42.255581712590185 ], [ -71.801512896151181, 42.256371070617512 ], [ -71.801696456864221, 42.256536379274884 ], [ -71.801665749448375, 42.25655218190871 ], [ -71.801766493462367, 42.256636985930285 ], [ -71.801363239454446, 42.256895166510581 ], [ -71.802149874036601, 42.257470410540073 ], [ -71.802484760058135, 42.257283281786222 ], [ -71.803100898030493, 42.256932468087221 ], [ -71.803901404779594, 42.256466594491982 ], [ -71.804624262541935, 42.25603522454 ], [ -71.805554199026631, 42.255412581867112 ], [ -71.805737736730208, 42.255268713952518 ], [ -71.805891083311209, 42.255088563825232 ], [ -71.806294368933763, 42.254842575205046 ], [ -71.806933959800702, 42.254433365508802 ], [ -71.807867461685632, 42.253698870342049 ], [ -71.807769545452885, 42.253839191101534 ], [ -71.808258687899041, 42.253527137028762 ], [ -71.808435082476961, 42.253694419619322 ], [ -71.808658765991396, 42.253906618818164 ], [ -71.809160814353874, 42.253607170968671 ], [ -71.809622189171208, 42.25403753067318 ], [ -71.809263486600571, 42.254252178613747 ], [ -71.809198181463813, 42.254191983727551 ], [ -71.809179342051763, 42.254206452795529 ], [ -71.809167688059176, 42.254215508803618 ], [ -71.809163962886387, 42.254218264755139 ], [ -71.809156220177613, 42.254224211390792 ], [ -71.809131211202541, 42.25424341824607 ], [ -71.809121751642692, 42.25425068394258 ], [ -71.809112075962318, 42.254258114975421 ], [ -71.80896761142391, 42.254370979434938 ], [ -71.808829377257695, 42.254480988301417 ], [ -71.808636174443322, 42.254634567230219 ], [ -71.808586136414817, 42.254675956259078 ], [ -71.808760315613043, 42.254819045035447 ], [ -71.808843888363143, 42.254937726931651 ], [ -71.808867995077406, 42.254971960941845 ], [ -71.808919641430748, 42.255045304756116 ], [ -71.809068900829132, 42.255185873511465 ], [ -71.809016537506153, 42.255218922273542 ], [ -71.808845658168636, 42.255324756031143 ], [ -71.808671257680544, 42.255162956996898 ], [ -71.808614042209399, 42.25512253230287 ], [ -71.80844345569453, 42.255259689809485 ], [ -71.80817112662335, 42.255065691646791 ], [ -71.808151204495829, 42.255059251215158 ], [ -71.807594123808059, 42.25485780724842 ], [ -71.807291900291744, 42.255148214824253 ], [ -71.807237263380586, 42.255188671144737 ], [ -71.807134701534665, 42.255112896882267 ], [ -71.807046910358693, 42.25504059962384 ], [ -71.807012216792799, 42.255011709821297 ], [ -71.806962343748751, 42.254989944159966 ], [ -71.805923623726073, 42.256471517448901 ], [ -71.805338055636383, 42.257437453380646 ], [ -71.805441025931088, 42.257442588616499 ], [ -71.805633035016285, 42.257636237934015 ], [ -71.805673227168199, 42.257676505931826 ], [ -71.805754603898166, 42.257758483327542 ], [ -71.805796390254045, 42.257800578252564 ], [ -71.805437293776222, 42.257997936454686 ], [ -71.806169790564141, 42.258729369654858 ], [ -71.806265738003248, 42.258805778180964 ], [ -71.806253589330268, 42.258813800754311 ], [ -71.806245536224267, 42.258819390594176 ], [ -71.806212012890626, 42.258842844608843 ], [ -71.806086234330849, 42.25893084136591 ], [ -71.806058325099983, 42.258950367661491 ], [ -71.806048959605732, 42.258957252917774 ], [ -71.806011500032312, 42.258984793928498 ], [ -71.805929693405048, 42.259044936848973 ], [ -71.805599995444624, 42.259283269159688 ], [ -71.805403999259283, 42.259429985085831 ], [ -71.805155093310219, 42.259615912549805 ], [ -71.805607194970221, 42.259933389508149 ], [ -71.806700805293474, 42.260154120390993 ], [ -71.806360587989658, 42.261368617918684 ], [ -71.806122183112862, 42.263394417656855 ], [ -71.806074527350333, 42.263757454266866 ], [ -71.80599922487724, 42.263751481524764 ], [ -71.80593972134065, 42.264099456963997 ], [ -71.805888304824393, 42.264401447742792 ], [ -71.805830762395644, 42.264726093758533 ], [ -71.805803748792528, 42.26486954581128 ], [ -71.805768858538869, 42.265055553538339 ], [ -71.805736891715668, 42.265225773892709 ], [ -71.805694645886604, 42.265466682601421 ], [ -71.80560453798482, 42.265742020085611 ], [ -71.805552910846458, 42.265857412130899 ], [ -71.805493651101173, 42.26597007763084 ], [ -71.805423753976797, 42.266080029064376 ], [ -71.805341599830584, 42.266185209928828 ], [ -71.805280268014826, 42.266251917765324 ], [ -71.805135906015352, 42.266386077004775 ], [ -71.804908586454729, 42.266603466703053 ], [ -71.804711375753769, 42.266791961955732 ], [ -71.804468653737814, 42.267023798223761 ], [ -71.803993847644321, 42.267492928357591 ], [ -71.803547327188937, 42.267457748682837 ], [ -71.803357340986324, 42.267613293985555 ], [ -71.802782302806719, 42.267936559525189 ], [ -71.80269257045677, 42.268197486959544 ], [ -71.801686604633005, 42.268029998072315 ], [ -71.801375342653145, 42.267982793066494 ], [ -71.801154878528919, 42.269790374411485 ], [ -71.800961768150984, 42.270423808421043 ], [ -71.801262113210086, 42.270474933376526 ], [ -71.801268625685026, 42.270238556973538 ], [ -71.80131693866258, 42.270245748801869 ], [ -71.801412536012521, 42.269829691799572 ], [ -71.802141582702831, 42.269922833930963 ], [ -71.801749514146721, 42.271380965493073 ], [ -71.801551734477457, 42.272313311114956 ], [ -71.802754571223772, 42.272355678388656 ], [ -71.802752362525069, 42.272366565229767 ], [ -71.80243073537099, 42.273951222682221 ], [ -71.802396740801569, 42.274085774560433 ], [ -71.801946209163148, 42.275005079209208 ], [ -71.80197402146284, 42.275175327384346 ], [ -71.802016654597765, 42.275441438236989 ], [ -71.802230791605865, 42.276527305407278 ], [ -71.802216365408825, 42.276548407647169 ], [ -71.802395373483193, 42.277278557862651 ], [ -71.802435483445961, 42.277311380709136 ], [ -71.803696814221922, 42.278541532795082 ], [ -71.799616378551491, 42.278689453429429 ], [ -71.799626911151066, 42.277403405452638 ], [ -71.799608081802845, 42.276757626244141 ], [ -71.798759643062183, 42.276675260691277 ], [ -71.798149078418575, 42.276594453242978 ], [ -71.797697198206123, 42.276434819073941 ], [ -71.796904086933665, 42.276321682693286 ] ] ] ] } },
{ "type": "Feature", "properties": { "ZONECODE": null, "TOWN_ID": "348", "LOCAL_ZONE": null, "highdense": "Y" }, "geometry": { "type": "MultiPolygon", "coordinates": [ [ [ [ -71.795151726803397, 42.251684362374 ], [ -71.794871935644252, 42.251141058593035 ], [ -71.795246191787299, 42.251137206226545 ], [ -71.79538954474009, 42.251241581571506 ], [ -71.795801501177749, 42.251240339438262 ], [ -71.795808922646899, 42.251295367550689 ], [ -71.795964214485579, 42.251610924305844 ], [ -71.795151726803397, 42.251684362374 ] ] ] ] } },
{ "type": "Feature", "properties": { "ZONECODE": "TC", "TOWN_ID": "280", "LOCAL_ZONE": null, "highdense": "Y" }, "geometry": { "type": "MultiPolygon", "coordinates": [ [ [ [ -71.993145672276768, 42.242240260412942 ], [ -71.993194698890505, 42.242498394270307 ], [ -71.992778913084692, 42.242547465702387 ], [ -71.992596520840593, 42.242568991320759 ], [ -71.99238192384631, 42.242594317286695 ], [ -71.992331689475293, 42.242600245497663 ], [ -71.992081652843709, 42.242655010409521 ], [ -71.991980096487111, 42.242677253919112 ], [ -71.991863934505915, 42.242702696254845 ], [ -71.991779942833418, 42.242733862760019 ], [ -71.991650628484621, 42.242781847078781 ], [ -71.991604301456221, 42.242532538593522 ], [ -71.991633249571734, 42.242382523377003 ], [ -71.991663339581862, 42.242226590250603 ], [ -71.991706674410707, 42.242109557607193 ], [ -71.991752831619451, 42.241984901534956 ], [ -71.991802895551245, 42.241849693196187 ], [ -71.991874393933543, 42.241656597684461 ], [ -71.992247685856768, 42.241613743423613 ], [ -71.992462135900354, 42.241589697936533 ], [ -71.992678943056674, 42.241565387625435 ], [ -71.993006457383203, 42.24152866316112 ], [ -71.99302788530413, 42.241634939980202 ], [ -71.993051139480187, 42.241750277976728 ], [ -71.993071731689525, 42.24185241181997 ], [ -71.993076541950188, 42.241876269053982 ], [ -71.993088281724681, 42.241938081831634 ], [ -71.993130190618501, 42.242158744320179 ], [ -71.993145672276768, 42.242240260412942 ] ] ] ] } },
{ "type": "Feature", "properties": { "ZONECODE": null, "TOWN_ID": "348", "LOCAL_ZONE": null, "highdense": "Y" }, "geometry": { "type": "MultiPolygon", "coordinates": [ [ [ [ -71.789094923721493, 42.31087997893647 ], [ -71.789609965153602, 42.310877996402809 ], [ -71.789599066116082, 42.311777401194846 ], [ -71.789114834583174, 42.311899360101897 ], [ -71.789115114288535, 42.311808803536117 ], [ -71.788805247060367, 42.311808897373396 ], [ -71.788464080270444, 42.31138099001069 ], [ -71.788462028902671, 42.310880882935663 ], [ -71.789094923721493, 42.31087997893647 ] ] ] ] } },
{ "type": "Feature", "properties": { "ZONECODE": "TC", "TOWN_ID": "280", "LOCAL_ZONE": null, "highdense": "Y" }, "geometry": { "type": "MultiPolygon", "coordinates": [ [ [ [ -71.995169449465848, 42.241060160488018 ], [ -71.995170192100915, 42.241063548291791 ], [ -71.995194044958069, 42.241172333116964 ], [ -71.994975865713954, 42.241196801984714 ], [ -71.99496273905909, 42.241198274129125 ], [ -71.994805997507896, 42.241215852792251 ], [ -71.994512233678407, 42.241248798051174 ], [ -71.994210968910323, 42.241282583080228 ], [ -71.993895243338343, 42.241317989443715 ], [ -71.993581343336032, 42.241353190035213 ], [ -71.993094121680286, 42.241407824849915 ], [ -71.993040311936241, 42.241140936767337 ], [ -71.993012918485164, 42.241005067118373 ], [ -71.993349259852565, 42.240969780424507 ], [ -71.99350534591575, 42.240953404342427 ], [ -71.993815210962168, 42.240920893993383 ], [ -71.993948926481067, 42.240906864358294 ], [ -71.994096477780786, 42.240891383005298 ], [ -71.994120757216322, 42.240888835894523 ], [ -71.994389447145522, 42.240860643882527 ], [ -71.994416587427608, 42.24085779601036 ], [ -71.994713314769086, 42.240826661575504 ], [ -71.994746981331872, 42.240968034303613 ], [ -71.99491819997138, 42.240947176527264 ], [ -71.995138781311709, 42.24092030536444 ], [ -71.99513986649788, 42.240925245287862 ], [ -71.995169449465848, 42.241060160488018 ] ] ] ] } },
{ "type": "Feature", "properties": { "ZONECODE": null, "TOWN_ID": "348", "LOCAL_ZONE": null, "highdense": "Y" }, "geometry": { "type": "MultiPolygon", "coordinates": [ [ [ [ -71.789198891334408, 42.33223384175102 ], [ -71.789566222154846, 42.331281564772041 ], [ -71.790226936605535, 42.331470692483492 ], [ -71.78993269020286, 42.331101629742804 ], [ -71.78971974165286, 42.330754993750162 ], [ -71.790507796627352, 42.330557261910272 ], [ -71.790950628379591, 42.330638254776069 ], [ -71.790734148747077, 42.331167362557373 ], [ -71.791100969797284, 42.331237485177176 ], [ -71.79121988379957, 42.331264347547688 ], [ -71.791028781189908, 42.331731171718715 ], [ -71.790668437554871, 42.3318361610511 ], [ -71.790839751546841, 42.332150735053972 ], [ -71.790408440707623, 42.332275614851895 ], [ -71.789234086915229, 42.332235057738494 ], [ -71.789198891334408, 42.33223384175102 ] ] ] ] } },
{ "type": "Feature", "properties": { "ZONECODE": null, "TOWN_ID": "348", "LOCAL_ZONE": null, "highdense": "Y" }, "geometry": { "type": "MultiPolygon", "coordinates": [ [ [ [ -71.850312935762901, 42.278454734114362 ], [ -71.850227113464712, 42.278053668052543 ], [ -71.848970387385705, 42.278281824524704 ], [ -71.848602619839937, 42.27834845676594 ], [ -71.848234849097295, 42.278415087836365 ], [ -71.848348001565029, 42.278034684009057 ], [ -71.850361170012633, 42.277697209462637 ], [ -71.851179612574981, 42.277648747571803 ], [ -71.851488441628547, 42.27749138765877 ], [ -71.851747065996079, 42.277734137271892 ], [ -71.851972804157185, 42.277544787967884 ], [ -71.852379007467206, 42.277040680865937 ], [ -71.851967400267, 42.276406680660202 ], [ -71.851144163667186, 42.27567171587549 ], [ -71.851610283214953, 42.275520048938098 ], [ -71.851698979763214, 42.275605532884718 ], [ -71.852081813093648, 42.275386201176744 ], [ -71.853207105454885, 42.275744286163217 ], [ -71.853316651460034, 42.275551861139725 ], [ -71.854133180720666, 42.275827187972247 ], [ -71.853907632414405, 42.276172270552934 ], [ -71.854350835637177, 42.276836352612349 ], [ -71.853741079660665, 42.277073540579877 ], [ -71.85457160003746, 42.278193328217199 ], [ -71.854923959087643, 42.278057090710682 ], [ -71.855062652506447, 42.278285110680514 ], [ -71.85558494499503, 42.278099638682676 ], [ -71.855713606687104, 42.278309164338964 ], [ -71.855639109987635, 42.278573517890706 ], [ -71.85499005089207, 42.278476051060743 ], [ -71.854883295856922, 42.27879607120807 ], [ -71.854220182390534, 42.279241292195003 ], [ -71.853291404088239, 42.278641819672004 ], [ -71.852177609576515, 42.278477170351515 ], [ -71.852178609405541, 42.278507827911071 ], [ -71.852100105482762, 42.278508268397765 ], [ -71.851772496514343, 42.278528481668545 ], [ -71.851407090535915, 42.278552475642371 ], [ -71.851389606229745, 42.278371248273295 ], [ -71.850312935762901, 42.278454734114362 ] ] ] ] } },
{ "type": "Feature", "properties": { "ZONECODE": null, "TOWN_ID": "348", "LOCAL_ZONE": null, "highdense": "Y" }, "geometry": { "type": "MultiPolygon", "coordinates": [ [ [ [ -71.868507390847356, 42.280178750288435 ], [ -71.868827320249878, 42.279553437200477 ], [ -71.869002457245529, 42.279605698164758 ], [ -71.869770093150549, 42.279832363808815 ], [ -71.869547116274731, 42.280685131132437 ], [ -71.86845719090843, 42.280521926698384 ], [ -71.868507390847356, 42.280178750288435 ] ] ] ] } },
{ "type": "Feature", "properties": { "ZONECODE": null, "TOWN_ID": "348", "LOCAL_ZONE": null, "highdense": "Y" }, "geometry": { "type": "MultiPolygon", "coordinates": [ [ [ [ -71.759219661070233, 42.297267833672599 ], [ -71.759143554834864, 42.297150119938436 ], [ -71.759143597282375, 42.297150120743048 ], [ -71.759234693257568, 42.29715182302251 ], [ -71.761725489032571, 42.297198339825442 ], [ -71.761966753656509, 42.297216286674505 ], [ -71.762024092256922, 42.297335654663698 ], [ -71.762292747106599, 42.29866991632808 ], [ -71.760170946115252, 42.298595161270967 ], [ -71.760075713131812, 42.298591804449273 ], [ -71.760075671892309, 42.298591802741996 ], [ -71.759219661070233, 42.297267833672599 ] ] ] ] } },
{ "type": "Feature", "properties": { "ZONECODE": "TC", "TOWN_ID": "280", "LOCAL_ZONE": null, "highdense": "Y" }, "geometry": { "type": "MultiPolygon", "coordinates": [ [ [ [ -71.992963261947892, 42.241314417568255 ], [ -71.992984571247717, 42.241420109367979 ], [ -71.992683068226995, 42.241453917042641 ], [ -71.992398407757833, 42.241485835709213 ], [ -71.992384611725655, 42.241487382435984 ], [ -71.991884527593697, 42.241543454719405 ], [ -71.991854994046108, 42.241388212142859 ], [ -71.991853519395775, 42.24137922776427 ], [ -71.991851982390344, 42.241370248921555 ], [ -71.991850383980719, 42.241361276313221 ], [ -71.991848723221494, 42.241352309943267 ], [ -71.992040211058324, 42.241336570654475 ], [ -71.992102706694183, 42.241331434075306 ], [ -71.992180685999855, 42.241297983595359 ], [ -71.992209496739136, 42.241310297987894 ], [ -71.992470488617002, 42.24125769972089 ], [ -71.992474137088522, 42.241274250964679 ], [ -71.992634806220963, 42.241242562464052 ], [ -71.992615821858536, 42.241159424125584 ], [ -71.992745619912085, 42.241156957720804 ], [ -71.992927970170584, 42.241139374846142 ], [ -71.992963261947892, 42.241314417568255 ] ] ] ] } },
{ "type": "Feature", "properties": { "ZONECODE": null, "TOWN_ID": "348", "LOCAL_ZONE": null, "highdense": "Y" }, "geometry": { "type": "MultiPolygon", "coordinates": [ [ [ [ -71.765253661008543, 42.297815195307088 ], [ -71.765249390800065, 42.297458470923409 ], [ -71.76612147916957, 42.29751065074867 ], [ -71.767179540744834, 42.297290039337256 ], [ -71.768676173843531, 42.296496248685294 ], [ -71.766771536166701, 42.295039452241845 ], [ -71.765940735439528, 42.29232814552369 ], [ -71.768998969652515, 42.29184218049852 ], [ -71.770025528344746, 42.294546145577911 ], [ -71.770835744049066, 42.295101292648489 ], [ -71.771242647599948, 42.295661501820611 ], [ -71.770010251276716, 42.296161772400254 ], [ -71.769630654286559, 42.296369156904895 ], [ -71.769549748017269, 42.296791252453318 ], [ -71.769350460620103, 42.29718961547227 ], [ -71.767008996934067, 42.298590454608465 ], [ -71.76676828504705, 42.29903212778715 ], [ -71.766956056144622, 42.299238184937522 ], [ -71.766504078849565, 42.299491005488896 ], [ -71.76657792931907, 42.299582073567542 ], [ -71.76540550807556, 42.301242910364415 ], [ -71.764331026490495, 42.301366127564677 ], [ -71.765788854095973, 42.29971904955427 ], [ -71.76638364553439, 42.298597393947219 ], [ -71.766444155126536, 42.2984833737275 ], [ -71.76648267966263, 42.298305603333027 ], [ -71.766467614196841, 42.298184212040631 ], [ -71.766432252589226, 42.298071100083355 ], [ -71.766365604693561, 42.297934734915565 ], [ -71.766263534172111, 42.297889694759142 ], [ -71.766096459326931, 42.297878418408004 ], [ -71.765934084499079, 42.297886339607871 ], [ -71.765735887962975, 42.29789091599185 ], [ -71.765580807662886, 42.297875495013308 ], [ -71.765416902656497, 42.297849117823588 ], [ -71.765253661008543, 42.297815195307088 ] ] ] ] } },
{ "type": "Feature", "properties": { "ZONECODE": null, "TOWN_ID": "348", "LOCAL_ZONE": null, "highdense": "Y" }, "geometry": { "type": "MultiPolygon", "coordinates": [ [ [ [ -71.830056043583426, 42.272577811796644 ], [ -71.830373563019563, 42.272222222129116 ], [ -71.830555740764609, 42.272040586412722 ], [ -71.830594503271087, 42.271945801062408 ], [ -71.830708961575155, 42.271797289345557 ], [ -71.83183688358973, 42.273177073967545 ], [ -71.831331891581797, 42.273408352115617 ], [ -71.831186463387155, 42.273552151486264 ], [ -71.831185591914419, 42.273871158301411 ], [ -71.831172839420589, 42.274170304512566 ], [ -71.830682116481242, 42.27417308922989 ], [ -71.830698670282217, 42.273363526693316 ], [ -71.830473507664749, 42.273141900374661 ], [ -71.830056043583426, 42.272577811796644 ] ] ] ] } },
{ "type": "Feature", "properties": { "ZONECODE": null, "TOWN_ID": "348", "LOCAL_ZONE": null, "highdense": "Y" }, "geometry": { "type": "MultiPolygon", "coordinates": [ [ [ [ -71.782195536498804, 42.251836983233837 ], [ -71.781643697033218, 42.251089190637586 ], [ -71.781113217555827, 42.250781089572101 ], [ -71.781356883829972, 42.25117153124949 ], [ -71.778182009043178, 42.251334309624056 ], [ -71.777283791797146, 42.251234947346639 ], [ -71.777215828124639, 42.25063414778505 ], [ -71.777772776844813, 42.250613592383502 ], [ -71.779080263934432, 42.250603563336625 ], [ -71.778978691393903, 42.250028229509709 ], [ -71.779281546290321, 42.250024063306356 ], [ -71.77951644294204, 42.249790926356944 ], [ -71.780405342369278, 42.250448037057339 ], [ -71.781557111206908, 42.250359465442088 ], [ -71.781610354996758, 42.250755861520631 ], [ -71.782517636215161, 42.250713156617849 ], [ -71.782596450225469, 42.251044314615783 ], [ -71.782282037263798, 42.251045775639085 ], [ -71.782307931322933, 42.251106083587189 ], [ -71.782213823627941, 42.251124150761896 ], [ -71.782538561839658, 42.251574076243649 ], [ -71.782617167006606, 42.251547812786356 ], [ -71.782670404456894, 42.251682829789239 ], [ -71.782195536498804, 42.251836983233837 ] ] ] ] } },
{ "type": "Feature", "properties": { "ZONECODE": null, "TOWN_ID": "348", "LOCAL_ZONE": null, "highdense": "Y" }, "geometry": { "type": "MultiPolygon", "coordinates": [ [ [ [ -71.831947552949529, 42.250116481479502 ], [ -71.832709054863287, 42.25026074391748 ], [ -71.832773024325746, 42.250078093873164 ], [ -71.832916505579647, 42.25013286489289 ], [ -71.833404198271381, 42.250219996846909 ], [ -71.833367743913442, 42.250350527977936 ], [ -71.83462015467245, 42.250573050249905 ], [ -71.834665249126118, 42.25043952974044 ], [ -71.835818810970707, 42.250644083189762 ], [ -71.837304870112504, 42.250908234067225 ], [ -71.837302451020221, 42.25091590906554 ], [ -71.837441244552295, 42.250955864691257 ], [ -71.837416408570775, 42.251015923149815 ], [ -71.837399974325251, 42.251060567114656 ], [ -71.837395605593926, 42.251084873765144 ], [ -71.837387220587274, 42.251112078590388 ], [ -71.837375803566175, 42.251172933098104 ], [ -71.837346852357683, 42.251302179419163 ], [ -71.83734637683304, 42.251360309871252 ], [ -71.837349555091919, 42.251393448843586 ], [ -71.837357444674268, 42.251429725041696 ], [ -71.837368694903446, 42.251467185170441 ], [ -71.837373206908396, 42.251474989259037 ], [ -71.837442819817468, 42.251547911065067 ], [ -71.837501123269519, 42.251594985914608 ], [ -71.837436026109629, 42.251642002930623 ], [ -71.837556813908535, 42.2517063465449 ], [ -71.836917617638576, 42.252187696764061 ], [ -71.836713757366908, 42.252061907220906 ], [ -71.836581793056737, 42.252064362045111 ], [ -71.835354754686833, 42.252099507247252 ], [ -71.834901939545077, 42.252122783403202 ], [ -71.834887531510077, 42.252323146698075 ], [ -71.832656692822255, 42.253187171391637 ], [ -71.832393777086466, 42.251830273230148 ], [ -71.831947552949529, 42.250116481479502 ] ] ] ] } },
{ "type": "Feature", "properties": { "ZONECODE": null, "TOWN_ID": "348", "LOCAL_ZONE": null, "highdense": "Y" }, "geometry": { "type": "MultiPolygon", "coordinates": [ [ [ [ -71.769719919688768, 42.256694378599796 ], [ -71.769724049641766, 42.256693177803243 ], [ -71.769724792772195, 42.256694367156761 ], [ -71.769986265257742, 42.257113097883824 ], [ -71.769305298338281, 42.257331154990744 ], [ -71.769471738716049, 42.257632081930552 ], [ -71.769510453935155, 42.257713121733318 ], [ -71.769551418181976, 42.257776140318853 ], [ -71.769140189784025, 42.257900955426031 ], [ -71.768919831374333, 42.257970990083884 ], [ -71.768764491076269, 42.257983427596145 ], [ -71.76836493399415, 42.25801527813379 ], [ -71.768222283606306, 42.258117144573575 ], [ -71.767313365151651, 42.258406481005672 ], [ -71.767309455801254, 42.258407725316232 ], [ -71.767308493148292, 42.258406492343546 ], [ -71.767067805420979, 42.258098202163623 ], [ -71.767311186761987, 42.257942592496903 ], [ -71.767418615815231, 42.257905297754697 ], [ -71.767161573712769, 42.257438162484583 ], [ -71.769719919688768, 42.256694378599796 ] ] ] ] } },
{ "type": "Feature", "properties": { "ZONECODE": "AA", "TOWN_ID": "328", "LOCAL_ZONE": null, "highdense": "Y" }, "geometry": { "type": "MultiPolygon", "coordinates": [ [ [ [ -71.632394164229979, 42.287393767739147 ], [ -71.632382984985185, 42.287393217939453 ], [ -71.632377491133155, 42.287393224270225 ], [ -71.632371996068585, 42.287393230602113 ], [ -71.632366501039058, 42.287392674251002 ], [ -71.632360818036574, 42.287392680798874 ], [ -71.632349827942775, 42.287392130777995 ], [ -71.632338648733977, 42.287391018291267 ], [ -71.632327658640662, 42.287390468268242 ], [ -71.632322163611789, 42.287389911915007 ], [ -71.632316858910542, 42.287389918025013 ], [ -71.632305677313298, 42.287388242855016 ], [ -71.63230018228478, 42.287387686500665 ], [ -71.632294498070252, 42.287387693046682 ], [ -71.632289192192388, 42.287387136474024 ], [ -71.632283697164169, 42.287386580118955 ], [ -71.632272895081869, 42.287384904508734 ], [ -71.632267400053991, 42.287384348152855 ], [ -71.632261714663187, 42.287383792015916 ], [ -71.632261406548125, 42.287383725748953 ], [ -71.632250912612434, 42.287381551020005 ], [ -71.63224560552861, 42.287380997147594 ], [ -71.632240110501272, 42.287380440790358 ], [ -71.632229116882002, 42.287378202713853 ], [ -71.632223811005559, 42.287377646138175 ], [ -71.63221831597869, 42.28737708977993 ], [ -71.632218109715822, 42.287377024295964 ], [ -71.632213005334677, 42.287375412345227 ], [ -71.632212956813859, 42.287375402497808 ], [ -71.632212907089965, 42.287375397153276 ], [ -71.632207701874179, 42.287374851264588 ], [ -71.632207394967949, 42.287374783195524 ], [ -71.632202396029072, 42.287373729304228 ], [ -71.632202087917818, 42.287373664837702 ], [ -71.632196898614325, 42.28737261026496 ], [ -71.632196590501266, 42.287372544898183 ], [ -71.632191592775243, 42.287371491005025 ], [ -71.632186284480269, 42.28737093713125 ], [ -71.63218608064436, 42.28737087254472 ], [ -71.632180977465708, 42.287369255189418 ], [ -71.632180670559535, 42.287369187120333 ], [ -71.632175671621553, 42.287368133227872 ], [ -71.632175363508537, 42.28736806786101 ], [ -71.632165057520055, 42.287365894708543 ], [ -71.632164753023829, 42.287365819434285 ], [ -71.632154250675825, 42.287363097328381 ], [ -71.632153948591494, 42.287363015749307 ], [ -71.632144012494422, 42.287360298392777 ], [ -71.632143962759244, 42.287360287646528 ], [ -71.632133212837815, 42.287358619165531 ], [ -71.632133062380248, 42.287358568021922 ], [ -71.632128282913939, 42.28735693678756 ], [ -71.632122974689622, 42.287355254844449 ], [ -71.632117855615931, 42.287353572683529 ], [ -71.6321175487099, 42.287353504614266 ], [ -71.632112549770454, 42.287352448918483 ], [ -71.632112502458398, 42.287352437269071 ], [ -71.632112455140714, 42.287352422918836 ], [ -71.632107430706682, 42.287350771258581 ], [ -71.632107123798789, 42.287350702289004 ], [ -71.632102314017573, 42.287349649976392 ], [ -71.632102005902865, 42.287349583709037 ], [ -71.63209700696585, 42.287348528912865 ], [ -71.632096969350044, 42.287348515451711 ], [ -71.632091885513447, 42.287346287672001 ], [ -71.632086766441319, 42.28734460550973 ], [ -71.632076718660713, 42.287341240965603 ], [ -71.632066481730902, 42.287337876638091 ], [ -71.632056243589631, 42.287334512311027 ], [ -71.632046384962592, 42.287331147546823 ], [ -71.63203652633662, 42.28732778278173 ], [ -71.632031596455846, 42.287325537716825 ], [ -71.632026477387015, 42.287323855551868 ], [ -71.632015858600909, 42.287319366293154 ], [ -71.632006390588103, 42.2873160893053 ], [ -71.632006288649649, 42.287316047108675 ], [ -71.632006186709333, 42.287316004011785 ], [ -71.63200126042409, 42.287314318923265 ], [ -71.631996518483319, 42.287312073640884 ], [ -71.631991588605217, 42.28730982857423 ], [ -71.631982107111909, 42.287305900688473 ], [ -71.631977366384987, 42.287303655403853 ], [ -71.63197243768208, 42.287301973017776 ], [ -71.63196788610604, 42.287299727515553 ], [ -71.631962955017357, 42.287297482449041 ], [ -71.631953473566469, 42.287292991878125 ], [ -71.631948920779251, 42.287290746376492 ], [ -71.631944180054646, 42.287288501090522 ], [ -71.631939629654156, 42.287286818268555 ], [ -71.631934698606443, 42.287284010518071 ], [ -71.631930147032961, 42.287281765014278 ], [ -71.631916492314659, 42.287275028501895 ], [ -71.631907200020535, 42.287270537709915 ], [ -71.631898284854785, 42.287265483801455 ], [ -71.631889180540298, 42.287260430109463 ], [ -71.631880455700568, 42.287255938663861 ], [ -71.631871351388938, 42.287250884970391 ], [ -71.631858453323304, 42.287243584899777 ], [ -71.631854090945197, 42.287240776493071 ], [ -71.631849727354961, 42.287237968087673 ], [ -71.631836829294471, 42.28723066801458 ], [ -71.631828292479796, 42.287225050983686 ], [ -71.63182411804182, 42.287222242360201 ], [ -71.631819944816627, 42.287219433735132 ], [ -71.63181595952932, 42.287216624894263 ], [ -71.631811787477417, 42.287214378950338 ], [ -71.63180761304082, 42.287211570326249 ], [ -71.631803439817148, 42.287208761700576 ], [ -71.631795281308285, 42.287203144233196 ], [ -71.63178712280083, 42.287197526765262 ], [ -71.63178332787875, 42.287194717704885 ], [ -71.631779155829463, 42.287192471759695 ], [ -71.631775168201344, 42.287188537554634 ], [ -71.631771185302583, 42.28718629139221 ], [ -71.63175942106983, 42.287177301961606 ], [ -71.631748035140134, 42.287168312095922 ], [ -71.631736838363437, 42.287159322012194 ], [ -71.631729058207128, 42.287153141423452 ], [ -71.631721656351928, 42.287146960400413 ], [ -71.631711787227601, 42.287138531474689 ], [ -71.63145222165501, 42.286949204687481 ], [ -71.631444063210893, 42.286943587194891 ], [ -71.631436095129814, 42.286937969483894 ], [ -71.63142793551954, 42.286931789308667 ], [ -71.631423951480286, 42.286928980452686 ], [ -71.631419777079842, 42.286926171814322 ], [ -71.631411810172068, 42.286921116783091 ], [ -71.631407826134264, 42.286918307926499 ], [ -71.631403651735184, 42.286915499287581 ], [ -71.631399667698034, 42.286912690430704 ], [ -71.631395493299749, 42.286909881791473 ], [ -71.631391508094566, 42.286906510252891 ], [ -71.631387713207587, 42.286903701179277 ], [ -71.63138354002291, 42.286900892538227 ], [ -71.631379555943752, 42.286898646363476 ], [ -71.631371398725108, 42.286893028864256 ], [ -71.63136760262735, 42.286890219791374 ], [ -71.631363429444406, 42.286887411149614 ], [ -71.631359801343649, 42.28688434169981 ], [ -71.631359622793042, 42.28688419065486 ], [ -71.631359444242406, 42.286884039609838 ], [ -71.631355269847759, 42.286881230969158 ], [ -71.631351285814915, 42.28687842211064 ], [ -71.631347112633534, 42.28687561346819 ], [ -71.631343316537894, 42.28687280439447 ], [ -71.631339997687675, 42.286870932879737 ], [ -71.631335160494075, 42.286867749574121 ], [ -71.631331174082291, 42.286864378034799 ], [ -71.631327380412998, 42.286861568957789 ], [ -71.631319221991319, 42.286855951456246 ], [ -71.631311063571033, 42.286850333954071 ], [ -71.631307079542168, 42.286847525093997 ], [ -71.631303095513616, 42.286844716233752 ], [ -71.631299109105001, 42.286841344693322 ], [ -71.631294935928381, 42.286838536048997 ], [ -71.6312827946536, 42.286830672365575 ], [ -71.631270840195313, 42.286821683101856 ], [ -71.631256410325989, 42.286806507154544 ], [ -71.6312418763533, 42.286796670058649 ], [ -71.631224145940664, 42.286785514982768 ], [ -71.631210847793042, 42.286776983695894 ], [ -71.631196220758653, 42.286768453925085 ], [ -71.631181152533713, 42.28676058277 ], [ -71.631167859850095, 42.286754681226171 ], [ -71.631152792311454, 42.286747137773041 ], [ -71.631133294416955, 42.286737299128021 ], [ -71.631114237875011, 42.286727459975879 ], [ -71.631095629346063, 42.286720249163338 ], [ -71.631079681325346, 42.28671435063945 ], [ -71.631061958604647, 42.286707468317758 ], [ -71.631042022412913, 42.286700259911498 ], [ -71.631025188072229, 42.286694362391053 ], [ -71.631001709524043, 42.286686828510938 ], [ -71.630981334869489, 42.286681592234679 ], [ -71.630960112940798, 42.286675893270065 ], [ -71.630967224191537, 42.28667588516312 ], [ -71.630971199944526, 42.286675880630511 ], [ -71.630982285527793, 42.286675181968576 ], [ -71.630993371110776, 42.286674483305639 ], [ -71.631004456693518, 42.286673784641636 ], [ -71.631015310690543, 42.286673086240619 ], [ -71.631026396272844, 42.286672387574484 ], [ -71.631037480433761, 42.28667100288601 ], [ -71.631048566015394, 42.286670304217715 ], [ -71.631059421223867, 42.286669605811184 ], [ -71.631070505381714, 42.286668220219255 ], [ -71.631081357957342, 42.286666836691055 ], [ -71.631092444750294, 42.286666138017139 ], [ -71.631103297323236, 42.286664753586599 ], [ -71.631114381481112, 42.286663368890729 ], [ -71.631125235265628, 42.286661984456721 ], [ -71.631136087837135, 42.286660600023041 ], [ -71.631146941620642, 42.286659215586994 ], [ -71.631211889372921, 42.286647237756135 ], [ -71.631410192819231, 42.286610666278897 ], [ -71.631470876563085, 42.286599474632865 ], [ -71.632159695544033, 42.286439530546325 ], [ -71.632172856184042, 42.286436771313419 ], [ -71.632183707260367, 42.286434700759443 ], [ -71.632194327963859, 42.286432630469555 ], [ -71.632204716860798, 42.286429874422545 ], [ -71.632215104544372, 42.28642711837599 ], [ -71.632225493439506, 42.286424362327061 ], [ -71.632235879687158, 42.286420920257378 ], [ -71.632245805189569, 42.28641747871707 ], [ -71.632255961062953, 42.286414036910735 ], [ -71.63226565354428, 42.2864099096141 ], [ -71.632275579043338, 42.286406468071313 ], [ -71.632285039937699, 42.286402341039633 ], [ -71.632294500608623, 42.286397527984562 ], [ -71.632308345175417, 42.286391337833884 ], [ -71.632317575470978, 42.286386525042261 ], [ -71.632326342596286, 42.286381712783381 ], [ -71.632335108285062, 42.286376214502539 ], [ -71.632349146123005, 42.286369681112781 ], [ -71.632357218267572, 42.28636418362926 ], [ -71.632365291623245, 42.286358686143764 ], [ -71.632377052235881, 42.286349754294143 ], [ -71.632384662196259, 42.286343571318305 ], [ -71.632392040570849, 42.286337388608857 ], [ -71.632399418944061, 42.286331205898946 ], [ -71.63240956187137, 42.286321589887429 ], [ -71.632425191079903, 42.28630376408492 ], [ -71.632434641671608, 42.286294148869203 ], [ -71.632440631296021, 42.286286595711658 ], [ -71.632446622355374, 42.286279728575103 ], [ -71.632454684424758, 42.286269428935569 ], [ -71.632458862867225, 42.286260848830885 ], [ -71.632463696990911, 42.28625329700445 ], [ -71.632468532325859, 42.286245745176352 ], [ -71.632472904491934, 42.286238193882205 ], [ -71.632477046285572, 42.286230642853468 ], [ -71.632480957706889, 42.286223092090289 ], [ -71.632486245159228, 42.286211423602282 ], [ -71.632491071867136, 42.28619975564542 ], [ -71.632493826354377, 42.2861915201931 ], [ -71.632497497565979, 42.286179853568584 ], [ -71.63249979009673, 42.286171618648865 ], [ -71.632501034507499, 42.286166022795371 ], [ -71.63250421387842, 42.286217075621515 ], [ -71.632533642886045, 42.286689690759196 ], [ -71.63257110932129, 42.287030070620595 ], [ -71.632604800517313, 42.287286052393199 ], [ -71.632600268971814, 42.287293372499548 ], [ -71.632595169941538, 42.287301255943454 ], [ -71.632592334914932, 42.287304635312083 ], [ -71.632591013189099, 42.28730632488589 ], [ -71.632586855223423, 42.287311393829484 ], [ -71.632580617717167, 42.287318153221158 ], [ -71.632577404388385, 42.287321533026066 ], [ -71.632574191059291, 42.287324912830819 ], [ -71.632567194524057, 42.287331673097682 ], [ -71.632563790864339, 42.287334490439036 ], [ -71.632560198020684, 42.287337870681355 ], [ -71.632556225696831, 42.287340688678682 ], [ -71.632552442522936, 42.287343506457603 ], [ -71.632548660527789, 42.287346886917788 ], [ -71.632544497839945, 42.287349705134332 ], [ -71.632540525514642, 42.287352523131069 ], [ -71.632527658001734, 42.287359852851644 ], [ -71.632518763992096, 42.287364927256249 ], [ -71.632509680830552, 42.287370001878358 ], [ -71.632504948330791, 42.287371695385261 ], [ -71.632500217009408, 42.287373951573258 ], [ -71.632490373673647, 42.287377901705113 ], [ -71.632480530336679, 42.287381851836145 ], [ -71.632475607472259, 42.287383545561319 ], [ -71.632470686998445, 42.287385801966266 ], [ -71.632465195503727, 42.28738693366396 ], [ -71.632460271460232, 42.28738806470713 ], [ -71.632449857099459, 42.287390890128421 ], [ -71.632438495772689, 42.287393716640445 ], [ -71.632433001920617, 42.287393722973853 ], [ -71.632427508068503, 42.287393729306984 ], [ -71.632421823853434, 42.287393735859311 ], [ -71.632416330001305, 42.287393742191924 ], [ -71.632410836149234, 42.287393748524281 ], [ -71.632405151934165, 42.287393755075776 ], [ -71.632399658082051, 42.287393761407579 ], [ -71.632394164229979, 42.287393767739147 ] ] ] ] } },
{ "type": "Feature", "properties": { "ZONECODE": null, "TOWN_ID": "348", "LOCAL_ZONE": null, "highdense": "Y" }, "geometry": { "type": "MultiPolygon", "coordinates": [ [ [ [ -71.816074094633677, 42.291192729541152 ], [ -71.816555013670325, 42.291142699678936 ], [ -71.816757960528605, 42.291815131033339 ], [ -71.816398699761564, 42.292080927685419 ], [ -71.816074094633677, 42.291192729541152 ] ] ] ] } },
{ "type": "Feature", "properties": { "ZONECODE": null, "TOWN_ID": "348", "LOCAL_ZONE": null, "highdense": "Y" }, "geometry": { "type": "MultiPolygon", "coordinates": [ [ [ [ -71.83835439948399, 42.243957768176976 ], [ -71.839301743621434, 42.243662722241872 ], [ -71.839707040181253, 42.243527747244414 ], [ -71.84089728956593, 42.243078296594604 ], [ -71.841032398915303, 42.243049767993114 ], [ -71.841592432788573, 42.242889628485969 ], [ -71.84184340515678, 42.242816848885418 ], [ -71.842075249356327, 42.242749612194309 ], [ -71.842300550717368, 42.242710522852974 ], [ -71.84256468094928, 42.242680922619243 ], [ -71.842854714363739, 42.242660847119652 ], [ -71.843118870123419, 42.242636045974074 ], [ -71.843434806673571, 42.242625496986086 ], [ -71.843756923668209, 42.242605324141522 ], [ -71.844053313716003, 42.242566018511681 ], [ -71.844304416169422, 42.242517930368635 ], [ -71.844600470790908, 42.242459414458146 ], [ -71.844800123477427, 42.242415594927849 ], [ -71.844611414460019, 42.241967493848094 ], [ -71.846928468507912, 42.241395222910782 ], [ -71.850542787921569, 42.2406378385854 ], [ -71.853146174067774, 42.240230586746428 ], [ -71.855381619403445, 42.239453956899339 ], [ -71.855949233200064, 42.23929921181918 ], [ -71.856684462497185, 42.239071224467324 ], [ -71.856922649148984, 42.239602846955414 ], [ -71.856857968309441, 42.240044172410116 ], [ -71.854625061877783, 42.24073849794015 ], [ -71.854646519261919, 42.240778908647492 ], [ -71.854788683918315, 42.240775724415393 ], [ -71.854832458679411, 42.241132330172967 ], [ -71.854429185129348, 42.241166503585895 ], [ -71.854355934182365, 42.240821653957006 ], [ -71.853873675910734, 42.240971323974129 ], [ -71.853416613918768, 42.241045454134905 ], [ -71.853425856269354, 42.241197965875955 ], [ -71.853445337809873, 42.241519414205008 ], [ -71.852632756526603, 42.241375788029082 ], [ -71.852147404485407, 42.241260650708483 ], [ -71.84724888866117, 42.24224631140445 ], [ -71.846531328281486, 42.242425477042886 ], [ -71.845528177584441, 42.242635681639484 ], [ -71.845620874444208, 42.242872770652504 ], [ -71.845107400221167, 42.243019070134615 ], [ -71.845023636916252, 42.242853987511872 ], [ -71.841705514786923, 42.243270727187053 ], [ -71.839867477580256, 42.243917626015651 ], [ -71.838502817111987, 42.244346313947126 ], [ -71.83835439948399, 42.243957768176976 ] ] ] ] } },
{ "type": "Feature", "properties": { "ZONECODE": null, "TOWN_ID": "348", "LOCAL_ZONE": null, "highdense": "Y" }, "geometry": { "type": "MultiPolygon", "coordinates": [ [ [ [ -71.758657166411595, 42.244981135792209 ], [ -71.757133612311222, 42.244084453373297 ], [ -71.75668236902564, 42.243823749049909 ], [ -71.756495073445564, 42.2436947695697 ], [ -71.756189656902691, 42.243451669758542 ], [ -71.755955356731931, 42.243569519793397 ], [ -71.755735623632859, 42.243668159537059 ], [ -71.755444836876904, 42.243783211909474 ], [ -71.753070528319057, 42.241287563286697 ], [ -71.7526774558645, 42.240328737106644 ], [ -71.752350953045124, 42.23962160889068 ], [ -71.751882913453358, 42.238477974227351 ], [ -71.752670640718748, 42.238269461670249 ], [ -71.752805378745691, 42.238241722028597 ], [ -71.753121269440754, 42.238912381382605 ], [ -71.753315361252064, 42.239562906755843 ], [ -71.753573820643396, 42.240318073321163 ], [ -71.754275182380212, 42.240892405607696 ], [ -71.754451696852101, 42.241002522450316 ], [ -71.755023028352056, 42.241145071447249 ], [ -71.755023811970688, 42.241145899787398 ], [ -71.755352068699835, 42.241492946101253 ], [ -71.755806257456811, 42.24197342236306 ], [ -71.75635170671913, 42.242550531612288 ], [ -71.756747873796712, 42.242969501498536 ], [ -71.756916867182383, 42.243148175085238 ], [ -71.758550644456136, 42.244155467667873 ], [ -71.759083733006079, 42.244451528537162 ], [ -71.75948292192173, 42.244728514113859 ], [ -71.761223894388081, 42.246548947865612 ], [ -71.761584725849488, 42.246924633463927 ], [ -71.761844647431928, 42.247195250345015 ], [ -71.761154739302668, 42.24755101764989 ], [ -71.76115148420142, 42.247552696014502 ], [ -71.761149866919766, 42.247551028729177 ], [ -71.758657166411595, 42.244981135792209 ] ] ] ] } },
{ "type": "Feature", "properties": { "ZONECODE": null, "TOWN_ID": "348", "LOCAL_ZONE": null, "highdense": "Y" }, "geometry": { "type": "MultiPolygon", "coordinates": [ [ [ [ -71.820417440313051, 42.258577488940041 ], [ -71.820365540089924, 42.258679634390987 ], [ -71.819692717866076, 42.258494922260248 ], [ -71.819653924383374, 42.258570288320378 ], [ -71.819607928804231, 42.258657788877798 ], [ -71.819537645943996, 42.258791494787033 ], [ -71.819443566475684, 42.258970471921216 ], [ -71.818961692881999, 42.258830857927641 ], [ -71.818925101401973, 42.258900636644171 ], [ -71.818881400193064, 42.258990572151468 ], [ -71.818801903302017, 42.259154123894227 ], [ -71.818778949983724, 42.259203971622654 ], [ -71.818389020401554, 42.259084267689602 ], [ -71.817990664551729, 42.259940166872454 ], [ -71.818349035606303, 42.260040020627478 ], [ -71.818306303216929, 42.260127951835237 ], [ -71.818771597120644, 42.260252733483597 ], [ -71.818691961374583, 42.260407853260986 ], [ -71.817873955660673, 42.260193634196433 ], [ -71.817194874877217, 42.260045272682959 ], [ -71.816299278115025, 42.260045683427371 ], [ -71.816304040420405, 42.259935905471345 ], [ -71.816312330429369, 42.258684560580313 ], [ -71.815368625114033, 42.257505124150477 ], [ -71.814762634948025, 42.257934183454338 ], [ -71.813540897976182, 42.258179694699535 ], [ -71.813593614759597, 42.260198540646336 ], [ -71.812547296798797, 42.260210776356118 ], [ -71.812538437157855, 42.260141320555299 ], [ -71.812256234409588, 42.26014775908061 ], [ -71.812263438524525, 42.260214094454781 ], [ -71.812178741086484, 42.260215085436243 ], [ -71.812128300507368, 42.259639292992013 ], [ -71.812018979553145, 42.25964362246539 ], [ -71.811789946897036, 42.259679752313986 ], [ -71.811829819619845, 42.26012568521606 ], [ -71.811463750691985, 42.260154485169267 ], [ -71.811469657928043, 42.260223441285696 ], [ -71.811284971832492, 42.260225525576956 ], [ -71.809233379072069, 42.260249465770421 ], [ -71.808700833380641, 42.260223457052689 ], [ -71.807938135765426, 42.259446859289874 ], [ -71.808300958339217, 42.25923184460396 ], [ -71.807975882692446, 42.258900677182076 ], [ -71.808352349795953, 42.258691113059101 ], [ -71.808024282568425, 42.258361325837228 ], [ -71.810888936869318, 42.256841594062031 ], [ -71.811063494180274, 42.25703320999542 ], [ -71.811307429371269, 42.257435935928967 ], [ -71.811421635022782, 42.257795793218897 ], [ -71.81187116600411, 42.257705388645981 ], [ -71.811731094217677, 42.257297580762028 ], [ -71.812341708824903, 42.257147738398629 ], [ -71.812211933922853, 42.256908666572627 ], [ -71.811967903372647, 42.256674707197476 ], [ -71.811799043525298, 42.256498746922411 ], [ -71.812060852841753, 42.256362021770641 ], [ -71.811920429230881, 42.256212732393635 ], [ -71.812133620300671, 42.256109470097172 ], [ -71.812251505320901, 42.256235240665639 ], [ -71.812408171871169, 42.256152994229403 ], [ -71.812534694647908, 42.256296889314264 ], [ -71.813024730846578, 42.256046856105549 ], [ -71.812997315667872, 42.256011943253334 ], [ -71.814592820443565, 42.255215903757708 ], [ -71.815109821641627, 42.255419607915876 ], [ -71.815304369629331, 42.25508086168292 ], [ -71.815923710825132, 42.255251352607161 ], [ -71.816564899639786, 42.254665774804003 ], [ -71.816225551413794, 42.254438946451124 ], [ -71.816704537549839, 42.254012973443182 ], [ -71.816539593485373, 42.253898860971312 ], [ -71.816944340404916, 42.253631562879363 ], [ -71.82044553426482, 42.251799745663611 ], [ -71.820782034354011, 42.252147311145158 ], [ -71.820094813945147, 42.252519685496857 ], [ -71.819994319983536, 42.252414316711153 ], [ -71.819634271222412, 42.252614269308395 ], [ -71.820135772018418, 42.253132199091638 ], [ -71.821496249918894, 42.252410122179349 ], [ -71.821691626133116, 42.252560502902256 ], [ -71.821276295517535, 42.252875181817934 ], [ -71.821852198754641, 42.253311944270997 ], [ -71.822273139734236, 42.253010968182281 ], [ -71.82248409117004, 42.2531818838821 ], [ -71.821939794833213, 42.253558670919801 ], [ -71.822307897148534, 42.253852631930918 ], [ -71.82285537333135, 42.253465544662255 ], [ -71.823172299680422, 42.253682811263069 ], [ -71.823652983144015, 42.253304633830645 ], [ -71.824326571056119, 42.252774681244262 ], [ -71.823896225128081, 42.252454146066633 ], [ -71.824249575544471, 42.252210978990036 ], [ -71.824628584201335, 42.252515193223672 ], [ -71.825471530522663, 42.251859016723181 ], [ -71.825903462583767, 42.251276723052108 ], [ -71.824990245749305, 42.25056377804065 ], [ -71.82531247672965, 42.250332359067258 ], [ -71.825554421934356, 42.250514844853583 ], [ -71.825769062405499, 42.25037085466677 ], [ -71.826061745513812, 42.24973681445541 ], [ -71.82480063460018, 42.249422068749709 ], [ -71.825627276673245, 42.248970375295627 ], [ -71.825507288065737, 42.248845171396916 ], [ -71.825745133464551, 42.248770403623844 ], [ -71.82625619999115, 42.248497283726671 ], [ -71.82596866030876, 42.248200361848326 ], [ -71.827008235014389, 42.247638288331771 ], [ -71.827415688328145, 42.248044632051759 ], [ -71.828652722451608, 42.247369470050067 ], [ -71.828587324846964, 42.247311345251774 ], [ -71.829323111888783, 42.246888009423088 ], [ -71.830126205658246, 42.246491921184521 ], [ -71.830161420403499, 42.246560423302682 ], [ -71.831001123948838, 42.246193035237418 ], [ -71.831274982172488, 42.246695794225062 ], [ -71.830680191954912, 42.246753765064426 ], [ -71.83062740962346, 42.246769009781403 ], [ -71.830790108998798, 42.246894085377555 ], [ -71.830940984307858, 42.246964998167869 ], [ -71.830906577799738, 42.247183942914113 ], [ -71.830906939659371, 42.247253230356108 ], [ -71.831003974964787, 42.247799035155175 ], [ -71.8309327605172, 42.247777287327111 ], [ -71.830966828360602, 42.248598372918046 ], [ -71.830742383996196, 42.249646594131427 ], [ -71.828819483524143, 42.251256749487119 ], [ -71.827434036836834, 42.252442055210821 ], [ -71.826061350430422, 42.253649259695678 ], [ -71.822782661094706, 42.256455477955306 ], [ -71.82259157952646, 42.256878611615839 ], [ -71.822042364106338, 42.256748434045328 ], [ -71.821768879558547, 42.257313118754297 ], [ -71.821104498697736, 42.257145528488998 ], [ -71.820966584686545, 42.257402491271328 ], [ -71.820356458850554, 42.257234743254358 ], [ -71.819884908327225, 42.258131508500298 ], [ -71.820448148719123, 42.258280126054231 ], [ -71.820314010002022, 42.258547927897787 ], [ -71.820417440313051, 42.258577488940041 ] ], [ [ -71.819793007731306, 42.258307896011615 ], [ -71.819709084315178, 42.258285488834069 ], [ -71.81955393877108, 42.258240644360662 ], [ -71.819535515001334, 42.258276960705651 ], [ -71.819774938303283, 42.25834139976336 ], [ -71.819721418772957, 42.25844104569255 ], [ -71.819698683961377, 42.258483331364666 ], [ -71.819692717866076, 42.258494922260248 ], [ -71.819793007731306, 42.258307896011615 ] ] ] ] } },
{ "type": "Feature", "properties": { "ZONECODE": null, "TOWN_ID": "348", "LOCAL_ZONE": null, "highdense": "Y" }, "geometry": { "type": "MultiPolygon", "coordinates": [ [ [ [ -71.784109505570029, 42.236541262821731 ], [ -71.786475828530996, 42.232394475451294 ], [ -71.790143968006561, 42.235334529594333 ], [ -71.789579184587154, 42.235782564174201 ], [ -71.790627552535739, 42.236406951748322 ], [ -71.790962546690238, 42.237284913057387 ], [ -71.790962384613039, 42.237284971988004 ], [ -71.785090616392793, 42.239402250291292 ], [ -71.785085713768382, 42.239404018059446 ], [ -71.785085744644888, 42.239402263287097 ], [ -71.785117702458365, 42.237582908066905 ], [ -71.784109505570029, 42.236541262821731 ] ] ] ] } },
{ "type": "Feature", "properties": { "ZONECODE": "321B", "TOWN_ID": "321", "LOCAL_ZONE": "B", "highdense": "Y" }, "geometry": { "type": "MultiPolygon", "coordinates": [ [ [ [ -71.776743226275102, 42.376104854276292 ], [ -71.776943682123061, 42.376000839847407 ], [ -71.777021629759133, 42.376124440539549 ], [ -71.7770986244753, 42.376246918122497 ], [ -71.777175808903806, 42.376369395194054 ], [ -71.777252804215536, 42.376491872666769 ], [ -71.777326197331561, 42.376614921442396 ], [ -71.777392016787857, 42.376741364474377 ], [ -71.777405026463299, 42.376766090773458 ], [ -71.777457317046014, 42.376857357381496 ], [ -71.777573523233258, 42.377070738434767 ], [ -71.777707188537164, 42.37732253712641 ], [ -71.77779466886949, 42.377528458240199 ], [ -71.777733380892712, 42.377532686266754 ], [ -71.776857685370615, 42.377593088077383 ], [ -71.776685772769781, 42.377604945973651 ], [ -71.776508071172671, 42.377617202845038 ], [ -71.776391032528323, 42.377625275077357 ], [ -71.776348424238861, 42.37770998740752 ], [ -71.776314076536906, 42.377795033690916 ], [ -71.776287665702782, 42.377872746139971 ], [ -71.77628979480923, 42.377882306486406 ], [ -71.776297048136882, 42.377935743104707 ], [ -71.776299371744614, 42.377989754234768 ], [ -71.776296948901575, 42.378043214088635 ], [ -71.77628978694807, 42.37809724799645 ], [ -71.776278065477982, 42.378150167503904 ], [ -71.776261598736099, 42.378202535729685 ], [ -71.776240386711095, 42.378254352671789 ], [ -71.776214803310481, 42.378304492081881 ], [ -71.77618485098688, 42.378353516625218 ], [ -71.776150720366658, 42.378401425840849 ], [ -71.776125618982007, 42.378431870482252 ], [ -71.776103238311222, 42.378520264010092 ], [ -71.776036284100641, 42.378784881431443 ], [ -71.776002718845547, 42.378918878354312 ], [ -71.775969146071162, 42.379051187259286 ], [ -71.775902189525326, 42.379315804573679 ], [ -71.775868623705378, 42.379449801441325 ], [ -71.77585724728182, 42.379494842626912 ], [ -71.775761121414533, 42.379510265252136 ], [ -71.775724300587882, 42.379420325679433 ], [ -71.775719315473111, 42.379408521474694 ], [ -71.775633705126609, 42.379398598470125 ], [ -71.774874164190052, 42.379299134269168 ], [ -71.774780005702723, 42.379286980355886 ], [ -71.774810780175358, 42.379164806624154 ], [ -71.774844352979699, 42.379031935391801 ], [ -71.774877925643239, 42.378899064145649 ], [ -71.774911500615659, 42.378766755553762 ], [ -71.774944882362163, 42.378633884735606 ], [ -71.774978454603968, 42.37850101344813 ], [ -71.775012026704943, 42.378368142146876 ], [ -71.775045601116005, 42.378235833499943 ], [ -71.775080311883627, 42.378102959448043 ], [ -71.775019682890388, 42.377947806356339 ], [ -71.774789470318737, 42.377407063960376 ], [ -71.774745162083931, 42.377296322976399 ], [ -71.774829382792547, 42.377205531291374 ], [ -71.774939711800968, 42.377097796929689 ], [ -71.775068125426628, 42.377004086077271 ], [ -71.775208135805343, 42.376915974081172 ], [ -71.77534720240692, 42.376828989519197 ], [ -71.775488359538883, 42.376743125129273 ], [ -71.775631426366814, 42.376660069359701 ], [ -71.775777920653525, 42.376579818565418 ], [ -71.775984467736606, 42.376523055861455 ], [ -71.776168106711481, 42.376433712669204 ], [ -71.776298980745395, 42.376339431841842 ], [ -71.776379221780019, 42.37629366249508 ], [ -71.776442998811859, 42.376257498115343 ], [ -71.776593112117183, 42.37618117629583 ], [ -71.776743226275102, 42.376104854276292 ] ] ] ] } },
{ "type": "Feature", "properties": { "ZONECODE": null, "TOWN_ID": "348", "LOCAL_ZONE": null, "highdense": "Y" }, "geometry": { "type": "MultiPolygon", "coordinates": [ [ [ [ -71.787936779649883, 42.250637650438563 ], [ -71.787918714707473, 42.250452683483523 ], [ -71.78791239083013, 42.25036303636913 ], [ -71.787847932229681, 42.249710668825244 ], [ -71.78778482461567, 42.249071952290322 ], [ -71.787735332895821, 42.248571022808044 ], [ -71.787732388466154, 42.248504883032631 ], [ -71.787822068652787, 42.248492054055546 ], [ -71.787864267924121, 42.24893897183496 ], [ -71.788683520620978, 42.248890713639675 ], [ -71.788702382980986, 42.249136688749736 ], [ -71.788944123475545, 42.24912779981117 ], [ -71.788951144608617, 42.249188137638214 ], [ -71.788855445785813, 42.249193749587363 ], [ -71.788869110230848, 42.249373782351185 ], [ -71.78878442624864, 42.249379667236184 ], [ -71.788347195706208, 42.249409686287997 ], [ -71.788382860557178, 42.249742142057315 ], [ -71.788417751498244, 42.25006734231296 ], [ -71.788856510973929, 42.250042931687162 ], [ -71.788947197587376, 42.250038057102401 ], [ -71.789071334552659, 42.250031590249982 ], [ -71.789823194622826, 42.249993463581013 ], [ -71.789717442016965, 42.249598735480937 ], [ -71.789584960928678, 42.249104232720654 ], [ -71.789542240867689, 42.249105803425003 ], [ -71.789488922248481, 42.248652712972628 ], [ -71.789485146474462, 42.248620641947348 ], [ -71.789553581821693, 42.248546305958982 ], [ -71.789492847410969, 42.248318597446278 ], [ -71.789483982920842, 42.248248744469414 ], [ -71.79033482000105, 42.248129678624949 ], [ -71.790438981002893, 42.24812031857612 ], [ -71.790683083043859, 42.248106212628315 ], [ -71.790761309293075, 42.248121799640899 ], [ -71.791122198213557, 42.248193708307788 ], [ -71.791277623669373, 42.248238337536193 ], [ -71.791439078973866, 42.248291640090969 ], [ -71.791429306495402, 42.248206626634008 ], [ -71.7912299998723, 42.247326080718459 ], [ -71.791191845465391, 42.247328922496671 ], [ -71.791174736002873, 42.247248837868547 ], [ -71.791189979127097, 42.247245020641294 ], [ -71.791570422278866, 42.247196853304501 ], [ -71.79204167100265, 42.247137299049172 ], [ -71.792134271906889, 42.247134104228017 ], [ -71.792253281133767, 42.247648116653458 ], [ -71.793642221191789, 42.247560189923234 ], [ -71.794725854718735, 42.247491576580828 ], [ -71.794726303876146, 42.247691297221813 ], [ -71.794703035027254, 42.248223891628228 ], [ -71.794712723149715, 42.248430502871898 ], [ -71.794738344534352, 42.24867064557229 ], [ -71.794756959613835, 42.249018359311215 ], [ -71.794815227403447, 42.249783400061247 ], [ -71.795381555249975, 42.249781392108666 ], [ -71.795384744489212, 42.249843732683075 ], [ -71.79538918158957, 42.250002697906531 ], [ -71.795393358930241, 42.250159835086002 ], [ -71.794862957379422, 42.250161818375972 ], [ -71.79485829921633, 42.250124880992786 ], [ -71.794614343978424, 42.249993143573839 ], [ -71.794006589305496, 42.249567714590732 ], [ -71.793829714278388, 42.249447695727213 ], [ -71.793425258406089, 42.249202480347812 ], [ -71.793474605226976, 42.250358060916724 ], [ -71.793383501727433, 42.250357990275717 ], [ -71.793012942650932, 42.250364241761361 ], [ -71.793013388906829, 42.250372946553561 ], [ -71.792644541180636, 42.250377451297524 ], [ -71.792553075407511, 42.250379494832174 ], [ -71.79255889287893, 42.250481382614836 ], [ -71.791907972799763, 42.2505042104004 ], [ -71.791544080987961, 42.250516970094289 ], [ -71.790541748737311, 42.250552109193954 ], [ -71.790307349044937, 42.250558888809856 ], [ -71.790294175992784, 42.250203940740697 ], [ -71.790007867470038, 42.250211180452716 ], [ -71.789972013561737, 42.250214520175881 ], [ -71.789861743391171, 42.250224791896585 ], [ -71.789708201285876, 42.250232195371076 ], [ -71.789711317721427, 42.250297245204564 ], [ -71.789478167809861, 42.250305517180983 ], [ -71.789500075383785, 42.250522877923203 ], [ -71.789505643049964, 42.250578115479925 ], [ -71.789010230367381, 42.250589993087694 ], [ -71.788915551606593, 42.250582993764255 ], [ -71.788471444914379, 42.250607526072287 ], [ -71.788031525379509, 42.250631680637817 ], [ -71.787936779649883, 42.250637650438563 ] ] ] ] } },
{ "type": "Feature", "properties": { "ZONECODE": "321B", "TOWN_ID": "321", "LOCAL_ZONE": "B", "highdense": "Y" }, "geometry": { "type": "MultiPolygon", "coordinates": [ [ [ [ -71.792806761049135, 42.390342375703938 ], [ -71.792785582442235, 42.390153934210439 ], [ -71.792753261934095, 42.389895186948962 ], [ -71.792725947382579, 42.389692694214631 ], [ -71.792682139280046, 42.389370956765347 ], [ -71.792661895114705, 42.389220211916601 ], [ -71.792642433538589, 42.389074529125374 ], [ -71.792639431653001, 42.389040776383602 ], [ -71.792638393305168, 42.389021648144407 ], [ -71.793376881802885, 42.388969689808754 ], [ -71.793374390377792, 42.388923556977829 ], [ -71.793385989460447, 42.388683828714974 ], [ -71.793406645950085, 42.388555486601213 ], [ -71.79414847709009, 42.388529960403666 ], [ -71.794178643125591, 42.388528757941046 ], [ -71.794149358549774, 42.388596916240708 ], [ -71.79413892622668, 42.388638580711643 ], [ -71.794124723023998, 42.388726394006625 ], [ -71.794115204629236, 42.388923353883278 ], [ -71.794118138394865, 42.388982989720091 ], [ -71.794135437087547, 42.38911179761228 ], [ -71.79415549265039, 42.389261980022397 ], [ -71.794199114870437, 42.389583154737579 ], [ -71.794227412624551, 42.389791834025267 ], [ -71.794260925458801, 42.39006070595407 ], [ -71.794268050458825, 42.390123707090801 ], [ -71.793597776323736, 42.390156928877651 ], [ -71.793419833852951, 42.390250223759317 ], [ -71.792806761049135, 42.390342375703938 ] ] ] ] } },
{ "type": "Feature", "properties": { "ZONECODE": "321B", "TOWN_ID": "321", "LOCAL_ZONE": "B", "highdense": "Y" }, "geometry": { "type": "MultiPolygon", "coordinates": [ [ [ [ -71.77073650035139, 42.392782147951138 ], [ -71.77292633111368, 42.393064500610812 ], [ -71.772911499928611, 42.393145560557336 ], [ -71.77290014569914, 42.393196790638029 ], [ -71.7728836722533, 42.393249158200284 ], [ -71.772862452426565, 42.393300974341791 ], [ -71.772854365015533, 42.393317873677859 ], [ -71.772848835491274, 42.39335558581255 ], [ -71.772845130088641, 42.39337641346188 ], [ -71.772842703741901, 42.393429873053854 ], [ -71.772835535887609, 42.393483906558714 ], [ -71.772831453972941, 42.393505297771604 ], [ -71.772829000860085, 42.393552568033442 ], [ -71.772821834194772, 42.393606601533044 ], [ -71.772812345292394, 42.393650512441511 ], [ -71.772810226106628, 42.393687091142546 ], [ -71.772801761109704, 42.393748442452335 ], [ -71.772787103266651, 42.393825563254744 ], [ -71.772760357354855, 42.393960105241696 ], [ -71.772733604036603, 42.394092959219819 ], [ -71.7727072319732, 42.394226374955764 ], [ -71.772680670330047, 42.394359791130512 ], [ -71.77265410978957, 42.394493207292086 ], [ -71.772627550352738, 42.394627186112366 ], [ -71.772574054631235, 42.394895707285635 ], [ -71.772546556006276, 42.395031938985504 ], [ -71.772518855646624, 42.395165357793203 ], [ -71.772491536541906, 42.395299338358797 ], [ -71.772354164397626, 42.395965304159319 ], [ -71.772326659980578, 42.396100410441086 ], [ -71.772271449185226, 42.396367810091149 ], [ -71.772243934710175, 42.396500665677166 ], [ -71.772216612021566, 42.396634083470147 ], [ -71.772161584920681, 42.396900357254623 ], [ -71.7721340772611, 42.397034900795205 ], [ -71.772079049465034, 42.397301174515384 ], [ -71.772051728508742, 42.397435154910092 ], [ -71.772024215533961, 42.397568573076285 ], [ -71.772010087925437, 42.397637252382403 ], [ -71.771996702443303, 42.397701991231777 ], [ -71.77194167349019, 42.397968264844934 ], [ -71.771914164899698, 42.398102808299534 ], [ -71.77179332595847, 42.398688271911837 ], [ -71.770825807826739, 42.398647789769313 ], [ -71.770528167006788, 42.398634985696013 ], [ -71.770247293418009, 42.398947928126461 ], [ -71.769773386193052, 42.398946226627558 ], [ -71.769494378630213, 42.398941816267467 ], [ -71.769525989326809, 42.398788695671804 ], [ -71.769553317397708, 42.398655278585856 ], [ -71.769580646568116, 42.398521861486437 ], [ -71.769718425162651, 42.397854210499666 ], [ -71.769745751235106, 42.397720230670437 ], [ -71.769800973871497, 42.397452832313071 ], [ -71.769814361545102, 42.397388093714582 ], [ -71.769828493884063, 42.397319977339023 ], [ -71.76985601137568, 42.397186559688471 ], [ -71.769883152203889, 42.397053705581712 ], [ -71.769938373679224, 42.396786307116983 ], [ -71.769965698825644, 42.396652327202212 ], [ -71.770020922009493, 42.396385491338805 ], [ -71.77004806214849, 42.396252637168423 ], [ -71.770076139913172, 42.396117530100483 ], [ -71.770130800970136, 42.395852383483096 ], [ -71.77015812771478, 42.395718966159563 ], [ -71.770295891716557, 42.395050751380317 ], [ -71.770323029492445, 42.394917897106779 ], [ -71.770350733173444, 42.394783916149464 ], [ -71.770377118857937, 42.394652751636592 ], [ -71.77043006611909, 42.394387046135726 ], [ -71.770456632513813, 42.394253630479774 ], [ -71.770483196385584, 42.394119652147346 ], [ -71.770509762556188, 42.393986236470873 ], [ -71.770536327400407, 42.393852820786996 ], [ -71.770563268671694, 42.39371827886373 ], [ -71.770589276951512, 42.393587677826993 ], [ -71.770590155552469, 42.39357135827516 ], [ -71.770592582591178, 42.393517898734672 ], [ -71.770599752362514, 42.393463865369299 ], [ -71.770599272128052, 42.393440234276845 ], [ -71.770601699154113, 42.393386774734509 ], [ -71.770606464920519, 42.393347376490901 ], [ -71.770605360794761, 42.393311368081733 ], [ -71.770607789025192, 42.393257908534792 ], [ -71.770613476785471, 42.393212318729866 ], [ -71.770612781747559, 42.393183061421375 ], [ -71.770615208752275, 42.393129601875565 ], [ -71.770622378460374, 42.393075568503903 ], [ -71.770634107417067, 42.393022649752936 ], [ -71.770650582663677, 42.392970282509353 ], [ -71.770671804188865, 42.392918466771143 ], [ -71.770697397878919, 42.392868328759754 ], [ -71.770707568730174, 42.392850299329453 ], [ -71.770731309931193, 42.392810856436022 ], [ -71.770734649133644, 42.392792843075057 ], [ -71.77073650035139, 42.392782147951138 ] ] ] ] } },
{ "type": "Feature", "properties": { "ZONECODE": null, "TOWN_ID": "348", "LOCAL_ZONE": null, "highdense": "Y" }, "geometry": { "type": "MultiPolygon", "coordinates": [ [ [ [ -71.757997112599512, 42.250546636571848 ], [ -71.754339965096392, 42.247106140588585 ], [ -71.754199519755673, 42.246793476458166 ], [ -71.754115663721478, 42.246605689537589 ], [ -71.753631391392616, 42.245865360344389 ], [ -71.753712849961175, 42.245833574371119 ], [ -71.753001601853327, 42.244766965927553 ], [ -71.753499499385228, 42.244578579641491 ], [ -71.753860933151046, 42.244614083294991 ], [ -71.754024968732395, 42.244393632377736 ], [ -71.75399587183125, 42.244280400736166 ], [ -71.754063535762668, 42.244272528260083 ], [ -71.754239127356257, 42.244242485467559 ], [ -71.755448479750214, 42.243786963474648 ], [ -71.755797531227358, 42.243640768565236 ], [ -71.756189656902691, 42.243451669758542 ], [ -71.756490207447229, 42.243690896527418 ], [ -71.756663838295651, 42.243811635466109 ], [ -71.757133612311222, 42.244084453373297 ], [ -71.758657166411595, 42.244981135792209 ], [ -71.761149866919766, 42.247551028729177 ], [ -71.76115148420142, 42.247552696014502 ], [ -71.761362704612111, 42.247753295564856 ], [ -71.761736729286838, 42.248216201681196 ], [ -71.761905170919547, 42.248377721009817 ], [ -71.761965389003649, 42.24843594942616 ], [ -71.761996747959586, 42.248467539755808 ], [ -71.761994238081257, 42.248469514444366 ], [ -71.760858894536796, 42.249363015237563 ], [ -71.760855865206054, 42.249365398917782 ], [ -71.760592291124283, 42.249572871561092 ], [ -71.760592067664646, 42.249573046726852 ], [ -71.760587417374026, 42.249572882619148 ], [ -71.759843522561866, 42.249546600108161 ], [ -71.759754687463754, 42.24944628763803 ], [ -71.759752948994603, 42.249444325308247 ], [ -71.759749814934821, 42.249446298657801 ], [ -71.758145858929524, 42.250456061475177 ], [ -71.758001985213198, 42.25054662562647 ], [ -71.757999058952777, 42.250548467915593 ], [ -71.757997112599512, 42.250546636571848 ] ] ] ] } },
{ "type": "Feature", "properties": { "ZONECODE": "321B", "TOWN_ID": "321", "LOCAL_ZONE": "B", "highdense": "Y" }, "geometry": { "type": "MultiPolygon", "coordinates": [ [ [ [ -71.782182019380983, 42.363008318258949 ], [ -71.78207669237851, 42.362996197718282 ], [ -71.781996268822795, 42.362996394906332 ], [ -71.781887036779466, 42.363001726723681 ], [ -71.781801347410862, 42.363012064848867 ], [ -71.781699190831674, 42.363030320703437 ], [ -71.781599266450442, 42.36308120621414 ], [ -71.780935348005087, 42.363328719039686 ], [ -71.780772657618158, 42.363042714160606 ], [ -71.780762147473439, 42.363025296856549 ], [ -71.780724491071126, 42.362960118339295 ], [ -71.780699442898268, 42.362915165380763 ], [ -71.78066864502803, 42.362856722220002 ], [ -71.780643188187497, 42.362805018132597 ], [ -71.780618488884571, 42.362753312190961 ], [ -71.780594731420379, 42.36269991591778 ], [ -71.780572299540538, 42.362645953729732 ], [ -71.780551768860121, 42.362593112252021 ], [ -71.780532187508669, 42.362540268454843 ], [ -71.780513928018607, 42.362486296077996 ], [ -71.780496999097409, 42.362432883129209 ], [ -71.780481015784503, 42.362378905195456 ], [ -71.780472912569749, 42.362347977766625 ], [ -71.780443732030776, 42.36226927425465 ], [ -71.780395349195913, 42.362137725985214 ], [ -71.780230044243766, 42.361688550548962 ], [ -71.780137313297416, 42.361436697474687 ], [ -71.780087775623343, 42.361301213132684 ], [ -71.780003109930917, 42.361071284666757 ], [ -71.7799827583476, 42.361015629253458 ], [ -71.779905639300409, 42.360819442912202 ], [ -71.77980261196474, 42.360554673023515 ], [ -71.779712622588107, 42.360321381201288 ], [ -71.780410947052687, 42.360139624480588 ], [ -71.780488067952788, 42.360122556154586 ], [ -71.780458326602698, 42.360045542006013 ], [ -71.780622610276311, 42.360009130033134 ], [ -71.780786703181619, 42.359972718290585 ], [ -71.780952730734981, 42.359944741734402 ], [ -71.781122399717802, 42.359925196185145 ], [ -71.781294192842395, 42.359914085337451 ], [ -71.781462261513866, 42.359918738287533 ], [ -71.781474790303136, 42.359920958334982 ], [ -71.781656770877774, 42.35985524239841 ], [ -71.781905165825208, 42.359796115538309 ], [ -71.782105029102283, 42.359742733942724 ], [ -71.782363247157321, 42.359293084487661 ], [ -71.782659169854469, 42.358750500107561 ], [ -71.782849355303185, 42.358357846955606 ], [ -71.783031369972349, 42.357962400172212 ], [ -71.783166607597551, 42.357540622421148 ], [ -71.783249328951086, 42.357208439423808 ], [ -71.783159348586054, 42.357148454554263 ], [ -71.783117682675979, 42.357119297925642 ], [ -71.783064411305077, 42.357082292367743 ], [ -71.781702605445361, 42.356140338568849 ], [ -71.781488199026356, 42.355992316780657 ], [ -71.781469749929428, 42.355980545714417 ], [ -71.781411354419504, 42.355942426571133 ], [ -71.781444633844202, 42.355877074615279 ], [ -71.781504043896007, 42.355759892415648 ], [ -71.781551263091615, 42.355673687259021 ], [ -71.781675430189168, 42.355447749763933 ], [ -71.7817678521576, 42.35520557226053 ], [ -71.78179384934225, 42.355123920396309 ], [ -71.781828266349365, 42.355016364748046 ], [ -71.781867875556401, 42.354882350539036 ], [ -71.781894921770018, 42.354525546961604 ], [ -71.781907177186525, 42.354254306534052 ], [ -71.781908025742183, 42.354189596578706 ], [ -71.781962878728564, 42.354199027630308 ], [ -71.78235332679246, 42.354272905839018 ], [ -71.782641025857373, 42.354398801565956 ], [ -71.782647069883012, 42.354265994899059 ], [ -71.782650823811011, 42.353960451951103 ], [ -71.782646430533276, 42.35361441624115 ], [ -71.782638712332769, 42.353288082381269 ], [ -71.78263196228707, 42.352966247537104 ], [ -71.782640059020395, 42.352698955891604 ], [ -71.78266472718947, 42.352532342759545 ], [ -71.782709497638606, 42.352323479397477 ], [ -71.7827742101111, 42.352036354811695 ], [ -71.782814010251698, 42.351734099139854 ], [ -71.782827362723751, 42.351370013944631 ], [ -71.782861140989809, 42.350993499576774 ], [ -71.78286167351834, 42.350731290498807 ], [ -71.782876980741037, 42.350634472296761 ], [ -71.782896896033648, 42.350550584341804 ], [ -71.782969198030216, 42.35039173137109 ], [ -71.783076954381343, 42.350146701400099 ], [ -71.783198791713588, 42.349912327517742 ], [ -71.783336446654516, 42.349695357535538 ], [ -71.783525319867692, 42.349439999030018 ], [ -71.783697701642481, 42.349186368912179 ], [ -71.783787403441394, 42.348975706085383 ], [ -71.783890284984409, 42.348744191562382 ], [ -71.78393543586634, 42.348494813784484 ], [ -71.783951213135779, 42.348418813310339 ], [ -71.783978692319806, 42.348288204177017 ], [ -71.783989356653208, 42.348213904352917 ], [ -71.783611732102543, 42.348242970118989 ], [ -71.783656165046196, 42.348213601282019 ], [ -71.783707328757018, 42.348162834061085 ], [ -71.783751053411507, 42.348102519645593 ], [ -71.783782931648446, 42.348022540715533 ], [ -71.783833385065932, 42.347855863520941 ], [ -71.783897022807608, 42.34758505831573 ], [ -71.783955801664717, 42.347414421751282 ], [ -71.78399952267857, 42.34731134370525 ], [ -71.784063984663689, 42.347181768540565 ], [ -71.784171272165111, 42.346960933667852 ], [ -71.784318870574765, 42.346764756869014 ], [ -71.784501499679394, 42.346557239650934 ], [ -71.784577386482283, 42.34648052765921 ], [ -71.784594943087185, 42.346463041189693 ], [ -71.784713303074184, 42.346343460447045 ], [ -71.784943986385812, 42.346153829226424 ], [ -71.785302208354977, 42.345904237302271 ], [ -71.785619666616654, 42.345698634399184 ], [ -71.785712882440336, 42.345638758947956 ], [ -71.785777286783116, 42.345455728465531 ], [ -71.785915659487131, 42.345024372897008 ], [ -71.785994644225283, 42.34471132729815 ], [ -71.786019233894635, 42.344613922772936 ], [ -71.786183180907955, 42.344094162659879 ], [ -71.786277222529023, 42.343798522361745 ], [ -71.786348263560015, 42.343574399420476 ], [ -71.78643553601421, 42.343291717419426 ], [ -71.786536450510297, 42.342965112407008 ], [ -71.786604494091364, 42.342749436911632 ], [ -71.786714416541017, 42.342402552815493 ], [ -71.786750680655658, 42.342287675931324 ], [ -71.786829021682905, 42.342043277972536 ], [ -71.786912471275912, 42.341782605332561 ], [ -71.786924748148621, 42.341744256724056 ], [ -71.787033998458, 42.34133379120415 ], [ -71.787241386569718, 42.340738521754965 ], [ -71.787363747743328, 42.340292594102507 ], [ -71.79008501070156, 42.338634348625149 ], [ -71.789831953033428, 42.339512133384297 ], [ -71.789822975964213, 42.339704592274067 ], [ -71.789736460966196, 42.339941135516874 ], [ -71.789688830519268, 42.340180956804012 ], [ -71.789578093484778, 42.340469890067538 ], [ -71.789553110436202, 42.340562795015664 ], [ -71.789534662106249, 42.340633176343061 ], [ -71.789404674457842, 42.341107841930736 ], [ -71.789276044679866, 42.341477670073438 ], [ -71.789198806914769, 42.341699735378249 ], [ -71.789093668851734, 42.342094437606654 ], [ -71.788988230983634, 42.342423869718381 ], [ -71.788910272506158, 42.342667142826478 ], [ -71.788874755124837, 42.34277864244207 ], [ -71.788765222474254, 42.343125527620437 ], [ -71.788698682229366, 42.343336699188484 ], [ -71.788598901190639, 42.343659927178763 ], [ -71.788510141459199, 42.343947115978736 ], [ -71.788437611226144, 42.344175745416663 ], [ -71.788343953837185, 42.344470261157504 ], [ -71.788191615423841, 42.344953983833733 ], [ -71.788175966701871, 42.345015354998758 ], [ -71.788087306285647, 42.345366688467358 ], [ -71.787930999847205, 42.345854359382905 ], [ -71.787739110347133, 42.346398949568567 ], [ -71.787553672213846, 42.346986849451355 ], [ -71.787368867721824, 42.347589939677341 ], [ -71.78731600616058, 42.347766752675099 ], [ -71.787074754201612, 42.348468451972387 ], [ -71.787904980921752, 42.348758969136291 ], [ -71.788000900456268, 42.348792489650741 ], [ -71.78814125448271, 42.348838840359043 ], [ -71.788225760175365, 42.348864511790495 ], [ -71.788343001967235, 42.348874346105845 ], [ -71.788452349650214, 42.34885831691502 ], [ -71.788664014100661, 42.34886453797089 ], [ -71.78966968290564, 42.348661695990053 ], [ -71.78974983962604, 42.348813979808774 ], [ -71.79025545996943, 42.34981483424653 ], [ -71.790351784537592, 42.350018280493622 ], [ -71.790367488128638, 42.350051438840659 ], [ -71.79088434410275, 42.351140602320513 ], [ -71.789612833106389, 42.352270291845713 ], [ -71.788736393374691, 42.353000600175974 ], [ -71.787801836320227, 42.352385122682996 ], [ -71.786672757099922, 42.353114921775514 ], [ -71.786409475370576, 42.353272002024205 ], [ -71.786385745371788, 42.353266997018387 ], [ -71.786307437811402, 42.353312768846685 ], [ -71.786203072627004, 42.353383925947874 ], [ -71.786054972545458, 42.353429871254818 ], [ -71.785933173954291, 42.353462246729222 ], [ -71.785863963655316, 42.353465232157319 ], [ -71.785846492649398, 42.353585688530373 ], [ -71.78584128974218, 42.353651534708497 ], [ -71.785798199435078, 42.35418787324825 ], [ -71.78574916673854, 42.354752360329485 ], [ -71.785735344988282, 42.355344331026757 ], [ -71.785715453038677, 42.355768638963333 ], [ -71.785682340946607, 42.356121519712921 ], [ -71.785668307542892, 42.356247594217194 ], [ -71.785623715078657, 42.356620197117287 ], [ -71.785538291658668, 42.35706492398181 ], [ -71.785438891162357, 42.357480988904577 ], [ -71.785339036939419, 42.357880737198954 ], [ -71.785166408529562, 42.358419646966993 ], [ -71.784944587600265, 42.358901847938384 ], [ -71.784733363531558, 42.359337320034633 ], [ -71.784413755782623, 42.359923857047853 ], [ -71.783968669361485, 42.360699199527595 ], [ -71.783870473207315, 42.360880061029015 ], [ -71.783460374470437, 42.361635621327629 ], [ -71.78297512704215, 42.362470139573098 ], [ -71.782924388762979, 42.362576047497825 ], [ -71.782875148879953, 42.362678012979536 ], [ -71.78281297758403, 42.36281489615115 ], [ -71.782776004340775, 42.362902764521863 ], [ -71.782751057056785, 42.362965282894308 ], [ -71.782704397445727, 42.363135325755756 ], [ -71.782587864356927, 42.363628516308751 ], [ -71.782249065199281, 42.363070610811633 ], [ -71.782182019380983, 42.363008318258949 ] ] ] ] } },
{ "type": "Feature", "properties": { "ZONECODE": "321GR", "TOWN_ID": "321", "LOCAL_ZONE": "GR", "highdense": "Y" }, "geometry": { "type": "MultiPolygon", "coordinates": [ [ [ [ -71.781030536180793, 42.366774875802314 ], [ -71.781019803415106, 42.366750144296255 ], [ -71.78092607705949, 42.36653261776636 ], [ -71.780910744298964, 42.366497206645782 ], [ -71.780904034823337, 42.366481468112632 ], [ -71.780820275606757, 42.366286986847015 ], [ -71.780633855695356, 42.365870499114919 ], [ -71.780611430159425, 42.365818224982156 ], [ -71.780547993768678, 42.365672084027409 ], [ -71.780657107964203, 42.365553655962088 ], [ -71.780590891138061, 42.365422151375689 ], [ -71.780459236466058, 42.36512031555062 ], [ -71.780604478644179, 42.365064819119006 ], [ -71.780848769319348, 42.364973632145301 ], [ -71.78133053126875, 42.364794086688661 ], [ -71.781393582796184, 42.364768612055201 ], [ -71.781154421936435, 42.36443496738584 ], [ -71.780816203201468, 42.363963145786691 ], [ -71.780482191831396, 42.363498065006432 ], [ -71.780607175465832, 42.363451620754745 ], [ -71.780592101706475, 42.363431401189231 ], [ -71.780424253507107, 42.363136968267547 ], [ -71.780383729426831, 42.363066732547502 ], [ -71.780356198457213, 42.363017846835191 ], [ -71.780322530407318, 42.36295378381849 ], [ -71.780294969571315, 42.362898146050547 ], [ -71.78026835437224, 42.362841943295322 ], [ -71.780242298571011, 42.362783488466199 ], [ -71.780217757740843, 42.362724467263867 ], [ -71.780195503067006, 42.362667691191177 ], [ -71.780174382110758, 42.362609786999975 ], [ -71.780154396151787, 42.362551317363824 ], [ -71.780136122007505, 42.36249396890684 ], [ -71.780118789703394, 42.362434930124387 ], [ -71.780112422171754, 42.362410750557537 ], [ -71.780086888618627, 42.362341603570059 ], [ -71.780038314602223, 42.362209492943393 ], [ -71.779873011993274, 42.361760317000403 ], [ -71.779804472267557, 42.361574237920024 ], [ -71.780110237085793, 42.361447454261679 ], [ -71.780137313297416, 42.361436697474687 ], [ -71.780230044243766, 42.361688550548962 ], [ -71.780395349195913, 42.362137725985214 ], [ -71.780443732030776, 42.36226927425465 ], [ -71.780472912569749, 42.362347977766625 ], [ -71.780481015784503, 42.362378905195456 ], [ -71.780496999097409, 42.362432883129209 ], [ -71.780513928018607, 42.362486296077996 ], [ -71.780532187508669, 42.362540268454843 ], [ -71.780551768860121, 42.362593112252021 ], [ -71.780572299540538, 42.362645953729732 ], [ -71.780594731420379, 42.36269991591778 ], [ -71.780618488884571, 42.362753312190961 ], [ -71.780643188187497, 42.362805018132597 ], [ -71.78066864502803, 42.362856722220002 ], [ -71.780699442898268, 42.362915165380763 ], [ -71.780724491071126, 42.362960118339295 ], [ -71.780762147473439, 42.363025296856549 ], [ -71.780772657618158, 42.363042714160606 ], [ -71.780935348005087, 42.363328719039686 ], [ -71.781599266450442, 42.36308120621414 ], [ -71.781699190831674, 42.363030320703437 ], [ -71.781810427883912, 42.363261870772433 ], [ -71.781899104132293, 42.363367999261641 ], [ -71.781975143468273, 42.363490476262875 ], [ -71.782051563065096, 42.363612952278721 ], [ -71.782127606716557, 42.36373599183905 ], [ -71.782203646935614, 42.363858468678835 ], [ -71.782301467619831, 42.364015777924678 ], [ -71.782356111954357, 42.36410398393123 ], [ -71.782432342434873, 42.364226460144479 ], [ -71.782476668201355, 42.36429781114704 ], [ -71.782526153544694, 42.364377589598092 ], [ -71.782584429252708, 42.364471976006222 ], [ -71.782790881577213, 42.364531112299275 ], [ -71.782861672470631, 42.364624342445367 ], [ -71.782890138683427, 42.364712049881639 ], [ -71.783071612109069, 42.36474198795046 ], [ -71.783691627551789, 42.36506512451556 ], [ -71.78373754104291, 42.365151663355014 ], [ -71.783802969981778, 42.365275290633377 ], [ -71.783869912916359, 42.365398351459667 ], [ -71.783937815567327, 42.365523660578475 ], [ -71.784005907869471, 42.365648969185976 ], [ -71.784073811057866, 42.365774278217231 ], [ -71.784141903898202, 42.365899586736944 ], [ -71.784278856734289, 42.366151889777953 ], [ -71.784346965583737, 42.366280574182042 ], [ -71.78447975390236, 42.366534575286593 ], [ -71.784545387776376, 42.366661014981744 ], [ -71.784557823732598, 42.366684616597801 ], [ -71.784611016841566, 42.366786329296993 ], [ -71.784677030011082, 42.366912767972536 ], [ -71.784750702080231, 42.367054942566398 ], [ -71.784778832937008, 42.367109452464341 ], [ -71.784101683745376, 42.36733225830725 ], [ -71.783413242943865, 42.367533706291795 ], [ -71.781631255563951, 42.366767217247101 ], [ -71.781535426349492, 42.366759574359776 ], [ -71.781248005124212, 42.366750711946331 ], [ -71.781167302016371, 42.366774541602652 ], [ -71.781077009808243, 42.366774762258046 ], [ -71.781030536180793, 42.366774875802314 ] ] ] ] } },
{ "type": "Feature", "properties": { "ZONECODE": "TC", "TOWN_ID": "280", "LOCAL_ZONE": null, "highdense": "Y" }, "geometry": { "type": "MultiPolygon", "coordinates": [ [ [ [ -71.995553413152493, 42.242272835388505 ], [ -71.995553791546214, 42.242284468341047 ], [ -71.995554243927685, 42.242305440817631 ], [ -71.995554205996228, 42.242306030736792 ], [ -71.995554401351271, 42.242326415972265 ], [ -71.995554262376572, 42.24234739100109 ], [ -71.995553975990546, 42.242361243586622 ], [ -71.995553828877689, 42.242368363788493 ], [ -71.995553099419681, 42.242389332233131 ], [ -71.995552074928455, 42.242410293872268 ], [ -71.9955507553845, 42.242431246247122 ], [ -71.995549140771018, 42.242452187250286 ], [ -71.9955472310685, 42.242473114423049 ], [ -71.995544879001102, 42.242494599188753 ], [ -71.995487251926392, 42.243021008751967 ], [ -71.995543154779142, 42.243150110427599 ], [ -71.995619046262689, 42.243304167035554 ], [ -71.995772608148712, 42.243615887868145 ], [ -71.995549105184494, 42.243662465147679 ], [ -71.995349255328378, 42.243704112665156 ], [ -71.995248872731153, 42.243725031524818 ], [ -71.995099352849039, 42.243756190487908 ], [ -71.994947534433464, 42.243334372670837 ], [ -71.99487661470377, 42.243137326010455 ], [ -71.994804879748187, 42.242938012309033 ], [ -71.994768482769047, 42.242897052076579 ], [ -71.994654881128554, 42.242769208828733 ], [ -71.994566831581182, 42.242670119696662 ], [ -71.994532209038582, 42.242631157054035 ], [ -71.994416553335327, 42.242501000627293 ], [ -71.994375487423312, 42.242454785945441 ], [ -71.994329673445577, 42.242403227341235 ], [ -71.994327380933996, 42.242400647064962 ], [ -71.994197616167568, 42.242385033603227 ], [ -71.993888565649854, 42.24244167012418 ], [ -71.993745971946183, 42.24245442380802 ], [ -71.993305716418973, 42.242493798881611 ], [ -71.99327563299866, 42.242335405132785 ], [ -71.993266218581027, 42.242285835529309 ], [ -71.99323103506336, 42.242100586074883 ], [ -71.993206779827588, 42.24197287739279 ], [ -71.993187902434613, 42.241873482663365 ], [ -71.993186180679331, 42.241864418926056 ], [ -71.993181300553388, 42.24184021495762 ], [ -71.99316082470159, 42.241738658797182 ], [ -71.993147908277635, 42.241674596028027 ], [ -71.993116008471915, 42.241516378620489 ], [ -71.993304253467073, 42.24149526994141 ], [ -71.993423386546795, 42.241481910547279 ], [ -71.99353293889466, 42.241469625953727 ], [ -71.994014576133182, 42.241415615355649 ], [ -71.994219655293463, 42.241392617456249 ], [ -71.994319382489053, 42.241381433434 ], [ -71.994343815177416, 42.24137869348138 ], [ -71.994392417003169, 42.241373243146931 ], [ -71.994658862574781, 42.241343361867479 ], [ -71.9950739964479, 42.241296804872121 ], [ -71.995382257013546, 42.241262232546596 ], [ -71.995418767000601, 42.241462399405627 ], [ -71.995439360160347, 42.241575302643405 ], [ -71.995461680015495, 42.241697669637624 ], [ -71.995487854802491, 42.241841172154238 ], [ -71.995516320890346, 42.241997236153509 ], [ -71.995524293868286, 42.242040949726601 ], [ -71.995541717557686, 42.242136473219411 ], [ -71.995543328467335, 42.242148969503837 ], [ -71.995545745927828, 42.242169576625528 ], [ -71.995547869498651, 42.242190201875744 ], [ -71.995549697742149, 42.242210842801938 ], [ -71.995551231584216, 42.242231496941351 ], [ -71.99555246958721, 42.242252161841364 ], [ -71.995553413152493, 42.242272835388505 ] ] ] ] } },
{ "type": "Feature", "properties": { "ZONECODE": "321B", "TOWN_ID": "321", "LOCAL_ZONE": "B", "highdense": "Y" }, "geometry": { "type": "MultiPolygon", "coordinates": [ [ [ [ -71.784000412140387, 42.371294781513058 ], [ -71.783131911163281, 42.370323595164223 ], [ -71.782999875733438, 42.36997562950593 ], [ -71.782956771569829, 42.369950876093412 ], [ -71.782809902949239, 42.370057047189782 ], [ -71.78279811111635, 42.370043626890002 ], [ -71.782788385763055, 42.370032397292967 ], [ -71.782777709701477, 42.370020607356764 ], [ -71.782767031124749, 42.37000825475058 ], [ -71.782473013238842, 42.369673059959979 ], [ -71.781929433141755, 42.369058263982964 ], [ -71.781855603529749, 42.368965040794002 ], [ -71.781495049775913, 42.368510719268649 ], [ -71.781238149153822, 42.368158550143114 ], [ -71.781178782101435, 42.368074856628887 ], [ -71.78109629614633, 42.367954082998274 ], [ -71.781017601855766, 42.367832737368005 ], [ -71.780939473530239, 42.367710827623576 ], [ -71.780864376786326, 42.367587785070754 ], [ -71.78079098475321, 42.3674641756296 ], [ -71.780722327480532, 42.367338866558143 ], [ -71.780686350466382, 42.367268057233019 ], [ -71.780674295826373, 42.367244454273951 ], [ -71.781112214221565, 42.367225942029457 ], [ -71.781030536180793, 42.366774875802314 ], [ -71.781077009808243, 42.366774762258046 ], [ -71.781167302016371, 42.366774541602652 ], [ -71.781248005124212, 42.366750711946331 ], [ -71.781535426349492, 42.366759574359776 ], [ -71.781631255563951, 42.366767217247101 ], [ -71.783413242943865, 42.367533706291795 ], [ -71.784101683745376, 42.36733225830725 ], [ -71.784778832937008, 42.367109452464341 ], [ -71.784806197468228, 42.367162276225287 ], [ -71.784869707673749, 42.367280280844163 ], [ -71.784927263772815, 42.367381982581186 ], [ -71.784972141086044, 42.367448267135735 ], [ -71.784982262976555, 42.367463434301321 ], [ -71.785037949991761, 42.367529129374013 ], [ -71.785102145018882, 42.367588613902228 ], [ -71.78518551776223, 42.367651989581233 ], [ -71.785335317989492, 42.367765278575504 ], [ -71.785428016346088, 42.367835383052089 ], [ -71.785595298395393, 42.367954817758608 ], [ -71.785844679219309, 42.368149446767177 ], [ -71.785935070910142, 42.36825444244333 ], [ -71.78597931427268, 42.368306098608713 ], [ -71.785393166870548, 42.36864515952815 ], [ -71.784074599356401, 42.368859989098958 ], [ -71.784057071830389, 42.368885352771699 ], [ -71.783918479773746, 42.369071377772421 ], [ -71.783842551416953, 42.369186913584343 ], [ -71.783660838498605, 42.369402303761177 ], [ -71.783472425208743, 42.369562005296871 ], [ -71.783342364927847, 42.369663044581308 ], [ -71.783142539181938, 42.369816584244525 ], [ -71.783087755088914, 42.369856188260783 ], [ -71.783183010266995, 42.369946736290522 ], [ -71.783361632139346, 42.370116530465125 ], [ -71.783388456498756, 42.370212102967798 ], [ -71.783417775588674, 42.370299759453623 ], [ -71.783417808974832, 42.370299894413414 ], [ -71.783422753749903, 42.370320134936478 ], [ -71.783447410783197, 42.370421041519755 ], [ -71.783549654023176, 42.370544485364618 ], [ -71.783598507033091, 42.370523691807641 ], [ -71.783684968847965, 42.370486891240517 ], [ -71.784161475711088, 42.37104718577082 ], [ -71.784200814550573, 42.371093440418285 ], [ -71.784200978110277, 42.371093633574453 ], [ -71.784188040856492, 42.371206485939808 ], [ -71.784185137748736, 42.371231812589464 ], [ -71.784185134288762, 42.371231853110586 ], [ -71.784184963185979, 42.371231872439154 ], [ -71.784000412140387, 42.371294781513058 ] ] ] ] } },
{ "type": "Feature", "properties": { "ZONECODE": null, "TOWN_ID": "348", "LOCAL_ZONE": null, "highdense": "Y" }, "geometry": { "type": "MultiPolygon", "coordinates": [ [ [ [ -71.771851562313316, 42.248101938947556 ], [ -71.771541649059458, 42.246729368608406 ], [ -71.771541430426197, 42.246728398597789 ], [ -71.77153677795333, 42.246729380125686 ], [ -71.769334913822235, 42.247193714561448 ], [ -71.769330628109032, 42.247194618613733 ], [ -71.769330041468308, 42.247193725987913 ], [ -71.769325900806592, 42.247187419167709 ], [ -71.768713582790667, 42.246254313002673 ], [ -71.769459437431195, 42.246002802218527 ], [ -71.769661239565508, 42.245934584280484 ], [ -71.769781720738251, 42.245894255798994 ], [ -71.76979683114898, 42.245920230982058 ], [ -71.769994371763332, 42.246268208650903 ], [ -71.770145201433792, 42.246533246423603 ], [ -71.770245816207634, 42.246519391710258 ], [ -71.770412985458876, 42.246496279046667 ], [ -71.770403937369281, 42.246466718167326 ], [ -71.770389194544123, 42.246418501094041 ], [ -71.77092701517418, 42.246292500984822 ], [ -71.770948478680964, 42.246287465365668 ], [ -71.770999639660559, 42.246275487648674 ], [ -71.771034872780746, 42.246267247749287 ], [ -71.771038259741673, 42.246275792642948 ], [ -71.771049568649502, 42.246304381211907 ], [ -71.771313868981309, 42.246254461875324 ], [ -71.771429687168634, 42.246232554797238 ], [ -71.77141742269248, 42.246177807491506 ], [ -71.771732684616637, 42.246111203842553 ], [ -71.772091141541139, 42.245997844140902 ], [ -71.772859963544235, 42.245648682729687 ], [ -71.77345324707241, 42.245451066497367 ], [ -71.775067512530143, 42.247314068338483 ], [ -71.774465213930952, 42.24746483733189 ], [ -71.774462567947566, 42.24746550447842 ], [ -71.773959607414739, 42.247592328363133 ], [ -71.773908355628535, 42.247605001745541 ], [ -71.771856433524903, 42.248101927416997 ], [ -71.771851811840705, 42.248103046630682 ], [ -71.771851562313316, 42.248101938947556 ] ] ] ] } },
{ "type": "Feature", "properties": { "ZONECODE": "321GR", "TOWN_ID": "321", "LOCAL_ZONE": "GR", "highdense": "Y" }, "geometry": { "type": "MultiPolygon", "coordinates": [ [ [ [ -71.783388456498756, 42.370212102967798 ], [ -71.783361632139346, 42.370116530465125 ], [ -71.783183010266995, 42.369946736290522 ], [ -71.783087755088914, 42.369856188260783 ], [ -71.783142539181938, 42.369816584244525 ], [ -71.783342364927847, 42.369663044581308 ], [ -71.783472425208743, 42.369562005296871 ], [ -71.783660838498605, 42.369402303761177 ], [ -71.783842551416953, 42.369186913584343 ], [ -71.783918479773746, 42.369071377772421 ], [ -71.784057071830389, 42.368885352771699 ], [ -71.784074599356401, 42.368859989098958 ], [ -71.785393166870548, 42.36864515952815 ], [ -71.78597931427268, 42.368306098608713 ], [ -71.786050636378391, 42.368389197252682 ], [ -71.786229725304196, 42.36864364377621 ], [ -71.786449187056149, 42.369016151322256 ], [ -71.786659104205029, 42.36941681597547 ], [ -71.786866825791876, 42.369792727976403 ], [ -71.786974435322009, 42.370012465628363 ], [ -71.787026324801943, 42.370118119127255 ], [ -71.786563495874546, 42.370169351056255 ], [ -71.786278701579903, 42.370199881909606 ], [ -71.786345716959943, 42.370336445204757 ], [ -71.786444839845473, 42.370609095915604 ], [ -71.786605105670077, 42.370894535744341 ], [ -71.786705993594452, 42.371054084100003 ], [ -71.786952581832111, 42.371382071565648 ], [ -71.787238577367901, 42.371698143921861 ], [ -71.787601793937924, 42.372057348505813 ], [ -71.787989801107571, 42.372402422991804 ], [ -71.788324291852916, 42.372700928264607 ], [ -71.788290518875982, 42.372741525498853 ], [ -71.787865516270301, 42.373229303536981 ], [ -71.786703392329827, 42.372863090801388 ], [ -71.786079845221124, 42.372492714931624 ], [ -71.785932450867406, 42.372327092250281 ], [ -71.785521692486626, 42.372150307134419 ], [ -71.785334229073214, 42.372227296035675 ], [ -71.785194680206132, 42.372369998827821 ], [ -71.784996292918052, 42.372548858413992 ], [ -71.784618683017371, 42.372108093408904 ], [ -71.784155570472052, 42.371588830471964 ], [ -71.784021317432405, 42.371438298468654 ], [ -71.783369469426134, 42.370715180428462 ], [ -71.782860271203461, 42.370114371142733 ], [ -71.782809902949239, 42.370057047189782 ], [ -71.782956771569829, 42.369950876093412 ], [ -71.782999875733438, 42.36997562950593 ], [ -71.783131911163281, 42.370323595164223 ], [ -71.784000412140387, 42.371294781513058 ], [ -71.784184963185979, 42.371231872439154 ], [ -71.784185134288762, 42.371231853110586 ], [ -71.784185137748736, 42.371231812589464 ], [ -71.784188040856492, 42.371206485939808 ], [ -71.784200978110277, 42.371093633574453 ], [ -71.784200814550573, 42.371093440418285 ], [ -71.784161475711088, 42.37104718577082 ], [ -71.783684968847965, 42.370486891240517 ], [ -71.783598507033091, 42.370523691807641 ], [ -71.783549654023176, 42.370544485364618 ], [ -71.783447410783197, 42.370421041519755 ], [ -71.783422753749903, 42.370320134936478 ], [ -71.783417808974832, 42.370299894413414 ], [ -71.783417775588674, 42.370299759453623 ], [ -71.783388456498756, 42.370212102967798 ] ] ] ] } },
{ "type": "Feature", "properties": { "ZONECODE": "321B", "TOWN_ID": "321", "LOCAL_ZONE": "B", "highdense": "Y" }, "geometry": { "type": "MultiPolygon", "coordinates": [ [ [ [ -71.800572959815852, 42.338310247297429 ], [ -71.80052511993982, 42.338178142652694 ], [ -71.800511251763936, 42.338132601855399 ], [ -71.80045051997368, 42.337881242802332 ], [ -71.800443523086713, 42.337845249592576 ], [ -71.800387339119496, 42.337473465175499 ], [ -71.800343209529402, 42.337244007165843 ], [ -71.800300371098274, 42.337047181176551 ], [ -71.800248436509321, 42.336890891851944 ], [ -71.800208476347024, 42.33682066122833 ], [ -71.800090557733611, 42.336663981399859 ], [ -71.799830821117737, 42.336307920029995 ], [ -71.799785673137407, 42.336263023368105 ], [ -71.79980753573453, 42.336235395059411 ], [ -71.800074433347845, 42.336063081526859 ], [ -71.800220666302337, 42.336034003143894 ], [ -71.8003560168479, 42.336029148231795 ], [ -71.80045508831661, 42.336010320968505 ], [ -71.800982649663794, 42.335831134424744 ], [ -71.801128016051919, 42.335779549959454 ], [ -71.801389287984705, 42.336138417825623 ], [ -71.801519610249514, 42.33631138153342 ], [ -71.801555896387541, 42.3363664289935 ], [ -71.801634292894988, 42.336504642586988 ], [ -71.801670702778452, 42.336585572952373 ], [ -71.801743990012994, 42.336805388428857 ], [ -71.801756147316311, 42.33684980822229 ], [ -71.801804809190315, 42.337074189707295 ], [ -71.801806752950569, 42.337084312839721 ], [ -71.801853415257611, 42.337326705290671 ], [ -71.801856337509463, 42.337343015329239 ], [ -71.801911156763296, 42.337705237088208 ], [ -71.801962027874211, 42.337915545677767 ], [ -71.802032734803277, 42.338110609788103 ], [ -71.801866060687018, 42.338068846493613 ], [ -71.801386693035965, 42.338178701078775 ], [ -71.801208815649915, 42.338212927933128 ], [ -71.80059447647433, 42.338369272399845 ], [ -71.800572959815852, 42.338310247297429 ] ] ] ] } },
{ "type": "Feature", "properties": { "ZONECODE": "321B", "TOWN_ID": "321", "LOCAL_ZONE": "B", "highdense": "Y" }, "geometry": { "type": "MultiPolygon", "coordinates": [ [ [ [ -71.772624388608037, 42.341076262718985 ], [ -71.772292388674217, 42.340727625887027 ], [ -71.771919193120752, 42.340322817626486 ], [ -71.771859892275216, 42.340245870852137 ], [ -71.771694562875268, 42.339984053302636 ], [ -71.771680429550656, 42.339960454186958 ], [ -71.771585839751907, 42.339790185958712 ], [ -71.771576856487982, 42.339773326811468 ], [ -71.771479705932677, 42.339580557386007 ], [ -71.771467646682837, 42.339554139951893 ], [ -71.771386053676636, 42.339363584426344 ], [ -71.77137474206647, 42.339334351822828 ], [ -71.771304283578147, 42.339131391019322 ], [ -71.771296978849961, 42.339108338420573 ], [ -71.771265409832864, 42.338998127840135 ], [ -71.771157843146781, 42.337703094619563 ], [ -71.771156842311441, 42.337690718041209 ], [ -71.771153651710094, 42.337654151428431 ], [ -71.771146246741395, 42.337563577565739 ], [ -71.771145051782398, 42.337550076086586 ], [ -71.771142449621692, 42.337518009517204 ], [ -71.771136319079403, 42.337415053707048 ], [ -71.771128347233415, 42.337280592208032 ], [ -71.771119984753923, 42.337143318230218 ], [ -71.771112768964485, 42.337008292260627 ], [ -71.771112344496942, 42.336997602358451 ], [ -71.771108966614889, 42.336873258238882 ], [ -71.771100364452082, 42.336768620202612 ], [ -71.771098358005318, 42.336742741692923 ], [ -71.771097074946113, 42.336708983969665 ], [ -71.771097706488092, 42.336414138602571 ], [ -71.771092381508538, 42.336056849866985 ], [ -71.771682730015414, 42.336041952253183 ], [ -71.771818672430257, 42.33604163097894 ], [ -71.771820770162549, 42.336176669034032 ], [ -71.771826878697027, 42.336274560776488 ], [ -71.771837521885075, 42.336368503042152 ], [ -71.771836716117619, 42.336710051204911 ], [ -71.771848130638872, 42.336851256685023 ], [ -71.771851934561482, 42.336986290682404 ], [ -71.77185915192247, 42.337121316605725 ], [ -71.771867317017211, 42.337256340283957 ], [ -71.771875290427204, 42.337390801731893 ], [ -71.771883265078884, 42.337525825851536 ], [ -71.771895791437416, 42.337660839204219 ], [ -71.771906080931771, 42.337848749668709 ], [ -71.771900641209058, 42.337950607431857 ], [ -71.771920510470991, 42.338073787148048 ], [ -71.771931311509846, 42.338204303129345 ], [ -71.771939646824677, 42.338334824937185 ], [ -71.771947622945532, 42.338469849021777 ], [ -71.771955788402295, 42.338604872654159 ], [ -71.771980178322124, 42.338852956367731 ], [ -71.772020605456603, 42.338994655820805 ], [ -71.772091066086062, 42.339197616190603 ], [ -71.772172659784104, 42.33938817122489 ], [ -71.772219132327947, 42.339480340548441 ], [ -71.772414184205942, 42.339335270181508 ], [ -71.772908895340535, 42.338944723377011 ], [ -71.773184423547079, 42.338731939186516 ], [ -71.77330222636995, 42.338613496685419 ], [ -71.773485488313867, 42.338417811376729 ], [ -71.773622247229468, 42.338254871811507 ], [ -71.773721846375025, 42.338136472179308 ], [ -71.773735419848322, 42.338118434139922 ], [ -71.773764782435507, 42.338199952694794 ], [ -71.773972238830538, 42.338774516514995 ], [ -71.77399412168657, 42.338836359058874 ], [ -71.773903907743318, 42.338932792075354 ], [ -71.773751368981394, 42.339086203975739 ], [ -71.773442581045387, 42.339324951830868 ], [ -71.773088650449139, 42.339604318930078 ], [ -71.773174181257446, 42.339739721371195 ], [ -71.773510423525337, 42.340104663325121 ], [ -71.773926811440973, 42.340541998943671 ], [ -71.773745176937013, 42.340676911682216 ], [ -71.773521707155084, 42.340827678646711 ], [ -71.77344040719376, 42.340881889147575 ], [ -71.773384076258083, 42.340921973265786 ], [ -71.77335893789423, 42.340896712485986 ], [ -71.773166935491162, 42.340695167097607 ], [ -71.773112861648954, 42.340731306972081 ], [ -71.772986943138804, 42.340815445083308 ], [ -71.772865386893969, 42.340900135382128 ], [ -71.772746103244188, 42.340984257481466 ], [ -71.772645929788396, 42.341058768610601 ], [ -71.772624388608037, 42.341076262718985 ] ] ] ] } },
{ "type": "Feature", "properties": { "ZONECODE": "321GR", "TOWN_ID": "321", "LOCAL_ZONE": "GR", "highdense": "Y" }, "geometry": { "type": "MultiPolygon", "coordinates": [ [ [ [ -71.783220165528689, 42.348334526230467 ], [ -71.783244859387437, 42.348216865725334 ], [ -71.783287893481528, 42.34791797772818 ], [ -71.783356397810849, 42.347589767684504 ], [ -71.783431026467184, 42.347274484077033 ], [ -71.783563714658271, 42.34696637207076 ], [ -71.783744601792904, 42.346581616748473 ], [ -71.78392109869398, 42.346232883348719 ], [ -71.784114553209648, 42.3458604752676 ], [ -71.784231039073475, 42.345661561997893 ], [ -71.784382949064295, 42.345454683509779 ], [ -71.784468746528347, 42.345347562430931 ], [ -71.78463166529346, 42.345143469756394 ], [ -71.784804666970459, 42.344946666688152 ], [ -71.784896947252179, 42.344721366754627 ], [ -71.784996919897708, 42.344478041961054 ], [ -71.785136333566058, 42.344108579299665 ], [ -71.785291113509317, 42.343656927248254 ], [ -71.78531188860326, 42.343596669101558 ], [ -71.785441501748068, 42.343199096375443 ], [ -71.785601169717751, 42.342697353272762 ], [ -71.785631852393749, 42.342605560441484 ], [ -71.785753828833947, 42.342239516245947 ], [ -71.785795548553935, 42.342114497888225 ], [ -71.785861390190675, 42.341918193421243 ], [ -71.785953642264374, 42.341643142733851 ], [ -71.786008681470364, 42.341486581144565 ], [ -71.786115180382339, 42.34117909356403 ], [ -71.78616315486947, 42.341024152870474 ], [ -71.787363747743328, 42.340292594102507 ], [ -71.787241386569718, 42.340738521754965 ], [ -71.787033998458, 42.34133379120415 ], [ -71.786924748148621, 42.341744256724056 ], [ -71.786912471275912, 42.341782605332561 ], [ -71.786829021682905, 42.342043277972536 ], [ -71.786750680655658, 42.342287675931324 ], [ -71.786714416541017, 42.342402552815493 ], [ -71.786604494091364, 42.342749436911632 ], [ -71.786536450510297, 42.342965112407008 ], [ -71.78643553601421, 42.343291717419426 ], [ -71.786348263560015, 42.343574399420476 ], [ -71.786277222529023, 42.343798522361745 ], [ -71.786183180907955, 42.344094162659879 ], [ -71.786019233894635, 42.344613922772936 ], [ -71.785994644225283, 42.34471132729815 ], [ -71.785915659487131, 42.345024372897008 ], [ -71.785777286783116, 42.345455728465531 ], [ -71.785712882440336, 42.345638758947956 ], [ -71.785619666616654, 42.345698634399184 ], [ -71.785302208354977, 42.345904237302271 ], [ -71.784943986385812, 42.346153829226424 ], [ -71.784713303074184, 42.346343460447045 ], [ -71.784594943087185, 42.346463041189693 ], [ -71.784577386482283, 42.34648052765921 ], [ -71.784501499679394, 42.346557239650934 ], [ -71.784318870574765, 42.346764756869014 ], [ -71.784171272165111, 42.346960933667852 ], [ -71.784063984663689, 42.347181768540565 ], [ -71.78399952267857, 42.34731134370525 ], [ -71.783955801664717, 42.347414421751282 ], [ -71.783897022807608, 42.34758505831573 ], [ -71.783833385065932, 42.347855863520941 ], [ -71.783782931648446, 42.348022540715533 ], [ -71.783751053411507, 42.348102519645593 ], [ -71.783707328757018, 42.348162834061085 ], [ -71.783656165046196, 42.348213601282019 ], [ -71.783611732102543, 42.348242970118989 ], [ -71.783989356653208, 42.348213904352917 ], [ -71.783978692319806, 42.348288204177017 ], [ -71.783951213135779, 42.348418813310339 ], [ -71.78393543586634, 42.348494813784484 ], [ -71.783890284984409, 42.348744191562382 ], [ -71.783787403441394, 42.348975706085383 ], [ -71.783697701642481, 42.349186368912179 ], [ -71.783525319867692, 42.349439999030018 ], [ -71.783336446654516, 42.349695357535538 ], [ -71.783198791713588, 42.349912327517742 ], [ -71.783076954381343, 42.350146701400099 ], [ -71.782969198030216, 42.35039173137109 ], [ -71.782896896033648, 42.350550584341804 ], [ -71.782876980741037, 42.350634472296761 ], [ -71.78286167351834, 42.350731290498807 ], [ -71.782861140989809, 42.350993499576774 ], [ -71.782827362723751, 42.351370013944631 ], [ -71.782814010251698, 42.351734099139854 ], [ -71.7827742101111, 42.352036354811695 ], [ -71.782709497638606, 42.352323479397477 ], [ -71.78266472718947, 42.352532342759545 ], [ -71.782640059020395, 42.352698955891604 ], [ -71.78263196228707, 42.352966247537104 ], [ -71.782638712332769, 42.353288082381269 ], [ -71.782646430533276, 42.35361441624115 ], [ -71.782650823811011, 42.353960451951103 ], [ -71.782647069883012, 42.354265994899059 ], [ -71.782641025857373, 42.354398801565956 ], [ -71.78235332679246, 42.354272905839018 ], [ -71.781962878728564, 42.354199027630308 ], [ -71.781908025742183, 42.354189596578706 ], [ -71.78191079684737, 42.353960580167559 ], [ -71.78190663081071, 42.353621858685187 ], [ -71.781898923950237, 42.35329721278832 ], [ -71.781891936887703, 42.352964124943547 ], [ -71.781901022077093, 42.352662507614276 ], [ -71.781931217755854, 42.352459307063249 ], [ -71.781979336997523, 42.352235243487549 ], [ -71.782040332631041, 42.351964446075073 ], [ -71.782075183847368, 42.351699902189878 ], [ -71.782088199561272, 42.351344258075713 ], [ -71.782121255085727, 42.350975060513619 ], [ -71.782121918410695, 42.35069878418313 ], [ -71.782144603835519, 42.350555245737269 ], [ -71.782177731042708, 42.350414495051737 ], [ -71.782267125105477, 42.350218463857082 ], [ -71.782379577983917, 42.3499627321319 ], [ -71.782517962310578, 42.349696245705275 ], [ -71.782676899341951, 42.349446026235213 ], [ -71.782870488590049, 42.349184467747612 ], [ -71.783010089238275, 42.348978746891689 ], [ -71.783083277835217, 42.348806950016993 ], [ -71.78316607338158, 42.348620499809421 ], [ -71.783203084879887, 42.348416156592712 ], [ -71.783220165528689, 42.348334526230467 ] ] ] ] } },
{ "type": "Feature", "properties": { "ZONECODE": "321GR", "TOWN_ID": "321", "LOCAL_ZONE": "GR", "highdense": "Y" }, "geometry": { "type": "MultiPolygon", "coordinates": [ [ [ [ -71.779712622588107, 42.360321381201288 ], [ -71.779697248424853, 42.360319167880938 ], [ -71.778239974674165, 42.360098756993608 ], [ -71.777588768141257, 42.359436934910647 ], [ -71.777313583259655, 42.359485988863177 ], [ -71.776744260207536, 42.359587516449672 ], [ -71.77662258510945, 42.359608628158782 ], [ -71.776694090527457, 42.359695108338371 ], [ -71.776788860852378, 42.359810228986724 ], [ -71.776883631521557, 42.35992534955389 ], [ -71.776978405002254, 42.360041032710292 ], [ -71.77707336694094, 42.36015615265606 ], [ -71.777168138644129, 42.360271272979539 ], [ -71.777263103742186, 42.360386955432809 ], [ -71.777279117568213, 42.360405485149649 ], [ -71.777069606183915, 42.360509522445753 ], [ -71.776454207880604, 42.360833416652305 ], [ -71.776307921737683, 42.360909166760436 ], [ -71.776051493778411, 42.36104201136051 ], [ -71.77576214335231, 42.361193502629263 ], [ -71.775691221572302, 42.361110396556754 ], [ -71.775588632088699, 42.360985728275843 ], [ -71.775494815150552, 42.360871729738626 ], [ -71.775398902045978, 42.360755485436442 ], [ -71.775303558610346, 42.360639239688538 ], [ -71.775116498888622, 42.360411803359852 ], [ -71.775029169792489, 42.360306229058253 ], [ -71.774839861721901, 42.360084987082054 ], [ -71.774742631577723, 42.359970433392917 ], [ -71.774646357165622, 42.35985756536639 ], [ -71.774549128951989, 42.359743574181017 ], [ -71.774450948160791, 42.35962845983142 ], [ -71.774352768940105, 42.359513345392017 ], [ -71.774253061749931, 42.359395983804184 ], [ -71.774152397127935, 42.359276373703992 ], [ -71.774055922037206, 42.359160692266215 ], [ -71.773767653325976, 42.358817020759744 ], [ -71.773671562012339, 42.358701900753566 ], [ -71.773380438804494, 42.358354858982423 ], [ -71.773292540055664, 42.358248159326244 ], [ -71.773198753202607, 42.358139222880332 ], [ -71.773002393338345, 42.357906741016897 ], [ -71.772905551006048, 42.357792747488631 ], [ -71.772808706591874, 42.357678191205011 ], [ -71.772711864957117, 42.357564197507607 ], [ -71.772516653303896, 42.357333400099705 ], [ -71.772421524220121, 42.357220527446913 ], [ -71.772324875763999, 42.357107095633978 ], [ -71.772227080598839, 42.356991415745028 ], [ -71.772130430415856, 42.35687742109171 ], [ -71.772033399444993, 42.356762864578904 ], [ -71.771937129884307, 42.356648868858535 ], [ -71.771839909043337, 42.356534312626991 ], [ -71.77164679996055, 42.356305759440112 ], [ -71.771549009688172, 42.356190641624138 ], [ -71.771354565128263, 42.355959840379185 ], [ -71.771257915671114, 42.355845282294297 ], [ -71.7709685398804, 42.355501606190067 ], [ -71.770775244108222, 42.355272489262894 ], [ -71.770677833304347, 42.355156807115861 ], [ -71.770583090677491, 42.355043931991467 ], [ -71.770487018096034, 42.354930497237632 ], [ -71.770389418993446, 42.354814815282467 ], [ -71.770292773026426, 42.354700256356132 ], [ -71.770002454926939, 42.354355454615167 ], [ -71.76990294844498, 42.354236963328738 ], [ -71.769804389100429, 42.354117907055063 ], [ -71.769614326733446, 42.353888780538171 ], [ -71.769519392532942, 42.353774779608322 ], [ -71.769422359030173, 42.35365740745344 ], [ -71.769330090825022, 42.353545650825879 ], [ -71.76923840418948, 42.353436706146013 ], [ -71.769030825093708, 42.353190739329904 ], [ -71.768921947148201, 42.353052575393804 ], [ -71.768817826125655, 42.352918338972962 ], [ -71.768695553488499, 42.352752072266256 ], [ -71.768588257921621, 42.35258464509581 ], [ -71.768492006084131, 42.352427320228607 ], [ -71.768400650269129, 42.352261543693153 ], [ -71.768314782402527, 42.352092940891268 ], [ -71.768241265519691, 42.35192993598676 ], [ -71.768180355736803, 42.351788283369025 ], [ -71.76811368585328, 42.351629763825642 ], [ -71.768104667185952, 42.35160502705034 ], [ -71.76848046328584, 42.351630033571716 ], [ -71.768498889570509, 42.351637305360825 ], [ -71.768854253359109, 42.351718626084718 ], [ -71.769083997098278, 42.351737782506646 ], [ -71.769378125041627, 42.351912649286483 ], [ -71.769700789762027, 42.352107704776188 ], [ -71.7699334967634, 42.352154423737574 ], [ -71.770191014339574, 42.352193206464257 ], [ -71.770412646069516, 42.35222194480329 ], [ -71.77056467290744, 42.352205269625287 ], [ -71.770636204197757, 42.352169089985097 ], [ -71.770716507999865, 42.352099691694676 ], [ -71.770770768989237, 42.352016287730372 ], [ -71.770803299940226, 42.351951503254867 ], [ -71.770833470647858, 42.351867030622692 ], [ -71.770852390418128, 42.351767954867967 ], [ -71.770878632964141, 42.351651981542453 ], [ -71.770907555249579, 42.35158608017619 ], [ -71.770954985954532, 42.351502129525166 ], [ -71.770976478036701, 42.35147225699226 ], [ -71.771040049691464, 42.351393332369128 ], [ -71.771124398033891, 42.351294665025669 ], [ -71.771192695604725, 42.351212353109354 ], [ -71.771234943703234, 42.351158236455312 ], [ -71.771277947883988, 42.351103555324237 ], [ -71.771324346828536, 42.351044364748581 ], [ -71.771372273697423, 42.350987983935035 ], [ -71.771422528171783, 42.350943413832873 ], [ -71.771545642089137, 42.350863223030224 ], [ -71.771625496191334, 42.350822521689572 ], [ -71.771648017900787, 42.350811777625999 ], [ -71.771667017787621, 42.350864061747139 ], [ -71.77170878508538, 42.350962994303806 ], [ -71.771758212048866, 42.351078789066278 ], [ -71.771800335312776, 42.351172093970753 ], [ -71.771843367870559, 42.351256393871118 ], [ -71.771889621755193, 42.351340123461419 ], [ -71.771943863202651, 42.351428898241672 ], [ -71.771992741471792, 42.351505306777135 ], [ -71.77204482048684, 42.3515760809466 ], [ -71.77212224441304, 42.351675491670626 ], [ -71.772197186532409, 42.351770969473385 ], [ -71.772376180276282, 42.351983237729968 ], [ -71.772477021734119, 42.352103411806723 ], [ -71.77257501251043, 42.352221904516895 ], [ -71.77266899588102, 42.352334779869466 ], [ -71.772764697035356, 42.352449901778144 ], [ -71.77295591347827, 42.352681271145364 ], [ -71.773048374943556, 42.352792461759456 ], [ -71.773141402334105, 42.352903088275944 ], [ -71.773429825229869, 42.353245636021427 ], [ -71.773526474648463, 42.35336019234704 ], [ -71.773621791690076, 42.353473626404757 ], [ -71.773719009843333, 42.353588181211151 ], [ -71.773816804919704, 42.353704422590958 ], [ -71.773912313559592, 42.353817855945181 ], [ -71.774105615021455, 42.354046967673767 ], [ -71.774395002393845, 42.354390635988445 ], [ -71.774491654088905, 42.354505191475496 ], [ -71.774683056472171, 42.354732618708375 ], [ -71.774778944464813, 42.354845487740363 ], [ -71.774973203825283, 42.355075158359696 ], [ -71.775069284654336, 42.355188589359052 ], [ -71.775167079774064, 42.355303704205504 ], [ -71.775263735470475, 42.35541825901656 ], [ -71.775360389063465, 42.355532251072333 ], [ -71.775456280711708, 42.355645682192602 ], [ -71.775553696078717, 42.355760234934067 ], [ -71.775651877791645, 42.355876473784761 ], [ -71.775844047109118, 42.356103897195084 ], [ -71.775940892145798, 42.356217888290743 ], [ -71.776037739989633, 42.356332441972775 ], [ -71.776134585723838, 42.356446432899304 ], [ -71.776325612554217, 42.356672170195722 ], [ -71.776430841285148, 42.356794580877853 ], [ -71.776529802091659, 42.356914755823695 ], [ -71.77681521711385, 42.357255051373009 ], [ -71.77691131194365, 42.357370168788378 ], [ -71.777199591119782, 42.357713832522215 ], [ -71.777295306154571, 42.35782838784651 ], [ -71.777387204821395, 42.35793788820294 ], [ -71.777481575284114, 42.35804850787413 ], [ -71.777578236876693, 42.358162497996403 ], [ -71.777674893870042, 42.358275362693163 ], [ -71.777772124239306, 42.358389351275051 ], [ -71.777870687865502, 42.358504461904843 ], [ -71.777967922628179, 42.358619012982778 ], [ -71.778083649118869, 42.358754900979974 ], [ -71.778167996511073, 42.358699554725824 ], [ -71.778206103833227, 42.358652760407779 ], [ -71.778230294238526, 42.358633008216181 ], [ -71.778256203704416, 42.358616065243517 ], [ -71.778299358106821, 42.358595704482326 ], [ -71.778336640001271, 42.358577045945211 ], [ -71.77838570650475, 42.358563985640195 ], [ -71.778422453778191, 42.358553205840963 ], [ -71.778468121767489, 42.358543529786452 ], [ -71.778504314601946, 42.358536127362726 ], [ -71.77855411488602, 42.358517438443108 ], [ -71.778599934965726, 42.358499321819039 ], [ -71.778657857596443, 42.358473298384858 ], [ -71.778720137803461, 42.358446139008947 ], [ -71.778766309191852, 42.358421832024312 ], [ -71.778818713062662, 42.358391320470652 ], [ -71.77918250678934, 42.358179996987012 ], [ -71.779193291180434, 42.358173781367498 ], [ -71.779269721317078, 42.358129707044739 ], [ -71.779500856063095, 42.358371659250039 ], [ -71.779766137307647, 42.358657416706514 ], [ -71.77997566703084, 42.358902233867049 ], [ -71.780023757182875, 42.358968512634547 ], [ -71.780259167164957, 42.358933053340465 ], [ -71.780280659498814, 42.358860978371219 ], [ -71.780364802297854, 42.358589000515131 ], [ -71.780449737213914, 42.358367098868683 ], [ -71.780536678909172, 42.358084985849558 ], [ -71.780647931649199, 42.357810690903548 ], [ -71.780672283401117, 42.357741984924715 ], [ -71.780802467140205, 42.357374801943905 ], [ -71.780958338439902, 42.356941160174095 ], [ -71.781126788294117, 42.356521554325113 ], [ -71.781209663582899, 42.356349735282251 ], [ -71.781309642236351, 42.356142988373023 ], [ -71.781411354419504, 42.355942426571133 ], [ -71.781469749929428, 42.355980545714417 ], [ -71.781488199026356, 42.355992316780657 ], [ -71.781702605445361, 42.356140338568849 ], [ -71.783064411305077, 42.357082292367743 ], [ -71.783117682675979, 42.357119297925642 ], [ -71.783159348586054, 42.357148454554263 ], [ -71.783249328951086, 42.357208439423808 ], [ -71.783166607597551, 42.357540622421148 ], [ -71.783031369972349, 42.357962400172212 ], [ -71.782849355303185, 42.358357846955606 ], [ -71.782659169854469, 42.358750500107561 ], [ -71.782363247157321, 42.359293084487661 ], [ -71.782105029102283, 42.359742733942724 ], [ -71.781905165825208, 42.359796115538309 ], [ -71.781656770877774, 42.35985524239841 ], [ -71.781474790303136, 42.359920958334982 ], [ -71.781462261513866, 42.359918738287533 ], [ -71.781294192842395, 42.359914085337451 ], [ -71.781122399717802, 42.359925196185145 ], [ -71.780952730734981, 42.359944741734402 ], [ -71.780786703181619, 42.359972718290585 ], [ -71.780622610276311, 42.360009130033134 ], [ -71.780458326602698, 42.360045542006013 ], [ -71.780488067952788, 42.360122556154586 ], [ -71.780410947052687, 42.360139624480588 ], [ -71.779712622588107, 42.360321381201288 ] ] ] ] } },
{ "type": "Feature", "properties": { "ZONECODE": "TC", "TOWN_ID": "280", "LOCAL_ZONE": null, "highdense": "Y" }, "geometry": { "type": "MultiPolygon", "coordinates": [ [ [ [ -71.995373055246418, 42.24697308358477 ], [ -71.995329442239282, 42.247253530703567 ], [ -71.994453218695597, 42.247200178612772 ], [ -71.994396515203064, 42.246911450971695 ], [ -71.994377903042889, 42.246910276079134 ], [ -71.994316111109484, 42.246794207252115 ], [ -71.994311268367738, 42.24674460087617 ], [ -71.994309522394062, 42.246726713774969 ], [ -71.994387410816614, 42.246536836344831 ], [ -71.994392765491085, 42.2465237828319 ], [ -71.994392344014628, 42.246469767802772 ], [ -71.994318616085323, 42.24633953758385 ], [ -71.994317827210267, 42.246238422419935 ], [ -71.994317562549838, 42.246204499126591 ], [ -71.994286536399088, 42.246110095218683 ], [ -71.994308044008491, 42.245978331316614 ], [ -71.994303536768641, 42.245962267866645 ], [ -71.994284864006943, 42.245895718934371 ], [ -71.994302888578005, 42.245959958705193 ], [ -71.994205543767009, 42.245965546426703 ], [ -71.994204422621692, 42.245973938488156 ], [ -71.993919811734528, 42.246007450717435 ], [ -71.993941865367674, 42.246111975356278 ], [ -71.99356524069438, 42.246126308526698 ], [ -71.993467318786045, 42.246208496691871 ], [ -71.992130155756172, 42.24628858366448 ], [ -71.992119143843112, 42.246202263213313 ], [ -71.991998807103997, 42.246052780955203 ], [ -71.991903067509568, 42.245933853073794 ], [ -71.991786492847993, 42.245789043709692 ], [ -71.991227291186576, 42.24509438824343 ], [ -71.991395125184582, 42.244966154461608 ], [ -71.99172390771794, 42.244714944393344 ], [ -71.99192820985111, 42.244558843924672 ], [ -71.992122911321104, 42.244410078016713 ], [ -71.992330042451584, 42.244251813962208 ], [ -71.992559241617585, 42.244076686703373 ], [ -71.992617268763468, 42.244046861134962 ], [ -71.992818422170359, 42.243975580673577 ], [ -71.992970044827544, 42.243964210921824 ], [ -71.993111147651277, 42.243953629754145 ], [ -71.993202581740334, 42.243946772909688 ], [ -71.993307633739136, 42.243954166511237 ], [ -71.993389869938355, 42.243959954481021 ], [ -71.994062929022391, 42.244007323640723 ], [ -71.994186828658272, 42.244016042809591 ], [ -71.994290543357366, 42.244013779680557 ], [ -71.99470434380045, 42.244004748700888 ], [ -71.99485449768693, 42.244671289332835 ], [ -71.994857002110706, 42.244682406962227 ], [ -71.994913027099244, 42.244931100461514 ], [ -71.99494473180107, 42.245071837292251 ], [ -71.994974607511708, 42.245204454334612 ], [ -71.995011690673309, 42.245369062343833 ], [ -71.99505559060708, 42.24556392850392 ], [ -71.995089734815394, 42.245715490589667 ], [ -71.995123576027964, 42.245865705505189 ], [ -71.995184550971913, 42.246136362803568 ], [ -71.995254060732933, 42.246444900732129 ], [ -71.995321131736915, 42.246742612245576 ], [ -71.995373055246418, 42.24697308358477 ] ] ] ] } },
{ "type": "Feature", "properties": { "ZONECODE": null, "TOWN_ID": "348", "LOCAL_ZONE": null, "highdense": "Y" }, "geometry": { "type": "MultiPolygon", "coordinates": [ [ [ [ -71.748159185110197, 42.236023642174722 ], [ -71.748087233957108, 42.235991177890043 ], [ -71.747877363446918, 42.235869007161916 ], [ -71.747816235380697, 42.235787653491563 ], [ -71.747773645672339, 42.235730970430538 ], [ -71.747686087837508, 42.2355291472483 ], [ -71.747482684849004, 42.235353454023311 ], [ -71.747147728062146, 42.235573957334296 ], [ -71.747093738395137, 42.235609472668898 ], [ -71.746799717860156, 42.235803020810273 ], [ -71.746641875411868, 42.235694213494945 ], [ -71.74660504330889, 42.235662895417981 ], [ -71.746580311090838, 42.235642272161037 ], [ -71.746551344217949, 42.235618116197415 ], [ -71.746498708727316, 42.235574223267939 ], [ -71.746408773375691, 42.235499226550616 ], [ -71.746372415449912, 42.235468906718765 ], [ -71.746629272572392, 42.235297444777402 ], [ -71.74656320520684, 42.235240766701985 ], [ -71.747010601835385, 42.234952114040638 ], [ -71.746947040526294, 42.234896846067912 ], [ -71.746076309522579, 42.234150757504956 ], [ -71.745409788103757, 42.233570425693316 ], [ -71.745815533191049, 42.23328692545639 ], [ -71.745916777944757, 42.233217808199903 ], [ -71.745907638388985, 42.233209947414181 ], [ -71.745665380230221, 42.233001744942065 ], [ -71.745609034216741, 42.232955933782776 ], [ -71.745570020809552, 42.232924213995439 ], [ -71.745538897127659, 42.232898909093805 ], [ -71.74550280656743, 42.232869565237024 ], [ -71.745476589073874, 42.232848249878202 ], [ -71.745451720569321, 42.232828030900571 ], [ -71.745427341841022, 42.232808209705262 ], [ -71.745396929469109, 42.232783547862191 ], [ -71.745276825406918, 42.232838119133127 ], [ -71.745254087993516, 42.232849220773709 ], [ -71.745205645812618, 42.232872872670463 ], [ -71.745135983658116, 42.232906883771328 ], [ -71.745058773631769, 42.232944560784311 ], [ -71.744976980617508, 42.232984453275634 ], [ -71.744917090741126, 42.233013661860738 ], [ -71.7448230281192, 42.233059596264383 ], [ -71.744767639823436, 42.23301130141045 ], [ -71.744765189263461, 42.233009167512321 ], [ -71.745235180799057, 42.232803232180544 ], [ -71.74548028366651, 42.23269583562314 ], [ -71.745990559330224, 42.232472245137288 ], [ -71.746373695167037, 42.232304361685451 ], [ -71.746907087977007, 42.232070634936299 ], [ -71.752153562007635, 42.229771460568621 ], [ -71.752148394864847, 42.229789909281713 ], [ -71.752099742416675, 42.229962597561112 ], [ -71.751938210565712, 42.230288941183105 ], [ -71.751747853076523, 42.230579138366288 ], [ -71.751632542688455, 42.230798187953766 ], [ -71.751254079247943, 42.231206796758904 ], [ -71.751272260710039, 42.231406092737124 ], [ -71.751186923598198, 42.231676018223304 ], [ -71.751136171745415, 42.231832619455325 ], [ -71.750681642357108, 42.232137607212039 ], [ -71.750676364475396, 42.232142917033066 ], [ -71.750395721238888, 42.232508457419989 ], [ -71.750307669947233, 42.232850125331787 ], [ -71.750203330085668, 42.233261910210445 ], [ -71.750762072685234, 42.233564952132099 ], [ -71.7517459147181, 42.232626477147384 ], [ -71.752206531822267, 42.233270831279668 ], [ -71.751900549907546, 42.233617278742265 ], [ -71.751387324266275, 42.234212622101452 ], [ -71.750982445152189, 42.234045500993325 ], [ -71.750659235207976, 42.234406072500079 ], [ -71.750499118854023, 42.234564406565092 ], [ -71.75042435519191, 42.234646016645698 ], [ -71.750245967770951, 42.234561244817812 ], [ -71.75006138588563, 42.234783367774874 ], [ -71.74996140983329, 42.234903020864756 ], [ -71.749937371437085, 42.234921519567123 ], [ -71.752214178509661, 42.235795947077598 ], [ -71.752498185294897, 42.236214601179718 ], [ -71.752639632514672, 42.236396659399595 ], [ -71.753156355107976, 42.237139866315957 ], [ -71.753301014925867, 42.237302639293283 ], [ -71.752805378745691, 42.238241722028597 ], [ -71.752686249155985, 42.237990784869531 ], [ -71.752611623020528, 42.237846424972702 ], [ -71.752591398267512, 42.237793791742007 ], [ -71.75251769142379, 42.237644384450732 ], [ -71.752449419016287, 42.237505994793409 ], [ -71.752283420918047, 42.237169505235109 ], [ -71.752251356534828, 42.237131561213921 ], [ -71.752185862779939, 42.237053314642964 ], [ -71.751876750697363, 42.236682374334556 ], [ -71.751836475265804, 42.236634128913593 ], [ -71.7518141891547, 42.236611896147373 ], [ -71.751681026097543, 42.236660828865496 ], [ -71.75154390399122, 42.236714150983985 ], [ -71.751393909513112, 42.236772475304093 ], [ -71.751008591473067, 42.236922306979992 ], [ -71.750895157371815, 42.236971303687511 ], [ -71.750867402981228, 42.236932953729422 ], [ -71.750974661654496, 42.236761855018791 ], [ -71.748746536371812, 42.236065352107694 ], [ -71.748269113178608, 42.235916103410794 ], [ -71.748159185110197, 42.236023642174722 ] ], [ [ -71.748860713146414, 42.233963747924847 ], [ -71.749068994311102, 42.234132694782453 ], [ -71.749098298495227, 42.234148588186954 ], [ -71.749108353690175, 42.234154093333913 ], [ -71.749424093940249, 42.234327862354583 ], [ -71.749719776452125, 42.234558018842669 ], [ -71.749899137317797, 42.234402222268898 ], [ -71.749959171312184, 42.234350210548875 ], [ -71.74999993508888, 42.234315059375625 ], [ -71.750012480366493, 42.234304381449654 ], [ -71.750038073342182, 42.234278334812466 ], [ -71.750098176914705, 42.234220384518338 ], [ -71.750157071680889, 42.234162834760319 ], [ -71.750167452932658, 42.234153628129803 ], [ -71.75018286107985, 42.23413900691402 ], [ -71.750188361238287, 42.234133176257494 ], [ -71.749147549095696, 42.233627152401965 ], [ -71.748860713146414, 42.233963747924847 ] ] ] ] } },
{ "type": "Feature", "properties": { "ZONECODE": "GB", "TOWN_ID": "278", "LOCAL_ZONE": null, "highdense": "Y" }, "geometry": { "type": "MultiPolygon", "coordinates": [ [ [ [ -72.047056922145586, 42.08480744740929 ], [ -72.046892940688693, 42.08478690087474 ], [ -72.046877875360323, 42.084858431314764 ], [ -72.046862551421384, 42.084856400415717 ], [ -72.046667652921585, 42.08483057487512 ], [ -72.046497649993839, 42.084808060467559 ], [ -72.046477459181048, 42.084804526668329 ], [ -72.046476516219215, 42.084804361905107 ], [ -72.046432018975167, 42.08479657475867 ], [ -72.046338354013926, 42.084780268215852 ], [ -72.046336637918373, 42.08477958854337 ], [ -72.045967183280709, 42.084449722206607 ], [ -72.045960646640211, 42.084387391984059 ], [ -72.045955467171396, 42.084333903864923 ], [ -72.045947985331637, 42.084280426725378 ], [ -72.045942906110966, 42.084238601177766 ], [ -72.045964640546643, 42.084101970319679 ], [ -72.045973105230672, 42.084001764921041 ], [ -72.045963290358998, 42.083944868597882 ], [ -72.045960032303924, 42.083935519024237 ], [ -72.045955435753811, 42.083926486828098 ], [ -72.045947878928075, 42.083915789725879 ], [ -72.045938448262262, 42.083905952846727 ], [ -72.045927317273765, 42.083897157181234 ], [ -72.045912800589392, 42.083888592179697 ], [ -72.045896684161875, 42.083881797637289 ], [ -72.045879353726406, 42.083876936176395 ], [ -72.045861224074272, 42.083874124152423 ], [ -72.045842729125113, 42.083873428869062 ], [ -72.045824311541679, 42.083874866967385 ], [ -72.04575058767972, 42.083876925513032 ], [ -72.045657311390315, 42.083888804523411 ], [ -72.045637042113583, 42.083888901136653 ], [ -72.045722946973626, 42.083655435896809 ], [ -72.045613839140543, 42.083629608323434 ], [ -72.045532584962118, 42.083610040352973 ], [ -72.045426787942105, 42.083765549439889 ], [ -72.045423983046035, 42.083769672872585 ], [ -72.045639908819581, 42.08385032305452 ], [ -72.045625342683209, 42.083889910364043 ], [ -72.045613847217481, 42.083891870281384 ], [ -72.045603654998516, 42.083896683477377 ], [ -72.045593421858726, 42.083896732249123 ], [ -72.045576818613256, 42.083899669970258 ], [ -72.045562748196389, 42.083899737027174 ], [ -72.045549990405576, 42.083903608981359 ], [ -72.045543668184706, 42.083912214883462 ], [ -72.045536009997676, 42.083914157406305 ], [ -72.045506640768579, 42.083920014543864 ], [ -72.045483658012856, 42.083924888678574 ], [ -72.045463240812268, 42.083930703147708 ], [ -72.045446645730522, 42.08393459337448 ], [ -72.045431288437385, 42.083933713983278 ], [ -72.045405820699202, 42.083947174814625 ], [ -72.045375204269334, 42.083956849915239 ], [ -72.045342004693694, 42.083963677821977 ], [ -72.045324155450842, 42.083970433496695 ], [ -72.04529988457935, 42.083974360266659 ], [ -72.045270490765162, 42.083977358869575 ], [ -72.045241161166786, 42.083987980368164 ], [ -72.045233502953579, 42.083989921970478 ], [ -72.0452348470711, 42.08399753877768 ], [ -72.045220802374104, 42.084000464260818 ], [ -72.045209322025087, 42.08400433009264 ], [ -72.045202968249299, 42.084009124971445 ], [ -72.045190176499361, 42.08400918589269 ], [ -72.045174827366282, 42.084009258991664 ], [ -72.045168449056391, 42.084011195394623 ], [ -72.045149319873687, 42.084017956236998 ], [ -72.045130190686933, 42.084024717076161 ], [ -72.04511233201454, 42.084030519298622 ], [ -72.045103386934542, 42.08403151535687 ], [ -72.045093161945928, 42.084032516608488 ], [ -72.045076550468835, 42.08403450173239 ], [ -72.045063726006845, 42.084030750740602 ], [ -72.045052132403171, 42.0840212776057 ], [ -72.045039341859265, 42.084021338504357 ], [ -72.04502016361117, 42.084022382377064 ], [ -72.045006093166563, 42.08402244936557 ], [ -72.044985652576841, 42.084025405269649 ], [ -72.044971573960012, 42.084024519729347 ], [ -72.044963915741945, 42.084026462213892 ], [ -72.044956249344409, 42.084027451273059 ], [ -72.04494855842556, 42.084025581857702 ], [ -72.044888440568016, 42.084025868025385 ], [ -72.044869262323786, 42.084026912773133 ], [ -72.044862875825302, 42.084027895734103 ], [ -72.044852626316739, 42.084026038490236 ], [ -72.044846230439887, 42.084026068931436 ], [ -72.044839892981187, 42.084032769739572 ], [ -72.044832242927427, 42.084035664739922 ], [ -72.04483096302674, 42.084035670831412 ], [ -72.044820698380306, 42.084031907629381 ], [ -72.044779775116311, 42.08403305585022 ], [ -72.044746510069089, 42.084032260686563 ], [ -72.044712007767146, 42.084027564809915 ], [ -72.044662073954115, 42.083985985944039 ], [ -72.044946241915341, 42.083695800635908 ], [ -72.044957756707021, 42.083682710646016 ], [ -72.04496779291928, 42.083671685879246 ], [ -72.044977708427041, 42.083659975624386 ], [ -72.044987507906797, 42.083648265920971 ], [ -72.044997308591547, 42.083636556210983 ], [ -72.045006878432801, 42.083624847599133 ], [ -72.045013747523271, 42.083616443500965 ], [ -72.045016448270559, 42.083613138986514 ], [ -72.045025902080539, 42.083601430925405 ], [ -72.045035242280008, 42.083589723404437 ], [ -72.045044466451913, 42.083578016435098 ], [ -72.04505356991875, 42.08356562397784 ], [ -72.045062679268227, 42.083553917553658 ], [ -72.045071558983381, 42.083542212222156 ], [ -72.045080431600212, 42.083529820861855 ], [ -72.045089196493251, 42.083518116075602 ], [ -72.045097839472376, 42.083505725807349 ], [ -72.045105450184948, 42.083496564584379 ], [ -72.045114950724468, 42.083485798952822 ], [ -72.045126209304271, 42.083474832275236 ], [ -72.0451423269229, 42.083459398361157 ], [ -72.045204032191634, 42.083367269445375 ], [ -72.04525883865908, 42.083269816309681 ], [ -72.045309800380878, 42.083171666587624 ], [ -72.045348426831524, 42.083089298307883 ], [ -72.045404709095408, 42.082940382522089 ], [ -72.045503953538272, 42.082600426921942 ], [ -72.045510234130788, 42.082583750536706 ], [ -72.045540286989834, 42.082504024131978 ], [ -72.045548478048772, 42.082479286865201 ], [ -72.045553201576084, 42.082466229176717 ], [ -72.04555803870646, 42.082453170946508 ], [ -72.045563107878991, 42.082440111610268 ], [ -72.045568405467847, 42.082427051185171 ], [ -72.045573935090886, 42.082413988753537 ], [ -72.045579578324194, 42.082400926680442 ], [ -72.045585452390625, 42.082387863506938 ], [ -72.045591557289981, 42.082374799232859 ], [ -72.045597775791663, 42.082361734417049 ], [ -72.045604226334575, 42.082348668494809 ], [ -72.045610796371633, 42.082336288064667 ], [ -72.045617591349171, 42.082323220500001 ], [ -72.045624623051268, 42.08231083786854 ], [ -72.045631878484798, 42.082297768108191 ], [ -72.045639254620951, 42.082285383834005 ], [ -72.045646745567467, 42.082272999012062 ], [ -72.045654583367693, 42.082260612536224 ], [ -72.045662534769519, 42.082248225518377 ], [ -72.045670602189958, 42.08223583794684 ], [ -72.045678899233422, 42.082223449280164 ], [ -72.045687427108462, 42.082211059512431 ], [ -72.045696075686166, 42.082199355230699 ], [ -72.045704833180707, 42.08218696436699 ], [ -72.045713942212615, 42.08217525788875 ], [ -72.04572316726275, 42.082163550856677 ], [ -72.045732505913946, 42.08215184328224 ], [ -72.045742075396177, 42.082140134606469 ], [ -72.045751759687803, 42.082128425382592 ], [ -72.045761674810265, 42.082116715057317 ], [ -72.045984625487492, 42.081924925750883 ], [ -72.046331291407256, 42.081635125703926 ], [ -72.046338490804686, 42.081628916784858 ], [ -72.046360382858978, 42.081611997475015 ], [ -72.046407294917032, 42.081630588046998 ], [ -72.046678662469532, 42.081727914284663 ], [ -72.046741126874608, 42.081744247112553 ], [ -72.046807502678689, 42.081761602020272 ], [ -72.046932443147099, 42.08178816221384 ], [ -72.047080420133994, 42.081816041024481 ], [ -72.047257403358699, 42.081845144098544 ], [ -72.047280210744375, 42.081848074622172 ], [ -72.047309825645712, 42.081851363342928 ], [ -72.047328030875263, 42.081853334485686 ], [ -72.047346243225221, 42.081855991653612 ], [ -72.047364448457188, 42.081857962790551 ], [ -72.047382654898854, 42.081859933918828 ], [ -72.047400860133138, 42.08186190505004 ], [ -72.047419066577064, 42.081863876172484 ], [ -72.047437271813592, 42.081865847297848 ], [ -72.047455478259721, 42.081867818414565 ], [ -72.047473799519537, 42.081869788979269 ], [ -72.047492004759462, 42.081871760095922 ], [ -72.047510320108984, 42.081873044620927 ], [ -72.047528526559503, 42.081875015725991 ], [ -72.047546846615077, 42.081876986284811 ], [ -72.047565047154748, 42.08187827135027 ], [ -72.047583368420916, 42.081880241897402 ], [ -72.047601683774801, 42.081881526407813 ], [ -72.047620003834496, 42.081883496954873 ], [ -72.04763831919, 42.081884781459436 ], [ -72.047656634546271, 42.081886065961022 ], [ -72.047674955817527, 42.081888036493517 ], [ -72.047693269966899, 42.081889320995046 ], [ -72.047711585325615, 42.081890605487878 ], [ -72.047729900685013, 42.081891889977747 ], [ -72.047748216045193, 42.081893174464724 ], [ -72.047766531406054, 42.08189445894871 ], [ -72.04778496158022, 42.08189574288042 ], [ -72.047803275734026, 42.081897027364349 ], [ -72.047821591097176, 42.081898311839588 ], [ -72.04784001535748, 42.08189890972853 ], [ -72.047858330721866, 42.081900194197914 ], [ -72.047876760899541, 42.081901478114801 ], [ -72.04789507034873, 42.081902076544402 ], [ -72.047913500527685, 42.081903360455399 ], [ -72.047931809977825, 42.081903958879181 ], [ -72.047950234240801, 42.081904556750438 ], [ -72.047968548400505, 42.081905841207934 ], [ -72.047986972664376, 42.081906439073236 ], [ -72.048005396928588, 42.08190703693564 ], [ -72.048023821193098, 42.08190763479503 ], [ -72.04804213656378, 42.081908919234991 ], [ -72.048060560829228, 42.081909517088505 ], [ -72.048078985095046, 42.081910114939006 ], [ -72.048097403442341, 42.081910026752773 ], [ -72.048115827708642, 42.081910624597363 ], [ -72.048134137162734, 42.081911222988786 ], [ -72.048152561429717, 42.081911820827493 ], [ -72.048170985697055, 42.081912418663237 ], [ -72.048189404044891, 42.081912330462202 ], [ -72.048207828312727, 42.081912928291985 ], [ -72.048226246660661, 42.081912840085003 ], [ -72.048244670928938, 42.081913437908923 ], [ -72.048263089276958, 42.08191334969603 ], [ -72.048281513545788, 42.081913947513947 ], [ -72.048299931893922, 42.081913859295128 ], [ -72.048318350241999, 42.081913771073346 ], [ -72.048336768590033, 42.081913682848622 ], [ -72.04835518814653, 42.081913594615102 ], [ -72.048373611207765, 42.081914192424058 ], [ -72.048392030764376, 42.081914104184627 ], [ -72.048410449112396, 42.081914015948023 ], [ -72.048428861537943, 42.081913241674656 ], [ -72.048822911208745, 42.081912725255997 ], [ -72.048743165234171, 42.082889376684072 ], [ -72.04843934184052, 42.08368735161558 ], [ -72.048101503042048, 42.084600061719627 ], [ -72.048094530759982, 42.084619304834767 ], [ -72.048091154724375, 42.084628239803138 ], [ -72.048055143858107, 42.08493782701526 ], [ -72.04797787429554, 42.084927470218126 ], [ -72.04772708840251, 42.084893854107747 ], [ -72.0475457285863, 42.084869543584361 ], [ -72.047436913004887, 42.084854957131213 ], [ -72.047418796041555, 42.084852529106179 ], [ -72.047417650115634, 42.084852375225054 ], [ -72.04724967178764, 42.084832436237257 ], [ -72.047234298857546, 42.084830611800783 ], [ -72.047082069965029, 42.08481073143107 ], [ -72.047082036085243, 42.084810727091252 ], [ -72.047056922145586, 42.08480744740929 ] ] ] ] } },
{ "type": "Feature", "properties": { "ZONECODE": "GB", "TOWN_ID": "278", "LOCAL_ZONE": null, "highdense": "Y" }, "geometry": { "type": "MultiPolygon", "coordinates": [ [ [ [ -72.038681276904086, 42.077616060940954 ], [ -72.039227637578648, 42.077539393691893 ], [ -72.039322710667435, 42.077593789326066 ], [ -72.039656095019183, 42.077784533302101 ], [ -72.039802075247735, 42.077868054139977 ], [ -72.039806116964627, 42.077871942572465 ], [ -72.039914189581467, 42.077975924079695 ], [ -72.039932758389085, 42.077993674106445 ], [ -72.039985497977653, 42.078118876547194 ], [ -72.039990442741313, 42.078130614413361 ], [ -72.039998525360133, 42.078151369726797 ], [ -72.040047186732906, 42.07827632577537 ], [ -72.040056580244794, 42.078300445787349 ], [ -72.04005951596524, 42.078307292557177 ], [ -72.040071423949158, 42.078333202292505 ], [ -72.040101382959605, 42.078398388090783 ], [ -72.040112058450006, 42.078421617911303 ], [ -72.040226708063472, 42.078622091258445 ], [ -72.040299767873819, 42.078749840154387 ], [ -72.040340969510723, 42.078821884760735 ], [ -72.04006172372118, 42.07921700220141 ], [ -72.040056646042828, 42.079224187492855 ], [ -72.039945397119752, 42.079157569172139 ], [ -72.039879382471696, 42.079110065087448 ], [ -72.039856598565819, 42.079093669242503 ], [ -72.039786986327456, 42.079029679669908 ], [ -72.039705365476991, 42.078907145096402 ], [ -72.03965260779519, 42.078794479012799 ], [ -72.03955290409202, 42.078564645567297 ], [ -72.039534389386645, 42.078521965603585 ], [ -72.03949605714385, 42.078433604658755 ], [ -72.039455053768478, 42.078349468998148 ], [ -72.039400669152585, 42.078271113564064 ], [ -72.039340674273092, 42.078209936990319 ], [ -72.039284577088921, 42.078155887151063 ], [ -72.03921316989809, 42.078106198645074 ], [ -72.039139928649291, 42.078066523354735 ], [ -72.039032070289352, 42.078017005518461 ], [ -72.038711931160535, 42.077878892726361 ], [ -72.038677971852607, 42.077864241889088 ], [ -72.038548541790703, 42.077805427325686 ], [ -72.038363826102824, 42.077734826055497 ], [ -72.038423707412534, 42.077648578661766 ], [ -72.038681276904086, 42.077616060940954 ] ] ] ] } },
{ "type": "Feature", "properties": { "ZONECODE": null, "TOWN_ID": "348", "LOCAL_ZONE": null, "highdense": "Y" }, "geometry": { "type": "MultiPolygon", "coordinates": [ [ [ [ -71.741186814695766, 42.242997476786584 ], [ -71.742540659692338, 42.24210346157215 ], [ -71.742587235752467, 42.242073543296762 ], [ -71.743055299920883, 42.242451367495363 ], [ -71.741971683760468, 42.243132440572658 ], [ -71.741799815629733, 42.243102887467082 ], [ -71.741561522121344, 42.24306191131727 ], [ -71.741252251950186, 42.243008729909242 ], [ -71.741217832855227, 42.243002810726296 ], [ -71.741186814695766, 42.242997476786584 ] ] ] ] } },
{ "type": "Feature", "properties": { "ZONECODE": "R3", "TOWN_ID": "278", "LOCAL_ZONE": null, "highdense": "Y" }, "geometry": { "type": "MultiPolygon", "coordinates": [ [ [ [ -72.038918160548477, 42.081106765181104 ], [ -72.039063707359261, 42.080831340934836 ], [ -72.038987442455962, 42.080809429159316 ], [ -72.038474217119202, 42.080661975174635 ], [ -72.03845901418579, 42.080691322259803 ], [ -72.037944111732727, 42.080543083294238 ], [ -72.037872629091211, 42.080522503321582 ], [ -72.037991959221458, 42.080269921984893 ], [ -72.038173620478474, 42.079374515440307 ], [ -72.03820568047027, 42.079195702302911 ], [ -72.038285882485937, 42.078898326091682 ], [ -72.038341344098001, 42.078690986201394 ], [ -72.038368967746976, 42.078608700812545 ], [ -72.038711931160535, 42.077878892726361 ], [ -72.039032070289352, 42.078017005518461 ], [ -72.039139928649291, 42.078066523354735 ], [ -72.03921316989809, 42.078106198645074 ], [ -72.039284577088921, 42.078155887151063 ], [ -72.039340674273092, 42.078209936990319 ], [ -72.039400669152585, 42.078271113564064 ], [ -72.039455053768478, 42.078349468998148 ], [ -72.03949605714385, 42.078433604658755 ], [ -72.039534389386645, 42.078521965603585 ], [ -72.03955290409202, 42.078564645567297 ], [ -72.03965260779519, 42.078794479012799 ], [ -72.039705365476991, 42.078907145096402 ], [ -72.039786986327456, 42.079029679669908 ], [ -72.039856598565819, 42.079093669242503 ], [ -72.039879382471696, 42.079110065087448 ], [ -72.039945397119752, 42.079157569172139 ], [ -72.040056646042828, 42.079224187492855 ], [ -72.040080384393207, 42.079238402663876 ], [ -72.040425425348886, 42.079428299807795 ], [ -72.040723961883344, 42.079564103263493 ], [ -72.041139869194353, 42.079739370524734 ], [ -72.041140865071597, 42.079739798882144 ], [ -72.042046307217049, 42.080129933916929 ], [ -72.041966374684208, 42.080143790542422 ], [ -72.041564691318143, 42.080213420919421 ], [ -72.041526934576723, 42.080219965875415 ], [ -72.041047376906747, 42.080303188861109 ], [ -72.040494214364827, 42.080421746555409 ], [ -72.040170106634875, 42.081105909793081 ], [ -72.040058146082984, 42.081355478498537 ], [ -72.039634874679294, 42.082211623304062 ], [ -72.039630081761516, 42.082230169563758 ], [ -72.039702401320071, 42.082249809943796 ], [ -72.040016712525883, 42.0823351711594 ], [ -72.040394101507047, 42.082437661708191 ], [ -72.040718469303457, 42.082525751088788 ], [ -72.040735663175923, 42.082551182904005 ], [ -72.04088227744522, 42.082768048340242 ], [ -72.040907492567584, 42.082805346569984 ], [ -72.040953013258857, 42.082872677932976 ], [ -72.041051363574553, 42.082993445272614 ], [ -72.041090586686948, 42.082973115597525 ], [ -72.041090608671297, 42.082973142503874 ], [ -72.040975648779721, 42.083032687138292 ], [ -72.040940981518602, 42.083049825136086 ], [ -72.040866675047496, 42.083086560020213 ], [ -72.040839699676908, 42.083099895507658 ], [ -72.040750197960008, 42.083159456483365 ], [ -72.040728357062463, 42.083153230238764 ], [ -72.039549573476108, 42.082767736232405 ], [ -72.03925373519823, 42.082687016216425 ], [ -72.038370356144426, 42.082356885712429 ], [ -72.038353120662094, 42.082349529934639 ], [ -72.0382736753389, 42.082317181452801 ], [ -72.038591763116472, 42.081724409994955 ], [ -72.038918160548477, 42.081106765181104 ] ] ] ] } },
{ "type": "Feature", "properties": { "ZONECODE": null, "TOWN_ID": "311", "LOCAL_ZONE": "V", "highdense": "Y" }, "geometry": { "type": "MultiPolygon", "coordinates": [ [ [ [ -72.22662166198684, 42.21785604949563 ], [ -72.226610409770302, 42.217856045132905 ], [ -72.226599159225259, 42.217856186613403 ], [ -72.226587913985128, 42.21785647391404 ], [ -72.226576676472035, 42.217856907019488 ], [ -72.226565451530405, 42.217857485899096 ], [ -72.226554241582363, 42.217858210537493 ], [ -72.226543050261355, 42.217859080911687 ], [ -72.226531881179838, 42.217860095198141 ], [ -72.226520737991876, 42.217861255174377 ], [ -72.226509623098906, 42.217862559024553 ], [ -72.226498541345521, 42.217864006717939 ], [ -72.226487493952988, 42.217865599147224 ], [ -72.22647648694587, 42.217867333573196 ], [ -72.22646552154562, 42.21786921088848 ], [ -72.226454602586358, 42.217871230162153 ], [ -72.226443732479808, 42.217873390478637 ], [ -72.226432913648381, 42.217875691822556 ], [ -72.226422152126801, 42.217878132355061 ], [ -72.226411449136521, 42.217880712968785 ], [ -72.226400807079102, 42.217883431847838 ], [ -72.226389420650705, 42.217886513773678 ], [ -72.225912535724703, 42.217983091765447 ], [ -72.225876802957615, 42.217990328789647 ], [ -72.225365160069856, 42.215968951646886 ], [ -72.225227904653877, 42.215333677764654 ], [ -72.225242605620963, 42.215296714149552 ], [ -72.22529760432306, 42.215158429117778 ], [ -72.225298270219625, 42.21515819622168 ], [ -72.225322016720227, 42.215097048122232 ], [ -72.225322631669826, 42.215082622604513 ], [ -72.225374963214179, 42.213856143343023 ], [ -72.225384846849067, 42.213684089051554 ], [ -72.225239652937987, 42.213718528475241 ], [ -72.225045170419662, 42.213772654537756 ], [ -72.2249691301176, 42.213797825103661 ], [ -72.224856264047688, 42.213835184813966 ], [ -72.224646979917907, 42.213919224751656 ], [ -72.224445195139154, 42.214013910272143 ], [ -72.224340376273034, 42.214069809752282 ], [ -72.224251461905666, 42.214117543489827 ], [ -72.22415905419895, 42.214172251626671 ], [ -72.224086428813251, 42.214215371710928 ], [ -72.224033786411781, 42.214249938457534 ], [ -72.223928080691621, 42.214319348235712 ], [ -72.223844594400049, 42.214379738576071 ], [ -72.223776618195444, 42.214428909113757 ], [ -72.223716449581801, 42.214477923215327 ], [ -72.223653306110648, 42.214529361755361 ], [ -72.223636034871163, 42.214543452063971 ], [ -72.223612740341693, 42.214563464077642 ], [ -72.223327216874665, 42.214818574140118 ], [ -72.223326841518571, 42.214818901529128 ], [ -72.223350864904987, 42.214569241848501 ], [ -72.223352186969365, 42.214555503344478 ], [ -72.223363091392173, 42.214442172854987 ], [ -72.223393264434122, 42.214128591720097 ], [ -72.223426047542475, 42.213787870485397 ], [ -72.223429548060309, 42.213751493621551 ], [ -72.22345828795811, 42.213452795966063 ], [ -72.223478633410735, 42.213241350870412 ], [ -72.22350908453123, 42.212924856179882 ], [ -72.223531842875119, 42.212688319587372 ], [ -72.223569652628456, 42.212295353135609 ], [ -72.223572408027266, 42.212266712169885 ], [ -72.224468398251105, 42.212140663812328 ], [ -72.223931040640991, 42.210745166358329 ], [ -72.223756504388959, 42.21029335547059 ], [ -72.225126598701252, 42.210575744928853 ], [ -72.227569191893053, 42.210280912228676 ], [ -72.228965460108455, 42.210112350891094 ], [ -72.229506195197573, 42.21001966536172 ], [ -72.229726385640888, 42.209989862723823 ], [ -72.229437980360629, 42.209400756020834 ], [ -72.228090714171842, 42.208153312752273 ], [ -72.227995564240032, 42.208067921553287 ], [ -72.228346631089977, 42.207946585139254 ], [ -72.2285698659378, 42.207854645448911 ], [ -72.228767579061909, 42.207772395770725 ], [ -72.229169521594841, 42.207617384060832 ], [ -72.229437335224702, 42.207501337164679 ], [ -72.229705094277392, 42.207380527180064 ], [ -72.22983561830209, 42.207325065912222 ], [ -72.229275634739594, 42.206695469262911 ], [ -72.228004963664702, 42.205266779948943 ], [ -72.228676003259778, 42.205204267832734 ], [ -72.229204618116896, 42.205155020794614 ], [ -72.230295553976561, 42.20485601672852 ], [ -72.230373138968204, 42.204834751859565 ], [ -72.230447091081388, 42.204801613865975 ], [ -72.231217361149561, 42.204456449102423 ], [ -72.231389421182087, 42.204359750264999 ], [ -72.231719085004627, 42.204736633742073 ], [ -72.232190245404368, 42.205275271473162 ], [ -72.232261227629294, 42.205356418967732 ], [ -72.232503227766742, 42.205633071108551 ], [ -72.232688927492632, 42.205845359557252 ], [ -72.233017589401371, 42.206221076159935 ], [ -72.23405625750793, 42.20740841492163 ], [ -72.234286092706782, 42.207671140846934 ], [ -72.23431688112575, 42.207706334357709 ], [ -72.234487666686164, 42.207894223393787 ], [ -72.23461772071424, 42.208037301068899 ], [ -72.234636396235118, 42.208058543854726 ], [ -72.234686793946068, 42.208118190086552 ], [ -72.234718831850628, 42.208158023046686 ], [ -72.234749928735852, 42.208198266278444 ], [ -72.234780077178584, 42.208238906325143 ], [ -72.234809267354123, 42.208279931545924 ], [ -72.234837489427846, 42.208321329399766 ], [ -72.234864734775414, 42.208363087337837 ], [ -72.234890997184337, 42.208405191895494 ], [ -72.234933385528478, 42.20847757603461 ], [ -72.234956949069158, 42.208520554092544 ], [ -72.234979500049491, 42.20856383124412 ], [ -72.235001032256278, 42.208607394024632 ], [ -72.235021538275916, 42.208651229877333 ], [ -72.23504101189539, 42.208695325337466 ], [ -72.235059448112224, 42.208739666932473 ], [ -72.235076840713333, 42.208784241197563 ], [ -72.235091875007768, 42.208825330947597 ], [ -72.235106022434664, 42.208866594742609 ], [ -72.23513578851869, 42.208947639040346 ], [ -72.235151708878121, 42.208990983859223 ], [ -72.235213971302045, 42.209160508843105 ], [ -72.235238549219858, 42.209227427604453 ], [ -72.235252298810551, 42.209264862979495 ], [ -72.235429635719939, 42.209747696265502 ], [ -72.235508952217103, 42.209963645849669 ], [ -72.235616992386781, 42.21025780024361 ], [ -72.235820883716187, 42.21100336474575 ], [ -72.235825013167997, 42.211018466680493 ], [ -72.235891090583806, 42.211260085868339 ], [ -72.237957569392137, 42.210583265033428 ], [ -72.238551774099761, 42.210418916444794 ], [ -72.238644536404266, 42.210393259088171 ], [ -72.238749405457824, 42.210364253650717 ], [ -72.23885992942084, 42.210339241619877 ], [ -72.23897059419798, 42.210314577006692 ], [ -72.239429863660305, 42.210216246176742 ], [ -72.239890222681169, 42.210124124225416 ], [ -72.240352672755137, 42.210037987694911 ], [ -72.240817073826165, 42.209957862675033 ], [ -72.241283283387602, 42.209883772572596 ], [ -72.241751160156596, 42.20981574168902 ], [ -72.243821689571263, 42.20953432082252 ], [ -72.245351402130055, 42.209324555256416 ], [ -72.246486110969087, 42.209172741152109 ], [ -72.246577093054015, 42.209160568846976 ], [ -72.24702868743762, 42.209100145588877 ], [ -72.247256252675228, 42.209069696687877 ], [ -72.247690023076188, 42.209011656688766 ], [ -72.248070342797661, 42.208960766613998 ], [ -72.24823597983675, 42.208938490456646 ], [ -72.248352891419856, 42.208922766816869 ], [ -72.248884144312072, 42.208851317631655 ], [ -72.249203410562913, 42.208808378030248 ], [ -72.249363820990595, 42.20878680332946 ], [ -72.249511200626841, 42.208766980981061 ], [ -72.249516579944853, 42.208847187030429 ], [ -72.249517297338372, 42.208857880208903 ], [ -72.249520451072513, 42.2089049186878 ], [ -72.249529926199827, 42.208935440500092 ], [ -72.249530448980181, 42.208956511393559 ], [ -72.249521318020854, 42.20897497945213 ], [ -72.249498367515343, 42.209008790502111 ], [ -72.249475987688754, 42.209045290741898 ], [ -72.249464212668187, 42.209089960721542 ], [ -72.24945550880274, 42.209122844062854 ], [ -72.249445258893601, 42.209139681702787 ], [ -72.249424934829705, 42.209159436541995 ], [ -72.249411922343825, 42.20916898595074 ], [ -72.249398822220371, 42.209178600755124 ], [ -72.249391569175216, 42.209183923243252 ], [ -72.2493775388551, 42.209192709504869 ], [ -72.249377338907948, 42.20919802733129 ], [ -72.24937625637331, 42.209226935385331 ], [ -72.249374913968367, 42.209262751661242 ], [ -72.249366315570427, 42.209492185286365 ], [ -72.249308915332875, 42.209501320575377 ], [ -72.249290103873918, 42.209502847086142 ], [ -72.249293009275917, 42.209530215613391 ], [ -72.249301841387407, 42.209613417053482 ], [ -72.24929831141705, 42.209643977913004 ], [ -72.249291917115244, 42.209699324090757 ], [ -72.249291335901461, 42.209704353596493 ], [ -72.249275371103863, 42.209842549635233 ], [ -72.249266133400866, 42.209922509924603 ], [ -72.249214419133168, 42.21037013217839 ], [ -72.249190812457115, 42.210574464992796 ], [ -72.249184737716888, 42.210627045917938 ], [ -72.249177124864758, 42.210692948441896 ], [ -72.24911745353009, 42.211209437471425 ], [ -72.249071662711245, 42.211371849325971 ], [ -72.249055602076169, 42.211428816181837 ], [ -72.249051681307549, 42.211442718750497 ], [ -72.249000101501878, 42.211625667347462 ], [ -72.248960817173256, 42.21176499871666 ], [ -72.248960419652647, 42.211766410346762 ], [ -72.24891635423576, 42.211922702935354 ], [ -72.24891335984033, 42.211933319505228 ], [ -72.248911948726402, 42.211938328314737 ], [ -72.248936619117003, 42.211943987061737 ], [ -72.248784643181196, 42.212562907891822 ], [ -72.248742456645189, 42.212700348475096 ], [ -72.248659024034581, 42.212972457594901 ], [ -72.248591684115141, 42.213291541376513 ], [ -72.248555903464492, 42.213461081352229 ], [ -72.247673564371681, 42.213933132897203 ], [ -72.247290456850422, 42.214091407958087 ], [ -72.247294794439753, 42.214120630886057 ], [ -72.247352197428299, 42.214502295086824 ], [ -72.247389470115593, 42.214781602764276 ], [ -72.247407632580959, 42.214919061948869 ], [ -72.247439314379761, 42.215334949927417 ], [ -72.247450133655207, 42.215737958468111 ], [ -72.244989094893626, 42.215416620488377 ], [ -72.243858055885099, 42.215288382839418 ], [ -72.241275128716424, 42.215055510956297 ], [ -72.239334658281933, 42.214901450207805 ], [ -72.2393321173451, 42.214901248700841 ], [ -72.238698289912563, 42.215007009845948 ], [ -72.238303656650388, 42.215072856761005 ], [ -72.23752643716692, 42.215202536923506 ], [ -72.237324024766295, 42.215201048769948 ], [ -72.23586221753682, 42.215225485596221 ], [ -72.235345447352685, 42.215624536341373 ], [ -72.234766500498964, 42.215840462187266 ], [ -72.234029940870528, 42.216118166561223 ], [ -72.233894171669874, 42.216338556863747 ], [ -72.2337629072955, 42.216551634431923 ], [ -72.233576176176044, 42.216676637877541 ], [ -72.23331221321159, 42.216791225287317 ], [ -72.231484293029979, 42.216939164654143 ], [ -72.231419601418352, 42.216945321274387 ], [ -72.230833886361765, 42.217429354288754 ], [ -72.229733277525185, 42.217710293740453 ], [ -72.228067530690282, 42.218010584320361 ], [ -72.227810571101088, 42.218019645224544 ], [ -72.227658004779641, 42.218019510070533 ], [ -72.227497420141546, 42.218019368838029 ], [ -72.227467222935843, 42.218017752438968 ], [ -72.227437067271296, 42.21801574502161 ], [ -72.227406964058702, 42.218013347417077 ], [ -72.227376921766492, 42.218010558671494 ], [ -72.227346948903801, 42.21800738143186 ], [ -72.227317056371561, 42.218003815629224 ], [ -72.227287251447223, 42.217999862117765 ], [ -72.227257542629943, 42.217995522644415 ], [ -72.227227942052252, 42.217990798933009 ], [ -72.227198455770136, 42.217985690945255 ], [ -72.227169094725596, 42.217980202213276 ], [ -72.227139866185979, 42.217974332691007 ], [ -72.227110781082899, 42.217968085010391 ], [ -72.227081845503278, 42.217961461833902 ], [ -72.22705307155907, 42.217954463084951 ], [ -72.227024465347483, 42.217947092326398 ], [ -72.226996036589028, 42.217939352197668 ], [ -72.226952845874038, 42.217926780748321 ], [ -72.226943203625424, 42.217922469800648 ], [ -72.226933462279263, 42.217918283726775 ], [ -72.226923624278456, 42.21791422431199 ], [ -72.226913692076124, 42.217910294241612 ], [ -72.226903668084105, 42.217906492600058 ], [ -72.226893557177803, 42.217902822057432 ], [ -72.226883361789902, 42.217899283498596 ], [ -72.226873085564023, 42.217895877800821 ], [ -72.226862729711073, 42.21789260495644 ], [ -72.226852299106625, 42.217889467635437 ], [ -72.226841796183152, 42.217886466722888 ], [ -72.22683122456354, 42.217883601295355 ], [ -72.226820587912314, 42.217880874030641 ], [ -72.22680988866172, 42.217878285813676 ], [ -72.226799129223807, 42.217875835728847 ], [ -72.22678831447395, 42.217873526446247 ], [ -72.226777448035108, 42.217871357042576 ], [ -72.226766531138907, 42.217869329310652 ], [ -72.226755568629855, 42.217867443219831 ], [ -72.226744564151645, 42.217865699647355 ], [ -72.226733518925485, 42.21786409948573 ], [ -72.226722439007048, 42.217862642696694 ], [ -72.226711326828863, 42.217861330165107 ], [ -72.226700184813055, 42.217860161875599 ], [ -72.2266890165928, 42.217859137805227 ], [ -72.226677827033356, 42.217858259723769 ], [ -72.226666618536171, 42.217857525815354 ], [ -72.226655393544121, 42.217856937865221 ], [ -72.226644156901443, 42.217856495842589 ], [ -72.226632912241683, 42.217856199724501 ], [ -72.22662166198684, 42.21785604949563 ] ] ] ] } },
{ "type": "Feature", "properties": { "ZONECODE": "RB", "TOWN_ID": "278", "LOCAL_ZONE": null, "highdense": "Y" }, "geometry": { "type": "MultiPolygon", "coordinates": [ [ [ [ -72.026701325056266, 42.07829132756811 ], [ -72.026663816737667, 42.078126845415085 ], [ -72.026661048285817, 42.078114780050718 ], [ -72.026664469454388, 42.07811446719635 ], [ -72.026625388986744, 42.077959309011618 ], [ -72.026593703622027, 42.077820476024201 ], [ -72.026591674562795, 42.077811588168345 ], [ -72.026581514027498, 42.07771077757598 ], [ -72.026608517377468, 42.077707588577979 ], [ -72.026574495163487, 42.077572432529429 ], [ -72.026540799478397, 42.077437432526985 ], [ -72.026506753845368, 42.077301748961261 ], [ -72.026422790048983, 42.076966886062976 ], [ -72.026390178467622, 42.076851362648362 ], [ -72.026762372014446, 42.076911785780972 ], [ -72.026893428441667, 42.076933060916645 ], [ -72.026968822327532, 42.076945300636673 ], [ -72.027261278546888, 42.076992776748142 ], [ -72.027485566574398, 42.077046330276296 ], [ -72.027443117016077, 42.077131986472935 ], [ -72.027591031005201, 42.077174140421633 ], [ -72.02763577967734, 42.077385711089484 ], [ -72.027671173176913, 42.077544715107877 ], [ -72.027725432706731, 42.077787040827104 ], [ -72.027745789459829, 42.077895766049963 ], [ -72.027751710379462, 42.077922577980708 ], [ -72.027812734444382, 42.078198914434104 ], [ -72.027984579404773, 42.078179183185384 ], [ -72.027991570859115, 42.078215405053598 ], [ -72.02807950648419, 42.078670982675369 ], [ -72.028084316990928, 42.078695907188724 ], [ -72.02808763848445, 42.078713114528021 ], [ -72.027909125304589, 42.07876536465659 ], [ -72.027835134251788, 42.078788574589083 ], [ -72.027414136868245, 42.078988515895006 ], [ -72.027249376413181, 42.079095614438309 ], [ -72.026874057302564, 42.079311306402516 ], [ -72.026602726948354, 42.079476978300157 ], [ -72.02652629416751, 42.079526247331991 ], [ -72.026521292250806, 42.079514033779596 ], [ -72.026505356979683, 42.079475478765652 ], [ -72.026399593452552, 42.079219586246509 ], [ -72.026396262370383, 42.079206566400394 ], [ -72.026392465165557, 42.079192862636468 ], [ -72.026388207522743, 42.079179160989717 ], [ -72.026383495126453, 42.0791661474954 ], [ -72.026378322292643, 42.079153136118144 ], [ -72.026372689021585, 42.079140126858036 ], [ -72.026366595313561, 42.079127119714869 ], [ -72.026360155976519, 42.079114114160731 ], [ -72.02635314707932, 42.07910179728654 ], [ -72.026345786869669, 42.079088795966051 ], [ -72.026337971907864, 42.079076482797447 ], [ -72.026329697718779, 42.079064171739866 ], [ -72.026321076693165, 42.079051862276444 ], [ -72.02631200091578, 42.079040240964595 ], [ -72.026302465911598, 42.079028621763527 ], [ -72.026292585279975, 42.079017004150828 ], [ -72.026282359021039, 42.079005388126276 ], [ -72.026271678010545, 42.078994460252993 ], [ -72.026260651372922, 42.078983533967723 ], [ -72.026249774591534, 42.078973190414629 ], [ -72.02624916430095, 42.078972609798207 ], [ -72.026237447618144, 42.078961686683137 ], [ -72.026225276183865, 42.078951451718744 ], [ -72.026203033104281, 42.078934402440012 ], [ -72.02610693156214, 42.07883948075753 ], [ -72.025966571991958, 42.078696052913628 ], [ -72.026047333695516, 42.078690193296005 ], [ -72.026097545861148, 42.078684180523055 ], [ -72.026258625796402, 42.078664890299805 ], [ -72.026261807140699, 42.078664509233832 ], [ -72.026404684463316, 42.078650238171015 ], [ -72.026405809890989, 42.078650125854573 ], [ -72.02675517139555, 42.078607354987959 ], [ -72.02671888596501, 42.078451786029127 ], [ -72.026734989791507, 42.07845033980233 ], [ -72.026701325056266, 42.07829132756811 ] ] ] ] } },
{ "type": "Feature", "properties": { "ZONECODE": null, "TOWN_ID": "348", "LOCAL_ZONE": null, "highdense": "Y" }, "geometry": { "type": "MultiPolygon", "coordinates": [ [ [ [ -71.766565704013018, 42.288847857916792 ], [ -71.765407312031542, 42.288521246220292 ], [ -71.762331123478234, 42.287653625975537 ], [ -71.762097246960565, 42.287624660563672 ], [ -71.762001569609069, 42.287612532995446 ], [ -71.761863031211291, 42.285869350427262 ], [ -71.762114344471243, 42.284844393633207 ], [ -71.762437687887498, 42.285001922258679 ], [ -71.764310059310347, 42.286000497485574 ], [ -71.764313261680726, 42.285960811375737 ], [ -71.764350936799005, 42.285802408562112 ], [ -71.764389449199442, 42.285705974780328 ], [ -71.764486686845729, 42.285540087536724 ], [ -71.764651073638788, 42.285355840682563 ], [ -71.764818881452243, 42.285224667159426 ], [ -71.76527015833517, 42.284979826959059 ], [ -71.76530954673153, 42.284925887507541 ], [ -71.765240819727438, 42.284862021607239 ], [ -71.765184494920589, 42.284809680545145 ], [ -71.765110867737434, 42.284741263173544 ], [ -71.765007964238436, 42.284675897758994 ], [ -71.764844088727045, 42.284599734200306 ], [ -71.764719942409073, 42.284559575364327 ], [ -71.764552266965651, 42.284524959811144 ], [ -71.764313438863837, 42.284504810709258 ], [ -71.764158911709217, 42.284486472303193 ], [ -71.763973077982385, 42.284441131004861 ], [ -71.763819503765134, 42.284381165657322 ], [ -71.763694415219618, 42.284313091490809 ], [ -71.763450448936581, 42.284127730918591 ], [ -71.763308616943306, 42.284053711348278 ], [ -71.763103839939504, 42.283990997619462 ], [ -71.762656474635733, 42.284118287640268 ], [ -71.762276670978594, 42.284150842002035 ], [ -71.762396033177936, 42.283892735448553 ], [ -71.762546004677233, 42.283553438519903 ], [ -71.762635736437247, 42.283581360517317 ], [ -71.762819127236497, 42.28363719621963 ], [ -71.765133646016153, 42.28434740483614 ], [ -71.767020307560159, 42.285844063033878 ], [ -71.767230091096792, 42.28602125418378 ], [ -71.768171140742524, 42.286794274312946 ], [ -71.768470883910993, 42.286995265890262 ], [ -71.769072081248595, 42.287364316159334 ], [ -71.768344291596421, 42.287971778429586 ], [ -71.767868228947037, 42.288352946265285 ], [ -71.767083967481994, 42.28899414994244 ], [ -71.766565704013018, 42.288847857916792 ] ] ] ] } },
{ "type": "Feature", "properties": { "ZONECODE": "215DN", "TOWN_ID": "215", "LOCAL_ZONE": "DN", "highdense": "Y" }, "geometry": { "type": "MultiPolygon", "coordinates": [ [ [ [ -71.637792546221235, 42.324081845000926 ], [ -71.637757164893088, 42.324054354871272 ], [ -71.637696747450178, 42.324097441105806 ], [ -71.637536212139125, 42.32421195426064 ], [ -71.637438618445785, 42.324282089798061 ], [ -71.637072924718851, 42.324544842645999 ], [ -71.636878754965466, 42.324684362588158 ], [ -71.636288592577628, 42.324026510312926 ], [ -71.636258455653589, 42.323992933875829 ], [ -71.636342351684121, 42.323939020726016 ], [ -71.636353361524939, 42.323933385383157 ], [ -71.636362297221055, 42.323928517742516 ], [ -71.636371089340045, 42.323923456710048 ], [ -71.636379659085804, 42.323918231188493 ], [ -71.63638800033975, 42.323912816877389 ], [ -71.636396198131095, 42.323907262291364 ], [ -71.636404173498661, 42.323901519808949 ], [ -71.636411925330208, 42.323895636246363 ], [ -71.636419456013272, 42.32388959359519 ], [ -71.636426764375472, 42.323883410762797 ], [ -71.636433817607923, 42.323877063480452 ], [ -71.636440680743576, 42.323870329300462 ], [ -71.63649647636899, 42.323834482108047 ], [ -71.63668870579518, 42.323772458081912 ], [ -71.636963711904542, 42.323686433450533 ], [ -71.637257558488457, 42.323607765305823 ], [ -71.637308847990909, 42.323591651957948 ], [ -71.637396466189429, 42.323564104755825 ], [ -71.637224314981523, 42.323420275476664 ], [ -71.637051350362356, 42.323276940262723 ], [ -71.636905947113917, 42.323153436769182 ], [ -71.636876084138081, 42.32312811668271 ], [ -71.636835498277648, 42.32309461855295 ], [ -71.636708683985034, 42.322990014884098 ], [ -71.636650084390226, 42.322941703200229 ], [ -71.636644005189751, 42.322936693133897 ], [ -71.636600591531206, 42.322900901652446 ], [ -71.636540502089645, 42.322851365493072 ], [ -71.637020859918479, 42.322532313274827 ], [ -71.637103897996269, 42.322598076479316 ], [ -71.637156434599746, 42.322561610744479 ], [ -71.637211901415256, 42.322523112243111 ], [ -71.637434504569043, 42.322384820774126 ], [ -71.637712232717448, 42.322209994055711 ], [ -71.63772942831487, 42.322197769176626 ], [ -71.637772622116927, 42.322170460355608 ], [ -71.637820711736254, 42.32214013329132 ], [ -71.6378373118919, 42.322129699778664 ], [ -71.63788482600846, 42.322099746996045 ], [ -71.637433371948575, 42.321863832919604 ], [ -71.637430522641708, 42.321862354455433 ], [ -71.637423299202069, 42.321856107003626 ], [ -71.637380582130973, 42.321819166211135 ], [ -71.637342995360939, 42.321827908790553 ], [ -71.637342733877347, 42.321827608407432 ], [ -71.637336506419658, 42.321820783577074 ], [ -71.637330356541327, 42.321813928944252 ], [ -71.637324384884053, 42.321807020981282 ], [ -71.637318417965403, 42.321800059895459 ], [ -71.637312595349925, 42.321793068927519 ], [ -71.637306778741049, 42.321786050043237 ], [ -71.637292144064219, 42.321774764431993 ], [ -71.637284587501497, 42.321768735238521 ], [ -71.637277109680497, 42.321762652833662 ], [ -71.637269773621128, 42.321756487432644 ], [ -71.637262511448895, 42.321750267925772 ], [ -71.637255325584135, 42.32174399160931 ], [ -71.637248283907425, 42.321737632293903 ], [ -71.637241320970375, 42.32173121886693 ], [ -71.637234428284813, 42.321724753139023 ], [ -71.637227681053204, 42.321718228718439 ], [ -71.637215570943496, 42.321709710263661 ], [ -71.637206984994037, 42.321704505155317 ], [ -71.637197988624195, 42.321699687659205 ], [ -71.637188621923045, 42.32169528293538 ], [ -71.637178923697874, 42.321691284635456 ], [ -71.637168931642606, 42.321687732326936 ], [ -71.637160233794134, 42.321682391405396 ], [ -71.637151902081712, 42.321676939311132 ], [ -71.637143864758812, 42.321671297804961 ], [ -71.637136047750303, 42.321665433664705 ], [ -71.637128491215577, 42.321659404460888 ], [ -71.637121195162408, 42.321653213794548 ], [ -71.6371142310891, 42.321646825569125 ], [ -71.637104674849212, 42.321639486131851 ], [ -71.637097008038126, 42.321633510174287 ], [ -71.637091674434629, 42.321629347310662 ], [ -71.637089373993618, 42.321627538678591 ], [ -71.63708178477502, 42.321621538319775 ], [ -71.637074189429583, 42.321615509158569 ], [ -71.637066704490948, 42.321609483466311 ], [ -71.637059225494667, 42.321603400148256 ], [ -71.63705178040783, 42.321597288880348 ], [ -71.637044334107287, 42.321591176713099 ], [ -71.637036960545089, 42.321585040150964 ], [ -71.637022586552405, 42.321573643459097 ], [ -71.637016028371647, 42.321567008065408 ], [ -71.637010171842718, 42.321560017122252 ], [ -71.637005092238027, 42.321552696648411 ], [ -71.637000860043415, 42.321545103277892 ], [ -71.636997405004763, 42.321537287510601 ], [ -71.636994567979514, 42.321525789736761 ], [ -71.636992220082305, 42.321517753880329 ], [ -71.636989612686861, 42.321509772350197 ], [ -71.636986711768245, 42.321501819078669 ], [ -71.636983626567414, 42.321493920043835 ], [ -71.636980281866684, 42.321486074435064 ], [ -71.636976604823928, 42.321478258031298 ], [ -71.636972743676722, 42.321470577790031 ], [ -71.636968584218536, 42.321462955522428 ], [ -71.636963722113052, 42.321453547924186 ], [ -71.636959634118284, 42.321445872454177 ], [ -71.636955401926571, 42.32143827458038 ], [ -71.636954477690253, 42.321436683075454 ], [ -71.636951025434541, 42.321430706587819 ], [ -71.63694649493317, 42.321423166687453 ], [ -71.636941896665775, 42.321415705192507 ], [ -71.636937110369971, 42.321408248422792 ], [ -71.636932213857477, 42.321400874610475 ], [ -71.636927166967368, 42.32139352528484 ], [ -71.636919783748937, 42.321382914304365 ], [ -71.636914555065786, 42.321375647120718 ], [ -71.636909213685215, 42.321368437689344 ], [ -71.636903763238806, 42.321361282404787 ], [ -71.636898240066728, 42.321354156015758 ], [ -71.636896905607244, 42.321352482172522 ], [ -71.637154357478821, 42.321241315833902 ], [ -71.637438026187311, 42.321114089776131 ], [ -71.637653653826717, 42.320983926756334 ], [ -71.637748962658037, 42.321061882700285 ], [ -71.63897427675208, 42.321131670841467 ], [ -71.639012211933604, 42.320809962595185 ], [ -71.638902434699332, 42.320815174719264 ], [ -71.638898335492513, 42.320764386420734 ], [ -71.638897799126028, 42.320757689839169 ], [ -71.639236886387962, 42.32074526077222 ], [ -71.639685222357897, 42.320725206712297 ], [ -71.639878445701257, 42.32072002016492 ], [ -71.639915571721716, 42.320718970260415 ], [ -71.640045208474589, 42.320715107711237 ], [ -71.64023991796391, 42.320712154156404 ], [ -71.640243590345648, 42.320767470469654 ], [ -71.640576582182874, 42.32075814817383 ], [ -71.640554724924328, 42.320938213257818 ], [ -71.640868874164852, 42.320953030024889 ], [ -71.640905836546366, 42.32095525254195 ], [ -71.640933223466831, 42.32095690250199 ], [ -71.64090149700796, 42.32110652126088 ], [ -71.640860599956184, 42.321236998555051 ], [ -71.640810594309656, 42.321382712629678 ], [ -71.640749725675533, 42.321512033164325 ], [ -71.640679457641937, 42.3216246540551 ], [ -71.640512920215201, 42.321816606996371 ], [ -71.640507215950805, 42.321823178855553 ], [ -71.640495528358016, 42.321835216462389 ], [ -71.640285221127428, 42.322051820169108 ], [ -71.640282720430719, 42.322054396238606 ], [ -71.640411386968069, 42.322005212263342 ], [ -71.640921259529506, 42.321810299369162 ], [ -71.641408484502392, 42.321616679667173 ], [ -71.641404090118812, 42.321665897415983 ], [ -71.641401990552467, 42.321689407370783 ], [ -71.641390927053507, 42.32177698731256 ], [ -71.641337088603265, 42.322033400993085 ], [ -71.641324633836689, 42.322091852976151 ], [ -71.641320148474762, 42.322112899976887 ], [ -71.641306135337871, 42.322178671397985 ], [ -71.641261761684987, 42.322386882874937 ], [ -71.64124095785597, 42.322484509346303 ], [ -71.641157734439872, 42.322889061443966 ], [ -71.641093980661594, 42.323217029240105 ], [ -71.640908076422903, 42.324123049195684 ], [ -71.640831991463131, 42.324446697896924 ], [ -71.640694559736616, 42.325103164454546 ], [ -71.640521360307872, 42.325141985048788 ], [ -71.640509866583457, 42.325144361447371 ], [ -71.640248762920677, 42.325199367240835 ], [ -71.640026956513722, 42.325246095969426 ], [ -71.639820818709154, 42.325289538076461 ], [ -71.639581264265061, 42.325340021012707 ], [ -71.639573281193307, 42.325341676427442 ], [ -71.639342303612366, 42.325390362284423 ], [ -71.638944068519052, 42.325474236849807 ], [ -71.638322623082075, 42.324739210908618 ], [ -71.638129709658656, 42.324511031433083 ], [ -71.637818482884114, 42.32415058582697 ], [ -71.6378511696293, 42.324127393988277 ], [ -71.637792546221235, 42.324081845000926 ] ] ] ] } },
{ "type": "Feature", "properties": { "ZONECODE": "R3", "TOWN_ID": "278", "LOCAL_ZONE": null, "highdense": "Y" }, "geometry": { "type": "MultiPolygon", "coordinates": [ [ [ [ -72.032253282550428, 42.063898785355619 ], [ -72.03223464113924, 42.063789101970812 ], [ -72.032196263198202, 42.063562878750105 ], [ -72.03217980803997, 42.063466219482883 ], [ -72.032164743275544, 42.063468348628312 ], [ -72.032051056012762, 42.062896390919796 ], [ -72.031991852521173, 42.062598536622168 ], [ -72.03196584214426, 42.062473171007106 ], [ -72.03196582953484, 42.062473108041544 ], [ -72.032126942809114, 42.062446748656484 ], [ -72.032129830141884, 42.062446275153889 ], [ -72.032305580818075, 42.062420759501322 ], [ -72.032308088943026, 42.062420451621023 ], [ -72.032555517061724, 42.062390095919547 ], [ -72.032747113257813, 42.062360389466114 ], [ -72.032965373160721, 42.06232644213334 ], [ -72.03341729003283, 42.062283172722772 ], [ -72.033464731698956, 42.062295187268759 ], [ -72.033579558227984, 42.062324266087799 ], [ -72.033600014149727, 42.062320740390156 ], [ -72.033647487644117, 42.062313661086115 ], [ -72.033670467164399, 42.062310233449622 ], [ -72.034378846682472, 42.062204590865356 ], [ -72.034441909529178, 42.062195185767969 ], [ -72.034361182049565, 42.062709314296775 ], [ -72.034186278578758, 42.063823196353091 ], [ -72.034248199691135, 42.063816766940796 ], [ -72.035302009611982, 42.063702758410848 ], [ -72.036177239032625, 42.063618898552058 ], [ -72.036303259522953, 42.063606824133331 ], [ -72.036424080195459, 42.06359352697109 ], [ -72.036424139351908, 42.063593521291764 ], [ -72.036479062650017, 42.063587476407506 ], [ -72.036478648327588, 42.063587918618751 ], [ -72.036506895736224, 42.063585014930005 ], [ -72.03617168355224, 42.06392907828257 ], [ -72.036008882037862, 42.064096176140851 ], [ -72.035837024755878, 42.064272568110788 ], [ -72.035668962681086, 42.06444506336188 ], [ -72.03549614159266, 42.064622442491327 ], [ -72.035324733076592, 42.064798369689328 ], [ -72.035169181744649, 42.064958020756322 ], [ -72.035036986870978, 42.065054952404317 ], [ -72.03499759201398, 42.065059538365041 ], [ -72.034688306670091, 42.065095538166794 ], [ -72.034537821123507, 42.065113054208389 ], [ -72.034402798464683, 42.065128770984067 ], [ -72.034242330023844, 42.065147447880136 ], [ -72.033979821492451, 42.065178002683936 ], [ -72.0338471524027, 42.065193444019933 ], [ -72.033472030260427, 42.065237104345989 ], [ -72.033179243130661, 42.065271180146851 ], [ -72.032929857247183, 42.06530020473658 ], [ -72.032689560663229, 42.065328170885081 ], [ -72.032671288656971, 42.065330297016438 ], [ -72.032672722261736, 42.065345788883008 ], [ -72.032659318098752, 42.065347298126916 ], [ -72.032506858658579, 42.065348853961396 ], [ -72.032502500531308, 42.065277298759305 ], [ -72.03250292321475, 42.06520567059642 ], [ -72.032469829541498, 42.065033214929194 ], [ -72.032407612499114, 42.064708995723812 ], [ -72.032330383211317, 42.064296344180683 ], [ -72.032277098049434, 42.064021480768211 ], [ -72.032253282550428, 42.063898785355619 ] ] ] ] } },
{ "type": "Feature", "properties": { "ZONECODE": null, "TOWN_ID": "311", "LOCAL_ZONE": "V", "highdense": "Y" }, "geometry": { "type": "MultiPolygon", "coordinates": [ [ [ [ -72.190638340275228, 42.229057852999908 ], [ -72.18868741893985, 42.228547370864476 ], [ -72.188331004876872, 42.228608320156624 ], [ -72.187794465908638, 42.227792776862309 ], [ -72.186965789852309, 42.226533882454625 ], [ -72.186670278868689, 42.226576042094706 ], [ -72.186419505947555, 42.22661181917659 ], [ -72.186131271847188, 42.226652939022273 ], [ -72.185288983410203, 42.225947554486638 ], [ -72.185022978583135, 42.225724781544166 ], [ -72.184747028843788, 42.225493677127375 ], [ -72.184252944952235, 42.225079881811929 ], [ -72.184042379094507, 42.22490353120822 ], [ -72.183794442487439, 42.224695879554645 ], [ -72.183767290943024, 42.224673139574179 ], [ -72.183425216401545, 42.224386643154332 ], [ -72.182679179366119, 42.223761804256512 ], [ -72.183412329775493, 42.223191372712009 ], [ -72.18345277406668, 42.223159903716244 ], [ -72.183518362483639, 42.22310887191378 ], [ -72.184686329327562, 42.222200096322233 ], [ -72.185290320332754, 42.222343423091509 ], [ -72.185306401418487, 42.222318432796698 ], [ -72.185831158785547, 42.22150290296306 ], [ -72.187336462825854, 42.219163363848267 ], [ -72.187343780112528, 42.219151990194582 ], [ -72.188328366226926, 42.217775683448416 ], [ -72.188380970717674, 42.217701782515292 ], [ -72.188440607868614, 42.217618004091896 ], [ -72.189137840911982, 42.216638495414628 ], [ -72.189133462373974, 42.21651469586633 ], [ -72.188429711616863, 42.216710300008131 ], [ -72.187398024035389, 42.216538138866625 ], [ -72.186604168257077, 42.216034626418271 ], [ -72.186539628921665, 42.215938371559545 ], [ -72.186414013768555, 42.215751026040337 ], [ -72.185482887723708, 42.216218835544254 ], [ -72.184978573451971, 42.216472204008745 ], [ -72.184798195405918, 42.216613332496166 ], [ -72.184758181737578, 42.216644638302093 ], [ -72.184666051445063, 42.216716720700283 ], [ -72.183810269418331, 42.217386266646947 ], [ -72.18374653976673, 42.217436127096107 ], [ -72.182954146499128, 42.216441365287309 ], [ -72.182875913795485, 42.216483069933091 ], [ -72.182861667187396, 42.216460404167698 ], [ -72.182592500491452, 42.21603216624689 ], [ -72.182578705091316, 42.216010217128769 ], [ -72.182563927754217, 42.215947686745224 ], [ -72.182563012828112, 42.215943816246181 ], [ -72.182554276947911, 42.21585125975308 ], [ -72.182550535393105, 42.215827162036305 ], [ -72.182294680638591, 42.215534994676716 ], [ -72.182182733157873, 42.215586689616039 ], [ -72.181341517759236, 42.215975141460085 ], [ -72.181322106722618, 42.215985322487221 ], [ -72.180838702732302, 42.216238856407777 ], [ -72.180570616175899, 42.216026531129515 ], [ -72.180530424505648, 42.216008805171157 ], [ -72.18046061123384, 42.215878237658174 ], [ -72.180462998300229, 42.215875402750122 ], [ -72.179811695375705, 42.215691505520667 ], [ -72.179518224526404, 42.2156279537014 ], [ -72.179402031533328, 42.215597786502386 ], [ -72.178928934421521, 42.215494918607 ], [ -72.177465412422293, 42.215390431771667 ], [ -72.176451070742303, 42.215336955627961 ], [ -72.17646359255059, 42.214868813077523 ], [ -72.176226147391688, 42.214184529694002 ], [ -72.176310556958114, 42.213740440697912 ], [ -72.176421537899245, 42.213156555663417 ], [ -72.176800510128899, 42.21296065656577 ], [ -72.176964327649912, 42.212519652060294 ], [ -72.176996958523247, 42.212291459507234 ], [ -72.177010881946131, 42.21219409161364 ], [ -72.17703742926598, 42.212008438864764 ], [ -72.177157111893422, 42.212017601917928 ], [ -72.17721665459139, 42.211624429625154 ], [ -72.177240177557991, 42.211469101749231 ], [ -72.177332528113752, 42.211086433441906 ], [ -72.177353141276484, 42.211001018448982 ], [ -72.177509821070629, 42.21035177507882 ], [ -72.17773353200451, 42.209424751854691 ], [ -72.177715541777118, 42.209421566516667 ], [ -72.177697613712056, 42.209418191737996 ], [ -72.17729828611138, 42.209170050738607 ], [ -72.177779704821504, 42.208243314055331 ], [ -72.177859381614724, 42.208089932879403 ], [ -72.178425543712365, 42.207336517582014 ], [ -72.178719077278615, 42.206945891696066 ], [ -72.179178379412022, 42.20633465464919 ], [ -72.179664291673234, 42.205687990890596 ], [ -72.180367981681201, 42.204751475464008 ], [ -72.181280094946189, 42.205216929507827 ], [ -72.181591650189446, 42.205375913833592 ], [ -72.181653654094859, 42.205407554143896 ], [ -72.18163100054521, 42.205445860342536 ], [ -72.181893683879949, 42.205558879470708 ], [ -72.182940860775489, 42.205512587061385 ], [ -72.183055361066181, 42.205522860566155 ], [ -72.183222057546729, 42.20553781813269 ], [ -72.184153765051093, 42.205621413325524 ], [ -72.187205128815179, 42.205858992637914 ], [ -72.187532905081781, 42.205884508501782 ], [ -72.188100706857227, 42.205928706315319 ], [ -72.188615776264712, 42.205968797255061 ], [ -72.188687238165883, 42.205907203806305 ], [ -72.188789953308103, 42.205818672720959 ], [ -72.188964452669424, 42.205548387861768 ], [ -72.18921038178685, 42.205352846306475 ], [ -72.189519486517199, 42.205163413183712 ], [ -72.189955885756149, 42.204895963720027 ], [ -72.190045275435494, 42.204896536102339 ], [ -72.191061725263523, 42.204903037565231 ], [ -72.191964531932413, 42.205044735108189 ], [ -72.19266828935227, 42.204917659705096 ], [ -72.193025799657434, 42.204737439489108 ], [ -72.193249825005864, 42.204624507743866 ], [ -72.193161070549479, 42.204215650614756 ], [ -72.193654723104515, 42.204023903244632 ], [ -72.194080029525466, 42.203858699638559 ], [ -72.194120274784098, 42.203843066618539 ], [ -72.194118379715391, 42.203851257657689 ], [ -72.194115275216845, 42.203870759759624 ], [ -72.194115134227118, 42.203891066836448 ], [ -72.194115817176595, 42.203919052411685 ], [ -72.194115404200161, 42.203948142130869 ], [ -72.194113121840815, 42.203975048138538 ], [ -72.194107935454866, 42.204006362668224 ], [ -72.194104501897385, 42.204029434800027 ], [ -72.194099591081951, 42.204052515871126 ], [ -72.194092432556943, 42.204072592610721 ], [ -72.194080104850755, 42.204092701530236 ], [ -72.194060385498105, 42.204112034067791 ], [ -72.194040667927908, 42.204131641194103 ], [ -72.194011712130816, 42.204150483106325 ], [ -72.193981618340516, 42.204166587666272 ], [ -72.193939733576187, 42.204184687576664 ], [ -72.193906984284283, 42.204194497713857 ], [ -72.193881578592723, 42.204200694477038 ], [ -72.193858412802328, 42.204209072708615 ], [ -72.193833465899985, 42.204223223872397 ], [ -72.193812958558524, 42.204238171085123 ], [ -72.193790260553214, 42.204255327468985 ], [ -72.193770168742176, 42.204274387605075 ], [ -72.193759013091167, 42.204300251561982 ], [ -72.193753373721634, 42.204324160832108 ], [ -72.193754043288465, 42.204351048075104 ], [ -72.193757891964282, 42.204365018748881 ], [ -72.193769890166394, 42.204381407956433 ], [ -72.193781842128203, 42.204393681097486 ], [ -72.193791151848927, 42.204400757262981 ], [ -72.193810404213153, 42.204405575561601 ], [ -72.193838491273155, 42.204408142690326 ], [ -72.193869145528538, 42.204409047564269 ], [ -72.193915304960925, 42.20440985502669 ], [ -72.193956685533749, 42.204412613604916 ], [ -72.193989563474005, 42.204414327001579 ], [ -72.194027271347238, 42.204418755394165 ], [ -72.19405537465056, 42.204422694486617 ], [ -72.194086450499896, 42.204428261402249 ], [ -72.194121967729487, 42.204434898043814 ], [ -72.194146785683756, 42.204442151331968 ], [ -72.19417570694624, 42.20445321972268 ], [ -72.194202060457542, 42.204465676662267 ], [ -72.194223973184066, 42.20447733846509 ], [ -72.194247437699659, 42.204495575942936 ], [ -72.194264616068665, 42.204513030356907 ], [ -72.194275872789902, 42.20452914939704 ], [ -72.194284362863627, 42.204546519545929 ], [ -72.194290722590637, 42.204569393750205 ], [ -72.194296577839239, 42.204597620815676 ], [ -72.194301002104737, 42.204629972887567 ], [ -72.194300508674303, 42.204651928813647 ], [ -72.19429779875388, 42.204673623553269 ], [ -72.194294429529094, 42.204702457461416 ], [ -72.194286378435706, 42.204730600338678 ], [ -72.194284127447744, 42.204738469412042 ], [ -72.194279167367071, 42.204757160738652 ], [ -72.194269538386123, 42.204787405550476 ], [ -72.194260262491071, 42.204816277009535 ], [ -72.194246956559994, 42.204847917990222 ], [ -72.194238383226647, 42.204873491758853 ], [ -72.194231275720909, 42.204898232845558 ], [ -72.194222360092283, 42.204926278311156 ], [ -72.194216370751349, 42.204951835537884 ], [ -72.194210033120115, 42.204979316193104 ], [ -72.194205895167784, 42.205005411419855 ], [ -72.194201384876393, 42.205031233396447 ], [ -72.194196150972815, 42.205058432767352 ], [ -72.194194610253632, 42.205085608885859 ], [ -72.194195625305866, 42.205110299009306 ], [ -72.194200332339818, 42.205134965887737 ], [ -72.194203460548422, 42.205150587623805 ], [ -72.194209638857444, 42.205174696391168 ], [ -72.194214998004853, 42.205191675839089 ], [ -72.194221095796166, 42.205208650816139 ], [ -72.194229035977088, 42.205225340038893 ], [ -72.194235456819726, 42.205238196715406 ], [ -72.194245688024012, 42.205261730843965 ], [ -72.194252105867292, 42.205274312934627 ], [ -72.194263697788998, 42.205287412013455 ], [ -72.194288241721637, 42.205318380027705 ], [ -72.194292856545928, 42.205322234350945 ], [ -72.194307181308261, 42.205334196863234 ], [ -72.194327953001448, 42.205353985699794 ], [ -72.194349395142481, 42.205375392882793 ], [ -72.194360178601087, 42.205380237146883 ], [ -72.194374757559132, 42.20539163450055 ], [ -72.194392313883171, 42.205404652442638 ], [ -72.19441244273419, 42.205416823796163 ], [ -72.194431042536607, 42.20542571456901 ], [ -72.194448149453933, 42.20543352136724 ], [ -72.194477879754942, 42.205445880370824 ], [ -72.194500932383264, 42.205456103682373 ], [ -72.194530332570622, 42.205470936998765 ], [ -72.194548280554983, 42.205485323760094 ], [ -72.19456715214946, 42.205511505653369 ], [ -72.19457136947625, 42.205544957376048 ], [ -72.194572131713358, 42.205593537688465 ], [ -72.194572293253884, 42.205627299377092 ], [ -72.194571891517811, 42.20567232139954 ], [ -72.194566860478375, 42.205728090875127 ], [ -72.194704841258783, 42.205744964915766 ], [ -72.19471336641972, 42.20567653712996 ], [ -72.194723491260021, 42.205639388192729 ], [ -72.194727854162622, 42.205611624161072 ], [ -72.194730681968878, 42.205580030386493 ], [ -72.194737642701696, 42.205553067225999 ], [ -72.194748706801178, 42.205528810836043 ], [ -72.194761330705191, 42.20550975615231 ], [ -72.194775872876733, 42.205495351797055 ], [ -72.194794154531664, 42.205483931916881 ], [ -72.194834632728089, 42.20547533248476 ], [ -72.194890985185069, 42.20546658915211 ], [ -72.194956596280946, 42.205459684007025 ], [ -72.195003410573477, 42.205454870761123 ], [ -72.195063188048337, 42.205452684459125 ], [ -72.195124834386064, 42.205451854413468 ], [ -72.195193892831938, 42.205452879124223 ], [ -72.195262222310021, 42.205454459218828 ], [ -72.195343506559681, 42.205458117949462 ], [ -72.195422871305809, 42.205457128111256 ], [ -72.195488563756015, 42.205455437825634 ], [ -72.195539031889084, 42.205448119974569 ], [ -72.195586858754695, 42.205437258182563 ], [ -72.195656348768367, 42.205418788582499 ], [ -72.195727578516582, 42.205393440610095 ], [ -72.195788500743276, 42.205370107952064 ], [ -72.195848663181025, 42.205345408655965 ], [ -72.195904390852391, 42.205320475135871 ], [ -72.195970052410928, 42.20529325657872 ], [ -72.196043126016079, 42.205267891818359 ], [ -72.196110410728366, 42.205249990831625 ], [ -72.196185017595312, 42.20522818111295 ], [ -72.196253949589874, 42.205197638301179 ], [ -72.196320773714049, 42.205173976922268 ], [ -72.196397513564008, 42.20514693215501 ], [ -72.196467187003989, 42.205116657514367 ], [ -72.19652956780314, 42.205092212687902 ], [ -72.196585657050292, 42.205066726530589 ], [ -72.196629596547055, 42.205043546074222 ], [ -72.196666219321514, 42.205024549795027 ], [ -72.196702846292197, 42.205005827181218 ], [ -72.196725786167022, 42.204993427037692 ], [ -72.196731767916077, 42.204990193602569 ], [ -72.196761775111696, 42.204973178605869 ], [ -72.196785919270212, 42.204958960554777 ], [ -72.196812574287151, 42.204940053590114 ], [ -72.196826273625859, 42.204929008749765 ], [ -72.196852890110861, 42.204948028751446 ], [ -72.197009029062002, 42.205059609704008 ], [ -72.197134700558536, 42.20514860427307 ], [ -72.197161364149139, 42.205167486165536 ], [ -72.196278241255683, 42.20592115006751 ], [ -72.195826846566348, 42.206306364458619 ], [ -72.195505691117745, 42.206892038971603 ], [ -72.195401933411901, 42.207081253671348 ], [ -72.19534107327803, 42.207192238097129 ], [ -72.194820601926153, 42.208141357663784 ], [ -72.194818120481756, 42.208145883385022 ], [ -72.194784948538896, 42.208206373605165 ], [ -72.194593991665187, 42.208554588509294 ], [ -72.194524014869259, 42.208682192964957 ], [ -72.194333454086433, 42.209029681119283 ], [ -72.194331252769146, 42.209033694642045 ], [ -72.19431597894787, 42.209061547190203 ], [ -72.194333956484499, 42.209075558362279 ], [ -72.194383124193905, 42.209113878004011 ], [ -72.194446062826884, 42.209162931808535 ], [ -72.194452188489507, 42.209167705225603 ], [ -72.194486025667416, 42.209194077424087 ], [ -72.194990481613146, 42.209587231785889 ], [ -72.195277663751881, 42.20981104666231 ], [ -72.19555613494272, 42.210028071080401 ], [ -72.195740378330868, 42.21017165955513 ], [ -72.19618039390069, 42.210099441608889 ], [ -72.196421598431186, 42.210059852710046 ], [ -72.196615951324432, 42.210027953105318 ], [ -72.196717459826488, 42.210015159559845 ], [ -72.196863407823528, 42.209939974493551 ], [ -72.196989067691035, 42.209875240281306 ], [ -72.197003433030631, 42.209867839555876 ], [ -72.19714076525635, 42.20979709202458 ], [ -72.197162596816995, 42.209785845579702 ], [ -72.197292462447905, 42.209718943566145 ], [ -72.197304430095883, 42.209712778234724 ], [ -72.197504837887948, 42.209609535385525 ], [ -72.197518153023893, 42.209602675780815 ], [ -72.197530266333416, 42.209596434811736 ], [ -72.197590796753602, 42.209565251774521 ], [ -72.197597274287915, 42.20956191534674 ], [ -72.197725799914309, 42.209495703439316 ], [ -72.198066950413491, 42.20949209370611 ], [ -72.198108901868949, 42.209387996179984 ], [ -72.198651718574581, 42.209476661768655 ], [ -72.198682181086127, 42.209572034452513 ], [ -72.198712627351327, 42.209667353205923 ], [ -72.198924507888165, 42.209754760976033 ], [ -72.198942197069854, 42.209762058471583 ], [ -72.199186444428477, 42.209862817721309 ], [ -72.199357061816798, 42.209933201421343 ], [ -72.199372645174961, 42.209939630259065 ], [ -72.199584443586133, 42.210027002204825 ], [ -72.199642129644616, 42.210051772500464 ], [ -72.199737060400139, 42.2100925351616 ], [ -72.199874975799844, 42.210151756213669 ], [ -72.200013319780282, 42.210211160855422 ], [ -72.200091209257181, 42.210244605734118 ], [ -72.200526968413399, 42.210431716791696 ], [ -72.200904953506935, 42.210355350610229 ], [ -72.201383741063594, 42.210353680124996 ], [ -72.201496130954169, 42.210353287293778 ], [ -72.201791191354005, 42.210557980373252 ], [ -72.201870478082796, 42.210539634384411 ], [ -72.201957559833048, 42.210519484982292 ], [ -72.202119097551773, 42.210685094848508 ], [ -72.202613455311464, 42.210789918522508 ], [ -72.20259200051666, 42.210836639703061 ], [ -72.202544300995825, 42.211011833230621 ], [ -72.20262047587552, 42.211383546434341 ], [ -72.202685388497045, 42.211700296326192 ], [ -72.202738409917302, 42.211959019335588 ], [ -72.202993496276861, 42.212174868097499 ], [ -72.202994683396525, 42.212175872801922 ], [ -72.203308422406067, 42.212441349954716 ], [ -72.203564940623863, 42.212658405028776 ], [ -72.203570369423844, 42.212743694910813 ], [ -72.203579563745436, 42.21288814987772 ], [ -72.203580203392022, 42.212898206324759 ], [ -72.20358384576015, 42.21295544184224 ], [ -72.203611266163946, 42.213386244448564 ], [ -72.203623354850862, 42.213576168485062 ], [ -72.203625329454553, 42.213607202704601 ], [ -72.203592815827889, 42.21369541279325 ], [ -72.203690688678606, 42.21373056486744 ], [ -72.205466636109733, 42.214368399006602 ], [ -72.205507578939603, 42.214383102724625 ], [ -72.205510470983882, 42.214384067206957 ], [ -72.20633661936175, 42.214659465620024 ], [ -72.207077603804578, 42.214882380192357 ], [ -72.207082525488033, 42.214883860623615 ], [ -72.207187172720737, 42.214915341417772 ], [ -72.207188030301708, 42.214932938627548 ], [ -72.207193798172185, 42.215006042879153 ], [ -72.207221233179297, 42.215093544104462 ], [ -72.207222848672487, 42.21509645844111 ], [ -72.207278387285498, 42.215196642314346 ], [ -72.207324487989553, 42.215272119671802 ], [ -72.207326326780475, 42.215295915954847 ], [ -72.207332212779733, 42.215372100421973 ], [ -72.207304801002053, 42.215503609737745 ], [ -72.207281684718211, 42.215577760882979 ], [ -72.207280673257912, 42.215581005632075 ], [ -72.207281820728852, 42.215608082503962 ], [ -72.207283137114715, 42.215639118017734 ], [ -72.207283538219116, 42.215648581690992 ], [ -72.207332006459737, 42.215744844936978 ], [ -72.207332664161498, 42.215746150872569 ], [ -72.207367588229346, 42.215802486622394 ], [ -72.207391880705899, 42.215841673469377 ], [ -72.207408544338307, 42.215871986811464 ], [ -72.207432033428546, 42.215914716929099 ], [ -72.207439301464575, 42.215927939480373 ], [ -72.207412774305013, 42.215971245418181 ], [ -72.207311077191434, 42.216137265315666 ], [ -72.207307532453058, 42.216143052929802 ], [ -72.207307339751154, 42.216143367435244 ], [ -72.207291883206366, 42.216168599243751 ], [ -72.207291086225936, 42.216169899742539 ], [ -72.207290188150552, 42.216171366526652 ], [ -72.207135255245859, 42.216089149368102 ], [ -72.206977851985371, 42.21631973426166 ], [ -72.206938790310474, 42.216426298484834 ], [ -72.206943148439322, 42.216511805456186 ], [ -72.206984382323284, 42.216594268030015 ], [ -72.207070631889309, 42.216657885502222 ], [ -72.207195657454335, 42.216726680316015 ], [ -72.207187140519039, 42.216777725208885 ], [ -72.207153074992021, 42.216965719395716 ], [ -72.2071336686721, 42.218058701333852 ], [ -72.206975759849882, 42.218039116230806 ], [ -72.206922082855286, 42.218314282014283 ], [ -72.206217532171962, 42.218208683729607 ], [ -72.205507132884193, 42.218007560758664 ], [ -72.205213181856109, 42.217924111547561 ], [ -72.204628555329947, 42.218985379537713 ], [ -72.203457825474118, 42.21896109442946 ], [ -72.20339666702948, 42.219066022773191 ], [ -72.202898131510892, 42.21992133652622 ], [ -72.202536488677865, 42.219779459083227 ], [ -72.199842886188037, 42.221228839361828 ], [ -72.194023782518002, 42.227399437126131 ], [ -72.192897823700775, 42.227954423870607 ], [ -72.191683469560971, 42.230284629501305 ], [ -72.191479819829908, 42.230045589379472 ], [ -72.190638340275228, 42.229057852999908 ] ] ] ] } },
{ "type": "Feature", "properties": { "ZONECODE": "R3", "TOWN_ID": "278", "LOCAL_ZONE": null, "highdense": "Y" }, "geometry": { "type": "MultiPolygon", "coordinates": [ [ [ [ -72.028286271650074, 42.08140080653822 ], [ -72.029289068876807, 42.079839498370688 ], [ -72.029665301372532, 42.079249801634042 ], [ -72.02967198449069, 42.079236735541635 ], [ -72.029678788133666, 42.079224354952501 ], [ -72.02978405672819, 42.079071053445567 ], [ -72.029906938180531, 42.078929927573121 ], [ -72.029936085790425, 42.078896451125104 ], [ -72.030104340913638, 42.078750360248605 ], [ -72.030298631515606, 42.078658937991278 ], [ -72.030299415232292, 42.078658718278113 ], [ -72.030445376638497, 42.078617761513939 ], [ -72.030659449241668, 42.078597711712504 ], [ -72.030723351851748, 42.078588879288944 ], [ -72.030873440884008, 42.078568133552508 ], [ -72.030970809115487, 42.078546439232106 ], [ -72.031080897605989, 42.078521910053077 ], [ -72.031332781415657, 42.078434983417047 ], [ -72.031524310812642, 42.078358221367083 ], [ -72.031618860964741, 42.07830787714704 ], [ -72.031660720474903, 42.078266232719486 ], [ -72.031691045201669, 42.078221784166026 ], [ -72.031719200819026, 42.078147330031967 ], [ -72.031737895026055, 42.078088641639319 ], [ -72.031779746825691, 42.077913993069046 ], [ -72.031862046593986, 42.077933673042843 ], [ -72.031998633342766, 42.077966333907625 ], [ -72.032351784098196, 42.07810190525948 ], [ -72.032369596342662, 42.078112113342605 ], [ -72.032384059266732, 42.078120964877542 ], [ -72.032398177777367, 42.078129818012513 ], [ -72.032412065471732, 42.078138672219431 ], [ -72.032425838364091, 42.078147526958674 ], [ -72.032439156577752, 42.078157069872937 ], [ -72.032452358781015, 42.078166613325259 ], [ -72.032465222320269, 42.078176844413193 ], [ -72.032477734487458, 42.078186391072521 ], [ -72.032490021588004, 42.078196624839222 ], [ -72.032501970024811, 42.078207546241785 ], [ -72.032513681894912, 42.078217782681961 ], [ -72.032525055101161, 42.078228706758175 ], [ -72.032536197490799, 42.078239631907167 ], [ -72.032546879451544, 42.078250559197222 ], [ -72.032557336346116, 42.078262173595085 ], [ -72.032567448826185, 42.078273789594427 ], [ -72.032577215683162, 42.078285407201015 ], [ -72.032586752931422, 42.078297025875109 ], [ -72.032595828541531, 42.078308646696314 ], [ -72.032604565487745, 42.078320955154332 ], [ -72.03261307161641, 42.078333264685675 ], [ -72.032621118523508, 42.078345576353179 ], [ -72.032628818597971, 42.078357889634034 ], [ -72.032636174256623, 42.078370204516979 ], [ -72.032643190042506, 42.078383207042755 ], [ -72.032649860203762, 42.078396211176326 ], [ -72.032656180196909, 42.078408530877361 ], [ -72.032662044302015, 42.078421538761134 ], [ -72.032667563997904, 42.07843454914768 ], [ -72.032672743812824, 42.078448246276942 ], [ -72.032677572250066, 42.078461258979523 ], [ -72.032681940255017, 42.078474273824469 ], [ -72.032685969594482, 42.078487976307031 ], [ -72.032689653307642, 42.078501680397821 ], [ -72.0326929856421, 42.078514700062065 ], [ -72.032695863295459, 42.078528407903818 ], [ -72.032698280515262, 42.078542117888311 ], [ -72.032700466914434, 42.078555828946882 ], [ -72.032702194088017, 42.07856954214256 ], [ -72.03270345961873, 42.078583257486606 ], [ -72.032704380729982, 42.078596974433459 ], [ -72.03270495621301, 42.078610692988825 ], [ -72.032705186067645, 42.078624413152617 ], [ -72.032704955486849, 42.078638135459215 ], [ -72.032704265678873, 42.078651859902941 ], [ -72.032703343839955, 42.078665585426464 ], [ -72.03270184796655, 42.07867931362135 ], [ -72.032700115517954, 42.078692356855598 ], [ -72.032697928384962, 42.078706088267388 ], [ -72.032695395621829, 42.078719821287599 ], [ -72.032692402421418, 42.078733556450487 ], [ -72.032631807674449, 42.07897533302679 ], [ -72.032627830529123, 42.07899524732057 ], [ -72.032624141496541, 42.079008299657168 ], [ -72.032619652144845, 42.079022041779169 ], [ -72.032614350970462, 42.079035101616803 ], [ -72.032608244932888, 42.079048165199147 ], [ -72.032601441879422, 42.079060545962655 ], [ -72.032593947561054, 42.079072929942058 ], [ -72.032585648378301, 42.079085317665808 ], [ -72.032576657929823, 42.079097708605133 ], [ -72.032566965921831, 42.079108730684574 ], [ -72.032556588398535, 42.079120442014172 ], [ -72.03254551506636, 42.079131470518327 ], [ -72.032533859524392, 42.079141815668422 ], [ -72.03237915718924, 42.079198106277204 ], [ -72.032261480223823, 42.079235700853147 ], [ -72.032237686643995, 42.079239927858517 ], [ -72.032220344966959, 42.079244810922248 ], [ -72.032203469474226, 42.079250377877401 ], [ -72.032187296736538, 42.07925731368595 ], [ -72.032171928859, 42.079264245750281 ], [ -72.032157385498607, 42.079273232164077 ], [ -72.032143876613858, 42.079282213766859 ], [ -72.032131301306833, 42.079292563151142 ], [ -72.032119876492359, 42.079302907185792 ], [ -72.032109728478474, 42.07931461830745 ], [ -72.0321007333674, 42.079326323168523 ], [ -72.032093124112052, 42.079338707648382 ], [ -72.032086901921673, 42.079351771741678 ], [ -72.032082061051071, 42.079364829413748 ], [ -72.03207860845535, 42.079378566694004 ], [ -72.032076650780652, 42.079392297025336 ], [ -72.03207619044511, 42.079406020396483 ], [ -72.032077226241043, 42.079419736813207 ], [ -72.03207975816953, 42.079433446275353 ], [ -72.032083665677447, 42.079446463281691 ], [ -72.032088955719928, 42.079459473861355 ], [ -72.032095740689016, 42.079472477491606 ], [ -72.032202884010346, 42.079661332380965 ], [ -72.032347058317953, 42.079818457026242 ], [ -72.032366195054649, 42.079835519565414 ], [ -72.0322108370747, 42.079908547661432 ], [ -72.03189519758503, 42.080056916564885 ], [ -72.031800753565079, 42.080101311029239 ], [ -72.031534662020263, 42.080226387335252 ], [ -72.031446353450121, 42.080267897125353 ], [ -72.030695356422427, 42.080601376871243 ], [ -72.030579747066113, 42.08065268133641 ], [ -72.030359164255557, 42.080747008799264 ], [ -72.030356987968574, 42.080747921026052 ], [ -72.030335991061008, 42.080756721021807 ], [ -72.030260178756379, 42.080787932390521 ], [ -72.030243294902959, 42.080794883819095 ], [ -72.030058591865071, 42.08086941251134 ], [ -72.029283621517322, 42.081199125136344 ], [ -72.02924560597441, 42.08121529819698 ], [ -72.029213750841961, 42.081228745337306 ], [ -72.029229229973424, 42.081301082946993 ], [ -72.029228355641806, 42.081301020363917 ], [ -72.029233864715053, 42.081331089753625 ], [ -72.028801488645101, 42.081300101192141 ], [ -72.028800302024678, 42.081302014500217 ], [ -72.028793760695294, 42.08131256072204 ], [ -72.028733992959062, 42.081408480218357 ], [ -72.028714834485683, 42.081438845436367 ], [ -72.02871091329115, 42.081438637561369 ], [ -72.02836277005386, 42.081408000142375 ], [ -72.028361076697848, 42.081407840494649 ], [ -72.028286271650074, 42.08140080653822 ] ] ] ] } },
{ "type": "Feature", "properties": { "ZONECODE": null, "TOWN_ID": "348", "LOCAL_ZONE": null, "highdense": "Y" }, "geometry": { "type": "MultiPolygon", "coordinates": [ [ [ [ -71.782432294443097, 42.21649439068792 ], [ -71.782432443116434, 42.216494323699166 ], [ -71.782555704539035, 42.21644024664122 ], [ -71.783142995407246, 42.216182587482912 ], [ -71.783235865788029, 42.216141846214853 ], [ -71.783236210852394, 42.216153748354074 ], [ -71.783270575824517, 42.217338449905334 ], [ -71.783486609973735, 42.219212168273202 ], [ -71.782703649481249, 42.21929848261501 ], [ -71.782480679095585, 42.217415860579493 ], [ -71.78243277368054, 42.216503548355412 ], [ -71.782432294443097, 42.21649439068792 ] ] ] ] } },
{ "type": "Feature", "properties": { "ZONECODE": "TC", "TOWN_ID": "280", "LOCAL_ZONE": null, "highdense": "Y" }, "geometry": { "type": "MultiPolygon", "coordinates": [ [ [ [ -71.990567930098464, 42.244741799290708 ], [ -71.990814362342263, 42.24514605355062 ], [ -71.990167942579461, 42.24545235884392 ], [ -71.989384639665715, 42.245823516676289 ], [ -71.989288892929693, 42.245485900390577 ], [ -71.989609195336499, 42.245410006746582 ], [ -71.989493279663279, 42.245127745309304 ], [ -71.989416128553898, 42.244939876703263 ], [ -71.989786084810333, 42.244818784775291 ], [ -71.989702005045231, 42.244679278759826 ], [ -71.989824129152311, 42.244640222852482 ], [ -71.990394764795553, 42.244457730221967 ], [ -71.990567930098464, 42.244741799290708 ] ] ] ] } },
{ "type": "Feature", "properties": { "ZONECODE": "R3", "TOWN_ID": "278", "LOCAL_ZONE": null, "highdense": "Y" }, "geometry": { "type": "MultiPolygon", "coordinates": [ [ [ [ -72.034616442753844, 42.072683060017944 ], [ -72.034647626210884, 42.072632512183766 ], [ -72.03464797850792, 42.072632588868039 ], [ -72.034655369022985, 42.072617054017741 ], [ -72.034730130117097, 42.072467804920777 ], [ -72.034789092804388, 42.072350094823065 ], [ -72.034855184753425, 42.072218151145641 ], [ -72.034717621976398, 42.072205208612147 ], [ -72.034840985672446, 42.072004231756381 ], [ -72.034928452666108, 42.07186165861301 ], [ -72.034947212126411, 42.07182779721532 ], [ -72.034954842064423, 42.071814023198186 ], [ -72.034911466964687, 42.071798181788168 ], [ -72.0349395306026, 42.071745164395836 ], [ -72.03505330125283, 42.071484163847835 ], [ -72.035107900586368, 42.071358906566061 ], [ -72.035164948953764, 42.071228033159315 ], [ -72.035218576934142, 42.071105003310791 ], [ -72.035223651997612, 42.071093359731755 ], [ -72.034926299830587, 42.07106123996298 ], [ -72.034919677756903, 42.071070131203186 ], [ -72.034884202625662, 42.071117756857994 ], [ -72.034802237596523, 42.071095133384773 ], [ -72.034659729149681, 42.071055799594888 ], [ -72.034338977391101, 42.070963388903657 ], [ -72.034329381251425, 42.070960624629919 ], [ -72.034402874865208, 42.070833800202458 ], [ -72.034488611469428, 42.070685845987008 ], [ -72.034574477504805, 42.070537667812516 ], [ -72.034660550412937, 42.070389134766948 ], [ -72.034750136588883, 42.070234535821541 ], [ -72.034753488296758, 42.070228752553895 ], [ -72.034599983381526, 42.070182120560474 ], [ -72.033747072039318, 42.06992301887972 ], [ -72.033799898208002, 42.069730674092149 ], [ -72.033833291051209, 42.069609085265718 ], [ -72.033844960950958, 42.069573355578321 ], [ -72.033901635441538, 42.06940088859686 ], [ -72.033993324636867, 42.06912191940927 ], [ -72.033993528580922, 42.069117861504679 ], [ -72.03399940835736, 42.069001098982547 ], [ -72.033999440427735, 42.069000457787475 ], [ -72.034121257103891, 42.068753481205128 ], [ -72.034239920997308, 42.068512916147199 ], [ -72.034788160483984, 42.068630977542121 ], [ -72.034802979753053, 42.068605000873092 ], [ -72.034817841864765, 42.068578947472488 ], [ -72.035413046051488, 42.068778950069742 ], [ -72.035531488965788, 42.06857453172907 ], [ -72.035629475401848, 42.068405416983452 ], [ -72.035724363487518, 42.068241647593119 ], [ -72.035818075567562, 42.068079907599433 ], [ -72.035913678482515, 42.067914903922208 ], [ -72.036102958715404, 42.067899780274487 ], [ -72.036395337644009, 42.06788637449214 ], [ -72.036436582643532, 42.067883045272886 ], [ -72.036466779771985, 42.06788242834557 ], [ -72.036522150752177, 42.068067778496726 ], [ -72.036550441563037, 42.068199856120316 ], [ -72.036565541585077, 42.06828435202614 ], [ -72.036574278725098, 42.06837245123014 ], [ -72.036581588297082, 42.068480805882672 ], [ -72.036582704721454, 42.068613010894964 ], [ -72.036572319256422, 42.068708345786689 ], [ -72.036560861628431, 42.068777169645969 ], [ -72.036483452777588, 42.069110273877541 ], [ -72.036415622777199, 42.069433042202078 ], [ -72.036397648097449, 42.069506871886801 ], [ -72.035859118834921, 42.069439622371284 ], [ -72.035823390110224, 42.069544393502454 ], [ -72.035805850586399, 42.069595827678619 ], [ -72.035706260043369, 42.069887862405579 ], [ -72.03568379009495, 42.069932408591853 ], [ -72.035650704331047, 42.069926474414295 ], [ -72.035632019374646, 42.069921759424034 ], [ -72.03533493770064, 42.069838077632262 ], [ -72.035308777829286, 42.069875247373176 ], [ -72.035308182449938, 42.069876292757023 ], [ -72.035226887863033, 42.070019017449482 ], [ -72.035247904786729, 42.07002715191296 ], [ -72.035244210856519, 42.070033042136345 ], [ -72.03523927327825, 42.07004091353172 ], [ -72.035373928488369, 42.070080761415653 ], [ -72.035301054364055, 42.070188128048393 ], [ -72.035253155696964, 42.070171806434573 ], [ -72.035244829024009, 42.070168968774816 ], [ -72.035230771246745, 42.070194418833282 ], [ -72.03518501477123, 42.070353807428283 ], [ -72.035147676403668, 42.070483870231435 ], [ -72.035321454434836, 42.070473574221282 ], [ -72.035523620090913, 42.07046159562978 ], [ -72.036024659745038, 42.070529503124007 ], [ -72.036145127318107, 42.070545829322874 ], [ -72.03615537792821, 42.070523044900519 ], [ -72.036164380942154, 42.070502917836713 ], [ -72.036227273326048, 42.070519333586155 ], [ -72.03661543761072, 42.070629449644855 ], [ -72.03668050834932, 42.070653089201961 ], [ -72.036989504929295, 42.070741419518775 ], [ -72.037050046286438, 42.070798300134683 ], [ -72.037081451004866, 42.070818868797787 ], [ -72.037200143137838, 42.070839490562797 ], [ -72.037558369278926, 42.070901730371965 ], [ -72.037639248105961, 42.070916142233472 ], [ -72.037635993666427, 42.07092910987982 ], [ -72.037434613758876, 42.071731433520519 ], [ -72.037339565928832, 42.071714374394894 ], [ -72.037042005322363, 42.071656639979203 ], [ -72.03676762179029, 42.071603400459381 ], [ -72.036756397847171, 42.071601222944061 ], [ -72.036772815777766, 42.071559947080793 ], [ -72.036492299254334, 42.071460936940554 ], [ -72.036429926264248, 42.071571284708533 ], [ -72.036418645923675, 42.071598494669615 ], [ -72.036354835191062, 42.071766021907727 ], [ -72.036183855066582, 42.072191324639959 ], [ -72.036152015473618, 42.072282949688372 ], [ -72.036127500414665, 42.072333089460962 ], [ -72.036110500506126, 42.072364613619115 ], [ -72.036082099360499, 42.072409055297094 ], [ -72.036034600843536, 42.072463591036303 ], [ -72.035985111004251, 42.072509560300148 ], [ -72.035924147480003, 42.072559871607311 ], [ -72.035861180574443, 42.072600186733915 ], [ -72.03582678378163, 42.07261606958285 ], [ -72.035782770772755, 42.072629139743924 ], [ -72.035740628437139, 42.072636483044803 ], [ -72.035690752645053, 42.072636716492788 ], [ -72.035387095252275, 42.072570960827704 ], [ -72.035297155349923, 42.072554404613555 ], [ -72.035288573436858, 42.072572945025492 ], [ -72.035033654802277, 42.073123673791997 ], [ -72.034456882008328, 42.072933584112889 ], [ -72.034496124439244, 42.072877829814381 ], [ -72.03450337027688, 42.07286634900013 ], [ -72.034616442753844, 42.072683060017944 ] ] ] ] } },
{ "type": "Feature", "properties": { "ZONECODE": null, "TOWN_ID": "348", "LOCAL_ZONE": null, "highdense": "Y" }, "geometry": { "type": "MultiPolygon", "coordinates": [ [ [ [ -71.79650157328426, 42.235911707769446 ], [ -71.796495853921826, 42.235774516689119 ], [ -71.796407375096678, 42.235460539867951 ], [ -71.796310858608919, 42.235154817913248 ], [ -71.796188264522868, 42.234849162238476 ], [ -71.796011489857676, 42.234505914255244 ], [ -71.79590998881271, 42.234318202607454 ], [ -71.795804529175925, 42.234122954690903 ], [ -71.79565310608703, 42.233919591734185 ], [ -71.795485656868209, 42.233694316732247 ], [ -71.794632031100306, 42.234104016451695 ], [ -71.794332078820659, 42.233772057543987 ], [ -71.794047335949259, 42.233434572418247 ], [ -71.79368714355607, 42.232901072070618 ], [ -71.793529532322765, 42.232605108428785 ], [ -71.793397294876115, 42.232655526925221 ], [ -71.792746438441625, 42.231196619003825 ], [ -71.792306198622441, 42.230915092833619 ], [ -71.792647940717671, 42.230706354739034 ], [ -71.792372710919778, 42.230025136089949 ], [ -71.793147024384083, 42.229889384819728 ], [ -71.793240901441109, 42.230228732984976 ], [ -71.7943757949961, 42.230215538037328 ], [ -71.794420586392846, 42.231064734590284 ], [ -71.794652748981804, 42.231370419065918 ], [ -71.794656437372041, 42.231375275761209 ], [ -71.794543701189866, 42.231379492189056 ], [ -71.794782706070379, 42.231692626884858 ], [ -71.794819215114856, 42.231740233222617 ], [ -71.794890308918411, 42.231710849166092 ], [ -71.794907190637716, 42.231705434569257 ], [ -71.796893394598754, 42.234320466082515 ], [ -71.797082098686204, 42.234696611493909 ], [ -71.797127977894377, 42.234686201362663 ], [ -71.797294908831105, 42.234651468442713 ], [ -71.797361538366573, 42.234636888282068 ], [ -71.7974932973585, 42.23502552998707 ], [ -71.797268941395984, 42.235069331225823 ], [ -71.797781723754468, 42.236092252731247 ], [ -71.797512525873003, 42.236122450041492 ], [ -71.797406415642371, 42.236134387517879 ], [ -71.797353830146321, 42.236142070087389 ], [ -71.797250301813847, 42.236163605204815 ], [ -71.797199822978115, 42.236177456553214 ], [ -71.797101660494519, 42.236210640220087 ], [ -71.796895990557843, 42.236303100745985 ], [ -71.796784458749045, 42.236192251630882 ], [ -71.796592692790284, 42.236000657713511 ], [ -71.79650157328426, 42.235911707769446 ] ] ] ] } },
{ "type": "Feature", "properties": { "ZONECODE": "TC", "TOWN_ID": "280", "LOCAL_ZONE": null, "highdense": "Y" }, "geometry": { "type": "MultiPolygon", "coordinates": [ [ [ [ -71.992144914683976, 42.244157096449541 ], [ -71.991536050013593, 42.244622312100525 ], [ -71.991245871433037, 42.24484402538824 ], [ -71.990908851195215, 42.245101525468236 ], [ -71.990634694689305, 42.2446517929328 ], [ -71.990495554181024, 42.24442354035498 ], [ -71.990864997757228, 42.244303375467432 ], [ -71.990713320670991, 42.244061751113001 ], [ -71.990941334785063, 42.24398163576344 ], [ -71.991181606974834, 42.243897212430561 ], [ -71.991359563119588, 42.243761569562992 ], [ -71.991099649627159, 42.243500718955907 ], [ -71.9909038818531, 42.243205189613107 ], [ -71.990905157285539, 42.243204702590972 ], [ -71.991436996628622, 42.243001662002307 ], [ -71.991628701275346, 42.243228710901469 ], [ -71.991707280620318, 42.243321776661809 ], [ -71.991894709836188, 42.243543759374461 ], [ -71.992005415911322, 42.243674873494207 ], [ -71.992101177060519, 42.24378828725083 ], [ -71.992291202214432, 42.244013340435956 ], [ -71.992276333881463, 42.244056681811223 ], [ -71.992144914683976, 42.244157096449541 ] ] ] ] } },
{ "type": "Feature", "properties": { "ZONECODE": "GB", "TOWN_ID": "278", "LOCAL_ZONE": null, "highdense": "Y" }, "geometry": { "type": "MultiPolygon", "coordinates": [ [ [ [ -72.026968822327532, 42.076945300636673 ], [ -72.026893428441667, 42.076933060916645 ], [ -72.026875508250626, 42.076846298998021 ], [ -72.026861952268064, 42.076783904585234 ], [ -72.026847708628239, 42.076717569832148 ], [ -72.02684012049005, 42.076685513824003 ], [ -72.026814552779967, 42.076578169232135 ], [ -72.026780749882903, 42.076441022456599 ], [ -72.026748897766382, 42.076300683978168 ], [ -72.026750102440758, 42.076300806283044 ], [ -72.026242915912889, 42.074076893407224 ], [ -72.026242917066725, 42.074063172166305 ], [ -72.026243263824611, 42.074049449336393 ], [ -72.026243956186178, 42.074035724917451 ], [ -72.026244992942821, 42.074021998915022 ], [ -72.026246375302762, 42.074008271323528 ], [ -72.026248219272631, 42.073994541609721 ], [ -72.026250291630049, 42.073980810845654 ], [ -72.026252831279223, 42.073967763994801 ], [ -72.026255596050049, 42.073954030047013 ], [ -72.026258820012998, 42.073940293987832 ], [ -72.026262395252843, 42.073927241474834 ], [ -72.026266310419373, 42.073913502237289 ], [ -72.026270460863273, 42.073900447979504 ], [ -72.026275066024184, 42.073886705568995 ], [ -72.026280022468711, 42.073873647604863 ], [ -72.02628532451412, 42.073860588051318 ], [ -72.026290970951862, 42.073847526913966 ], [ -72.026296964198451, 42.07383446418153 ], [ -72.02630330183689, 42.073821399865182 ], [ -72.026309874751803, 42.073809020528373 ], [ -72.026316903590185, 42.073795953032814 ], [ -72.026324282502898, 42.073783569988798 ], [ -72.0263318922172, 42.07377118588294 ], [ -72.0263398463225, 42.073758800192799 ], [ -72.026348146026962, 42.073746412912776 ], [ -72.026361798897696, 42.073727140395967 ], [ -72.026454370021099, 42.073660852707455 ], [ -72.026463596174139, 42.073649147219271 ], [ -72.026471895840231, 42.073636759930103 ], [ -72.026479159906486, 42.073624377403867 ], [ -72.026485613492653, 42.073611312543434 ], [ -72.026491145069414, 42.073598251923833 ], [ -72.026495635363034, 42.073584510031885 ], [ -72.026499095743986, 42.073571458939234 ], [ -72.026501628432356, 42.073557726052023 ], [ -72.026499546879791, 42.073487070356947 ], [ -72.02649563520437, 42.073473368014042 ], [ -72.026490577600882, 42.073460355203402 ], [ -72.026484599210733, 42.073447347528337 ], [ -72.026477706920048, 42.073435030118617 ], [ -72.0264697778304, 42.073422717477492 ], [ -72.0264608119424, 42.073410409604762 ], [ -72.026451046952573, 42.073398791468762 ], [ -72.026440366855226, 42.073387863602782 ], [ -72.026428881972024, 42.07337693943736 ], [ -72.02641659557068, 42.07336670501909 ], [ -72.026403510067922, 42.073357160336577 ], [ -72.026389733368831, 42.073347618831434 ], [ -72.026375278049315, 42.0733394525693 ], [ -72.026360246330555, 42.073331288956098 ], [ -72.026344535990631, 42.073324500585365 ], [ -72.026328365256859, 42.073317714329669 ], [ -72.026311745495221, 42.073312302260177 ], [ -72.026294665339279, 42.073306892305304 ], [ -72.026277130471783, 42.073302170500554 ], [ -72.026259377377272, 42.073298821820245 ], [ -72.026241399164022, 42.073296160234044 ], [ -72.026210062548941, 42.073292873999286 ], [ -72.026163002170904, 42.073267019999605 ], [ -72.026183364095573, 42.07319023962237 ], [ -72.026200491905982, 42.073125680068088 ], [ -72.026237339330535, 42.072986764098147 ], [ -72.026295405211144, 42.072864894891175 ], [ -72.026296962389651, 42.072861626685949 ], [ -72.026495941919336, 42.072899789164353 ], [ -72.026852411895973, 42.07296815506291 ], [ -72.026877715791784, 42.072971574232554 ], [ -72.026940795281135, 42.072980097302313 ], [ -72.02686908667043, 42.073299494820922 ], [ -72.02686692357139, 42.073347148264503 ], [ -72.026866204298855, 42.073460785750214 ], [ -72.026928114606633, 42.073517406067133 ], [ -72.027075539461251, 42.073632465540541 ], [ -72.027101112883429, 42.073652316492918 ], [ -72.027182147985272, 42.07371383379941 ], [ -72.026795810465728, 42.073924582356177 ], [ -72.026891452422745, 42.074019356153521 ], [ -72.026932315311086, 42.074073162543378 ], [ -72.026947700154523, 42.074093420572133 ], [ -72.027011705605119, 42.074177454761525 ], [ -72.027066190010231, 42.07427010853138 ], [ -72.027122581669829, 42.074361323745734 ], [ -72.027186728716941, 42.074462507828834 ], [ -72.027243180026815, 42.074560869635285 ], [ -72.027261473456662, 42.074599136399996 ], [ -72.027286131204391, 42.074650717834366 ], [ -72.027325435573999, 42.074763451543916 ], [ -72.027330079676247, 42.074777716798913 ], [ -72.027493125787231, 42.075278565775257 ], [ -72.027841011520508, 42.076398845727397 ], [ -72.027665035191362, 42.076393760762279 ], [ -72.02772541674382, 42.076465081292845 ], [ -72.02774000871608, 42.07648231771423 ], [ -72.027790244622892, 42.076541653699756 ], [ -72.027820819644333, 42.076577873978287 ], [ -72.027823490163797, 42.076580605910124 ], [ -72.027825480847156, 42.076584713100054 ], [ -72.0278295554279, 42.076590182803592 ], [ -72.027876236729568, 42.07665308609711 ], [ -72.027891590239321, 42.076672225013859 ], [ -72.027986513934195, 42.076791847974704 ], [ -72.027859202352658, 42.077026545127815 ], [ -72.027809043573868, 42.077014950421791 ], [ -72.027727826612619, 42.076993370929948 ], [ -72.02761808708965, 42.076960945874688 ], [ -72.027537125381613, 42.076942292087352 ], [ -72.027485566574398, 42.077046330276296 ], [ -72.027261278546888, 42.076992776748142 ], [ -72.026968822327532, 42.076945300636673 ] ] ] ] } },
{ "type": "Feature", "properties": { "ZONECODE": "R3", "TOWN_ID": "278", "LOCAL_ZONE": null, "highdense": "Y" }, "geometry": { "type": "MultiPolygon", "coordinates": [ [ [ [ -72.026296962389651, 42.072861626685949 ], [ -72.026361224372309, 42.07272686303903 ], [ -72.026367170993424, 42.072709791284225 ], [ -72.026388822201355, 42.072709480129284 ], [ -72.026480906577632, 42.072445069498755 ], [ -72.026494875410208, 42.072389445928998 ], [ -72.026462768814085, 42.072383893540341 ], [ -72.026447224388974, 42.072381205486565 ], [ -72.026460013629588, 42.072329059071919 ], [ -72.026566661868515, 42.072006141847147 ], [ -72.026643594271491, 42.071834841394534 ], [ -72.026723276561142, 42.07165741489419 ], [ -72.026745744187551, 42.071607386525343 ], [ -72.02676335305415, 42.071568176537532 ], [ -72.026757898208999, 42.071512629717432 ], [ -72.026771727938637, 42.071400053690816 ], [ -72.026793763428259, 42.071336834559787 ], [ -72.02679583022983, 42.071331057443736 ], [ -72.026806151216277, 42.071302205235241 ], [ -72.026807038169139, 42.07129972610727 ], [ -72.026927590045432, 42.071171883235309 ], [ -72.026936853112872, 42.071162060152162 ], [ -72.026979006606183, 42.071033820952778 ], [ -72.027075754896401, 42.070739496865428 ], [ -72.027082297283457, 42.07062778986527 ], [ -72.027142080811302, 42.070427059230369 ], [ -72.027149258025929, 42.070402957275448 ], [ -72.027192757546686, 42.070256903874686 ], [ -72.027200095797355, 42.070232262768293 ], [ -72.027455472289461, 42.07027608892205 ], [ -72.027446985722705, 42.070303441771479 ], [ -72.027396814740655, 42.070465154185449 ], [ -72.027397072542442, 42.070465204317117 ], [ -72.02764883487086, 42.070514007593196 ], [ -72.027710490009568, 42.070525325163096 ], [ -72.027727505034434, 42.070470883032982 ], [ -72.028192907631649, 42.07053218968273 ], [ -72.02838959937867, 42.070573667275781 ], [ -72.028578450921316, 42.070613492595974 ], [ -72.028579280821234, 42.070611137064333 ], [ -72.028650251808827, 42.070614046907615 ], [ -72.028740864405563, 42.070437824432716 ], [ -72.0288404324684, 42.07047248952928 ], [ -72.029163365626516, 42.070601608027879 ], [ -72.029143219701709, 42.07062747082125 ], [ -72.029272583708675, 42.070676958802281 ], [ -72.029550969034347, 42.070783453986678 ], [ -72.029625806396254, 42.070812082575223 ], [ -72.02963783065826, 42.070816670006877 ], [ -72.029900073746276, 42.0709167232543 ], [ -72.030070382271575, 42.070974099548934 ], [ -72.030559541520404, 42.071155764329227 ], [ -72.030538717829941, 42.071176966727052 ], [ -72.030409460605199, 42.071308572200486 ], [ -72.030268082831313, 42.07145251617392 ], [ -72.030125809352654, 42.071597372562906 ], [ -72.030008997648707, 42.071716305201733 ], [ -72.029881437326196, 42.071846179842886 ], [ -72.029868994271794, 42.071864285746429 ], [ -72.029782908730496, 42.071989549366478 ], [ -72.029697264609581, 42.072114170730572 ], [ -72.029597315592113, 42.072259605745764 ], [ -72.029524562909913, 42.072365466276707 ], [ -72.029521291517, 42.072370227124871 ], [ -72.029438950004533, 42.0724900395738 ], [ -72.02943618371846, 42.072503791618594 ], [ -72.029429889427362, 42.072502967208074 ], [ -72.029259901358714, 42.072480710891348 ], [ -72.028906651102929, 42.072434459056659 ], [ -72.02882435935436, 42.072424357503508 ], [ -72.028806957266099, 42.072597183290057 ], [ -72.028776422243723, 42.072900442235877 ], [ -72.028719511598354, 42.072897580952969 ], [ -72.028666331736915, 42.07289490768774 ], [ -72.028372341682754, 42.072880128384753 ], [ -72.028371913705513, 42.072880105150787 ], [ -72.028007946526373, 42.072860580800061 ], [ -72.028009189909412, 42.072855335063053 ], [ -72.028068208058016, 42.072606378813795 ], [ -72.028111226508301, 42.07242490959753 ], [ -72.028089565541748, 42.072422289604198 ], [ -72.028075284540108, 42.072441059239068 ], [ -72.027857509796888, 42.072705743910781 ], [ -72.027828161777904, 42.072738091706029 ], [ -72.027795072727628, 42.07276836907721 ], [ -72.027758504305297, 42.072796336594436 ], [ -72.027719902456795, 42.072821095294024 ], [ -72.027678575321005, 42.072843278072597 ], [ -72.027634831617291, 42.072862719220353 ], [ -72.027623436779891, 42.072862942815085 ], [ -72.027568729390566, 42.072855885105483 ], [ -72.027396304968562, 42.072833641753135 ], [ -72.027088689103792, 42.072777762727071 ], [ -72.027004973301302, 42.072773151318067 ], [ -72.02700381406936, 42.072778791006925 ], [ -72.026940795281135, 42.072980097302313 ], [ -72.026877715791784, 42.072971574232554 ], [ -72.026852411895973, 42.07296815506291 ], [ -72.026495941919336, 42.072899789164353 ], [ -72.026296962389651, 42.072861626685949 ] ] ] ] } },
{ "type": "Feature", "properties": { "ZONECODE": null, "TOWN_ID": "348", "LOCAL_ZONE": null, "highdense": "Y" }, "geometry": { "type": "MultiPolygon", "coordinates": [ [ [ [ -71.795959874740532, 42.215101504253191 ], [ -71.797417764162702, 42.214505000048753 ], [ -71.798359533824254, 42.215137826285002 ], [ -71.796210376959309, 42.216323379128795 ], [ -71.795970766450068, 42.215408137098223 ], [ -71.795959874740532, 42.215101504253191 ] ] ] ] } },
{ "type": "Feature", "properties": { "ZONECODE": null, "TOWN_ID": "348", "LOCAL_ZONE": null, "highdense": "Y" }, "geometry": { "type": "MultiPolygon", "coordinates": [ [ [ [ -71.794484697468349, 42.21120568899584 ], [ -71.794932000649794, 42.211009362855997 ], [ -71.795027848317972, 42.210967298857028 ], [ -71.795242185151992, 42.211354156756435 ], [ -71.795262757187089, 42.211609994637499 ], [ -71.795561375284166, 42.211775934687843 ], [ -71.79588120249997, 42.213421602080921 ], [ -71.795959874740532, 42.215101504253191 ], [ -71.795970766450068, 42.215408137098223 ], [ -71.796210376959309, 42.216323379128795 ], [ -71.796710103173069, 42.218142144784153 ], [ -71.796720217268586, 42.218528356881343 ], [ -71.796722834421246, 42.219087471173211 ], [ -71.796724475382391, 42.219438032146584 ], [ -71.796722673582579, 42.219703356199879 ], [ -71.796725010983366, 42.219940319697649 ], [ -71.796577156959131, 42.219946428693675 ], [ -71.796133202104315, 42.219954086885437 ], [ -71.795932637527159, 42.219942941555601 ], [ -71.795819853866291, 42.219935724603147 ], [ -71.795726528214345, 42.219929752054071 ], [ -71.79539530222435, 42.219953928372995 ], [ -71.795426105371263, 42.220250854834376 ], [ -71.794962422484176, 42.220260124901351 ], [ -71.794260102945316, 42.220272335121663 ], [ -71.794375346982335, 42.219734960119055 ], [ -71.795505672222887, 42.218188472300696 ], [ -71.796010007724348, 42.218166981485375 ], [ -71.795865197883728, 42.217599337770899 ], [ -71.795358932591142, 42.217666836057141 ], [ -71.795283419523997, 42.217398784873048 ], [ -71.795796269586575, 42.217329834846602 ], [ -71.795308884612766, 42.215420816825002 ], [ -71.795239271353694, 42.21335396556718 ], [ -71.794898827118203, 42.21188534686663 ], [ -71.794484697468349, 42.21120568899584 ] ] ] ] } },
{ "type": "Feature", "properties": { "ZONECODE": null, "TOWN_ID": "348", "LOCAL_ZONE": null, "highdense": "Y" }, "geometry": { "type": "MultiPolygon", "coordinates": [ [ [ [ -71.838032206673773, 42.24316923931422 ], [ -71.838057250606838, 42.243146758733864 ], [ -71.838213579142149, 42.24308741737913 ], [ -71.838255314636271, 42.243042651795115 ], [ -71.838283402512431, 42.243012524888833 ], [ -71.838506711226614, 42.242864515264436 ], [ -71.838813007327772, 42.242482125460448 ], [ -71.838868612216544, 42.242338658505595 ], [ -71.838932931355814, 42.242199105543889 ], [ -71.839050198367715, 42.24181802910671 ], [ -71.839066606967023, 42.24164921525999 ], [ -71.839104911053425, 42.241603822964585 ], [ -71.839166776357203, 42.24156179303673 ], [ -71.839330807705409, 42.2415469016792 ], [ -71.839464593232449, 42.241487507262022 ], [ -71.839500219080847, 42.24145927451481 ], [ -71.83960619671808, 42.241422602188635 ], [ -71.83956158052014, 42.241366478401119 ], [ -71.839538696264484, 42.241317150681695 ], [ -71.839537541438389, 42.241273934816775 ], [ -71.839597973101533, 42.241211165797118 ], [ -71.83963027460382, 42.241177614817104 ], [ -71.839712200720157, 42.241132094177026 ], [ -71.839805986979798, 42.241103003210952 ], [ -71.83990765753137, 42.241080750075227 ], [ -71.8400273374112, 42.241059814688079 ], [ -71.840143650819797, 42.241013505865965 ], [ -71.840185508636495, 42.240985939574557 ], [ -71.840216742931617, 42.240956347541598 ], [ -71.840226052069681, 42.240927506502061 ], [ -71.840279705048118, 42.240904022333581 ], [ -71.840303361228706, 42.24088199911558 ], [ -71.840326451396422, 42.240840768598716 ], [ -71.84036158907854, 42.24080773388183 ], [ -71.840944871313113, 42.241239579136526 ], [ -71.840191395326784, 42.241824257334571 ], [ -71.84089728956593, 42.243078296594604 ], [ -71.839707040181253, 42.243527747244414 ], [ -71.839301743621434, 42.243662722241872 ], [ -71.83835439948399, 42.243957768176976 ], [ -71.838032206673773, 42.24316923931422 ] ] ] ] } },
{ "type": "Feature", "properties": { "ZONECODE": null, "TOWN_ID": "348", "LOCAL_ZONE": null, "highdense": "Y" }, "geometry": { "type": "MultiPolygon", "coordinates": [ [ [ [ -71.799782077690438, 42.239321017023094 ], [ -71.80021929481957, 42.238994007011563 ], [ -71.80043513821424, 42.239147800890471 ], [ -71.800853855842774, 42.239446501173873 ], [ -71.801187162694504, 42.239741994725016 ], [ -71.801554361126477, 42.240077188237045 ], [ -71.801820052919865, 42.240325520284578 ], [ -71.802024928837568, 42.240550001424488 ], [ -71.802095310719551, 42.240643117712828 ], [ -71.802220746351296, 42.240810178867832 ], [ -71.802360117634805, 42.240995041854625 ], [ -71.802495872912658, 42.241196378092589 ], [ -71.802678582092497, 42.241466194632714 ], [ -71.803176125690385, 42.242410923649771 ], [ -71.803860824792494, 42.24382508971852 ], [ -71.802467280144853, 42.245409391066303 ], [ -71.802002322886537, 42.245298791435317 ], [ -71.802409044277837, 42.242637965200778 ], [ -71.802227842565188, 42.242104707594777 ], [ -71.801652071653521, 42.241548475700114 ], [ -71.801508898808279, 42.241631175705372 ], [ -71.799366300336814, 42.239545747767124 ], [ -71.799907021163534, 42.239434572299572 ], [ -71.799782077690438, 42.239321017023094 ] ] ] ] } },
{ "type": "Feature", "properties": { "ZONECODE": null, "TOWN_ID": "348", "LOCAL_ZONE": null, "highdense": "Y" }, "geometry": { "type": "MultiPolygon", "coordinates": [ [ [ [ -71.795262757187089, 42.211609994637499 ], [ -71.795242185151992, 42.211354156756435 ], [ -71.795027848317972, 42.210967298857028 ], [ -71.795129336259691, 42.210922752520538 ], [ -71.795447350979558, 42.210783171142936 ], [ -71.795447393298488, 42.210783156629013 ], [ -71.795982149346045, 42.211471621105112 ], [ -71.797524418586747, 42.210782281355883 ], [ -71.79758182275684, 42.210756623108047 ], [ -71.79758187955693, 42.210756597752081 ], [ -71.798054826443575, 42.211525854640385 ], [ -71.798131868631842, 42.211651162352311 ], [ -71.798588669227925, 42.212394134718416 ], [ -71.798770735379222, 42.212690253830765 ], [ -71.799372303405718, 42.213668645458036 ], [ -71.799392748786815, 42.213701898211539 ], [ -71.799392706479637, 42.213701915427819 ], [ -71.799358530671668, 42.213715813539963 ], [ -71.797417764162702, 42.214505000048753 ], [ -71.795959874740532, 42.215101504253191 ], [ -71.79588120249997, 42.213421602080921 ], [ -71.795561375284166, 42.211775934687843 ], [ -71.795262757187089, 42.211609994637499 ] ] ] ] } },
{ "type": "Feature", "properties": { "ZONECODE": "GB", "TOWN_ID": "278", "LOCAL_ZONE": null, "highdense": "Y" }, "geometry": { "type": "MultiPolygon", "coordinates": [ [ [ [ -72.024301581819614, 42.085674585301149 ], [ -72.024331293491286, 42.085603283489014 ], [ -72.024215612397981, 42.08560587145405 ], [ -72.02423137115143, 42.085576298685517 ], [ -72.024295348429106, 42.085460747514787 ], [ -72.024350450126391, 42.085343864837995 ], [ -72.024382889886667, 42.085270993821098 ], [ -72.024419740289872, 42.085188496839649 ], [ -72.024474729623549, 42.085086021884827 ], [ -72.024956619919081, 42.085264247952978 ], [ -72.025579838398485, 42.08549515409814 ], [ -72.025591295441941, 42.085499398829811 ], [ -72.025652272535538, 42.085522444917878 ], [ -72.02569476779118, 42.085538029178281 ], [ -72.025616206288532, 42.085657764468074 ], [ -72.02560983895367, 42.085667399452333 ], [ -72.025218286414997, 42.086270471032933 ], [ -72.025105784044399, 42.086234148734967 ], [ -72.02420169157584, 42.085911336592176 ], [ -72.024208913441143, 42.085896106651198 ], [ -72.024234766553235, 42.085834242813775 ], [ -72.024243481002486, 42.085813433818991 ], [ -72.024292910904151, 42.085695392300863 ], [ -72.024301581819614, 42.085674585301149 ] ] ] ] } },
{ "type": "Feature", "properties": { "ZONECODE": null, "TOWN_ID": "348", "LOCAL_ZONE": null, "highdense": "Y" }, "geometry": { "type": "MultiPolygon", "coordinates": [ [ [ [ -71.843335266395968, 42.239634954049357 ], [ -71.843415478722974, 42.239588392403874 ], [ -71.843414349937476, 42.239074485337071 ], [ -71.843439673057148, 42.238499458182339 ], [ -71.845393712883691, 42.237968752692908 ], [ -71.845691022041734, 42.238266219340794 ], [ -71.844927516755988, 42.238710659841452 ], [ -71.84548975103985, 42.23922894174963 ], [ -71.844752238629482, 42.239681198447876 ], [ -71.844892426954857, 42.239824158755546 ], [ -71.844838865088363, 42.239949178898854 ], [ -71.844016646122085, 42.240488811559587 ], [ -71.843897968666838, 42.240183881539878 ], [ -71.843335266395968, 42.239634954049357 ] ] ] ] } }
]
}
