{
"type": "FeatureCollection",
"name": "CMRPC_Hexes_PremiumDiscount_260128_v2",
"crs": { "type": "name", "properties": { "name": "urn:ogc:def:crs:OGC:1.3:CRS84" } },
"features": [
{ "type": "Feature", "properties": { "class": "A", "fid": 0 }, "geometry": { "type": "MultiPolygon", "coordinates": [ [ [ [ -71.623995068226492, 42.021849360982081 ], [ -71.621183416237955, 42.01823003505757 ], [ -71.623980939204301, 42.014604674017754 ], [ -71.629589793148298, 42.014598434180932 ], [ -71.632401762906298, 42.01821755537064 ], [ -71.62960456099934, 42.02184312113198 ], [ -71.623995068226492, 42.021849360982081 ] ] ], [ [ [ -71.632704196798088, 42.163109885662564 ], [ -71.629885790433079, 42.159490838811607 ], [ -71.632689042324671, 42.155865342994311 ], [ -71.638310378026532, 42.1558586894364 ], [ -71.641129103463442, 42.159477531637684 ], [ -71.638326174175418, 42.163103232046545 ], [ -71.632704196798088, 42.163109885662564 ] ] ], [ [ [ -71.641161344793659, 42.173966599584539 ], [ -71.638341973929514, 42.170347766075118 ], [ -71.641145222288998, 42.166722069930785 ], [ -71.646767518737448, 42.166715002735856 ], [ -71.649587208672258, 42.170333631580569 ], [ -71.646784283136796, 42.173959532284933 ], [ -71.641161344793659, 42.173966599584539 ] ] ], [ [ [ -71.641225871628421, 42.202944629495221 ], [ -71.638421026821192, 42.206570303449503 ], [ -71.632795196312017, 42.206576957412231 ], [ -71.629974853214392, 42.202957937363138 ], [ -71.632780021068811, 42.199332467967508 ], [ -71.638405209022579, 42.199325814062348 ], [ -71.641209734394792, 42.195700135554354 ], [ -71.646834599301798, 42.195693067941185 ], [ -71.649638482265814, 42.192067180393821 ], [ -71.646817823417663, 42.188448565003185 ], [ -71.64962138716615, 42.184822673012306 ], [ -71.655245286693059, 42.184815191889143 ], [ -71.658048208254087, 42.181189090984184 ], [ -71.663671784662853, 42.18118119629338 ], [ -71.666493081648312, 42.184799402309544 ], [ -71.663690483278558, 42.188425707716831 ], [ -71.6580662646832, 42.18843360260562 ], [ -71.65526302405334, 42.19205969911944 ], [ -71.658084325235293, 42.195678105241306 ], [ -71.655280765463942, 42.199304197306141 ], [ -71.649655581269073, 42.199311678731647 ], [ -71.646851379016809, 42.202937561777709 ], [ -71.641225871628421, 42.202944629495221 ] ] ], [ [ [ -71.607313351234652, 42.108802145046887 ], [ -71.604498801119647, 42.105182447946632 ], [ -71.607301105269954, 42.101557541818508 ], [ -71.612917637861514, 42.101552128088059 ], [ -71.615732506833879, 42.105171620566999 ], [ -71.612930524406025, 42.108796731397703 ], [ -71.607313351234652, 42.108802145046887 ] ] ], [ [ [ -71.607423690677436, 42.174003213029529 ], [ -71.604606242407314, 42.170383552386646 ], [ -71.607411419549152, 42.166758683401724 ], [ -71.613033722624564, 42.166753270406403 ], [ -71.6158514904062, 42.17037272647817 ], [ -71.613046635649795, 42.17399780011641 ], [ -71.607423690677436, 42.174003213029529 ] ] ], [ [ [ -71.621529641744843, 42.199344948257476 ], [ -71.615904450472485, 42.199350774642262 ], [ -71.613098317234318, 42.202975830247212 ], [ -71.6074728032076, 42.202981242830489 ], [ -71.604654064951646, 42.199361599891468 ], [ -71.607460520870589, 42.195736748917938 ], [ -71.604642105221842, 42.192117101466359 ], [ -71.607448241337195, 42.18849224590322 ], [ -71.613072470543329, 42.188486833154805 ], [ -71.615891205922097, 42.192106276052023 ], [ -71.621515754784681, 42.192100449631383 ], [ -71.624335132499652, 42.195719683446612 ], [ -71.621529641744843, 42.199344948257476 ] ] ], [ [ [ -71.613150046041014, 42.231953712894722 ], [ -71.615957458927085, 42.228328676248751 ], [ -71.621585221306802, 42.228322850008261 ], [ -71.62439199112201, 42.224697603946851 ], [ -71.630019430378596, 42.224691363764428 ], [ -71.632840742841111, 42.228310369632965 ], [ -71.638468501897705, 42.228303715498114 ], [ -71.641274305446757, 42.224678055552012 ], [ -71.646901741160349, 42.224670987522003 ], [ -71.649724016344805, 42.228289579334081 ], [ -71.646918536212056, 42.231915443796304 ], [ -71.641290457429562, 42.231922511930293 ], [ -71.638484334154214, 42.235548167091267 ], [ -71.641306613102813, 42.239166958628829 ], [ -71.646935335101219, 42.239159890390937 ], [ -71.649758257339059, 42.242778472367171 ], [ -71.655387299062099, 42.242770990036703 ], [ -71.658192775209514, 42.239144925880595 ], [ -71.655369533320396, 42.235526548539475 ], [ -71.658174689889861, 42.231900479587274 ], [ -71.655351771637356, 42.228282097304934 ], [ -71.658156608701688, 42.224656023614465 ], [ -71.66378404043148, 42.224648127736977 ], [ -71.66660727811545, 42.228266305352427 ], [ -71.672235029203037, 42.228257995429118 ], [ -71.675058909953648, 42.231875963421409 ], [ -71.680686980324779, 42.231867239405624 ], [ -71.683511504214735, 42.235484997701981 ], [ -71.680707638499584, 42.239111684722204 ], [ -71.675078924915425, 42.239120409028949 ], [ -71.672274415913563, 42.242746886882827 ], [ -71.666645378398357, 42.242755197294493 ], [ -71.663840226035475, 42.246381465908996 ], [ -71.666664435070388, 42.249999628544096 ], [ -71.663858974021579, 42.253625895036549 ], [ -71.666683518734047, 42.257244054974684 ], [ -71.663877737167724, 42.260870316866345 ], [ -71.666702606767842, 42.264488471317009 ], [ -71.672333578500556, 42.264480158894386 ], [ -71.675139035104536, 42.260853692902039 ], [ -71.680769681800186, 42.260844966764424 ], [ -71.683595517395005, 42.264462705691528 ], [ -71.68079038590102, 42.268089375758265 ], [ -71.683616546678763, 42.271707109093093 ], [ -71.680811094742282, 42.275333774489852 ], [ -71.675179156794186, 42.27534250248295 ], [ -71.672373059082886, 42.278968959088559 ], [ -71.666740795948499, 42.278977273273206 ], [ -71.663915276349371, 42.275359129971136 ], [ -71.658283333951232, 42.275367029466032 ], [ -71.655458460126724, 42.271748675610617 ], [ -71.649826838539568, 42.271756160462346 ], [ -71.64701944505002, 42.275381999956949 ], [ -71.641387498645543, 42.275389070952777 ], [ -71.638563591482807, 42.271770301713296 ], [ -71.632931966111784, 42.271776958112333 ], [ -71.630123602175345, 42.275402384444739 ], [ -71.624491652208221, 42.275408626940759 ], [ -71.621682642493269, 42.279033844200889 ], [ -71.624505907292331, 42.282653023169402 ], [ -71.621696576247288, 42.286278235509329 ], [ -71.616063655831184, 42.286284064655739 ], [ -71.613253678785512, 42.289909067798149 ], [ -71.616076946703842, 42.293528446013653 ], [ -71.613266648106944, 42.297153444125712 ], [ -71.607632757018735, 42.297158859782108 ], [ -71.6048098107252, 42.293539276772719 ], [ -71.599176241335428, 42.293544277784839 ], [ -71.596364972065558, 42.297168862313214 ], [ -71.590731078299328, 42.29717344918781 ], [ -71.587919162805932, 42.300797824299636 ], [ -71.590741465406069, 42.304417816818471 ], [ -71.58792922791784, 42.308042186743073 ], [ -71.582294363477175, 42.308046359846585 ], [ -71.579472382945681, 42.304426162612131 ], [ -71.573837840647556, 42.304429921070984 ], [ -71.571016506488007, 42.300809513540976 ], [ -71.573829392434249, 42.29718555224715 ], [ -71.579463288434326, 42.297181794154817 ], [ -71.582275528156416, 42.293557623350793 ], [ -71.579454196008442, 42.289937414973174 ], [ -71.582266113734946, 42.286313239045327 ], [ -71.579445105667347, 42.28269302518293 ], [ -71.582256701471778, 42.279068844189133 ], [ -71.579436017410274, 42.275448624899859 ], [ -71.582247291366173, 42.271824438897958 ], [ -71.587878925426992, 42.271820267860832 ], [ -71.59069993126306, 42.275440282412426 ], [ -71.596331887024363, 42.275435696917981 ], [ -71.599153538640238, 42.279055501289911 ], [ -71.604785816027643, 42.279050501291451 ], [ -71.607608113496667, 42.282670095410886 ], [ -71.613240712435683, 42.282664680861785 ], [ -71.616050368003471, 42.279039672746897 ], [ -71.613227749056421, 42.275420283432396 ], [ -71.607595795970369, 42.275425697427906 ], [ -71.604773822802059, 42.271806097840305 ], [ -71.607583481265934, 42.268181289067662 ], [ -71.60476183232403, 42.264561684069754 ], [ -71.607571169382382, 42.260936870445889 ], [ -71.604749844592575, 42.257317260095554 ], [ -71.599119504100884, 42.257322258573744 ], [ -71.596309842963962, 42.260946867908942 ], [ -71.590679178467312, 42.260951452483454 ], [ -71.587858820567689, 42.257331427262791 ], [ -71.590668805635516, 42.253707022242523 ], [ -71.587848771592803, 42.250086991774118 ], [ -71.59065843469341, 42.246462588685098 ], [ -71.587838723069439, 42.242842560212296 ], [ -71.590648065612029, 42.239218152250551 ], [ -71.587828676818702, 42.235598118965193 ], [ -71.590637698898917, 42.231973706019708 ], [ -71.596265786991054, 42.231969121708964 ], [ -71.599074165925472, 42.228344499181496 ], [ -71.596254779573243, 42.224724665620919 ], [ -71.599062838265354, 42.221100038219973 ], [ -71.604689960529129, 42.221095039744093 ], [ -71.607509667049996, 42.224714668798853 ], [ -71.604701931187435, 42.228339500835347 ], [ -71.607521960611109, 42.231959125146489 ], [ -71.613150046041014, 42.231953712894722 ] ], [ [ -71.632901532331701, 42.257288126370426 ], [ -71.630093810540259, 42.260913562265173 ], [ -71.632916747479385, 42.264532547343336 ], [ -71.63854772722064, 42.264525891638129 ], [ -71.641371309715097, 42.268144666381609 ], [ -71.647002610416635, 42.268137596126444 ], [ -71.649809683019171, 42.264511751868461 ], [ -71.646985779637703, 42.260893182034074 ], [ -71.641355124491469, 42.260900251548627 ], [ -71.638531866590839, 42.257281471359036 ], [ -71.632901532331701, 42.257288126370426 ] ], [ [ -71.599096829009042, 42.242833392120893 ], [ -71.604725880708315, 42.242828394034539 ], [ -71.607534256980657, 42.239203571813803 ], [ -71.604713904580166, 42.235583952304054 ], [ -71.599085496173075, 42.235588950520338 ], [ -71.596276796923291, 42.23921356811649 ], [ -71.599096829009042, 42.242833392120893 ] ] ], [ [ [ -71.506200546321637, 42.072629431576864 ], [ -71.5033933583981, 42.069007242113955 ], [ -71.506199831637829, 42.065384798273875 ], [ -71.511813172805944, 42.065384338887974 ], [ -71.514620680538712, 42.06900632398284 ], [ -71.511814527342722, 42.072628972831701 ], [ -71.506200546321637, 42.072629431576864 ] ] ], [ [ [ -71.556732842563378, 42.07986002307171 ], [ -71.553922455611882, 42.076239073433904 ], [ -71.55672636773123, 42.072615392261895 ], [ -71.562340346077789, 42.072612455863741 ], [ -71.565151052254308, 42.076233200998445 ], [ -71.562347460907901, 42.079857087034434 ], [ -71.556732842563378, 42.07986002307171 ] ] ], [ [ [ -71.598848103167512, 42.083453605381784 ], [ -71.596035157921506, 42.079833688960619 ], [ -71.598836827071338, 42.076208976236551 ], [ -71.604451120159865, 42.076203975188669 ], [ -71.607264384119063, 42.079823686992434 ], [ -71.6044630363252, 42.083448604461488 ], [ -71.598848103167512, 42.083453605381784 ] ] ], [ [ [ -71.573585092664786, 42.087095013525705 ], [ -71.570773425499169, 42.083474479855475 ], [ -71.573576695926747, 42.079850388981441 ], [ -71.579191312503752, 42.079846626965633 ], [ -71.582003298747878, 42.083466956091485 ], [ -71.579200349385133, 42.087091251777558 ], [ -71.573585092664786, 42.087095013525705 ] ] ], [ [ [ -71.579218429326332, 42.101580479175496 ], [ -71.573601891881339, 42.101584240387979 ], [ -71.570789582512489, 42.09796371388348 ], [ -71.565173364364142, 42.097967062123942 ], [ -71.562361695430766, 42.094346327495153 ], [ -71.565165925299851, 42.090722449138454 ], [ -71.570781503085541, 42.090719100583506 ], [ -71.573593491316117, 42.094339630699686 ], [ -71.579209388325751, 42.0943358692193 ], [ -71.582022016918444, 42.097956191190569 ], [ -71.579218429326332, 42.101580479175496 ] ] ], [ [ [ -71.598938404524461, 42.141410365613723 ], [ -71.596122886371191, 42.137790479566959 ], [ -71.598927107845086, 42.134165798197166 ], [ -71.604546525576836, 42.134160798172879 ], [ -71.607362363024279, 42.137780479646842 ], [ -71.604558463494584, 42.141405365717894 ], [ -71.598938404524461, 42.141410365613723 ] ] ], [ [ [ -71.590513482768117, 42.145039629226048 ], [ -71.587708300541337, 42.148664097463033 ], [ -71.582087597754366, 42.148668270364261 ], [ -71.579272718628559, 42.145047975250492 ], [ -71.573652335501492, 42.145051734853126 ], [ -71.570838097761396, 42.141431231229774 ], [ -71.57364392343905, 42.137807172503528 ], [ -71.579263665253379, 42.13780341263228 ], [ -71.582078222653962, 42.141423711755877 ], [ -71.587698284055364, 42.14141953863269 ], [ -71.590513482768117, 42.145039629226048 ] ] ], [ [ [ -71.59896100561474, 42.155899475624196 ], [ -71.59614484349899, 42.152279597747885 ], [ -71.598949703780733, 42.148654924794556 ], [ -71.604570404135572, 42.148649925027271 ], [ -71.607386885691, 42.152269598341952 ], [ -71.604582347500724, 42.155894475985562 ], [ -71.59896100561474, 42.155899475624196 ] ] ], [ [ [ -71.573677583202482, 42.166785371675914 ], [ -71.570862380284609, 42.163164880271943 ], [ -71.573669165382569, 42.159540834554853 ], [ -71.579290831574312, 42.159537075489823 ], [ -71.582106354371319, 42.163157362410793 ], [ -71.579299891146292, 42.166781612879838 ], [ -71.573677583202482, 42.166785371675914 ] ] ], [ [ [ -71.58774838934194, 42.177642248114559 ], [ -71.582125119547996, 42.17764642012677 ], [ -71.579318016492081, 42.181270661622982 ], [ -71.573694424604412, 42.181274419880737 ], [ -71.57087857786675, 42.17765393691154 ], [ -71.573686002942893, 42.174029900156384 ], [ -71.579308952785311, 42.174026141629412 ], [ -71.582115735889317, 42.170401895617871 ], [ -71.587738363711708, 42.170397723383246 ], [ -71.590544504917233, 42.166773268188209 ], [ -71.59616681064665, 42.16676868229262 ], [ -71.598983617019556, 42.17038855176763 ], [ -71.596177797980076, 42.174013211662569 ], [ -71.590554850352788, 42.174017797382533 ], [ -71.58774838934194, 42.177642248114559 ] ] ], [ [ [ -71.590565198149278, 42.181262317821066 ], [ -71.596188787821035, 42.181257732276876 ], [ -71.599006238745943, 42.18487759311973 ], [ -71.596199780170394, 42.188502244019908 ], [ -71.599017553481957, 42.192122100460104 ], [ -71.596210775029007, 42.195746746776145 ], [ -71.590585900828302, 42.195751331968502 ], [ -71.587768447467283, 42.192131271020799 ], [ -71.582143893290279, 42.192135442587798 ], [ -71.579327082267255, 42.188515172744935 ], [ -71.582134505348066, 42.18489093582194 ], [ -71.587758417260204, 42.184886764032292 ], [ -71.590565198149278, 42.181262317821066 ] ] ], [ [ [ -71.565262765521325, 42.184901796524784 ], [ -71.570886679429719, 42.184898452068168 ], [ -71.573702848187722, 42.188518930733366 ], [ -71.570894782841492, 42.192142958295214 ], [ -71.565270226667522, 42.192146302435724 ], [ -71.562461518982175, 42.195770120563481 ], [ -71.556836640786841, 42.195773050809365 ], [ -71.554021112664969, 42.192152163290437 ], [ -71.556830142298097, 42.188528549939328 ], [ -71.562454378154229, 42.188525619330527 ], [ -71.565262765521325, 42.184901796524784 ] ] ], [ [ [ -71.638627084880085, 42.30074783766004 ], [ -71.632992875512798, 42.300754496835069 ], [ -71.630183226407084, 42.304379903348689 ], [ -71.624548692145709, 42.304386148433593 ], [ -71.621724453334664, 42.300766986357552 ], [ -71.624534427259945, 42.297141784031567 ], [ -71.630168315226015, 42.297135539593953 ], [ -71.632977642929447, 42.293510128038854 ], [ -71.630153407461151, 42.289891165114547 ], [ -71.632962413835628, 42.286265748575843 ], [ -71.63859533090924, 42.286259090788917 ], [ -71.641419887631997, 42.289877848846722 ], [ -71.647053125885549, 42.289870776369369 ], [ -71.649861161368619, 42.286244946575067 ], [ -71.655494074655763, 42.286237460148321 ], [ -71.658319598482194, 42.289855802728312 ], [ -71.65551188803876, 42.293481836648098 ], [ -71.649878328679975, 42.293489323862445 ], [ -71.647069972090307, 42.297115148719847 ], [ -71.64143608769055, 42.297122221938025 ], [ -71.638627084880085, 42.30074783766004 ] ] ], [ [ [ -71.641468498944633, 42.311610935830544 ], [ -71.64710367608042, 42.311603861130521 ], [ -71.649929854217561, 42.315222391259596 ], [ -71.64712053386846, 42.31884820095916 ], [ -71.649947037269101, 42.322466725184441 ], [ -71.647137395520232, 42.326092529715645 ], [ -71.649964224259065, 42.329711047979146 ], [ -71.655601016194495, 42.329703556825898 ], [ -71.658428491817929, 42.333321864189713 ], [ -71.655618854083599, 42.336947867586723 ], [ -71.649981415188776, 42.336955359527948 ], [ -71.647171130420304, 42.340581153548833 ], [ -71.64999861005964, 42.344199659715002 ], [ -71.655636696061975, 42.344192166985749 ], [ -71.658464822882195, 42.347810462147415 ], [ -71.66410323042814, 42.347802554306682 ], [ -71.666912863923557, 42.344176352139222 ], [ -71.664084415633099, 42.340558261872594 ], [ -71.666893727731576, 42.336932054409878 ], [ -71.672531162385837, 42.33692373317443 ], [ -71.675339827451495, 42.333297316429416 ], [ -71.672511383621469, 42.329679424964731 ], [ -71.666874595925123, 42.329687745318594 ], [ -71.664046798978134, 42.326069642860787 ], [ -71.666855468502703, 42.322443424981223 ], [ -71.672491609389212, 42.322435105508887 ], [ -71.675319727511607, 42.326053003034644 ], [ -71.680956189498559, 42.326044268544997 ], [ -71.683763886578717, 42.322417637457917 ], [ -71.680935447429022, 42.318799944890209 ], [ -71.675299632177101, 42.31880867845156 ], [ -71.672471839687503, 42.315190774922648 ], [ -71.666836345462812, 42.31519909351352 ], [ -71.664009199560141, 42.311580979096334 ], [ -71.658374026437571, 42.311588882763331 ], [ -71.655547527048697, 42.307970557530751 ], [ -71.649912675103096, 42.307978046320486 ], [ -71.647086822154819, 42.304359510345478 ], [ -71.649895499924355, 42.300733690482843 ], [ -71.655529705502602, 42.300726202480853 ], [ -71.65835587962934, 42.304344533553795 ], [ -71.663990406311328, 42.30433663072133 ], [ -71.66679811252456, 42.300710397650462 ], [ -71.672432313869535, 42.300702080822283 ], [ -71.675259455317843, 42.304319996183715 ], [ -71.67245207451478, 42.307946433321874 ], [ -71.675279541446372, 42.31156434279599 ], [ -71.680914710111267, 42.311555610162856 ], [ -71.683721765356168, 42.307928968983795 ], [ -71.680893977543676, 42.304311264478727 ], [ -71.683700711980691, 42.300684618340448 ], [ -71.680873249724613, 42.297066907953614 ], [ -71.683679663426858, 42.293440256913932 ], [ -71.689313213877924, 42.293431112235346 ], [ -71.692140996793839, 42.297048617621613 ], [ -71.697774867829722, 42.297039058066744 ], [ -71.700580309758763, 42.29341199414722 ], [ -71.706213855089871, 42.293402020737958 ], [ -71.709018650877027, 42.289774748037374 ], [ -71.714651870430203, 42.289764360820755 ], [ -71.717456020150252, 42.286136879412119 ], [ -71.723088913852393, 42.286126078435203 ], [ -71.725892417580113, 42.282498388391552 ], [ -71.731524985358206, 42.282487173701384 ], [ -71.734327843168444, 42.278859275095712 ], [ -71.739960084949445, 42.278847646739393 ], [ -71.742790114786033, 42.282463915733381 ], [ -71.748422676337157, 42.282451872455837 ], [ -71.751253348138661, 42.286067931249086 ], [ -71.756886211631866, 42.286055476926606 ], [ -71.75971752192973, 42.289671325432565 ], [ -71.756915650533202, 42.293299833591398 ], [ -71.751282143899999, 42.293312289543302 ], [ -71.748479623307588, 42.296940590428648 ], [ -71.742845769632922, 42.296952636310778 ], [ -71.740042598127644, 42.300580729451461 ], [ -71.734408418158026, 42.300592361574296 ], [ -71.731578055953648, 42.296975899300776 ], [ -71.734381553678418, 42.293348010044355 ], [ -71.740015087437357, 42.293336379177134 ], [ -71.742817939023922, 42.289708281327293 ], [ -71.739987583045348, 42.28609201823452 ], [ -71.734354695349253, 42.286103647846268 ], [ -71.731551517618172, 42.289731541806198 ], [ -71.725918303850094, 42.289742757705028 ], [ -71.723114480053738, 42.293370443050705 ], [ -71.725944196047763, 42.296987116408339 ], [ -71.723140052109898, 42.300614796998254 ], [ -71.717505866130097, 42.300625600299114 ], [ -71.714701075904273, 42.304253072149507 ], [ -71.717530797682429, 42.307869944624997 ], [ -71.723165630022848, 42.30785914016203 ], [ -71.725970094175153, 42.304231464385744 ], [ -71.731604600366708, 42.304220246069306 ], [ -71.734435288790195, 42.307836702320273 ], [ -71.740070115118385, 42.307825068941753 ], [ -71.742901449972933, 42.311441313983288 ], [ -71.748536596362555, 42.311429265496166 ], [ -71.751368570577753, 42.315045299934738 ], [ -71.748565092677339, 42.318673586651002 ], [ -71.742929299708337, 42.318685636440783 ], [ -71.740097638411697, 42.315069397532206 ], [ -71.734462165577028, 42.315081032166525 ], [ -71.731631150859428, 42.311464581996084 ], [ -71.72599599823431, 42.311475801521475 ], [ -71.723191213794635, 42.315103472426301 ], [ -71.717555734945677, 42.315114278051453 ], [ -71.714725687094273, 42.311497411609544 ], [ -71.709090528678118, 42.31150780217196 ], [ -71.706284771579178, 42.315135060291674 ], [ -71.709114498922489, 42.318752131790148 ], [ -71.714750303922159, 42.318741740112273 ], [ -71.717580677921731, 42.322358600462721 ], [ -71.714774926389865, 42.325986057541968 ], [ -71.71760562661261, 42.329602911742946 ], [ -71.714799554499351, 42.333230363782775 ], [ -71.717630581020259, 42.336847211776345 ], [ -71.714824188252521, 42.340474658718904 ], [ -71.709186442614097, 42.34048505374362 ], [ -71.706379402743366, 42.344112291612277 ], [ -71.700741330802472, 42.344122272502318 ], [ -71.697910945884402, 42.340505014454692 ], [ -71.692273194892039, 42.340514580140812 ], [ -71.689443457076464, 42.336897110881232 ], [ -71.683806027107735, 42.336906261409993 ], [ -71.680997687899534, 42.340532882173605 ], [ -71.675359931998301, 42.340541618520071 ], [ -71.672550945683881, 42.344168030022118 ], [ -71.67538004115363, 42.347785909190776 ], [ -71.672570733517148, 42.351412315392011 ], [ -71.66693200450257, 42.351420638390849 ], [ -71.664122049536886, 42.355046835205144 ], [ -71.658482994661838, 42.355054743880807 ], [ -71.655672392292132, 42.358680731235118 ], [ -71.650033011630157, 42.358688225540583 ], [ -71.647204880791264, 42.355069731703544 ], [ -71.641565821894716, 42.355076810850463 ], [ -71.638738338459802, 42.351458105976988 ], [ -71.641549592105193, 42.347832526799543 ], [ -71.638722434159206, 42.344213815784961 ], [ -71.633084344360014, 42.344220479125504 ], [ -71.63025783359636, 42.340601557199896 ], [ -71.633069090814345, 42.336976176761652 ], [ -71.63024290531672, 42.333357248805299 ], [ -71.624605784394603, 42.333363496479897 ], [ -71.621794201984159, 42.336988672758366 ], [ -71.616156755943237, 42.336994506108773 ], [ -71.613344526496462, 42.340619472823569 ], [ -71.607706755410405, 42.340624891802804 ], [ -71.604881860856921, 42.337005343513304 ], [ -71.60769441527431, 42.333380581005315 ], [ -71.604869845617046, 42.329761026784375 ], [ -71.607682077967823, 42.326136258904356 ], [ -71.613318555129183, 42.326130841032892 ], [ -71.616130140665362, 42.322505863620826 ], [ -71.621766292930715, 42.322500031471783 ], [ -71.624577231726747, 42.318874844600678 ], [ -71.621752343201905, 42.315255694075809 ], [ -71.624562960300935, 42.311630501995239 ], [ -71.630198141005494, 42.311624256262959 ], [ -71.633008111586861, 42.307998854848663 ], [ -71.638642967322795, 42.307992194979526 ], [ -71.641468498944633, 42.311610935830544 ] ], [ [ -71.638658853405389, 42.315236541400608 ], [ -71.633023351152843, 42.315243201963931 ], [ -71.630213059022466, 42.318868598221023 ], [ -71.633038594211968, 42.322487538065054 ], [ -71.638674743129044, 42.322480876807504 ], [ -71.641484710142734, 42.318855276400178 ], [ -71.638658853405389, 42.315236541400608 ] ] ], [ [ [ -71.554095292462065, 42.279085558698043 ], [ -71.55690818176457, 42.275461995867715 ], [ -71.562540141545242, 42.27545906737673 ], [ -71.565359857829449, 42.279079701443209 ], [ -71.562547292237781, 42.282703468665581 ], [ -71.556914686601829, 42.28270639742945 ], [ -71.554095292462065, 42.279085558698043 ] ] ], [ [ [ -71.638754246407771, 42.358702384575707 ], [ -71.64158205540636, 42.362321083250109 ], [ -71.63877015800432, 42.365946651465286 ], [ -71.633130125989354, 42.365953316889282 ], [ -71.630317580959058, 42.369578675425274 ], [ -71.624677223378114, 42.369584926338085 ], [ -71.621864030644858, 42.373210075121797 ], [ -71.624691521009069, 42.376829177124662 ], [ -71.630332526366658, 42.376822925564085 ], [ -71.633160664581212, 42.380441816466742 ], [ -71.630347475203379, 42.38406716370411 ], [ -71.624705821920713, 42.384073415912546 ], [ -71.621878005990453, 42.3804543202357 ], [ -71.616236675065878, 42.38046015719128 ], [ -71.613409507060823, 42.376840850434775 ], [ -71.616223347571719, 42.373215911476393 ], [ -71.613396504984294, 42.3695965984463 ], [ -71.616210023135096, 42.3659716538208 ], [ -71.613383505890624, 42.36235233457505 ], [ -71.616196701754987, 42.358727384340369 ], [ -71.621836089570436, 42.358721549187592 ], [ -71.624662929026755, 42.362340663668647 ], [ -71.630302638979416, 42.362334413403573 ], [ -71.633114861946325, 42.358709049305183 ], [ -71.638754246407771, 42.358702384575707 ] ] ], [ [ [ -71.638817914698237, 42.387679380720321 ], [ -71.641647026699673, 42.391298054018833 ], [ -71.63883384090181, 42.394923599614479 ], [ -71.633191217188795, 42.394930267817209 ], [ -71.630377383168906, 42.398555603524294 ], [ -71.624734433590646, 42.398561857028525 ], [ -71.621905966303871, 42.394942774177686 ], [ -71.624720126114198, 42.391317642585797 ], [ -71.630362427470388, 42.391311389729488 ], [ -71.633175939132457, 42.387686048228275 ], [ -71.638817914698237, 42.387679380720321 ] ] ], [ [ [ -71.604966044758115, 42.387715236010791 ], [ -71.599324062921113, 42.387720243615334 ], [ -71.596497540079881, 42.384100527429936 ], [ -71.599312676369934, 42.380476008341411 ], [ -71.604954010206072, 42.380471001244175 ], [ -71.60778085570351, 42.384090512728179 ], [ -71.604966044758115, 42.387715236010791 ] ] ], [ [ [ -71.613448531197733, 42.398573533944862 ], [ -71.607805578482257, 42.398578957356818 ], [ -71.604978082072819, 42.394959458605008 ], [ -71.607793215674178, 42.391334741157713 ], [ -71.613435520166504, 42.39132931829996 ], [ -71.616263339231097, 42.394948612335327 ], [ -71.613448531197733, 42.398573533944862 ] ] ], [ [ [ -71.681018444234226, 42.347777171915823 ], [ -71.683827104616299, 42.344150556400727 ], [ -71.689465181689499, 42.344141404896661 ], [ -71.692295245583793, 42.347758867932335 ], [ -71.689486911282302, 42.35138568743406 ], [ -71.683848186956496, 42.35139483991351 ], [ -71.681018444234226, 42.347777171915823 ] ] ], [ [ [ -71.672630124243852, 42.373145101476162 ], [ -71.666989452576928, 42.373153427120613 ], [ -71.664159700701319, 42.369535361931703 ], [ -71.666970298827749, 42.36590917599738 ], [ -71.664140872960772, 42.362291104452098 ], [ -71.666951149470123, 42.358664913048834 ], [ -71.672590525887188, 42.358656589168191 ], [ -71.675420273296197, 42.362274455808993 ], [ -71.672610322795578, 42.365900851234862 ], [ -71.675440396286604, 42.369518711524812 ], [ -71.672630124243852, 42.373145101476162 ] ] ], [ [ [ -71.650084643578225, 42.380420986169767 ], [ -71.647255535378889, 42.376802511261111 ], [ -71.65006742898143, 42.37317674452909 ], [ -71.647238646643757, 42.369558263253012 ], [ -71.65005021833251, 42.365932490947415 ], [ -71.655690246546712, 42.365924995853732 ], [ -71.658519350723239, 42.369543272277454 ], [ -71.655708104896178, 42.373169248647152 ], [ -71.658537535007881, 42.376787518708959 ], [ -71.655725967341922, 42.380413489499496 ], [ -71.650084643578225, 42.380420986169767 ] ] ], [ [ [ -71.655779579271027, 42.402146139251094 ], [ -71.650136311069588, 42.402153638286698 ], [ -71.647323129076455, 42.405779382145191 ], [ -71.650153541471568, 42.409397831004284 ], [ -71.64734003719677, 42.413023568999563 ], [ -71.6416957943146, 42.413030654078817 ], [ -71.638865704274835, 42.409412000421021 ], [ -71.641679534712296, 42.405786466482695 ], [ -71.638849770760245, 42.402167806220021 ], [ -71.641663278841094, 42.398542266424059 ], [ -71.647306224835845, 42.398535182828226 ], [ -71.650119084620968, 42.394909433164486 ], [ -71.647289324473618, 42.391290971164636 ], [ -71.650101862124288, 42.387665215753515 ], [ -71.655743833885396, 42.387657718294868 ], [ -71.658573916092195, 42.39127597545891 ], [ -71.655761704527947, 42.394901934917385 ], [ -71.658592112894738, 42.398520185545564 ], [ -71.655779579271027, 42.402146139251094 ] ] ], [ [ [ -71.700764354898837, 42.351366552995323 ], [ -71.706403074090574, 42.351356571036277 ], [ -71.709210434837075, 42.347729338375032 ], [ -71.714848827651338, 42.347718942234529 ], [ -71.717655541146641, 42.344091500447114 ], [ -71.723293607510115, 42.344080690172227 ], [ -71.726099673829268, 42.340453039331749 ], [ -71.731737413668696, 42.34044181496958 ], [ -71.734569734313382, 42.34405824023851 ], [ -71.731763994591049, 42.347686094950532 ], [ -71.726125607577785, 42.347697320522137 ], [ -71.723319220606143, 42.351324966201844 ], [ -71.726151547270291, 42.354941590175976 ], [ -71.723344839573073, 42.358569230637059 ], [ -71.717705478563474, 42.358580043237367 ], [ -71.714873472697704, 42.354963214213782 ], [ -71.709234432559413, 42.354973611470172 ], [ -71.706426750864011, 42.358600838866096 ], [ -71.700787384273127, 42.35861082189426 ], [ -71.697956346826217, 42.354993576457332 ], [ -71.700764354898837, 42.351366552995323 ] ] ], [ [ [ -71.706474120696853, 42.373089339279915 ], [ -71.70083345886286, 42.373099324446542 ], [ -71.698001768586948, 42.369482091852213 ], [ -71.700810418927205, 42.365855079083275 ], [ -71.70645043306547, 42.365845094985936 ], [ -71.709282444509739, 42.369462122588281 ], [ -71.706474120696853, 42.373089339279915 ] ] ], [ [ [ -71.672669740766338, 42.387633566018984 ], [ -71.667027773255981, 42.387641893427514 ], [ -71.664197369138307, 42.384023841125334 ], [ -71.667008610719165, 42.380397666302606 ], [ -71.672649930233575, 42.380389339776158 ], [ -71.675480656113578, 42.384007187190413 ], [ -71.672669740766338, 42.387633566018984 ] ] ], [ [ [ -71.689595634002885, 42.387606923895291 ], [ -71.683953671189343, 42.387616081252773 ], [ -71.681122297315156, 42.383998445271757 ], [ -71.683932564666293, 42.380371856867782 ], [ -71.689573879485522, 42.380362700486067 ], [ -71.692405574898387, 42.383980131532603 ], [ -71.689595634002885, 42.387606923895291 ] ] ], [ [ [ -71.767021421971577, 42.017982028396062 ], [ -71.764201812473743, 42.014366205148761 ], [ -71.766991005782742, 42.010737349286032 ], [ -71.772599485649309, 42.01072411251117 ], [ -71.775419411133768, 42.014339730460733 ], [ -71.772630540813537, 42.017968790482833 ], [ -71.767021421971577, 42.017982028396062 ] ] ], [ [ [ -71.848452637196587, 42.035874778457639 ], [ -71.842841956248648, 42.035891733556923 ], [ -71.840055990401552, 42.039522428466071 ], [ -71.842881029679177, 42.043136372204295 ], [ -71.848492350099946, 42.04311941554662 ], [ -71.851277991721702, 42.039488516709184 ], [ -71.856888987844044, 42.039471148104788 ], [ -71.85971498184017, 42.043084676732839 ], [ -71.856929664589487, 42.046715779472208 ], [ -71.859755983029331, 42.050329303931555 ], [ -71.856970350606943, 42.053960404101879 ], [ -71.851358075250559, 42.053977775916493 ], [ -71.848532072055093, 42.05036404595559 ], [ -71.842920112015747, 42.050381004171747 ], [ -71.84009474851149, 42.046767064555453 ], [ -71.834483103863647, 42.046783609219375 ], [ -71.831658379979245, 42.043169460020295 ], [ -71.834444985300905, 42.039538971618207 ], [ -71.83162058549739, 42.035924818349457 ], [ -71.834406875424108, 42.032294327394936 ], [ -71.831582799627142, 42.028680170114221 ], [ -71.834368774230299, 42.025049676664921 ], [ -71.839978500673652, 42.025033136536088 ], [ -71.842802891721135, 42.028647088345004 ], [ -71.848412933341933, 42.028630134804025 ], [ -71.851237963643484, 42.032243877114304 ], [ -71.848452637196587, 42.035874778457639 ] ] ], [ [ [ -72.120813532292317, 42.060077959013455 ], [ -72.126426235014392, 42.060047372288473 ], [ -72.129268449980387, 42.063654220432156 ], [ -72.126497650562158, 42.067291861693626 ], [ -72.129340193513841, 42.070898704568876 ], [ -72.126569082387348, 42.074536343998624 ], [ -72.120955100271786, 42.074566937608139 ], [ -72.118112869100983, 42.070959888345328 ], [ -72.120884308216262, 42.067322451860719 ], [ -72.118042404961002, 42.063715397324096 ], [ -72.120813532292317, 42.060077959013455 ] ] ], [ [ [ -71.918848397645817, 42.075484923325128 ], [ -71.924462552592757, 42.075464243036514 ], [ -71.927293990531027, 42.079076087475919 ], [ -71.92451095892406, 42.082708817868038 ], [ -71.918896163717477, 42.082729500135549 ], [ -71.916112491777582, 42.08636202417663 ], [ -71.910497370956151, 42.086382294408018 ], [ -71.90766656245782, 42.082770038665956 ], [ -71.910450559939278, 42.079137718331019 ], [ -71.91606504042619, 42.079117450031923 ], [ -71.918848397645817, 42.075484923325128 ] ] ], [ [ [ -71.935839945940927, 42.097155746826203 ], [ -71.933007216007454, 42.09354412216792 ], [ -71.935790236426172, 42.08991119079375 ], [ -71.941405660847352, 42.089889680450902 ], [ -71.944238705349008, 42.093501099409821 ], [ -71.941456010910002, 42.097134234410866 ], [ -71.935839945940927, 42.097155746826203 ] ] ], [ [ [ -71.935939398993625, 42.111644836134424 ], [ -71.933106017022482, 42.108033221159097 ], [ -71.935889666795447, 42.104400295311599 ], [ -71.94150637245852, 42.104378780823609 ], [ -71.944340069140083, 42.107990190110471 ], [ -71.941556745496868, 42.111623319573695 ], [ -71.935939398993625, 42.111644836134424 ] ] ], [ [ [ -72.087874364320612, 42.139944931437412 ], [ -72.085031086172819, 42.136337095566383 ], [ -72.087807273375844, 42.132700494766034 ], [ -72.093426410537802, 42.132671526846877 ], [ -72.09627000154309, 42.136279156469904 ], [ -72.093494142577683, 42.139915960259962 ], [ -72.087874364320612, 42.139944931437412 ] ] ], [ [ [ -72.130058529193931, 42.143343133201569 ], [ -72.127284297123325, 42.146980751148135 ], [ -72.130130452919829, 42.150587532251315 ], [ -72.127355908368131, 42.154225147732831 ], [ -72.121734879148164, 42.154255779228571 ], [ -72.118889035905639, 42.150648791796947 ], [ -72.113268319312553, 42.150679008144238 ], [ -72.110423117449415, 42.147071808493791 ], [ -72.113198319500697, 42.143434598804554 ], [ -72.110353446240708, 42.139827393296159 ], [ -72.113128335658985, 42.136190181153211 ], [ -72.118747769785386, 42.136159971603291 ], [ -72.121592955604896, 42.139766970797957 ], [ -72.127212702217321, 42.13973634619331 ], [ -72.130058529193931, 42.143343133201569 ] ] ], [ [ [ -71.741904356537631, 42.050639214055266 ], [ -71.739084722224135, 42.047022794031008 ], [ -71.741876787103905, 42.043394559908876 ], [ -71.747488163468589, 42.043382541438163 ], [ -71.750308113767034, 42.046998757226611 ], [ -71.747516372302101, 42.050627194918519 ], [ -71.741904356537631, 42.050639214055266 ] ] ], [ [ [ -71.764442805679565, 42.072323433720861 ], [ -71.758828886422478, 42.072336267234093 ], [ -71.75600733107585, 42.068720265932306 ], [ -71.758799378303451, 42.065091636350758 ], [ -71.75597814631908, 42.061475630987651 ], [ -71.758769876911188, 42.057846998442336 ], [ -71.764382516174976, 42.057834167113192 ], [ -71.767204064721753, 42.06144996723738 ], [ -71.764412657490936, 42.065078803929566 ], [ -71.767234529471779, 42.068694599997919 ], [ -71.764442805679565, 42.072323433720861 ] ] ], [ [ [ -71.750622321110086, 42.126689509233145 ], [ -71.7478270942172, 42.130317909619649 ], [ -71.742208035424781, 42.130329936080237 ], [ -71.739412166652457, 42.133958129676557 ], [ -71.733792784166653, 42.133969743131374 ], [ -71.730969911581923, 42.130353162370973 ], [ -71.733766103974304, 42.126725173107687 ], [ -71.730943554936317, 42.123108588033624 ], [ -71.733739429867597, 42.119480595081136 ], [ -71.739357530339731, 42.119468982864149 ], [ -71.742180396765548, 42.123085362980731 ], [ -71.747798814552226, 42.123073337185744 ], [ -71.750622321110086, 42.126689509233145 ] ] ], [ [ [ -71.789754970132492, 42.083129199476183 ], [ -71.784140101199512, 42.083143273654784 ], [ -71.781316625210337, 42.079527900611808 ], [ -71.77570207276176, 42.079541561188904 ], [ -71.772879237058547, 42.075925978653686 ], [ -71.775670637269414, 42.072296940815683 ], [ -71.781284549504846, 42.072283281424035 ], [ -71.784107701693912, 42.075898658685006 ], [ -71.789721930342012, 42.075884585738535 ], [ -71.792545722742773, 42.079499753486829 ], [ -71.789754970132492, 42.083129199476183 ] ] ], [ [ [ -71.767386957471501, 42.104917655250716 ], [ -71.764563467207793, 42.10130188032727 ], [ -71.767356457963686, 42.097673059058195 ], [ -71.772972615153762, 42.097659808619618 ], [ -71.77579642226479, 42.101275378311179 ], [ -71.773003755387151, 42.104904403673167 ], [ -71.767386957471501, 42.104917655250716 ] ] ], [ [ [ -71.767447977365606, 42.119406824540654 ], [ -71.764623839269078, 42.115791058479338 ], [ -71.767417463938017, 42.112162243783366 ], [ -71.773034902725399, 42.11214899106681 ], [ -71.775859357813033, 42.115764551907226 ], [ -71.773066057170936, 42.119393570685048 ], [ -71.767447977365606, 42.119406824540654 ] ] ], [ [ [ -71.759124338091937, 42.144782164299571 ], [ -71.756299545042168, 42.141166206786217 ], [ -71.759094762578485, 42.13753761001486 ], [ -71.764714449035495, 42.137524766670907 ], [ -71.767539559438674, 42.141140519005788 ], [ -71.764744666080261, 42.144769319863059 ], [ -71.759124338091937, 42.144782164299571 ] ] ], [ [ [ -71.72542802875391, 42.152098038103425 ], [ -71.722604826603572, 42.14848126122871 ], [ -71.725402295508331, 42.144853487722457 ], [ -71.731022642915875, 42.14484228674818 ], [ -71.733846162816747, 42.148458858708089 ], [ -71.731049017608356, 42.152086836557068 ], [ -71.72542802875391, 42.152098038103425 ] ] ], [ [ [ -71.708469847619298, 42.123151731989324 ], [ -71.705648898060588, 42.119534523711764 ], [ -71.708446060435577, 42.115907147604595 ], [ -71.714063849236723, 42.115896775363467 ], [ -71.716885116477712, 42.11951377875063 ], [ -71.714088277284006, 42.123141359269326 ], [ -71.708469847619298, 42.123151731989324 ] ] ], [ [ [ -71.691702056218261, 42.152159459000764 ], [ -71.688880773128076, 42.148541853871798 ], [ -71.691680171667514, 42.144914905841333 ], [ -71.697300530086949, 42.144905358503557 ], [ -71.700122131368801, 42.148522758810991 ], [ -71.697323056088365, 42.15214991127776 ], [ -71.691702056218261, 42.152159459000764 ] ] ], [ [ [ -71.722757406189459, 42.191948410739649 ], [ -71.717132883833884, 42.191959201718923 ], [ -71.714308380713319, 42.18834224302271 ], [ -71.708684176689417, 42.188352620050047 ], [ -71.705860315823642, 42.184735451784469 ], [ -71.708660340600048, 42.18110811133198 ], [ -71.714283902442361, 42.181097734783016 ], [ -71.717108081640944, 42.184714698208182 ], [ -71.722731961742539, 42.184703907753992 ], [ -71.72555678312159, 42.188320661589252 ], [ -71.722757406189459, 42.191948410739649 ] ] ], [ [ [ -71.894101451098578, 42.158886845301708 ], [ -71.891268341323908, 42.155274222439402 ], [ -71.894056458547681, 42.151642342540669 ], [ -71.899677359521689, 42.151622881806517 ], [ -71.902510785023793, 42.155235299131121 ], [ -71.899722993873311, 42.158867382727507 ], [ -71.894101451098578, 42.158886845301708 ] ] ], [ [ [ -71.781605636051452, 42.144729132929029 ], [ -71.784432029586526, 42.148344465411348 ], [ -71.781637785023307, 42.151973674361614 ], [ -71.776016822405339, 42.151987346796261 ], [ -71.773221936093336, 42.155616348103663 ], [ -71.767600649003157, 42.155629607655314 ], [ -71.764805120867919, 42.159258401246873 ], [ -71.759183509377579, 42.15927124786856 ], [ -71.756358067895576, 42.155655299806028 ], [ -71.759153920357534, 42.152026710289306 ], [ -71.764774890023602, 42.152013864760228 ], [ -71.767570100734417, 42.14838506750695 ], [ -71.773190746074775, 42.148371809094598 ], [ -71.775985315108841, 42.144742804177653 ], [ -71.781605636051452, 42.144729132929029 ] ] ], [ [ [ -71.818155819254144, 42.148255819503426 ], [ -71.815363507633705, 42.151885851425348 ], [ -71.809742560430607, 42.151901177667391 ], [ -71.806949607066642, 42.155531002133856 ], [ -71.809777925839199, 42.159145704291952 ], [ -71.806984655567462, 42.162775525184401 ], [ -71.801362741563977, 42.162790439964375 ], [ -71.798534739772251, 42.159175532525659 ], [ -71.79291314282267, 42.159190033144121 ], [ -71.790118905747832, 42.162819442480803 ], [ -71.784496984032955, 42.162833530216929 ], [ -71.781702104990813, 42.166462731879271 ], [ -71.776079858582605, 42.166476406686066 ], [ -71.773253133233794, 42.162860878644345 ], [ -71.776048336895769, 42.159231881004246 ], [ -71.781669941335579, 42.159218207383553 ], [ -71.784464503102271, 42.155589002048387 ], [ -71.790085782923313, 42.155574915545046 ], [ -71.792879702869243, 42.151945502587715 ], [ -71.79850065799954, 42.15193100324872 ], [ -71.801293936199258, 42.148301382742197 ], [ -71.80691456656686, 42.148286470614607 ], [ -71.809707203094945, 42.14465664263183 ], [ -71.815327508627959, 42.144641317762648 ], [ -71.818155819254144, 42.148255819503426 ] ] ], [ [ [ -72.071145379037318, 42.154519059181325 ], [ -72.076766455097882, 42.154490908391899 ], [ -72.079610076656323, 42.158098938900103 ], [ -72.076832308911619, 42.161735326383713 ], [ -72.079676258790968, 42.165343351012446 ], [ -72.076898177757116, 42.168979735776901 ], [ -72.07127581847125, 42.169007892898058 ], [ -72.06843218195398, 42.165399662088596 ], [ -72.07121059131164, 42.161763480338877 ], [ -72.068367283044594, 42.158155243644536 ], [ -72.071145379037318, 42.154519059181325 ] ] ], [ [ [ -72.037602951244139, 42.176415468139744 ], [ -72.034760897607569, 42.17280640695644 ], [ -72.037541560223744, 42.169171045950954 ], [ -72.043163948560363, 42.169144543024146 ], [ -72.04600631607434, 42.172753398123554 ], [ -72.043225981423134, 42.176388962233538 ], [ -72.037602951244139, 42.176415468139744 ] ] ], [ [ [ -72.071406317466668, 42.183496691759068 ], [ -72.068562024221507, 42.179888472893126 ], [ -72.07134106052122, 42.176252296743286 ], [ -72.076964061639472, 42.176224136455879 ], [ -72.079808668388154, 42.179832149151885 ], [ -72.077029960563905, 42.183468528305106 ], [ -72.071406317466668, 42.183496691759068 ] ] ], [ [ [ -71.747940277423709, 42.159296117594998 ], [ -71.742318653144864, 42.159308146717649 ], [ -71.739494167882427, 42.155691788718933 ], [ -71.742290989248033, 42.152063606553384 ], [ -71.739466827901481, 42.148447244015614 ], [ -71.742263331663864, 42.144819057982055 ], [ -71.747883672906724, 42.144807030190371 ], [ -71.750708150961302, 42.148423189025365 ], [ -71.747911971935665, 42.152051578096199 ], [ -71.750736773975888, 42.155667732404822 ], [ -71.747940277423709, 42.159296117594998 ] ] ], [ [ [ -71.750794039614775, 42.170156793643606 ], [ -71.747968589373045, 42.166540648571235 ], [ -71.750765403526302, 42.162912267316067 ], [ -71.75638733934467, 42.162899833671354 ], [ -71.759213105154402, 42.166515776921791 ], [ -71.756416617478379, 42.170144358952932 ], [ -71.750794039614775, 42.170156793643606 ] ] ], [ [ [ -71.717207324406203, 42.213692657531602 ], [ -71.714381849073703, 42.210075713368866 ], [ -71.717182505214566, 42.206448181496235 ], [ -71.722808312518282, 42.20643738946697 ], [ -71.725634106326481, 42.210054128785437 ], [ -71.722833774404194, 42.213681864977424 ], [ -71.717207324406203, 42.213692657531602 ] ] ], [ [ [ -71.751109468741006, 42.249845983665324 ], [ -71.748308860578376, 42.253474311498167 ], [ -71.742678881501746, 42.253486349567844 ], [ -71.739850156297848, 42.249870057492046 ], [ -71.734220496599022, 42.249881680843217 ], [ -71.731392437158831, 42.246265176955717 ], [ -71.734193718751897, 42.24263725458016 ], [ -71.739822735023608, 42.242625631847197 ], [ -71.742651113080342, 42.246241930871541 ], [ -71.748280447894913, 42.246229893766525 ], [ -71.751109468741006, 42.249845983665324 ] ] ], [ [ [ -71.734247323494955, 42.257126094686868 ], [ -71.731445425010406, 42.260754006882792 ], [ -71.725814794316037, 42.260765217947579 ], [ -71.723012250357016, 42.264392921738164 ], [ -71.725840662815131, 42.268009618397095 ], [ -71.723037799006036, 42.271637317663185 ], [ -71.717406196990439, 42.271648116316555 ], [ -71.714602687484486, 42.275275607052116 ], [ -71.708970759767553, 42.275285992038654 ], [ -71.706142987302371, 42.271668885174705 ], [ -71.700511379728468, 42.271678855379228 ], [ -71.697684252959604, 42.268061537754718 ], [ -71.692052965603622, 42.268071093223725 ], [ -71.689226484458217, 42.264453564911477 ], [ -71.692030970399614, 42.260826686178845 ], [ -71.689204814510092, 42.257209152279877 ], [ -71.692008980229573, 42.253582268987252 ], [ -71.697638976631737, 42.253572715560701 ], [ -71.700442497269478, 42.249945623737446 ], [ -71.70607216847641, 42.249935656733108 ], [ -71.708898964202575, 42.253552780491795 ], [ -71.706095769142536, 42.257180076337178 ], [ -71.708922890580169, 42.260797194526276 ], [ -71.714553527051677, 42.260786811769449 ], [ -71.717356396635054, 42.257159311938281 ], [ -71.714528955272783, 42.253542398849703 ], [ -71.717331505454979, 42.249914894550614 ], [ -71.722961171128532, 42.249904099372579 ], [ -71.725788931736531, 42.25352080735081 ], [ -71.731418917031576, 42.253509597494293 ], [ -71.734247323494955, 42.257126094686868 ] ] ], [ [ [ -71.663280097444428, 42.029044585291985 ], [ -71.666075696255078, 42.02541819777904 ], [ -71.671685498903614, 42.025409894724589 ], [ -71.674500341736831, 42.029027978936774 ], [ -71.671705064639937, 42.032654571046514 ], [ -71.666094622947512, 42.032662874347295 ], [ -71.663280097444428, 42.029044585291985 ] ] ], [ [ [ -71.680604394804121, 42.20288936250396 ], [ -71.674978895815542, 42.20289808535528 ], [ -71.672156309748033, 42.199280097989252 ], [ -71.666531129752343, 42.199288406934919 ], [ -71.663709186163928, 42.195670210154624 ], [ -71.666512103528447, 42.192043909143948 ], [ -71.6721366411182, 42.192035600442885 ], [ -71.674958903700457, 42.195653592507874 ], [ -71.68058376021051, 42.195644869947863 ], [ -71.683406665197722, 42.199262652577929 ], [ -71.680604394804121, 42.20288936250396 ] ] ], [ [ [ -71.672195660485301, 42.213769065489551 ], [ -71.674998892496859, 42.21014256898593 ], [ -71.680625034110733, 42.210133845843387 ], [ -71.68344858643627, 42.213751618913321 ], [ -71.680645678131981, 42.217378319850575 ], [ -71.675018893745928, 42.217387043284269 ], [ -71.672195660485301, 42.213769065489551 ] ] ], [ [ [ -71.646868162564047, 42.21018204639708 ], [ -71.649672684177261, 42.206556167910215 ], [ -71.655298510926272, 42.206548686333669 ], [ -71.658120458714066, 42.210167083093033 ], [ -71.65531626044168, 42.213793166086369 ], [ -71.649689790991729, 42.213800647813862 ], [ -71.646868162564047, 42.21018204639708 ] ] ], [ [ [ -71.689139893795129, 42.235475859547037 ], [ -71.691943116297907, 42.23184896343345 ], [ -71.697571181801891, 42.231839411477161 ], [ -71.70039666796545, 42.235456755249977 ], [ -71.697593769612453, 42.239083855733881 ], [ -71.691965060897104, 42.239093408074631 ], [ -71.689139893795129, 42.235475859547037 ] ] ], [ [ [ -71.689269839239245, 42.278942359445388 ], [ -71.692096971120435, 42.282559876410446 ], [ -71.689291524075529, 42.286186741116218 ], [ -71.683658619693034, 42.28619588482006 ], [ -71.680852526652444, 42.289822540703248 ], [ -71.675219296861087, 42.289831270552142 ], [ -71.672392806155116, 42.286213343589878 ], [ -71.675199224529678, 42.282586891764382 ], [ -71.680831808325522, 42.282578162843414 ], [ -71.683637580777557, 42.278951502174536 ], [ -71.689269839239245, 42.278942359445388 ] ] ], [ [ [ -71.740152703914802, 42.329558021550504 ], [ -71.742957155823575, 42.32592994782474 ], [ -71.748593595519964, 42.325917896732221 ], [ -71.751426221213578, 42.329533918628599 ], [ -71.748622104892689, 42.333162195623935 ], [ -71.742985018320866, 42.333174248019326 ], [ -71.740152703914802, 42.329558021550504 ] ] ], [ [ [ -71.975966704312555, 42.205666519244261 ], [ -71.978752184374486, 42.202032610411379 ], [ -71.984377523678177, 42.202008999078963 ], [ -71.987218025678899, 42.20561929427133 ], [ -71.984432873307782, 42.209253406525917 ], [ -71.978806891196186, 42.209277020166532 ], [ -71.975966704312555, 42.205666519244261 ] ] ], [ [ [ -71.959194629258789, 42.220224104211852 ], [ -71.953567664281408, 42.220246479655529 ], [ -71.950728423630366, 42.216635361698017 ], [ -71.945101774283927, 42.216657322193278 ], [ -71.942263176669087, 42.213045992818607 ], [ -71.945050912718486, 42.209412908581086 ], [ -71.950676919101852, 42.209390950207222 ], [ -71.95351583234995, 42.213002073949575 ], [ -71.959142154292806, 42.212979700674111 ], [ -71.961981710501632, 42.216590612978983 ], [ -71.959194629258789, 42.220224104211852 ] ] ], [ [ [ -72.170240325622927, 42.222807698718313 ], [ -72.173015410535498, 42.219169088292688 ], [ -72.178642167792447, 42.219135942574638 ], [ -72.181494482913791, 42.222741403553215 ], [ -72.178719728237567, 42.226380216661077 ], [ -72.173092328154695, 42.226413366108297 ], [ -72.170240325622927, 42.222807698718313 ] ] ], [ [ [ -72.204163668969301, 42.237093996655219 ], [ -72.206937432055, 42.233454575661689 ], [ -72.212565438916215, 42.233419766664916 ], [ -72.215420325750159, 42.237024374745019 ], [ -72.212646893488525, 42.240663998313387 ], [ -72.207018243519926, 42.240698811226991 ], [ -72.204163668969301, 42.237093996655219 ] ] ], [ [ [ -72.038217633121008, 42.248859185418972 ], [ -72.035372296404375, 42.245250185907409 ], [ -72.038156101724297, 42.241614856711557 ], [ -72.035311093656958, 42.238005850772076 ], [ -72.038094584386883, 42.234370518135648 ], [ -72.043722754585872, 42.234343988385014 ], [ -72.046568077169354, 42.237952788289256 ], [ -72.04378491508669, 42.241588323979215 ], [ -72.046630566390576, 42.245197117460911 ], [ -72.043847089793829, 42.24883264970466 ], [ -72.038217633121008, 42.248859185418972 ] ] ], [ [ [ -71.942465429436083, 42.242023575083373 ], [ -71.945254428742714, 42.238390505845629 ], [ -71.950883007860256, 42.238368538985355 ], [ -71.953723231173228, 42.241979639241009 ], [ -71.950934559498435, 42.245612911967299 ], [ -71.94530533682979, 42.245634880949495 ], [ -71.942465429436083, 42.242023575083373 ] ] ], [ [ [ -71.815507585878919, 42.18086390081028 ], [ -71.818301164975566, 42.177233883322167 ], [ -71.823924355044497, 42.177218138660173 ], [ -71.826754608296142, 42.180832410066429 ], [ -71.823961354552509, 42.184462631445115 ], [ -71.818337522155318, 42.184478377527007 ], [ -71.815507585878919, 42.18086390081028 ] ] ], [ [ [ -71.858400398187712, 42.307517001294443 ], [ -71.86119709074687, 42.303886033003316 ], [ -71.866831509837013, 42.303868187031689 ], [ -71.869669879808882, 42.307481307113108 ], [ -71.866873513752452, 42.311112478782832 ], [ -71.861238451172341, 42.311130326992675 ], [ -71.858400398187712, 42.307517001294443 ] ] ], [ [ [ -71.824852331938089, 42.358327333316346 ], [ -71.827653187896189, 42.35469721992601 ], [ -71.833292132702937, 42.3546810172991 ], [ -71.836130866030629, 42.358294926010153 ], [ -71.833330336663195, 42.361925242834538 ], [ -71.827690747328219, 42.361941447513935 ], [ -71.824852331938089, 42.358327333316346 ] ] ], [ [ [ -71.88421857816796, 42.383499502542101 ], [ -71.887017144891431, 42.37986796567219 ], [ -71.892658313156019, 42.379848851439498 ], [ -71.895501559681747, 42.383461271695701 ], [ -71.892703320582484, 42.387093011813313 ], [ -71.887061507284059, 42.387112128427148 ], [ -71.88421857816796, 42.383499502542101 ] ] ], [ [ [ -71.900317194651834, 42.253045068258494 ], [ -71.903109091167067, 42.249413041001198 ], [ -71.908738663579769, 42.249393141339382 ], [ -71.911576981984709, 42.253005266672666 ], [ -71.908785412796021, 42.256637495602924 ], [ -71.903155197915922, 42.256657397631095 ], [ -71.900317194651834, 42.253045068258494 ] ] ], [ [ [ -71.959614846718509, 42.278178879454465 ], [ -71.962404453911645, 42.27454543127088 ], [ -71.968036235567325, 42.274522623435026 ], [ -71.970879052859956, 42.278133260984234 ], [ -71.968089773180381, 42.281766912283373 ], [ -71.962457348645614, 42.2817897229179 ], [ -71.959614846718509, 42.278178879454465 ] ] ], [ [ [ -71.968357644677951, 42.317988196614365 ], [ -71.971148501890497, 42.314354565175414 ], [ -71.976783815062035, 42.314331327455903 ], [ -71.979628914658392, 42.317941718328505 ], [ -71.976838385484982, 42.321575552827881 ], [ -71.971202428626995, 42.321598793394408 ], [ -71.968357644677951, 42.317988196614365 ] ] ], [ [ [ -72.120518134801017, 42.317267320253762 ], [ -72.123300222736162, 42.31362999424411 ], [ -72.128935400319548, 42.313599288371115 ], [ -72.131789134777279, 42.317205905213967 ], [ -72.129007377471325, 42.320843434056108 ], [ -72.123371555029266, 42.320874143223094 ], [ -72.120518134801017, 42.317267320253762 ] ] ], [ [ [ -71.697729550020853, 42.282550318898672 ], [ -71.700534351144753, 42.278923245443295 ], [ -71.706166604489979, 42.278913274170591 ], [ -71.708994702581094, 42.282530375285091 ], [ -71.706190227085187, 42.286157652730253 ], [ -71.700557327820917, 42.286167625071201 ], [ -71.697729550020853, 42.282550318898672 ] ] ], [ [ [ -72.061441413194075, 42.328437876910819 ], [ -72.064227386305845, 42.324801991461619 ], [ -72.06986358593835, 42.324774182501812 ], [ -72.072714457508724, 42.328382256024618 ], [ -72.069928814375288, 42.332018344465062 ], [ -72.064291969643918, 42.332046156391584 ], [ -72.061441413194075, 42.328437876910819 ] ] ], [ [ [ -71.94312403503568, 42.336199301308874 ], [ -71.945917139705131, 42.332566296070887 ], [ -71.951554080472945, 42.332544295049104 ], [ -71.954398560583329, 42.336155296558182 ], [ -71.951605783814117, 42.339788504913919 ], [ -71.945968198985128, 42.339810508642969 ], [ -71.94312403503568, 42.336199301308874 ] ] ], [ [ [ -72.188458932295617, 42.345858597007293 ], [ -72.191238371063548, 42.342219649087916 ], [ -72.196876059743985, 42.34218561274745 ], [ -72.19973495503281, 42.345790520656934 ], [ -72.196955848075433, 42.349429671194351 ], [ -72.191317513969423, 42.349463711204386 ], [ -72.188458932295617, 42.345858597007293 ] ] ], [ [ [ -71.926309850269305, 42.350751655996412 ], [ -71.929104559671416, 42.347119070291306 ], [ -71.934742800233835, 42.347097893255977 ], [ -71.937586975705088, 42.35070929931176 ], [ -71.934792594135459, 42.354342088170974 ], [ -71.92915370921294, 42.35436326782046 ], [ -71.926309850269305, 42.350751655996412 ] ] ], [ [ [ -71.81939612830935, 42.394564126392268 ], [ -71.816556724477621, 42.390949834768662 ], [ -71.810914547105739, 42.39096521768009 ], [ -71.808075788468756, 42.387350713542119 ], [ -71.810878888704323, 42.383721031911428 ], [ -71.81652042095422, 42.383705650959662 ], [ -71.819359498041308, 42.387319949679032 ], [ -71.825001348666291, 42.387304152780601 ], [ -71.827841070872836, 42.390918238965277 ], [ -71.825038624128823, 42.394548327487243 ], [ -71.81939612830935, 42.394564126392268 ] ] ], [ [ [ -71.774256065393971, 42.39468055728684 ], [ -71.777061427535784, 42.391051705270947 ], [ -71.782703620472546, 42.391037982325649 ], [ -71.785541096493361, 42.394653109623881 ], [ -71.782736060658067, 42.398282165188 ], [ -71.777093222446126, 42.398295889905761 ], [ -71.774256065393971, 42.39468055728684 ] ] ], [ [ [ -71.884615345114256, 42.448696472880286 ], [ -71.887461225583763, 42.452309031113899 ], [ -71.884659480767311, 42.455940516403757 ], [ -71.879011527198173, 42.455959240242606 ], [ -71.876165964936746, 42.452346476454913 ], [ -71.870518329649073, 42.452364783740713 ], [ -71.867673413830389, 42.448751806664561 ], [ -71.870475814966142, 42.445120727836503 ], [ -71.867631227158114, 42.441507743058317 ], [ -71.870433310007542, 42.437876658823193 ], [ -71.876079652704632, 42.437858356116223 ], [ -71.87892455872408, 42.441471135355194 ], [ -71.876122803884428, 42.445102422840229 ], [ -71.878968037986951, 42.448715194382622 ], [ -71.884615345114256, 42.448696472880286 ] ] ], [ [ [ -71.963358410162641, 42.404940978998837 ], [ -71.960510330171374, 42.401330256567917 ], [ -71.96330530956908, 42.397696881705073 ], [ -71.968948040204737, 42.397674026254194 ], [ -71.971796436779499, 42.401284542862925 ], [ -71.969001786184393, 42.404918120744576 ], [ -71.963358410162641, 42.404940978998837 ] ] ], [ [ [ -72.096010875440385, 42.407952621486494 ], [ -72.098798364314462, 42.404315964050291 ], [ -72.104441637453462, 42.404286462175719 ], [ -72.107298068384623, 42.407893614580807 ], [ -72.104510910770031, 42.411530474850217 ], [ -72.098866990915383, 42.411559979881496 ], [ -72.096010875440385, 42.407952621486494 ] ] ], [ [ [ -71.910239970452082, 42.481206840818842 ], [ -71.91304136570848, 42.477574757080944 ], [ -71.918691238524872, 42.477554364041872 ], [ -71.9215403630635, 42.481166052215798 ], [ -71.918739296786086, 42.484798339053128 ], [ -71.913088776941592, 42.484818734617221 ], [ -71.910239970452082, 42.481206840818842 ] ] ], [ [ [ -71.884571219557785, 42.441452416189158 ], [ -71.887372328177264, 42.437820920120323 ], [ -71.893018660854111, 42.437801786831926 ], [ -71.895864531079866, 42.44141414722948 ], [ -71.893063750690629, 42.445045846500584 ], [ -71.887416771796012, 42.445064982171999 ], [ -71.884571219557785, 42.441452416189158 ] ] ], [ [ [ -71.850771710566406, 42.456048705350639 ], [ -71.853575404521763, 42.452418044056095 ], [ -71.859223049392199, 42.452400567541545 ], [ -71.862067646778797, 42.456013750125692 ], [ -71.859264280764108, 42.459644614706427 ], [ -71.853615989372699, 42.459662093416945 ], [ -71.850771710566406, 42.456048705350639 ] ] ], [ [ [ -71.896046266013329, 42.470390275455856 ], [ -71.893244213244159, 42.47402195291474 ], [ -71.887594647995883, 42.474041098120722 ], [ -71.884747782377161, 42.470428563483658 ], [ -71.887550163680203, 42.466797089204292 ], [ -71.893199082117548, 42.466777946382308 ], [ -71.896046266013329, 42.470390275455856 ] ] ], [ [ [ -71.86784225707153, 42.47772792825964 ], [ -71.862192353470192, 42.477745828011138 ], [ -71.859346771814344, 42.474132668898186 ], [ -71.862150775060698, 42.470501815525466 ], [ -71.867800031771807, 42.470483918017408 ], [ -71.870645932077295, 42.474096871638743 ], [ -71.86784225707153, 42.47772792825964 ] ] ], [ [ [ -71.8679689909751, 42.499459876735472 ], [ -71.862317145812142, 42.499477783218666 ], [ -71.859470579204384, 42.495864648100145 ], [ -71.862275538842638, 42.492233811973819 ], [ -71.867926736669872, 42.492215907734739 ], [ -71.870773622145052, 42.495828837378006 ], [ -71.8679689909751, 42.499459876735472 ] ] ] ] } },
{ "type": "Feature", "properties": { "class": "B", "fid": 1 }, "geometry": { "type": "MultiPolygon", "coordinates": [ [ [ [ -71.624009200466048, 42.029094041615387 ], [ -71.621197227417738, 42.025474718865738 ], [ -71.623995068226492, 42.021849360982081 ], [ -71.62960456099934, 42.02184312113198 ], [ -71.632401762906298, 42.01821755537064 ], [ -71.638010934546799, 42.018210902934214 ], [ -71.640807497625318, 42.014585129368001 ], [ -71.646416348061322, 42.014578064391884 ], [ -71.64922927419795, 42.018196772875477 ], [ -71.654838442111554, 42.018189295253158 ], [ -71.657652007074972, 42.021807795718885 ], [ -71.663261492392792, 42.021799905403796 ], [ -71.666075696255078, 42.02541819777904 ], [ -71.663280097444428, 42.029044585291985 ], [ -71.657669973154768, 42.0290524758068 ], [ -71.654856086696142, 42.025433978608959 ], [ -71.649246279882775, 42.025441456384385 ], [ -71.646433032396487, 42.021822751116623 ], [ -71.640823543132839, 42.021829816199265 ], [ -71.638026662430818, 42.025455586656122 ], [ -71.632416851889289, 42.02546223915239 ], [ -71.629619332213267, 42.029087801752141 ], [ -71.63243194430855, 42.032706916545642 ], [ -71.629634106791244, 42.036332475926081 ], [ -71.624023335924022, 42.036338715802387 ], [ -71.62121104174264, 42.032719396285202 ], [ -71.624009200466048, 42.029094041615387 ] ] ], [ [ [ -71.632447040165246, 42.03995158743507 ], [ -71.638058128945602, 42.039944934819367 ], [ -71.640871701584487, 42.043563838247493 ], [ -71.638073867578825, 42.047189599030027 ], [ -71.632462139460557, 42.047196251705302 ], [ -71.629648884734422, 42.043577143538478 ], [ -71.632447040165246, 42.03995158743507 ] ] ], [ [ [ -71.657741878408487, 42.058031130547349 ], [ -71.654944369925076, 42.06165729725889 ], [ -71.657759864962543, 42.065275777252971 ], [ -71.654962038641685, 42.068901940555627 ], [ -71.657777855615677, 42.07252041693603 ], [ -71.663391816795723, 42.072512525224504 ], [ -71.666208273688653, 42.076130793149808 ], [ -71.663410451541395, 42.079757157570455 ], [ -71.65779585036924, 42.079765049481161 ], [ -71.654997388156744, 42.083391205792871 ], [ -71.649382464900455, 42.083398684790353 ], [ -71.646566643971056, 42.079780007323642 ], [ -71.649365428194571, 42.076154055617096 ], [ -71.646549929203033, 42.072535374473503 ], [ -71.649348395370978, 42.068909419248087 ], [ -71.64653321824369, 42.065290734485274 ], [ -71.640919892955893, 42.065297800205272 ], [ -71.638105355603045, 42.06167890713273 ], [ -71.632492348371741, 42.061685559926858 ], [ -71.629678450720988, 42.058066458617226 ], [ -71.632477242195662, 42.054440909241023 ], [ -71.638089609797561, 42.054434256506255 ], [ -71.640903825505575, 42.058053153088302 ], [ -71.64651651109169, 42.058046087474317 ], [ -71.649314341365269, 42.054420125384354 ], [ -71.654926705233919, 42.05441264699725 ], [ -71.657741878408487, 42.058031130547349 ] ] ], [ [ [ -71.607288862096425, 42.09431293098968 ], [ -71.604474955206314, 42.090693226422367 ], [ -71.607276621713112, 42.087068312675854 ], [ -71.612891873583322, 42.087062898783195 ], [ -71.615692899875299, 42.083437776595204 ], [ -71.621307830170423, 42.083431949649174 ], [ -71.624122374339052, 42.087051244925455 ], [ -71.62132166969495, 42.090676571806377 ], [ -71.615706099185701, 42.090682398718087 ], [ -71.612904754254302, 42.094307517178073 ], [ -71.607288862096425, 42.09431293098968 ] ] ], [ [ [ -71.632537687557516, 42.083419469731389 ], [ -71.638152614552183, 42.083412816759626 ], [ -71.640968117280877, 42.087031698957773 ], [ -71.638168374716884, 42.090657438833112 ], [ -71.632552807509228, 42.0906640918639 ], [ -71.629737623127212, 42.08704500496038 ], [ -71.632537687557516, 42.083419469731389 ] ] ], [ [ [ -71.646667012633984, 42.123247648061117 ], [ -71.649484766737842, 42.126866302255365 ], [ -71.646683754099129, 42.130492227712679 ], [ -71.64950183065686, 42.134110877826288 ], [ -71.646700499383357, 42.13773679930258 ], [ -71.641080769048685, 42.137743866077869 ], [ -71.638278796539396, 42.141369578933457 ], [ -71.63265874374919, 42.141376232374867 ], [ -71.629841304753285, 42.137757172902326 ], [ -71.632643599644709, 42.134131664654731 ], [ -71.638263011198688, 42.134125011271699 ], [ -71.641064664926873, 42.130499294382801 ], [ -71.638247229458244, 42.126880435490428 ], [ -71.641048564477884, 42.123254714626015 ], [ -71.638231451316827, 42.119635851705141 ], [ -71.632613321796399, 42.119642504971132 ], [ -71.629796849505681, 42.116023433396329 ], [ -71.632598188050196, 42.112397913238617 ], [ -71.629782037847122, 42.108778837745135 ], [ -71.632583057754374, 42.105153313732941 ], [ -71.638199905826184, 42.105146660584374 ], [ -71.641016374593249, 42.108765531389217 ], [ -71.638215676773214, 42.112391260031302 ], [ -71.641032467700413, 42.116010126923001 ], [ -71.646650274986641, 42.116003060463399 ], [ -71.649467706710439, 42.119621718680598 ], [ -71.646667012633984, 42.123247648061117 ] ] ], [ [ [ -71.607337851541388, 42.123291328240505 ], [ -71.604534590381405, 42.126916222507766 ], [ -71.607350105885345, 42.130535907974831 ], [ -71.612969201673209, 42.130530494570081 ], [ -71.615785358268496, 42.134149971445026 ], [ -71.621404773130848, 42.134144144741377 ], [ -71.624221570890128, 42.1377634129515 ], [ -71.621418634761682, 42.141388712484883 ], [ -71.61579857866198, 42.141394539153481 ], [ -71.612982099976861, 42.137775066323755 ], [ -71.607362363024279, 42.137780479646842 ], [ -71.604546525576836, 42.134160798172879 ], [ -71.598927107845086, 42.134165798197166 ], [ -71.596122886371191, 42.137790479566959 ], [ -71.598938404524461, 42.141410365613723 ], [ -71.604558463494584, 42.141405365717894 ], [ -71.607374622959185, 42.14502504314104 ], [ -71.612995001222799, 42.145019629899743 ], [ -71.615811802071462, 42.148639098626553 ], [ -71.613007905412061, 42.152264185182524 ], [ -71.61582502849798, 42.155883649748716 ], [ -71.613020812545656, 42.159508732056594 ], [ -71.615838257942528, 42.163128192404429 ], [ -71.621460238632793, 42.163122365841495 ], [ -71.624264132200679, 42.159497078895406 ], [ -71.621446367511581, 42.155877823150448 ], [ -71.624249941860327, 42.152252531950779 ], [ -71.62987095848986, 42.152246291878441 ], [ -71.632673891308784, 42.148620791859884 ], [ -71.638294585481589, 42.148614138360188 ], [ -71.641112988315712, 42.152232984820813 ], [ -71.638310378026532, 42.1558586894364 ], [ -71.632689042324671, 42.155865342994311 ], [ -71.629885790433079, 42.159490838811607 ], [ -71.632704196798088, 42.163109885662564 ], [ -71.638326174175418, 42.163103232046545 ], [ -71.641145222288998, 42.166722069930785 ], [ -71.638341973929514, 42.170347766075118 ], [ -71.641161344793659, 42.173966599584539 ], [ -71.63835777729004, 42.177592291406548 ], [ -71.641177470978661, 42.181211120483468 ], [ -71.638373584258233, 42.184836807925279 ], [ -71.632749680975024, 42.184843461715076 ], [ -71.629945152065844, 42.188468940149242 ], [ -71.624320925956539, 42.188475180277827 ], [ -71.621501870994479, 42.184855941961189 ], [ -71.61587796439494, 42.184861768417534 ], [ -71.613059551622385, 42.181242321071061 ], [ -71.607435964606466, 42.181247733901891 ], [ -71.604630148221787, 42.184872593996779 ], [ -71.607448241337195, 42.18849224590322 ], [ -71.604642105221842, 42.192117101466359 ], [ -71.599017553481957, 42.192122100460104 ], [ -71.596199780170394, 42.188502244019908 ], [ -71.599006238745943, 42.18487759311973 ], [ -71.596188787821035, 42.181257732276876 ], [ -71.590565198149278, 42.181262317821066 ], [ -71.587758417260204, 42.184886764032292 ], [ -71.582134505348066, 42.18489093582194 ], [ -71.579318016492081, 42.181270661622982 ], [ -71.582125119547996, 42.17764642012677 ], [ -71.58774838934194, 42.177642248114559 ], [ -71.590554850352788, 42.174017797382533 ], [ -71.596177797980076, 42.174013211662569 ], [ -71.598983617019556, 42.17038855176763 ], [ -71.604606242407314, 42.170383552386646 ], [ -71.607423690677436, 42.174003213029529 ], [ -71.613046635649795, 42.17399780011641 ], [ -71.6158514904062, 42.17037272647817 ], [ -71.613033722624564, 42.166753270406403 ], [ -71.607411419549152, 42.166758683401724 ], [ -71.604594293590992, 42.163139018477189 ], [ -71.607399151220676, 42.159514145134018 ], [ -71.604582347500724, 42.155894475985562 ], [ -71.607386885691, 42.152269598341952 ], [ -71.604570404135572, 42.148649925027271 ], [ -71.598949703780733, 42.148654924794556 ], [ -71.59614484349899, 42.152279597747885 ], [ -71.5905238211257, 42.152284183994446 ], [ -71.587708300541337, 42.148664097463033 ], [ -71.590513482768117, 42.145039629226048 ], [ -71.587698284055364, 42.14141953863269 ], [ -71.590503146768228, 42.137795066164031 ], [ -71.58768826985353, 42.134174971566409 ], [ -71.590492813125252, 42.130550494923895 ], [ -71.596111911562602, 42.130545908151724 ], [ -71.598915813741655, 42.126921222660364 ], [ -71.596100939256388, 42.123301328673939 ], [ -71.598904522213346, 42.119676639118858 ], [ -71.604522657907353, 42.119671638838042 ], [ -71.607325599991498, 42.116046740559376 ], [ -71.612943413888786, 42.116041326991557 ], [ -71.615745715173688, 42.112416220062187 ], [ -71.621363207201711, 42.112410393254052 ], [ -71.624179038694621, 42.116029673410054 ], [ -71.621377059351929, 42.119654985010484 ], [ -71.615758926525373, 42.119660811783888 ], [ -71.612956306310863, 42.12328591475417 ], [ -71.607337851541388, 42.123291328240505 ] ], [ [ -71.621474112919628, 42.170366899950672 ], [ -71.624292522597514, 42.173986147096912 ], [ -71.629915464475161, 42.173979906990553 ], [ -71.632719354730142, 42.170354419749152 ], [ -71.62990062576111, 42.166735377220817 ], [ -71.624278325779386, 42.166741617315957 ], [ -71.621474112919628, 42.170366899950672 ] ] ], [ [ [ -71.691265311910612, 42.007266951946207 ], [ -71.696873510526103, 42.007257411939705 ], [ -71.699688982547727, 42.010874884763723 ], [ -71.696895939180791, 42.014502102521192 ], [ -71.691287101887681, 42.014511642914108 ], [ -71.688471946687628, 42.010893965163156 ], [ -71.691265311910612, 42.007266951946207 ] ] ], [ [ [ -71.674500341736831, 42.029027978936774 ], [ -71.671685498903614, 42.025409894724589 ], [ -71.674480458742991, 42.021783299541305 ], [ -71.680089939678325, 42.021774583993974 ], [ -71.682884260619971, 42.018147781213145 ], [ -71.688493419770182, 42.018138653219644 ], [ -71.691308896826968, 42.021756327667269 ], [ -71.688514897743076, 42.025383335003703 ], [ -71.691330696730247, 42.02900100609039 ], [ -71.688536380607999, 42.03262801040006 ], [ -71.682925943518711, 42.032637139072861 ], [ -71.680110461642528, 42.029019263096401 ], [ -71.674500341736831, 42.029027978936774 ] ] ], [ [ [ -71.666170372843837, 42.061641514433646 ], [ -71.671783372168633, 42.061633210148308 ], [ -71.674599824669883, 42.065251276924009 ], [ -71.671802960204275, 42.06887785280049 ], [ -71.666189321106955, 42.068886157331789 ], [ -71.663373186296411, 42.065267885740703 ], [ -71.666170372843837, 42.061641514433646 ] ] ], [ [ [ -71.697030618433047, 42.057970111465963 ], [ -71.699825563804083, 42.054342912075221 ], [ -71.705437913849153, 42.054332956732352 ], [ -71.708232219669526, 42.05070554964923 ], [ -71.713844247271467, 42.050695181720407 ], [ -71.71663791361496, 42.047067567017763 ], [ -71.722249618701824, 42.04705678654976 ], [ -71.725068296872365, 42.050673620258344 ], [ -71.722274953116639, 42.054301439401243 ], [ -71.725093953947692, 42.057918269425201 ], [ -71.722300293304826, 42.061546085403997 ], [ -71.716687309120672, 42.061556866924043 ], [ -71.713868625249518, 42.057939831939301 ], [ -71.708255958097993, 42.057950200347499 ], [ -71.705461335170838, 42.061577604219757 ], [ -71.699848345502375, 42.061587559995324 ], [ -71.697053082878753, 42.065214756122963 ], [ -71.691439770765342, 42.065224299219096 ], [ -71.688622361021331, 42.061606645801618 ], [ -71.691417946016813, 42.057979654176094 ], [ -71.697030618433047, 42.057970111465963 ] ] ], [ [ [ -71.697142991879048, 42.094193263376553 ], [ -71.699962331909816, 42.097810692823003 ], [ -71.69716548194225, 42.101437871769306 ], [ -71.691548969154184, 42.101447416794414 ], [ -71.688751478686498, 42.105074387661986 ], [ -71.683134643156336, 42.105083519727323 ], [ -71.680315938643389, 42.101465680586173 ], [ -71.674699421018076, 42.101474399352732 ], [ -71.671900967379713, 42.105100957552715 ], [ -71.666284127230668, 42.105109263312691 ], [ -71.663466381271064, 42.101491010627129 ], [ -71.666265157359916, 42.097864656969207 ], [ -71.671881357006583, 42.097856351454809 ], [ -71.674679492665916, 42.094229789604043 ], [ -71.680295369862648, 42.094221071129766 ], [ -71.683092865166273, 42.090594301159015 ], [ -71.688708419840864, 42.090585169771657 ], [ -71.6915271195179, 42.094202808015979 ], [ -71.697142991879048, 42.094193263376553 ] ] ], [ [ [ -71.666341062804591, 42.126843035938073 ], [ -71.66354101378117, 42.130469374437098 ], [ -71.666360049988072, 42.134087610959966 ], [ -71.66355968255003, 42.137713945524808 ], [ -71.65793995618283, 42.13772183902605 ], [ -71.655121238463508, 42.13410339776393 ], [ -71.657921928575036, 42.130477267739792 ], [ -71.655103533455872, 42.126858822344865 ], [ -71.657903905078939, 42.123232688392072 ], [ -71.655085832486108, 42.119614238922061 ], [ -71.657885885693133, 42.115988101098381 ], [ -71.663503689015954, 42.115980208193001 ], [ -71.666303101427388, 42.112353861998969 ], [ -71.671920582224956, 42.112345555993485 ], [ -71.674739291357056, 42.115963595936584 ], [ -71.68035709027788, 42.115954876585612 ], [ -71.683176440203724, 42.119572707667643 ], [ -71.680377673134842, 42.123199462897738 ], [ -71.67475923334699, 42.123208182540779 ], [ -71.67195982533778, 42.126834729441796 ], [ -71.666341062804591, 42.126843035938073 ] ] ], [ [ [ -71.700053614641675, 42.126789064032998 ], [ -71.697255493500251, 42.130416228194768 ], [ -71.700076448340297, 42.134033637116183 ], [ -71.697278009224817, 42.137660797437391 ], [ -71.700099287248747, 42.141278202080684 ], [ -71.705719322409905, 42.141268241549596 ], [ -71.708541241737052, 42.144885437009393 ], [ -71.71416159487012, 42.144875062853146 ], [ -71.716984155572717, 42.148492049056735 ], [ -71.714186045219918, 42.152119614284807 ], [ -71.708565050638001, 42.152129988919725 ], [ -71.705766298762981, 42.155757345796658 ], [ -71.700144980702262, 42.155767307191645 ], [ -71.697345587230842, 42.159394455644481 ], [ -71.70016783525088, 42.163011847107022 ], [ -71.705789794981072, 42.163001885280217 ], [ -71.708588864972924, 42.159374532422703 ], [ -71.714210501150149, 42.159364157309192 ], [ -71.71703370902847, 42.162981134574636 ], [ -71.722655663248005, 42.162970345696003 ], [ -71.725479512866997, 42.166587113528173 ], [ -71.722681090273824, 42.170214875116606 ], [ -71.717058494240163, 42.170225664520473 ], [ -71.714259429759451, 42.173853217673823 ], [ -71.708636509952086, 42.173863593744365 ], [ -71.705836803509555, 42.177490938389674 ], [ -71.700213560000819, 42.177500901079995 ], [ -71.697390664946028, 42.173883518693295 ], [ -71.691767739845062, 42.173893067571605 ], [ -71.688945486753539, 42.170275475813249 ], [ -71.69174584030533, 42.166648539981431 ], [ -71.688923910621696, 42.16303094370847 ], [ -71.691723945763627, 42.159404003752641 ], [ -71.688902339413772, 42.155786403022816 ], [ -71.691702056218261, 42.152159459000764 ], [ -71.697323056088365, 42.15214991127776 ], [ -71.700122131368801, 42.148522758810991 ], [ -71.697300530086949, 42.144905358503557 ], [ -71.691680171667514, 42.144914905841333 ], [ -71.688859211762932, 42.141297296370965 ], [ -71.683239171535845, 42.141306430130079 ], [ -71.680439449883849, 42.144933173698092 ], [ -71.674819086617219, 42.144941894216984 ], [ -71.672018723585936, 42.148568429299033 ], [ -71.666398037352153, 42.148576736530913 ], [ -71.663578355578366, 42.144958508435622 ], [ -71.666379041503433, 42.141332177862736 ], [ -71.671999086357317, 42.141323870875965 ], [ -71.674799130975515, 42.137697331796488 ], [ -71.680418852936228, 42.137688611569473 ], [ -71.68321825632151, 42.134061864056321 ], [ -71.688837655316632, 42.134052730635844 ], [ -71.691636417542995, 42.130425774761889 ], [ -71.688816103787531, 42.126808156781848 ], [ -71.691614547965827, 42.123181197072874 ], [ -71.697232982911473, 42.123171650891159 ], [ -71.700053614641675, 42.126789064032998 ] ] ], [ [ [ -71.699734488895785, 42.025364253058846 ], [ -71.705344281904473, 42.025354299447251 ], [ -71.708161036824677, 42.028971557268704 ], [ -71.713771146652107, 42.02896119077829 ], [ -71.716563862543964, 42.02533356694596 ], [ -71.713746790877636, 42.021716514086918 ], [ -71.716539190095958, 42.018088887326762 ], [ -71.722148338736545, 42.018078108963444 ], [ -71.724965727003422, 42.021694956834075 ], [ -71.722173650077693, 42.025322788056414 ], [ -71.724991360709794, 42.028939632472969 ], [ -71.722198967184312, 42.032567460762003 ], [ -71.716588540611838, 42.032578240177756 ], [ -71.713795507974652, 42.036205861024555 ], [ -71.708184759034708, 42.036216227994501 ], [ -71.70536768189298, 42.032598973638137 ], [ -71.699757249843671, 42.032608927682652 ], [ -71.696940811815196, 42.028991464924815 ], [ -71.699734488895785, 42.025364253058846 ] ] ], [ [ [ -71.733473023054984, 42.047034400056319 ], [ -71.739084722224135, 42.047022794031008 ], [ -71.741904356537631, 42.050639214055266 ], [ -71.739111975062201, 42.054267445117723 ], [ -71.733499636419324, 42.054279051762379 ], [ -71.730680318774176, 42.05066242672526 ], [ -71.733473023054984, 42.047034400056319 ] ] ], [ [ [ -71.733632794255911, 42.090502205255504 ], [ -71.730811861839811, 42.086885599478819 ], [ -71.725196640741331, 42.086896795874836 ], [ -71.722376348529181, 42.083279981166051 ], [ -71.725170960265075, 42.079652175025871 ], [ -71.730785541232436, 42.079640979202345 ], [ -71.733606150546365, 42.083257588946481 ], [ -71.73922104854239, 42.083245979824802 ], [ -71.742014697118691, 42.079617761578156 ], [ -71.739193770848914, 42.076001356824747 ], [ -71.741987102542183, 42.072373135287584 ], [ -71.747601037380718, 42.072361114152976 ], [ -71.750422279793796, 42.075977314890601 ], [ -71.747629271940312, 42.079605739777648 ], [ -71.750450837573069, 42.083221936599955 ], [ -71.756065720556521, 42.083209514458126 ], [ -71.758887922850093, 42.086825507464155 ], [ -71.764503122684232, 42.086812671766609 ], [ -71.767325965412184, 42.090428455321224 ], [ -71.77294148202283, 42.090415206021554 ], [ -71.775764965257011, 42.09403078005208 ], [ -71.772972615153762, 42.097659808619618 ], [ -71.767356457963686, 42.097673059058195 ], [ -71.764533291504975, 42.094057279790292 ], [ -71.758917451163242, 42.094070116580042 ], [ -71.756094925284984, 42.090454127808478 ], [ -71.750479401865846, 42.090466550995821 ], [ -71.747657512936911, 42.086850358149952 ], [ -71.742042297986274, 42.086862380616289 ], [ -71.73924833245502, 42.090490595514666 ], [ -71.733632794255911, 42.090502205255504 ] ] ], [ [ [ -71.71681089643495, 42.097779992797527 ], [ -71.722427080915054, 42.097769208648273 ], [ -71.725248019261556, 42.10138601535342 ], [ -71.722452455784804, 42.105013811135379 ], [ -71.716835630807481, 42.105024595810335 ], [ -71.714015009852844, 42.10140758417765 ], [ -71.71681089643495, 42.097779992797527 ] ] ], [ [ [ -71.699893924476825, 42.076076834827113 ], [ -71.705508193829601, 42.076066878186388 ], [ -71.708327205849869, 42.07968411054145 ], [ -71.705531631170345, 42.083311504434839 ], [ -71.699916721756537, 42.083321461508092 ], [ -71.697098027131901, 42.079704024255435 ], [ -71.699893924476825, 42.076076834827113 ] ] ], [ [ [ -71.708350965928801, 42.086928732921194 ], [ -71.713966192737161, 42.086918362596101 ], [ -71.716786167701528, 42.090535382243516 ], [ -71.713990598512424, 42.094162977128626 ], [ -71.708374731424996, 42.094173347932809 ], [ -71.705555073854413, 42.090556123372835 ], [ -71.708350965928801, 42.086928732921194 ] ] ], [ [ [ -71.700007962866792, 42.112299893972519 ], [ -71.705625433984906, 42.112289935169883 ], [ -71.708446060435577, 42.115907147604595 ], [ -71.705648898060588, 42.119534523711764 ], [ -71.700030786151103, 42.119544482946615 ], [ -71.697210477456721, 42.115927065642062 ], [ -71.700007962866792, 42.112299893972519 ] ] ], [ [ [ -71.497781173279321, 42.025539362276113 ], [ -71.503390991439886, 42.025539320910248 ], [ -71.506196260633629, 42.02916152868071 ], [ -71.503391385712817, 42.032783991095393 ], [ -71.49778092841872, 42.032784032003697 ], [ -71.4949759869274, 42.029161608636471 ], [ -71.497781173279321, 42.025539362276113 ] ] ], [ [ [ -71.514610640592878, 42.025538395095715 ], [ -71.520220465003604, 42.0255375195499 ], [ -71.523026692547958, 42.029159315594953 ], [ -71.520222776430657, 42.032782191608106 ], [ -71.51461231296858, 42.032783066560661 ], [ -71.511806404723671, 42.029161066093394 ], [ -71.514610640592878, 42.025538395095715 ] ] ], [ [ [ -71.565106473740443, 42.032765287534602 ], [ -71.562304796218328, 42.036389195222405 ], [ -71.565113899264588, 42.0400099567143 ], [ -71.562311902953255, 42.043633860937831 ], [ -71.55670048314002, 42.043636798778159 ], [ -71.553891698955624, 42.040015832755266 ], [ -71.548280598076872, 42.040018358043255 ], [ -71.545472453161452, 42.036397184405814 ], [ -71.548275090141289, 42.032773689990691 ], [ -71.553885551823683, 42.032771164295895 ], [ -71.556687549679793, 42.029147461504792 ], [ -71.562297691100781, 42.029144522944101 ], [ -71.565106473740443, 42.032765287534602 ] ] ], [ [ [ -71.590348389146769, 42.029125703513927 ], [ -71.595958526604463, 42.02912111430232 ], [ -71.598769224411328, 42.032741054274332 ], [ -71.595969466457319, 42.03636578808819 ], [ -71.590358689877704, 42.036370377126275 ], [ -71.587548310422562, 42.032750232524059 ], [ -71.590348389146769, 42.029125703513927 ] ] ], [ [ [ -71.607215461616448, 42.050845112871023 ], [ -71.60440348263802, 42.047225387286133 ], [ -71.598791748367262, 42.047230388843197 ], [ -71.595980408801481, 42.043610455311907 ], [ -71.598780485107014, 42.039985724868671 ], [ -71.60439158003777, 42.039980723184549 ], [ -71.607203237954408, 42.043600452070656 ], [ -71.612814651162992, 42.043595037693834 ], [ -71.615626948418992, 42.047214558612907 ], [ -71.612827514237424, 42.050839698574642 ], [ -71.607215461616448, 42.050845112871023 ] ] ], [ [ [ -71.598803014192939, 42.054475046082644 ], [ -71.604415387949416, 42.054470044652689 ], [ -71.607227688062963, 42.058089766878759 ], [ -71.604427295972911, 42.061714695168909 ], [ -71.598814282584925, 42.061719696471599 ], [ -71.5960023009671, 42.058099769611438 ], [ -71.598803014192939, 42.054475046082644 ] ] ], [ [ [ -71.506196974512648, 42.036406195958598 ], [ -71.511807757726928, 42.036405734011254 ], [ -71.514613985723557, 42.040027731519231 ], [ -71.511809111036669, 42.043650395364978 ], [ -71.506197688552533, 42.043650856672201 ], [ -71.503391780073741, 42.040028654773863 ], [ -71.506196974512648, 42.036406195958598 ] ] ], [ [ [ -71.523031955648833, 42.043648647240182 ], [ -71.528643377679757, 42.043647360422455 ], [ -71.53145088428829, 42.047268943001981 ], [ -71.528646649542509, 42.050892016830957 ], [ -71.523034588096195, 42.050893303101702 ], [ -71.520227400859625, 42.047271516090504 ], [ -71.523031955648833, 42.043648647240182 ] ] ], [ [ [ -71.4977804385246, 42.047273351823151 ], [ -71.503392174522702, 42.04727331183031 ], [ -71.506198402753327, 42.050895510706184 ], [ -71.503392569059741, 42.054517962149369 ], [ -71.497780193491025, 42.054518001684343 ], [ -71.494974292869983, 42.050895588096857 ], [ -71.4977804385246, 42.047273351823151 ] ] ], [ [ [ -71.539870771641716, 42.050888618685171 ], [ -71.54548283219745, 42.050886506810031 ], [ -71.548291617708813, 42.054507674170388 ], [ -71.545488023487096, 42.05813115787889 ], [ -71.539875323370509, 42.058133269300221 ], [ -71.537066857085094, 42.054511897466888 ], [ -71.539870771641716, 42.050888618685171 ] ] ], [ [ [ -71.523037221141749, 42.058137952168721 ], [ -71.528649922149242, 42.058136666445073 ], [ -71.531458069062936, 42.061758242725176 ], [ -71.528653195500198, 42.06538130914948 ], [ -71.52303985478575, 42.06538259432584 ], [ -71.520232027389611, 42.061760813625234 ], [ -71.523037221141749, 42.058137952168721 ] ] ], [ [ [ -71.55671989437333, 42.065370754312255 ], [ -71.562333232867829, 42.065367817553366 ], [ -71.565143618271904, 42.068988566074722 ], [ -71.562340346077789, 42.072612455863741 ], [ -71.55672636773123, 42.072615392261895 ], [ -71.553916301479489, 42.068994439231794 ], [ -71.55671989437333, 42.065370754312255 ] ] ], [ [ [ -71.523045123869807, 42.079871857448921 ], [ -71.520236656022007, 42.076250083289352 ], [ -71.52304248902837, 42.072627229457709 ], [ -71.528656469595632, 42.072625944828744 ], [ -71.531461662675994, 42.069002882193431 ], [ -71.53707532290764, 42.06900118437197 ], [ -71.539884429935924, 42.072622549686578 ], [ -71.53707955726388, 42.076245817258297 ], [ -71.531465257106603, 42.076247514578959 ], [ -71.528659744435785, 42.079870573367501 ], [ -71.523045123869807, 42.079871857448921 ] ] ], [ [ [ -71.506200546321637, 42.072629431576864 ], [ -71.511814527342722, 42.072628972831701 ], [ -71.514622355191946, 42.076250954679253 ], [ -71.511815882186553, 42.07987359963446 ], [ -71.506201261166566, 42.079874057738714 ], [ -71.503393753199518, 42.076251871528747 ], [ -71.506200546321637, 42.072629431576864 ] ] ], [ [ [ -71.553928611145821, 42.083483700438428 ], [ -71.548313672027916, 42.083486223282733 ], [ -71.545508800465981, 42.087109691907266 ], [ -71.548319188746703, 42.090730842566501 ], [ -71.55393476808176, 42.090728320129926 ], [ -71.556745796652422, 42.09434926281029 ], [ -71.562361695430766, 42.094346327495153 ], [ -71.565173364364142, 42.097967062123942 ], [ -71.562368815124628, 42.101590936554302 ], [ -71.556752275910327, 42.101593871508186 ], [ -71.553940926420196, 42.097972932393013 ], [ -71.548324706721957, 42.097975454421707 ], [ -71.545519196053306, 42.101598915157638 ], [ -71.548330225954103, 42.105220058732954 ], [ -71.5539470861616, 42.105217537112253 ], [ -71.556758756644498, 42.108838472604589 ], [ -71.562375936440873, 42.108835538012094 ], [ -71.565188247578675, 42.112456265348698 ], [ -71.570805746890599, 42.112452917737627 ], [ -71.573618698756135, 42.116073436845781 ], [ -71.579236517510225, 42.116069676169445 ], [ -71.582040743622429, 42.112445396116755 ], [ -71.587658240944862, 42.112441222106881 ], [ -71.590461826329616, 42.108816733289522 ], [ -71.587648235871683, 42.105196623251722 ], [ -71.590451502106163, 42.101572130491675 ], [ -71.596068037343571, 42.101567543020295 ], [ -71.59887066307023, 42.097942841620714 ], [ -71.604486876804145, 42.097937840955893 ], [ -71.607301105269954, 42.101557541818508 ], [ -71.604498801119647, 42.105182447946632 ], [ -71.598881946878521, 42.105187448483584 ], [ -71.596079002147761, 42.108812145992779 ], [ -71.598893233259261, 42.112432047688124 ], [ -71.596089969451739, 42.116056741249139 ], [ -71.590472152906742, 42.116061328371138 ], [ -71.587668248299067, 42.119685813188006 ], [ -71.59048248183835, 42.123305915621074 ], [ -71.587678257935025, 42.126930396379684 ], [ -71.582059478865645, 42.126934569946449 ], [ -71.57925461394241, 42.130558841835708 ], [ -71.582068849691311, 42.134179144911457 ], [ -71.579263665253379, 42.13780341263228 ], [ -71.57364392343905, 42.137807172503528 ], [ -71.570830007277792, 42.134186664922453 ], [ -71.573635513294448, 42.130562601975434 ], [ -71.570821918638543, 42.126942090494303 ], [ -71.565203137578337, 42.126945437475484 ], [ -71.562397310129271, 42.130569295622664 ], [ -71.556778207709598, 42.130572229130252 ], [ -71.553965573808412, 42.126951304852454 ], [ -71.556771722543616, 42.123327651531078 ], [ -71.56239018394264, 42.123324717661724 ], [ -71.565195691730096, 42.119700855357053 ], [ -71.562383059380011, 42.116080131753058 ], [ -71.556765238855419, 42.11608306598405 ], [ -71.553959409855224, 42.11970672345744 ], [ -71.548341268190782, 42.119709244261742 ], [ -71.545534798315714, 42.123332692731303 ], [ -71.539916335584337, 42.12333480006226 ], [ -71.537104983651616, 42.119713459378751 ], [ -71.539911774520334, 42.11609021578694 ], [ -71.537100743507935, 42.112468871411721 ], [ -71.531483241532626, 42.1124705662262 ], [ -71.528672851248857, 42.108849013809319 ], [ -71.531479643010101, 42.105225970985543 ], [ -71.537096504329654, 42.105224275669549 ], [ -71.539902655507987, 42.101601023853277 ], [ -71.537092266116431, 42.09797967226767 ], [ -71.539898097558918, 42.094356416425882 ], [ -71.537088028867956, 42.090735061321574 ], [ -71.539893540647469, 42.087111801512016 ], [ -71.537083792583871, 42.083490442946641 ], [ -71.539888984773242, 42.079867179227094 ], [ -71.545503604447404, 42.079865069168008 ], [ -71.548308156565156, 42.076241596685833 ], [ -71.553922455611882, 42.076239073433904 ], [ -71.556732842563378, 42.07986002307171 ], [ -71.562347460907901, 42.079857087034434 ], [ -71.565158487930105, 42.083477828724838 ], [ -71.56235457735869, 42.087101710950058 ], [ -71.556739318870285, 42.087104646626315 ], [ -71.553928611145821, 42.083483700438428 ] ] ], [ [ [ -71.581984589104891, 42.068977691742859 ], [ -71.587598244693211, 42.068973516406423 ], [ -71.590410228732992, 42.072593644446904 ], [ -71.587608238373164, 42.076218152400017 ], [ -71.581993942860805, 42.076222327515652 ], [ -71.579182277680957, 42.07260199489901 ], [ -71.581984589104891, 42.068977691742859 ] ] ], [ [ [ -71.503394938132985, 42.09798571611816 ], [ -71.50620269134005, 42.094363288177554 ], [ -71.511818592795677, 42.094362831355539 ], [ -71.514625705638679, 42.090740194360947 ], [ -71.520241286758278, 42.090739324159806 ], [ -71.523050395349998, 42.094361091547775 ], [ -71.520243602915812, 42.09798393350885 ], [ -71.514627381432419, 42.097984803115409 ], [ -71.511819948561197, 42.101607436042997 ], [ -71.506203406668703, 42.101607892223662 ], [ -71.503394938132985, 42.09798571611816 ] ] ], [ [ [ -71.573660749482457, 42.15229628890873 ], [ -71.579281774068619, 42.152292529574837 ], [ -71.582096974993235, 42.155912820621069 ], [ -71.579290831574312, 42.159537075489823 ], [ -71.573669165382569, 42.159540834554853 ], [ -71.570854284264172, 42.155920339020042 ], [ -71.573660749482457, 42.15229628890873 ] ] ], [ [ [ -71.579308952785311, 42.174026141629412 ], [ -71.573686002942893, 42.174029900156384 ], [ -71.570870478151917, 42.170409412940948 ], [ -71.565247848334621, 42.17041275802945 ], [ -71.562432965442397, 42.166792062168703 ], [ -71.565240392292964, 42.163168225676174 ], [ -71.570862380284609, 42.163164880271943 ], [ -71.573677583202482, 42.166785371675914 ], [ -71.579299891146292, 42.166781612879838 ], [ -71.582106354371319, 42.163157362410793 ], [ -71.587728340368713, 42.163153189953839 ], [ -71.590534161841816, 42.159528730353671 ], [ -71.59615582581992, 42.159524144282543 ], [ -71.598972310027392, 42.163144017987065 ], [ -71.59616681064665, 42.16676868229262 ], [ -71.590544504917233, 42.166773268188209 ], [ -71.587738363711708, 42.170397723383246 ], [ -71.582115735889317, 42.170401895617871 ], [ -71.579308952785311, 42.174026141629412 ] ] ], [ [ [ -71.742290989248033, 42.152063606553384 ], [ -71.739494167882427, 42.155691788718933 ], [ -71.733872861278641, 42.155703404030142 ], [ -71.731049017608356, 42.152086836557068 ], [ -71.733846162816747, 42.148458858708089 ], [ -71.731022642915875, 42.14484228674818 ], [ -71.73381947044679, 42.141214305036662 ], [ -71.730996274241079, 42.137597728647634 ], [ -71.725376568134038, 42.13760892904979 ], [ -71.722554013155488, 42.133992143363528 ], [ -71.725350846629013, 42.130364362200964 ], [ -71.730969911581923, 42.130353162370973 ], [ -71.733792784166653, 42.133969743131374 ], [ -71.739412166652457, 42.133958129676557 ], [ -71.742208035424781, 42.130329936080237 ], [ -71.7478270942172, 42.130317909619649 ], [ -71.75065092453066, 42.133934077324049 ], [ -71.75627029363325, 42.133921647862778 ], [ -71.759094762578485, 42.13753761001486 ], [ -71.756299545042168, 42.141166206786217 ], [ -71.750679534480312, 42.14117863729328 ], [ -71.747883672906724, 42.144807030190371 ], [ -71.742263331663864, 42.144819057982055 ], [ -71.739466827901481, 42.148447244015614 ], [ -71.742290989248033, 42.152063606553384 ] ] ], [ [ [ -71.742401682732762, 42.181041715612558 ], [ -71.739576225276764, 42.177425371577442 ], [ -71.742373999885061, 42.17379720136276 ], [ -71.73954886656793, 42.170180852615374 ], [ -71.733926276486542, 42.170192469163972 ], [ -71.731101785054605, 42.166575910837828 ], [ -71.733899565834548, 42.162947940887278 ], [ -71.73952151410387, 42.162936324957357 ], [ -71.742318653144864, 42.159308146717649 ], [ -71.747940277423709, 42.159296117594998 ], [ -71.750765403526302, 42.162912267316067 ], [ -71.747968589373045, 42.166540648571235 ], [ -71.750794039614775, 42.170156793643606 ], [ -71.74799690778589, 42.173785170909333 ], [ -71.750822682243523, 42.177401311271858 ], [ -71.74802523266446, 42.18102968449378 ], [ -71.750851331414836, 42.184645820085308 ], [ -71.748053564010974, 42.18827418920899 ], [ -71.74242937190175, 42.188286220993064 ], [ -71.739603590232477, 42.184669881728006 ], [ -71.742401682732762, 42.181041715612558 ] ] ], [ [ [ -71.708755717624641, 42.210086091830995 ], [ -71.705930884987239, 42.206468937942269 ], [ -71.700305072161527, 42.20647890235891 ], [ -71.697503449325964, 42.210106021095726 ], [ -71.700327963266474, 42.213723379782081 ], [ -71.705954418788366, 42.213713414933984 ], [ -71.708779575498312, 42.217330563914885 ], [ -71.714406349716043, 42.217320184974625 ], [ -71.717207324406203, 42.213692657531602 ], [ -71.722833774404194, 42.213681864977424 ], [ -71.725659892504254, 42.217298599341383 ], [ -71.72285924210712, 42.220926331098248 ], [ -71.725685684573463, 42.224543060449932 ], [ -71.731313095959635, 42.224531853185475 ], [ -71.734140181412911, 42.228148372613376 ], [ -71.739767911271585, 42.228136751116921 ], [ -71.742595639784227, 42.23175306054825 ], [ -71.739795320015574, 42.235381196350254 ], [ -71.73416694702388, 42.235392818465016 ], [ -71.731339536982858, 42.231776304159425 ], [ -71.725711482536127, 42.231787511995442 ], [ -71.722910194971874, 42.235415234708526 ], [ -71.725737286394278, 42.239031953862252 ], [ -71.722935680137724, 42.242659671966649 ], [ -71.725763096149919, 42.246276385934692 ], [ -71.731392437158831, 42.246265176955717 ], [ -71.734220496599022, 42.249881680843217 ], [ -71.739850156297848, 42.249870057492046 ], [ -71.742678881501746, 42.253486349567844 ], [ -71.748308860578376, 42.253474311498167 ], [ -71.751138230689477, 42.257090393673565 ], [ -71.748337304750891, 42.260718717074788 ], [ -71.751167000216867, 42.264334793495799 ], [ -71.756797935172514, 42.264322344060474 ], [ -71.759628271033037, 42.26793821066191 ], [ -71.756827353953824, 42.271566732045393 ], [ -71.75119577629934, 42.271579183109587 ], [ -71.748394212628057, 42.275207497669342 ], [ -71.751224558939185, 42.278823562399289 ], [ -71.756856779439502, 42.278811109706041 ], [ -71.759687764850213, 42.282426964301763 ], [ -71.756886211631866, 42.286055476926606 ], [ -71.751253348138661, 42.286067931249086 ], [ -71.748422676337157, 42.282451872455837 ], [ -71.742790114786033, 42.282463915733381 ], [ -71.739960084949445, 42.278847646739393 ], [ -71.734327843168444, 42.278859275095712 ], [ -71.731524985358206, 42.282487173701384 ], [ -71.725892417580113, 42.282498388391552 ], [ -71.723088913852393, 42.286126078435203 ], [ -71.717456020150252, 42.286136879412119 ], [ -71.714651870430203, 42.289764360820755 ], [ -71.709018650877027, 42.289774748037374 ], [ -71.706213855089871, 42.293402020737958 ], [ -71.700580309758763, 42.29341199414722 ], [ -71.697774867829722, 42.297039058066744 ], [ -71.692140996793839, 42.297048617621613 ], [ -71.689313213877924, 42.293431112235346 ], [ -71.683679663426858, 42.293440256913932 ], [ -71.680873249724613, 42.297066907953614 ], [ -71.67523937378995, 42.297075638730497 ], [ -71.67241255775015, 42.293457717539695 ], [ -71.675219296861087, 42.289831270552142 ], [ -71.680852526652444, 42.289822540703248 ], [ -71.683658619693034, 42.28619588482006 ], [ -71.689291524075529, 42.286186741116218 ], [ -71.692096971120435, 42.282559876410446 ], [ -71.689269839239245, 42.278942359445388 ], [ -71.692074965843318, 42.275315490006165 ], [ -71.689248159367381, 42.27169796733854 ], [ -71.692052965603622, 42.268071093223725 ], [ -71.697684252959604, 42.268061537754718 ], [ -71.700511379728468, 42.271678855379228 ], [ -71.706142987302371, 42.271668885174705 ], [ -71.708970759767553, 42.275285992038654 ], [ -71.714602687484486, 42.275275607052116 ], [ -71.717406196990439, 42.271648116316555 ], [ -71.723037799006036, 42.271637317663185 ], [ -71.725840662815131, 42.268009618397095 ], [ -71.723012250357016, 42.264392921738164 ], [ -71.725814794316037, 42.260765217947579 ], [ -71.731445425010406, 42.260754006882792 ], [ -71.734247323494955, 42.257126094686868 ], [ -71.731418917031576, 42.253509597494293 ], [ -71.725788931736531, 42.25352080735081 ], [ -71.722961171128532, 42.249904099372579 ], [ -71.717331505454979, 42.249914894550614 ], [ -71.714528955272783, 42.253542398849703 ], [ -71.708898964202575, 42.253552780491795 ], [ -71.70607216847641, 42.249935656733108 ], [ -71.700442497269478, 42.249945623737446 ], [ -71.697638976631737, 42.253572715560701 ], [ -71.692008980229573, 42.253582268987252 ], [ -71.689183149665539, 42.249964729572113 ], [ -71.691987010511511, 42.246337842921115 ], [ -71.689161519259073, 42.242720299485846 ], [ -71.691965060897104, 42.239093408074631 ], [ -71.697593769612453, 42.239083855733881 ], [ -71.70039666796545, 42.235456755249977 ], [ -71.697571181801891, 42.231839411477161 ], [ -71.691943116297907, 42.23184896343345 ], [ -71.689118273272015, 42.22823140987132 ], [ -71.683490526830298, 42.228240547688529 ], [ -71.680686980324779, 42.231867239405624 ], [ -71.675058909953648, 42.231875963421409 ], [ -71.672235029203037, 42.228257995429118 ], [ -71.675038899564328, 42.224631508134635 ], [ -71.672215342595834, 42.221013535212251 ], [ -71.675018893745928, 42.217387043284269 ], [ -71.680645678131981, 42.217378319850575 ], [ -71.68344858643627, 42.213751618913321 ], [ -71.680625034110733, 42.210133845843387 ], [ -71.674998892496859, 42.21014256898593 ], [ -71.672195660485301, 42.213769065489551 ], [ -71.666569195237429, 42.213777374924184 ], [ -71.663765320452754, 42.217403662397935 ], [ -71.658138531643559, 42.217411558077842 ], [ -71.655334014011586, 42.221037636448671 ], [ -71.658156608701688, 42.224656023614465 ], [ -71.655351771637356, 42.228282097304934 ], [ -71.658174689889861, 42.231900479587274 ], [ -71.655369533320396, 42.235526548539475 ], [ -71.658192775209514, 42.239144925880595 ], [ -71.655387299062099, 42.242770990036703 ], [ -71.649758257339059, 42.242778472367171 ], [ -71.646935335101219, 42.239159890390937 ], [ -71.649741134886114, 42.235534030719343 ], [ -71.646918536212056, 42.231915443796304 ], [ -71.649724016344805, 42.228289579334081 ], [ -71.646901741160349, 42.224670987522003 ], [ -71.641274305446757, 42.224678055552012 ], [ -71.638452673257518, 42.221059254282999 ], [ -71.641258157153132, 42.217433589609648 ], [ -71.646884949944791, 42.217426521683713 ], [ -71.649689790991729, 42.213800647813862 ], [ -71.65531626044168, 42.213793166086369 ], [ -71.658120458714066, 42.210167083093033 ], [ -71.655298510926272, 42.206548686333669 ], [ -71.649672684177261, 42.206556167910215 ], [ -71.646851379016809, 42.202937561777709 ], [ -71.649655581269073, 42.199311678731647 ], [ -71.655280765463942, 42.199304197306141 ], [ -71.658102389911775, 42.202922598775658 ], [ -71.663727893320456, 42.202914703491146 ], [ -71.666531129752343, 42.199288406934919 ], [ -71.672156309748033, 42.199280097989252 ], [ -71.674978895815542, 42.20289808535528 ], [ -71.680604394804121, 42.20288936250396 ], [ -71.683406665197722, 42.199262652577929 ], [ -71.68058376021051, 42.195644869947863 ], [ -71.674958903700457, 42.195653592507874 ], [ -71.6721366411182, 42.192035600442885 ], [ -71.666512103528447, 42.192043909143948 ], [ -71.663690483278558, 42.188425707716831 ], [ -71.666493081648312, 42.184799402309544 ], [ -71.663671784662853, 42.18118119629338 ], [ -71.66647406411046, 42.177554886547249 ], [ -71.672097317328522, 42.177546578335622 ], [ -71.67491893316263, 42.181164579625325 ], [ -71.680542505155842, 42.181155857648143 ], [ -71.683364763101508, 42.184773649607294 ], [ -71.688988653795761, 42.184764513817946 ], [ -71.69181155392549, 42.188382096373822 ], [ -71.697435763246617, 42.18837254672566 ], [ -71.70023643020572, 42.184745414906473 ], [ -71.705860315823642, 42.184735451784469 ], [ -71.708684176689417, 42.188352620050047 ], [ -71.714308380713319, 42.18834224302271 ], [ -71.717132883833884, 42.191959201718923 ], [ -71.722757406189459, 42.191948410739649 ], [ -71.72555678312159, 42.188320661589252 ], [ -71.731180981408173, 42.188309457183266 ], [ -71.734006445040023, 42.191926001355881 ], [ -71.739630961437229, 42.191914382951495 ], [ -71.742457067394227, 42.195530717388728 ], [ -71.739658338893179, 42.199158875132326 ], [ -71.742484769212297, 42.202775204683945 ], [ -71.739685722602417, 42.206403358154894 ], [ -71.734059921261149, 42.206414977796243 ], [ -71.731233809124092, 42.202798443348144 ], [ -71.734033180097327, 42.199170494155197 ], [ -71.73120739225007, 42.195553954815971 ], [ -71.72558255163716, 42.195565159793752 ], [ -71.722782856447353, 42.199192904682505 ], [ -71.725608326038127, 42.202809648897663 ], [ -71.722808312518282, 42.20643738946697 ], [ -71.717182505214566, 42.206448181496235 ], [ -71.714381849073703, 42.210075713368866 ], [ -71.708755717624641, 42.210086091830995 ] ], [ [ -71.697458320120845, 42.195617047321733 ], [ -71.691833468469611, 42.195626597354746 ], [ -71.689031840553895, 42.199253516112364 ], [ -71.691855388018624, 42.202871089234769 ], [ -71.697480882146721, 42.202861538816961 ], [ -71.700282186284269, 42.199234415661508 ], [ -71.697458320120845, 42.195617047321733 ] ], [ [ -71.71728181600956, 42.235426028837175 ], [ -71.714455367795551, 42.231809099727975 ], [ -71.708827307599705, 42.231819479624377 ], [ -71.706025052457349, 42.235446789107961 ], [ -71.708851181831193, 42.239063923018634 ], [ -71.714479885236571, 42.23905354264425 ], [ -71.71728181600956, 42.235426028837175 ] ], [ [ -71.706001502521573, 42.228202340632492 ], [ -71.708803438822699, 42.224575026551229 ], [ -71.705977957965871, 42.220957882535934 ], [ -71.700350859600903, 42.220967847815388 ], [ -71.697548599151801, 42.22459495754147 ], [ -71.700373761166631, 42.228212306343259 ], [ -71.706001502521573, 42.228202340632492 ] ], [ [ -71.706166604489979, 42.278913274170591 ], [ -71.700534351144753, 42.278923245443295 ], [ -71.697729550020853, 42.282550318898672 ], [ -71.700557327820917, 42.286167625071201 ], [ -71.706190227085187, 42.286157652730253 ], [ -71.708994702581094, 42.282530375285091 ], [ -71.706166604489979, 42.278913274170591 ] ] ], [ [ [ -71.67483904681265, 42.152186448345226 ], [ -71.680460051531597, 42.15217772753455 ], [ -71.683281016283672, 42.155795537458935 ], [ -71.680480657881034, 42.159422272963319 ], [ -71.683301945820389, 42.163040078483007 ], [ -71.680501268933838, 42.166666809868879 ], [ -71.674878980870858, 42.166675531262932 ], [ -71.672077662165592, 42.170302054005887 ], [ -71.666455050913413, 42.170310361972724 ], [ -71.663634400234656, 42.166692146951696 ], [ -71.65801210775912, 42.166700041246294 ], [ -71.655192098900216, 42.163081617092438 ], [ -71.657994063690467, 42.159455503360988 ], [ -71.663615714419208, 42.159447609264603 ], [ -71.666417037535751, 42.155821286849012 ], [ -71.672038365295819, 42.155812979372058 ], [ -71.67483904681265, 42.152186448345226 ] ] ], [ [ [ -71.621557425179375, 42.213833917914798 ], [ -71.624377771596713, 42.217453137879268 ], [ -71.621571321655949, 42.221078388714822 ], [ -71.615944202273397, 42.221084214991542 ], [ -71.613137109408726, 42.224709256464038 ], [ -71.615957458927085, 42.228328676248751 ], [ -71.613150046041014, 42.231953712894722 ], [ -71.607521960611109, 42.231959125146489 ], [ -71.604701931187435, 42.228339500835347 ], [ -71.607509667049996, 42.224714668798853 ], [ -71.604689960529129, 42.221095039744093 ], [ -71.599062838265354, 42.221100038219973 ], [ -71.596243774668991, 42.217480199967987 ], [ -71.599051513191824, 42.213855567751466 ], [ -71.596232772277446, 42.210235724865782 ], [ -71.599040190704002, 42.206611087891581 ], [ -71.604666027412179, 42.206606089156544 ], [ -71.6074728032076, 42.202981242830489 ], [ -71.613098317234318, 42.202975830247212 ], [ -71.615917698047141, 42.206595264072689 ], [ -71.621543531876043, 42.206589437723807 ], [ -71.624349342286649, 42.202964177513536 ], [ -71.621529641744843, 42.199344948257476 ], [ -71.624335132499652, 42.195719683446612 ], [ -71.629960000944806, 42.195713443307085 ], [ -71.632780021068811, 42.199332467967508 ], [ -71.629974853214392, 42.202957937363138 ], [ -71.632795196312017, 42.206576957412231 ], [ -71.629989708875783, 42.210202422201775 ], [ -71.624363555318624, 42.210208662362959 ], [ -71.621557425179375, 42.213833917914798 ] ], [ [ -71.607497376296337, 42.217470202886545 ], [ -71.613124175730846, 42.217464790468838 ], [ -71.61593094864709, 42.213839744227649 ], [ -71.61311124500638, 42.210220315024657 ], [ -71.607485088349193, 42.210225727525227 ], [ -71.604677992604365, 42.213850569145947 ], [ -71.607497376296337, 42.217470202886545 ] ] ], [ [ [ -71.582143893290279, 42.192135442587798 ], [ -71.587768447467283, 42.192131271020799 ], [ -71.590585900828302, 42.195751331968502 ], [ -71.587778479963944, 42.199375768964529 ], [ -71.582153283375348, 42.199379940308752 ], [ -71.579336150111601, 42.19575967487976 ], [ -71.582143893290279, 42.192135442587798 ] ] ], [ [ [ -71.548385487499345, 42.177665661523427 ], [ -71.554008760844638, 42.177663143990067 ], [ -71.556823645291672, 42.181284040081607 ], [ -71.554014936050436, 42.184907658105217 ], [ -71.54839102058574, 42.184910175229113 ], [ -71.545576456530583, 42.18128907473892 ], [ -71.548385487499345, 42.177665661523427 ] ] ], [ [ [ -71.548451939478142, 42.264599248500765 ], [ -71.554082931480082, 42.264596734599969 ], [ -71.556901678419791, 42.268217583928944 ], [ -71.55408911126186, 42.271841151808552 ], [ -71.548457473625987, 42.271843665935464 ], [ -71.545639048831219, 42.26822261195661 ], [ -71.548451939478142, 42.264599248500765 ] ] ], [ [ [ -71.599085496173075, 42.235588950520338 ], [ -71.604713904580166, 42.235583952304054 ], [ -71.607534256980657, 42.239203571813803 ], [ -71.604725880708315, 42.242828394034539 ], [ -71.599096829009042, 42.242833392120893 ], [ -71.596276796923291, 42.23921356811649 ], [ -71.599085496173075, 42.235588950520338 ] ] ], [ [ [ -71.599130846348061, 42.264566683054674 ], [ -71.60476183232403, 42.264561684069754 ], [ -71.607583481265934, 42.268181289067662 ], [ -71.604773822802059, 42.271806097840305 ], [ -71.599142191194218, 42.271811097331963 ], [ -71.596320863731364, 42.268191287544191 ], [ -71.599130846348061, 42.264566683054674 ] ] ], [ [ [ -71.624491652208221, 42.275408626940759 ], [ -71.630123602175345, 42.275402384444739 ], [ -71.632947188230148, 42.279021358561764 ], [ -71.630138503111326, 42.282646780026234 ], [ -71.624505907292331, 42.282653023169402 ], [ -71.621682642493269, 42.279033844200889 ], [ -71.624491652208221, 42.275408626940759 ] ] ], [ [ [ -71.599198954440737, 42.308033011613531 ], [ -71.59637600546958, 42.304413229483764 ], [ -71.599187596586361, 42.300788650090354 ], [ -71.596364972065558, 42.297168862313214 ], [ -71.599176241335428, 42.293544277784839 ], [ -71.6048098107252, 42.293539276772719 ], [ -71.607632757018735, 42.297158859782108 ], [ -71.613266648106944, 42.297153444125712 ], [ -71.616090240622569, 42.300772816704892 ], [ -71.613279620401016, 42.304397809728755 ], [ -71.607645083016436, 42.304403225938842 ], [ -71.604833816424232, 42.308028009587581 ], [ -71.599198954440737, 42.308033011613531 ] ] ], [ [ [ -71.658319598482194, 42.289855802728312 ], [ -71.663952832726622, 42.289847901564762 ], [ -71.666779002623187, 42.293466033486617 ], [ -71.663971617367309, 42.297092271505583 ], [ -71.66679811252456, 42.300710397650462 ], [ -71.663990406311328, 42.30433663072133 ], [ -71.65835587962934, 42.304344533553795 ], [ -71.655529705502602, 42.300726202480853 ], [ -71.649895499924355, 42.300733690482843 ], [ -71.647086822154819, 42.304359510345478 ], [ -71.649912675103096, 42.307978046320486 ], [ -71.655547527048697, 42.307970557530751 ], [ -71.658374026437571, 42.311588882763331 ], [ -71.664009199560141, 42.311580979096334 ], [ -71.666836345462812, 42.31519909351352 ], [ -71.672471839687503, 42.315190774922648 ], [ -71.675299632177101, 42.31880867845156 ], [ -71.680935447429022, 42.318799944890209 ], [ -71.683763886578717, 42.322417637457917 ], [ -71.680956189498559, 42.326044268544997 ], [ -71.675319727511607, 42.326053003034644 ], [ -71.672491609389212, 42.322435105508887 ], [ -71.666855468502703, 42.322443424981223 ], [ -71.664046798978134, 42.326069642860787 ], [ -71.666874595925123, 42.329687745318594 ], [ -71.672511383621469, 42.329679424964731 ], [ -71.675339827451495, 42.333297316429416 ], [ -71.672531162385837, 42.33692373317443 ], [ -71.666893727731576, 42.336932054409878 ], [ -71.664084415633099, 42.340558261872594 ], [ -71.658446655268051, 42.340566168878432 ], [ -71.655636696061975, 42.344192166985749 ], [ -71.64999861005964, 42.344199659715002 ], [ -71.647171130420304, 42.340581153548833 ], [ -71.649981415188776, 42.336955359527948 ], [ -71.655618854083599, 42.336947867586723 ], [ -71.658428491817929, 42.333321864189713 ], [ -71.655601016194495, 42.329703556825898 ], [ -71.649964224259065, 42.329711047979146 ], [ -71.647137395520232, 42.326092529715645 ], [ -71.649947037269101, 42.322466725184441 ], [ -71.64712053386846, 42.31884820095916 ], [ -71.649929854217561, 42.315222391259596 ], [ -71.64710367608042, 42.311603861130521 ], [ -71.641468498944633, 42.311610935830544 ], [ -71.638642967322795, 42.307992194979526 ], [ -71.633008111586861, 42.307998854848663 ], [ -71.630183226407084, 42.304379903348689 ], [ -71.632992875512798, 42.300754496835069 ], [ -71.638627084880085, 42.30074783766004 ], [ -71.64143608769055, 42.297122221938025 ], [ -71.647069972090307, 42.297115148719847 ], [ -71.649878328679975, 42.293489323862445 ], [ -71.65551188803876, 42.293481836648098 ], [ -71.658319598482194, 42.289855802728312 ] ] ], [ [ [ -71.604785816027643, 42.279050501291451 ], [ -71.607595795970369, 42.275425697427906 ], [ -71.613227749056421, 42.275420283432396 ], [ -71.616050368003471, 42.279039672746897 ], [ -71.613240712435683, 42.282664680861785 ], [ -71.607608113496667, 42.282670095410886 ], [ -71.604785816027643, 42.279050501291451 ] ] ], [ [ [ -71.571008382355743, 42.293565139168948 ], [ -71.573820946158577, 42.289941172698995 ], [ -71.579454196008442, 42.289937414973174 ], [ -71.582275528156416, 42.293557623350793 ], [ -71.579463288434326, 42.297181794154817 ], [ -71.573829392434249, 42.29718555224715 ], [ -71.571008382355743, 42.293565139168948 ] ] ], [ [ [ -71.59642016439355, 42.333390588606257 ], [ -71.59923304363339, 42.329766030331321 ], [ -71.604869845617046, 42.329761026784375 ], [ -71.60769441527431, 42.333380581005315 ], [ -71.604881860856921, 42.337005343513304 ], [ -71.599244411910419, 42.337010347567329 ], [ -71.59642016439355, 42.333390588606257 ] ] ], [ [ [ -71.579572560417347, 42.384113474718404 ], [ -71.582388669831161, 42.38048936991548 ], [ -71.588030006132925, 42.380485192677114 ], [ -71.590845467619161, 42.376860877808944 ], [ -71.59648647879888, 42.376856285871312 ], [ -71.599312676369934, 42.380476008341411 ], [ -71.596497540079881, 42.384100527429936 ], [ -71.590855880973095, 42.384105119828043 ], [ -71.588040096681524, 42.387729428872021 ], [ -71.590866296718048, 42.391349349732749 ], [ -71.588050189547289, 42.394973652894635 ], [ -71.582407557093617, 42.394977830960315 ], [ -71.579581680010392, 42.391357705450432 ], [ -71.58239811237803, 42.387733606524044 ], [ -71.579572560417347, 42.384113474718404 ] ] ], [ [ [ -71.616116837602277, 42.315261525624244 ], [ -71.621752343201905, 42.315255694075809 ], [ -71.624577231726747, 42.318874844600678 ], [ -71.621766292930715, 42.322500031471783 ], [ -71.616130140665362, 42.322505863620826 ], [ -71.61330557391112, 42.318886508298114 ], [ -71.616116837602277, 42.315261525624244 ] ] ], [ [ [ -71.633023351152843, 42.315243201963931 ], [ -71.638658853405389, 42.315236541400608 ], [ -71.641484710142734, 42.318855276400178 ], [ -71.638674743129044, 42.322480876807504 ], [ -71.633038594211968, 42.322487538065054 ], [ -71.630213059022466, 42.318868598221023 ], [ -71.633023351152843, 42.315243201963931 ] ] ], [ [ [ -71.63025783359636, 42.340601557199896 ], [ -71.633084344360014, 42.344220479125504 ], [ -71.638722434159206, 42.344213815784961 ], [ -71.641549592105193, 42.347832526799543 ], [ -71.638738338459802, 42.351458105976988 ], [ -71.633099601403615, 42.351464770011972 ], [ -71.630272765299225, 42.347845854175041 ], [ -71.624634350158274, 42.347852103144795 ], [ -71.621808161310994, 42.344232976417345 ], [ -71.616170068160102, 42.344238810368495 ], [ -71.613344526496462, 42.340619472823569 ], [ -71.616156755943237, 42.336994506108773 ], [ -71.621794201984159, 42.336988672758366 ], [ -71.624605784394603, 42.333363496479897 ], [ -71.63024290531672, 42.333357248805299 ], [ -71.633069090814345, 42.336976176761652 ], [ -71.63025783359636, 42.340601557199896 ] ] ], [ [ [ -71.62464863795384, 42.355096389232273 ], [ -71.630287700426521, 42.35509013961488 ], [ -71.633114861946325, 42.358709049305183 ], [ -71.630302638979416, 42.362334413403573 ], [ -71.624662929026755, 42.362340663668647 ], [ -71.621836089570436, 42.358721549187592 ], [ -71.62464863795384, 42.355096389232273 ] ] ], [ [ [ -71.607756144270454, 42.369602019641576 ], [ -71.604929949386246, 42.365982495657249 ], [ -71.607743792806161, 42.362357755216266 ], [ -71.604917923116531, 42.358738225068734 ], [ -71.607731444175357, 42.355113479024141 ], [ -71.61337050977879, 42.355108058936963 ], [ -71.616196701754987, 42.358727384340369 ], [ -71.613383505890624, 42.36235233457505 ], [ -71.616210023135096, 42.3659716538208 ], [ -71.613396504984294, 42.3695965984463 ], [ -71.607756144270454, 42.369602019641576 ] ] ], [ [ [ -71.624691521009069, 42.376829177124662 ], [ -71.621864030644858, 42.373210075121797 ], [ -71.624677223378114, 42.369584926338085 ], [ -71.630317580959058, 42.369578675425274 ], [ -71.633130125989354, 42.365953316889282 ], [ -71.63877015800432, 42.365946651465286 ], [ -71.64158205540636, 42.362321083250109 ], [ -71.647221761781665, 42.362314003361845 ], [ -71.650033011630157, 42.358688225540583 ], [ -71.655672392292132, 42.358680731235118 ], [ -71.658501170608375, 42.362299013962762 ], [ -71.655690246546712, 42.365924995853732 ], [ -71.65005021833251, 42.365932490947415 ], [ -71.647238646643757, 42.369558263253012 ], [ -71.65006742898143, 42.37317674452909 ], [ -71.647255535378889, 42.376802511261111 ], [ -71.641614533601114, 42.376809592632227 ], [ -71.638801992148316, 42.380435149653465 ], [ -71.641630778286768, 42.3840538293829 ], [ -71.638817914698237, 42.387679380720321 ], [ -71.633175939132457, 42.387686048228275 ], [ -71.630362427470388, 42.391311389729488 ], [ -71.624720126114198, 42.391317642585797 ], [ -71.621891984543069, 42.387698553292964 ], [ -71.616250005618653, 42.387704390849549 ], [ -71.613422512121218, 42.38408509042462 ], [ -71.616236675065878, 42.38046015719128 ], [ -71.621878005990453, 42.3804543202357 ], [ -71.624705821920713, 42.384073415912546 ], [ -71.630347475203379, 42.38406716370411 ], [ -71.633160664581212, 42.380441816466742 ], [ -71.630332526366658, 42.376822925564085 ], [ -71.624691521009069, 42.376829177124662 ] ] ], [ [ [ -71.75859300969104, 42.014379029926658 ], [ -71.764201812473743, 42.014366205148761 ], [ -71.767021421971577, 42.017982028396062 ], [ -71.764231912603009, 42.021610881693071 ], [ -71.758622470770945, 42.021623707562739 ], [ -71.755803177405312, 42.018007679043578 ], [ -71.75859300969104, 42.014379029926658 ] ] ], [ [ [ -71.74184922395051, 42.036149899086929 ], [ -71.747459961061082, 42.036137881282286 ], [ -71.750279588521806, 42.039754100680845 ], [ -71.747488163468589, 42.043382541438163 ], [ -71.741876787103905, 42.043394559908876 ], [ -71.739057475594592, 42.039778136211048 ], [ -71.74184922395051, 42.036149899086929 ] ] ], [ [ [ -71.767143156052612, 42.046960680929416 ], [ -71.764352381729324, 42.050589523387131 ], [ -71.758740382243374, 42.050602353624292 ], [ -71.755919796761347, 42.046986340311754 ], [ -71.758710894297764, 42.043357702011981 ], [ -71.764322254151679, 42.043344872866747 ], [ -71.76711271212875, 42.039716027612741 ], [ -71.772723748770531, 42.039702786284096 ], [ -71.775544966944636, 42.043318389070954 ], [ -71.772754832252389, 42.046947438462205 ], [ -71.767143156052612, 42.046960680929416 ] ] ], [ [ [ -71.767295479814621, 42.083183844155258 ], [ -71.764472960743205, 42.079568056371656 ], [ -71.758858401270601, 42.079580890977034 ], [ -71.756036522487562, 42.075964893794243 ], [ -71.758828886422478, 42.072336267234093 ], [ -71.764442805679565, 42.072323433720861 ], [ -71.767265001168596, 42.075939225675661 ], [ -71.772879237058547, 42.075925978653686 ], [ -71.77570207276176, 42.079541561188904 ], [ -71.772910355991883, 42.083170595994446 ], [ -71.767295479814621, 42.083183844155258 ] ] ], [ [ [ -71.76717360691616, 42.054205327509415 ], [ -71.772785922819693, 42.054192083903573 ], [ -71.775607787783002, 42.057807678762913 ], [ -71.772817020474847, 42.061436722492878 ], [ -71.767204064721753, 42.06144996723738 ], [ -71.764382516174976, 42.057834167113192 ], [ -71.76717360691616, 42.054205327509415 ] ] ], [ [ [ -71.784204922382116, 42.097632481537666 ], [ -71.781380798569884, 42.094017117103917 ], [ -71.784172508094741, 42.090387881310811 ], [ -71.789788017458605, 42.090373805899986 ], [ -71.79257908647935, 42.086744362954192 ], [ -71.798194271822425, 42.086729875127716 ], [ -71.801019028598688, 42.090344828968156 ], [ -71.798228283671591, 42.093974475944634 ], [ -71.792612457825882, 42.093988965050038 ], [ -71.789821072322937, 42.097618404894561 ], [ -71.784204922382116, 42.097632481537666 ] ] ], [ [ [ -71.801122060147463, 42.112078595528416 ], [ -71.806739483987684, 42.112063690030624 ], [ -71.809565854426154, 42.115678420690038 ], [ -71.806774484523331, 42.119308262160786 ], [ -71.801156419670292, 42.11932316898443 ], [ -71.798330365781624, 42.115708233011439 ], [ -71.792712617551274, 42.115722725953994 ], [ -71.789920282171067, 42.119352156148622 ], [ -71.792746019363676, 42.122967297409275 ], [ -71.798364408681323, 42.122952803187552 ], [ -71.801190787034187, 42.12656773454929 ], [ -71.806809493046359, 42.12655282639976 ], [ -71.809636512631286, 42.130167547789874 ], [ -71.806844509559454, 42.133797382632061 ], [ -71.801225162241863, 42.133812292107557 ], [ -71.798432517791227, 42.13744191957781 ], [ -71.792812845860041, 42.137456416358042 ], [ -71.790019559956107, 42.141085836383446 ], [ -71.784399563483234, 42.141099920421389 ], [ -71.781573494417543, 42.137484583201235 ], [ -71.784367104789794, 42.133855367194002 ], [ -71.789986459808247, 42.133841284388673 ], [ -71.792779428799065, 42.1302118609158 ], [ -71.789953367214082, 42.126596724271877 ], [ -71.784334653503706, 42.126610805844649 ], [ -71.78154136011905, 42.130240025293844 ], [ -71.775922322087837, 42.130253694170655 ], [ -71.773128387393655, 42.13388270613347 ], [ -71.767509025113554, 42.13389596226736 ], [ -71.764684238886943, 42.130280205299215 ], [ -71.767478497756656, 42.126651397407144 ], [ -71.764654035632262, 42.123035635863531 ], [ -71.767447977365606, 42.119406824540654 ], [ -71.773066057170936, 42.119393570685048 ], [ -71.775890836358386, 42.123009127013233 ], [ -71.781509233153429, 42.122995459322254 ], [ -71.784302209622439, 42.119366236488887 ], [ -71.781477113518235, 42.115750885402008 ], [ -71.784269773143421, 42.11212165924217 ], [ -71.789887204676589, 42.112107580134342 ], [ -71.792679223359244, 42.108478146665369 ], [ -71.798296330648526, 42.108463655001927 ], [ -71.801122060147463, 42.112078595528416 ] ] ], [ [ [ -71.859838013450258, 42.064818537827129 ], [ -71.86545124395623, 42.064800750715762 ], [ -71.868278851486679, 42.068414056811619 ], [ -71.865492913247323, 42.072045355529788 ], [ -71.859879042688434, 42.072063144293217 ], [ -71.857051750470475, 42.068449632686352 ], [ -71.859838013450258, 42.064818537827129 ] ] ], [ [ [ -71.843193937997299, 42.101093231215799 ], [ -71.848810379451521, 42.101076262087922 ], [ -71.851638655339997, 42.104689961213019 ], [ -71.848850173932547, 42.10832083490336 ], [ -71.843233091692028, 42.108337805590381 ], [ -71.840405131693942, 42.104723901027839 ], [ -71.843193937997299, 42.101093231215799 ] ] ], [ [ [ -71.843389795836671, 42.137316024749076 ], [ -71.849009442684789, 42.13729904782457 ], [ -71.851839344163949, 42.140912723191192 ], [ -71.849049282595402, 42.144543580892332 ], [ -71.843428994229555, 42.144560559376437 ], [ -71.84059940899877, 42.140946678599768 ], [ -71.843389795836671, 42.137316024749076 ] ] ], [ [ [ -71.849208733221559, 42.173521629048089 ], [ -71.852000060208567, 42.169890785177074 ], [ -71.857622590468225, 42.169873387667479 ], [ -71.860413275352741, 42.166242336444974 ], [ -71.866035479898542, 42.166224526196196 ], [ -71.868867641611615, 42.169837765516633 ], [ -71.874490162397564, 42.16981954087575 ], [ -71.877322966209363, 42.173432569538278 ], [ -71.87453293304533, 42.177064028296329 ], [ -71.868909770087043, 42.177082254637327 ], [ -71.866077282514013, 42.173469020520095 ], [ -71.860454435867567, 42.173486832422256 ], [ -71.85766343459575, 42.177117880095032 ], [ -71.852040262160529, 42.177135279211342 ], [ -71.849208733221559, 42.173521629048089 ] ] ], [ [ [ -71.826419067121279, 42.115631636119446 ], [ -71.832036799085515, 42.115615490306268 ], [ -71.834864767872631, 42.119229595633293 ], [ -71.83207468848984, 42.122860052153655 ], [ -71.826456315443863, 42.122876199432788 ], [ -71.823628662911176, 42.119261888725518 ], [ -71.826419067121279, 42.115631636119446 ] ] ], [ [ [ -71.843585877319782, 42.17353861377142 ], [ -71.840793908155419, 42.177169250217958 ], [ -71.835170726683316, 42.177185822107887 ], [ -71.832340156603124, 42.173571756037973 ], [ -71.826717291885998, 42.173587913580853 ], [ -71.823924355044497, 42.177218138660173 ], [ -71.818301164975566, 42.177233883322167 ], [ -71.815507585878919, 42.18086390081028 ], [ -71.818337522155318, 42.184478377527007 ], [ -71.81554362600987, 42.18810839126229 ], [ -71.809919468258016, 42.188123724369532 ], [ -71.807089849103548, 42.184509042368269 ], [ -71.801466008546825, 42.184523961127304 ], [ -71.798671144715655, 42.188153563214051 ], [ -71.801500446601409, 42.191768450473965 ], [ -71.807124929635947, 42.191753530388439 ], [ -71.809954874072659, 42.195368207205959 ], [ -71.81557967437432, 42.195352872725458 ], [ -71.818410261434011, 42.198967339027831 ], [ -71.815615730975068, 42.202597345084229 ], [ -71.809990287976859, 42.202612680938032 ], [ -71.807195114747728, 42.206242479173639 ], [ -71.801569346317251, 42.206257401912332 ], [ -71.798739393936231, 42.202642525088748 ], [ -71.793113942991781, 42.202657033385364 ], [ -71.790284633383294, 42.199041946087469 ], [ -71.793080457182825, 42.195412555720281 ], [ -71.790251472712526, 42.191797463227644 ], [ -71.784626981956023, 42.191811555895512 ], [ -71.781798640039355, 42.188196253053704 ], [ -71.7761744668462, 42.188209931419081 ], [ -71.773346767411056, 42.184594418300826 ], [ -71.776142923555355, 42.180965432009053 ], [ -71.781766454340186, 42.18095175482992 ], [ -71.784594471340128, 42.184567062756344 ], [ -71.790218319616187, 42.184552971321509 ], [ -71.793013508509688, 42.180923573193233 ], [ -71.79018517409169, 42.177308470484583 ], [ -71.792980045640292, 42.173679068562429 ], [ -71.790152036136433, 42.170063960832479 ], [ -71.784529472381124, 42.170078049801461 ], [ -71.781702104990813, 42.166462731879271 ], [ -71.784496984032955, 42.162833530216929 ], [ -71.790118905747832, 42.162819442480803 ], [ -71.792946590412157, 42.16643455517422 ], [ -71.79856882932755, 42.166420053276205 ], [ -71.801397156030788, 42.170034955756947 ], [ -71.807019712072048, 42.170020039650666 ], [ -71.809848680886162, 42.173634731845965 ], [ -71.815471553978654, 42.173619401485027 ], [ -71.81826481609842, 42.169989380301864 ], [ -71.815435530306232, 42.166374893402086 ], [ -71.809813299323466, 42.166390222389992 ], [ -71.806984655567462, 42.162775525184401 ], [ -71.809777925839199, 42.159145704291952 ], [ -71.815399514858854, 42.159130376677027 ], [ -71.818228475521025, 42.162744868581591 ], [ -71.823850381373376, 42.162729126759118 ], [ -71.82667998399701, 42.166343408337454 ], [ -71.832302206607295, 42.166327252261048 ], [ -71.835094184584833, 42.162696816072788 ], [ -71.832264265276308, 42.159082739841772 ], [ -71.835055926642028, 42.155452300120523 ], [ -71.840677182017942, 42.155435732770094 ], [ -71.843507417864785, 42.159049603627878 ], [ -71.840716081846239, 42.162680247209281 ], [ -71.843546643113285, 42.166294113020918 ], [ -71.840754990557699, 42.169924753063746 ], [ -71.843585877319782, 42.17353861377142 ] ] ], [ [ [ -71.758946986212393, 42.101314718209281 ], [ -71.756153354729591, 42.104943332106984 ], [ -71.758976527999806, 42.108559312236409 ], [ -71.756182579450282, 42.112187922824283 ], [ -71.750565133847402, 42.112200349148402 ], [ -71.747742274570797, 42.108584168598327 ], [ -71.750536550000774, 42.10495575738549 ], [ -71.747714014249951, 42.101339572675705 ], [ -71.750507972674342, 42.097711157962813 ], [ -71.756124136675254, 42.097698733729899 ], [ -71.758946986212393, 42.101314718209281 ] ] ], [ [ [ -71.756358067895576, 42.155655299806028 ], [ -71.750736773975888, 42.155667732404822 ], [ -71.747911971935665, 42.152051578096199 ], [ -71.750708150961302, 42.148423189025365 ], [ -71.756328803128838, 42.148410757472455 ], [ -71.759124338091937, 42.144782164299571 ], [ -71.764744666080261, 42.144769319863059 ], [ -71.767539559438674, 42.141140519005788 ], [ -71.77315956317571, 42.141127261732684 ], [ -71.775985315108841, 42.144742804177653 ], [ -71.773190746074775, 42.148371809094598 ], [ -71.767570100734417, 42.14838506750695 ], [ -71.764774890023602, 42.152013864760228 ], [ -71.759153920357534, 42.152026710289306 ], [ -71.756358067895576, 42.155655299806028 ] ] ], [ [ [ -71.759183509377579, 42.15927124786856 ], [ -71.764805120867919, 42.159258401246873 ], [ -71.76763120424728, 42.162874139335365 ], [ -71.764835358615542, 42.166502929207439 ], [ -71.759213105154402, 42.166515776921791 ], [ -71.75638733934467, 42.162899833671354 ], [ -71.759183509377579, 42.15927124786856 ] ] ], [ [ [ -71.767661766469189, 42.170118662431562 ], [ -71.773284337498609, 42.170105400601138 ], [ -71.776111387468319, 42.173720923726172 ], [ -71.773315548890224, 42.177349913858478 ], [ -71.767692335671256, 42.177363176828358 ], [ -71.764865603268802, 42.173747448526427 ], [ -71.767661766469189, 42.170118662431562 ] ] ], [ [ [ -71.776206017343327, 42.195454421840736 ], [ -71.773409225850216, 42.199083400278155 ], [ -71.767784085182427, 42.199096666666676 ], [ -71.764986650986017, 42.202725437075053 ], [ -71.75936118547088, 42.202738290253386 ], [ -71.756533796905373, 42.199122371930407 ], [ -71.75090864939402, 42.199134810805347 ], [ -71.748081901827618, 42.195518684939387 ], [ -71.750879987130929, 42.19189031996833 ], [ -71.756504492010222, 42.191877882139501 ], [ -71.759301933048519, 42.188249311769944 ], [ -71.764926113301868, 42.18823646077734 ], [ -71.767753495025488, 42.191852179061506 ], [ -71.773377993063576, 42.191838913812589 ], [ -71.776206017343327, 42.195454421840736 ] ] ], [ [ [ -71.742512477358162, 42.210019682763132 ], [ -71.748138596880267, 42.210007648983385 ], [ -71.75096599357029, 42.21362376487906 ], [ -71.748166954120691, 42.217252117065783 ], [ -71.742540191833996, 42.217264151510648 ], [ -71.739713112567159, 42.213647831903593 ], [ -71.742512477358162, 42.210019682763132 ] ] ], [ [ [ -71.935392968075007, 42.031954484687844 ], [ -71.941003273366874, 42.031932990920318 ], [ -71.943833712147097, 42.035544446256722 ], [ -71.94105353168375, 42.039177601103574 ], [ -71.935442587011039, 42.039199096942568 ], [ -71.932612462231077, 42.035587435863164 ], [ -71.935392968075007, 42.031954484687844 ] ] ], [ [ [ -71.952326958345367, 42.046378383306831 ], [ -71.95793853093916, 42.046356059862035 ], [ -71.960770574291843, 42.049967090459589 ], [ -71.957990731177944, 42.05360065027994 ], [ -71.952378518915822, 42.053622975889766 ], [ -71.949546789484529, 42.050011739514119 ], [ -71.952326958345367, 42.046378383306831 ] ] ], [ [ [ -71.89342763961713, 42.050218473138919 ], [ -71.899039570739248, 42.050199038153799 ], [ -71.90186843806093, 42.05381152194763 ], [ -71.899085059580045, 42.057443646340694 ], [ -71.893472488703452, 42.057463083164322 ], [ -71.890643936110806, 42.053850393756306 ], [ -71.89342763961713, 42.050218473138919 ] ] ], [ [ [ -71.935641175881798, 42.068177478568032 ], [ -71.932809749124118, 42.064565835237147 ], [ -71.927196559827138, 42.064586925442683 ], [ -71.924365773035035, 42.060975071887157 ], [ -71.927147861132369, 42.05734233382703 ], [ -71.932760410536375, 42.057321245646719 ], [ -71.935591511687377, 42.060932893501388 ], [ -71.94120437537704, 42.060911391447227 ], [ -71.944036116418772, 42.064522829056955 ], [ -71.941254679535433, 42.068155974441908 ], [ -71.935641175881798, 42.068177478568032 ] ] ], [ [ [ -71.901914251999784, 42.061056125762228 ], [ -71.907527137603353, 42.061036275156077 ], [ -71.910356969921338, 42.064648544518469 ], [ -71.907573601958916, 42.068280870115984 ], [ -71.901960076383887, 42.068300722607475 ], [ -71.899130558791356, 42.064688247616019 ], [ -71.901914251999784, 42.061056125762228 ] ] ], [ [ [ -71.910403759595553, 42.071893134996039 ], [ -71.916017599893934, 42.0718728686291 ], [ -71.918848397645817, 42.075484923325128 ], [ -71.91606504042619, 42.079117450031923 ], [ -71.910450559939278, 42.079137718331019 ], [ -71.907620076909197, 42.075525457991084 ], [ -71.910403759595553, 42.071893134996039 ] ] ], [ [ [ -71.952636498157787, 42.089845833670552 ], [ -71.949854444265029, 42.093479174960045 ], [ -71.944238705349008, 42.093501099409821 ], [ -71.941405660847352, 42.089889680450902 ], [ -71.944188040790891, 42.086256542767416 ], [ -71.949803139234007, 42.086234620436748 ], [ -71.952584878777358, 42.082601276516868 ], [ -71.958199651171384, 42.082578942245554 ], [ -71.961033324371229, 42.086189949728478 ], [ -71.95825191094967, 42.089823497233496 ], [ -71.952636498157787, 42.089845833670552 ] ] ], [ [ [ -72.070298971714806, 42.060340854235626 ], [ -72.075911721069616, 42.060312744575711 ], [ -72.07875108134435, 42.06392084624995 ], [ -72.075977379938138, 42.067557263840094 ], [ -72.070363990943576, 42.067585376662201 ], [ -72.06752494304358, 42.063977068731823 ], [ -72.070298971714806, 42.060340854235626 ] ] ], [ [ [ -71.977878571974259, 42.086120878552514 ], [ -71.983493646286448, 42.08609730413125 ], [ -71.986328914327984, 42.089707684589669 ], [ -71.983548794126207, 42.09334184528641 ], [ -71.97793307934937, 42.09336542201347 ], [ -71.97509812528763, 42.089754835737914 ], [ -71.977878571974259, 42.086120878552514 ] ] ], [ [ [ -72.036928419844614, 42.096726363946317 ], [ -72.042544397808555, 42.096699890799229 ], [ -72.045383489102861, 42.100308801725348 ], [ -72.042606289311934, 42.103944391936224 ], [ -72.03698967096868, 42.103970868060102 ], [ -72.034150892844337, 42.10036175099615 ], [ -72.036928419844614, 42.096726363946317 ] ] ], [ [ [ -71.994893107199047, 42.107782916008844 ], [ -72.000510089603196, 42.10775850796923 ], [ -72.003347286733856, 42.111368454620269 ], [ -72.000567197753185, 42.115003019123705 ], [ -71.994949574591956, 42.115027429640065 ], [ -71.992112685751749, 42.111417274931355 ], [ -71.994893107199047, 42.107782916008844 ] ] ], [ [ [ -72.045445707888291, 42.107553297540072 ], [ -72.051062639398737, 42.107526406774888 ], [ -72.053902698497708, 42.11113510084602 ], [ -72.051125512969833, 42.11477089183483 ], [ -72.045507940863374, 42.114797785623914 ], [ -72.04266819492949, 42.111188885400146 ], [ -72.045445707888291, 42.107553297540072 ] ] ], [ [ [ -72.087740197734789, 42.125456049957513 ], [ -72.084897575839548, 42.1218482027436 ], [ -72.087673137392215, 42.118211597127399 ], [ -72.084830843509664, 42.114603744328839 ], [ -72.087606092342881, 42.110967136391153 ], [ -72.093223307097034, 42.110938178245199 ], [ -72.096065913625623, 42.114545824779633 ], [ -72.093290992802778, 42.118182635724004 ], [ -72.096133927414513, 42.121790276679185 ], [ -72.093358693947934, 42.125427085296366 ], [ -72.087740197734789, 42.125456049957513 ] ] ], [ [ [ -72.01180241055846, 42.114953363555543 ], [ -72.017420010325964, 42.114928122568955 ], [ -72.020258488742201, 42.1185376464935 ], [ -72.017479053760695, 42.122172617460244 ], [ -72.01186081324154, 42.122197861284228 ], [ -72.009022648504313, 42.118588131303945 ], [ -72.01180241055846, 42.114953363555543 ] ] ], [ [ [ -71.910497370956151, 42.086382294408018 ], [ -71.916112491777582, 42.08636202417663 ], [ -71.918943940683121, 42.089974069630081 ], [ -71.916159953951819, 42.093606590947843 ], [ -71.910544192649837, 42.093626863111631 ], [ -71.907713058608437, 42.090014612025186 ], [ -71.910497370956151, 42.086382294408018 ] ] ], [ [ [ -71.918991728546501, 42.097218631693323 ], [ -71.924607804710476, 42.097197945467684 ], [ -71.927440219929636, 42.10080977579959 ], [ -71.924656244173121, 42.104442498004936 ], [ -71.919039527311313, 42.10446318620987 ], [ -71.916207426952596, 42.100851150230099 ], [ -71.918991728546501, 42.097218631693323 ] ] ], [ [ [ -71.891313018073831, 42.162518721859328 ], [ -71.88569114922376, 42.162537771836249 ], [ -71.882858355323066, 42.158924943462054 ], [ -71.885647114349581, 42.155293270622927 ], [ -71.891268341323908, 42.155274222439402 ], [ -71.894101451098578, 42.158886845301708 ], [ -71.899722993873311, 42.158867382727507 ], [ -71.902556745521693, 42.162479794870855 ], [ -71.89976863864527, 42.166111875120535 ], [ -71.89414645392327, 42.1661313395349 ], [ -71.891313018073831, 42.162518721859328 ] ] ], [ [ [ -71.952843093460444, 42.118823986810234 ], [ -71.958461069304818, 42.118801641708934 ], [ -71.961296374228141, 42.122412624632787 ], [ -71.958513388724512, 42.126046158381456 ], [ -71.952894771751502, 42.126068505649172 ], [ -71.950059781459487, 42.122457317001697 ], [ -71.952843093460444, 42.118823986810234 ] ] ], [ [ [ -72.11305836778196, 42.128945755305708 ], [ -72.118677160894464, 42.128915549154037 ], [ -72.121522018116352, 42.132522554143371 ], [ -72.118747769785386, 42.136159971603291 ], [ -72.113128335658985, 42.136190181153211 ], [ -72.110283790926204, 42.132582969844776 ], [ -72.11305836778196, 42.128945755305708 ] ] ], [ [ [ -72.045757014757257, 42.143775658340637 ], [ -72.042915958638119, 42.140166780215957 ], [ -72.045694724975021, 42.136531202335227 ], [ -72.0513142197467, 42.136504299472904 ], [ -72.054092344975487, 42.132868515899148 ], [ -72.059711512016122, 42.132841201233752 ], [ -72.062553194884529, 42.136449667070764 ], [ -72.059775397459589, 42.140085653729656 ], [ -72.054155589313623, 42.140112971466536 ], [ -72.051377150709868, 42.143748752453398 ], [ -72.045757014757257, 42.143775658340637 ] ] ], [ [ [ -71.995175573056613, 42.144005404637817 ], [ -72.00079576065022, 42.143980984142942 ], [ -72.003634592799543, 42.147590903758505 ], [ -72.000852933971018, 42.151225454920635 ], [ -71.995232104918088, 42.151249877928045 ], [ -71.99239358067716, 42.147639749403758 ], [ -71.995175573056613, 42.144005404637817 ] ] ], [ [ [ -72.104802713559152, 42.147101609738549 ], [ -72.110423117449415, 42.147071808493791 ], [ -72.113268319312553, 42.150679008144238 ], [ -72.110492804557865, 42.154316215322133 ], [ -72.104871759285146, 42.154346019919181 ], [ -72.10202687019833, 42.150738613985872 ], [ -72.104802713559152, 42.147101609738549 ] ] ], [ [ [ -71.95315334020097, 42.162290977393852 ], [ -71.958775165012767, 42.162268619291993 ], [ -71.961612430485573, 42.165879570837212 ], [ -71.958827556136995, 42.169513086175087 ], [ -71.953205089317976, 42.169535446444165 ], [ -71.950368138903599, 42.165924289208057 ], [ -71.95315334020097, 42.162290977393852 ] ] ], [ [ [ -71.992562271575579, 42.169373134728723 ], [ -71.986939829422525, 42.169397149234179 ], [ -71.984100965107856, 42.165786825805561 ], [ -71.986884228282975, 42.162152693654498 ], [ -71.992506028437262, 42.162128681503141 ], [ -71.995345207366341, 42.165738799148855 ], [ -72.000967319759795, 42.165714371094865 ], [ -72.003807133825234, 42.169324273794608 ], [ -72.001024532236698, 42.172958816260305 ], [ -71.995401777961945, 42.172983246848347 ], [ -71.992562271575579, 42.169373134728723 ] ] ], [ [ [ -72.07127581847125, 42.169007892898058 ], [ -72.076898177757116, 42.168979735776901 ], [ -72.079742456033173, 42.172587754468225 ], [ -72.076964061639472, 42.176224136455879 ], [ -72.07134106052122, 42.176252296743286 ], [ -72.068497095677927, 42.172644071876647 ], [ -72.07127581847125, 42.169007892898058 ] ] ], [ [ [ -71.978533482019387, 42.173054880314432 ], [ -71.984156251559327, 42.173031278213429 ], [ -71.98699544326017, 42.176641596110528 ], [ -71.984211550637781, 42.180275721860305 ], [ -71.978588138876958, 42.180299326268937 ], [ -71.975749262008293, 42.176688802620063 ], [ -71.978533482019387, 42.173054880314432 ] ] ], [ [ [ -71.89149182713119, 42.191496632527851 ], [ -71.885867389312025, 42.191515689679342 ], [ -71.883077049831954, 42.19514734497497 ], [ -71.877452285708785, 42.195165989295319 ], [ -71.874618503652044, 42.191552976572851 ], [ -71.877409169362437, 42.187921524994216 ], [ -71.874575713462377, 42.184308506900571 ], [ -71.877366062863757, 42.180677051703356 ], [ -71.88298954205888, 42.18065841087715 ], [ -71.88582331419434, 42.184271223501213 ], [ -71.891447109551208, 42.184252168143523 ], [ -71.894281524075325, 42.18786476991189 ], [ -71.899905635518849, 42.187845299976416 ], [ -71.902740692503258, 42.191457690816399 ], [ -71.899951322007865, 42.195089757102068 ], [ -71.894326568030422, 42.195109228878145 ], [ -71.89149182713119, 42.191496632527851 ] ] ], [ [ [ -71.953464012261279, 42.205757658847631 ], [ -71.950676919101852, 42.209390950207222 ], [ -71.945050912718486, 42.209412908581086 ], [ -71.942263176669087, 42.213045992818607 ], [ -71.936636843029035, 42.213067538411678 ], [ -71.933798888378973, 42.209455997692594 ], [ -71.936586951611261, 42.205823116992491 ], [ -71.942212642359706, 42.205801573474005 ], [ -71.945000062773502, 42.202168485630921 ], [ -71.95062542634065, 42.202146529378325 ], [ -71.953464012261279, 42.205757658847631 ] ] ], [ [ [ -72.003864673758471, 42.176568713205675 ], [ -72.009487731239403, 42.17654386169292 ], [ -72.012328514685791, 42.180153546839122 ], [ -72.00954592630741, 42.183788289484824 ], [ -72.003922226828195, 42.183813143790317 ], [ -72.001081757774543, 42.180203252657229 ], [ -72.003864673758471, 42.176568713205675 ] ] ], [ [ [ -72.063002996014205, 42.187160616395587 ], [ -72.068626967589822, 42.187132865022448 ], [ -72.071471589312679, 42.190741077829756 ], [ -72.068691925787931, 42.19437724814906 ], [ -72.06306731201083, 42.194405002642419 ], [ -72.06022300400889, 42.19079658369612 ], [ -72.063002996014205, 42.187160616395587 ] ] ], [ [ [ -71.961876141661449, 42.202101789331593 ], [ -71.967501493317158, 42.202079005537939 ], [ -71.970341037391123, 42.205689717938313 ], [ -71.967554914518828, 42.209323419816094 ], [ -71.961928920050994, 42.209346205824481 ], [ -71.959089691316521, 42.205735287740232 ], [ -71.961876141661449, 42.202101789331593 ] ] ], [ [ [ -72.097360830233043, 42.25218892874841 ], [ -72.102990556497232, 42.252159493107179 ], [ -72.105840047130187, 42.25576679737744 ], [ -72.103059497585747, 42.259403743392696 ], [ -72.097429127707244, 42.259433182185383 ], [ -72.094579951036536, 42.255825671811237 ], [ -72.097360830233043, 42.25218892874841 ] ] ], [ [ [ -71.902970862727557, 42.227679856299886 ], [ -71.908598504678764, 42.227659962302283 ], [ -71.911435838290956, 42.231272113948286 ], [ -71.908645213632738, 42.234904365095119 ], [ -71.903016928341444, 42.234924260980684 ], [ -71.900179911097439, 42.231311903831383 ], [ -71.902970862727557, 42.227679856299886 ] ] ], [ [ [ -71.886176197275233, 42.242226693115931 ], [ -71.891805136442727, 42.24220762340483 ], [ -71.894642164073133, 42.245820180208419 ], [ -71.891849935850956, 42.249452012169186 ], [ -71.886220353045644, 42.249471083674955 ], [ -71.883383642149383, 42.245858321425217 ], [ -71.886176197275233, 42.242226693115931 ] ] ], [ [ [ -71.917254589282308, 42.260229295516382 ], [ -71.911624058511379, 42.260249612921243 ], [ -71.908832173430795, 42.263881838034685 ], [ -71.903201316025402, 42.263901742533434 ], [ -71.900362986274857, 42.26028941944805 ], [ -71.903155197915922, 42.256657397631095 ], [ -71.908785412796021, 42.256637495602924 ], [ -71.911576981984709, 42.253005266672666 ], [ -71.908738663579769, 42.249393141339382 ], [ -71.911529921042984, 42.245760898109758 ], [ -71.917159166259196, 42.245740585338126 ], [ -71.91999779766914, 42.249352513861197 ], [ -71.92562735924767, 42.249331786045275 ], [ -71.928417645736687, 42.245699131688092 ], [ -71.934046879899867, 42.24567799081013 ], [ -71.936886471227169, 42.249289502260901 ], [ -71.934096513299579, 42.252922350746985 ], [ -71.92846663601199, 42.252943493821917 ], [ -71.925676035903933, 42.25657613304702 ], [ -71.920045831838948, 42.256596863310598 ], [ -71.917254589282308, 42.260229295516382 ] ] ], [ [ [ -71.886352923563095, 42.271204141281039 ], [ -71.891984434022675, 42.271185062736492 ], [ -71.89482277415155, 42.274797585212703 ], [ -71.892029287539472, 42.278429391943654 ], [ -71.886397134257123, 42.278448472865769 ], [ -71.883559110458592, 42.274835744679272 ], [ -71.886352923563095, 42.271204141281039 ] ] ], [ [ [ -71.857826904430638, 42.206095760488829 ], [ -71.860660379521093, 42.209709178622013 ], [ -71.85786779523653, 42.213340207680176 ], [ -71.852241409722481, 42.213357614831331 ], [ -71.849408251451351, 42.209743991317083 ], [ -71.852201161825988, 42.206113166032836 ], [ -71.849368329571234, 42.202499537073095 ], [ -71.843742903787273, 42.202516528037002 ], [ -71.840910714296385, 42.198902688323436 ], [ -71.843703633718036, 42.195272063012226 ], [ -71.840871770021707, 42.191658217963393 ], [ -71.843664372619088, 42.188027588882647 ], [ -71.849288513168489, 42.188010601039181 ], [ -71.852080473295118, 42.184379764429657 ], [ -71.85770428805256, 42.184362363706562 ], [ -71.86053678510342, 42.187975797986184 ], [ -71.857745150841851, 42.191606838386399 ], [ -71.8605779738309, 42.195220267341753 ], [ -71.857786022966806, 42.198851304019023 ], [ -71.860619171969034, 42.202464727592215 ], [ -71.857826904430638, 42.206095760488829 ] ] ], [ [ [ -71.81844664353865, 42.206211806092668 ], [ -71.824072403801182, 42.206196055750723 ], [ -71.826903959206547, 42.209810306118939 ], [ -71.824109437135249, 42.213440512117508 ], [ -71.818483033957264, 42.213456263879642 ], [ -71.815651795815, 42.209841808222968 ], [ -71.81844664353865, 42.206211806092668 ] ] ], [ [ [ -71.83532391581555, 42.206163727464705 ], [ -71.840949667469488, 42.206147149520937 ], [ -71.843782182829869, 42.209760983841349 ], [ -71.840988629544043, 42.213391601440236 ], [ -71.835362234977623, 42.213408180897645 ], [ -71.832530036658483, 42.209794141242448 ], [ -71.83532391581555, 42.206163727464705 ] ] ], [ [ [ -71.835438899577554, 42.227897059466827 ], [ -71.841066580409787, 42.227880476981866 ], [ -71.843900073828607, 42.231494294775757 ], [ -71.841105569207073, 42.235124900372874 ], [ -71.835477245021409, 42.235141484371752 ], [ -71.83264406885975, 42.231527461259539 ], [ -71.835438899577554, 42.227897059466827 ] ] ], [ [ [ -71.861073066088821, 42.282153086405053 ], [ -71.866705555592205, 42.282135247146719 ], [ -71.869542946289059, 42.285748386676644 ], [ -71.866747530760165, 42.289379571097875 ], [ -71.861114398208343, 42.289397412593722 ], [ -71.858277324282867, 42.285784067430697 ], [ -71.861073066088821, 42.282153086405053 ] ] ], [ [ [ -71.844372683686871, 42.318426503284201 ], [ -71.850008399205493, 42.318409481875179 ], [ -71.852846461487118, 42.322023006554787 ], [ -71.850048490945397, 42.32565375820316 ], [ -71.852886879733717, 42.329267276215049 ], [ -71.858523556391489, 42.329249836998223 ], [ -71.86132120035191, 42.325618881961617 ], [ -71.858482494284971, 42.322005569529935 ], [ -71.861279821039602, 42.318374610017365 ], [ -71.866915527256964, 42.318356759569056 ], [ -71.869754550455184, 42.321969866394802 ], [ -71.86695755035386, 42.325601029274658 ], [ -71.869796900278217, 42.329214129385512 ], [ -71.866999583046407, 42.332845287783734 ], [ -71.869839259772249, 42.336458381121716 ], [ -71.875476570907097, 42.336440110440527 ], [ -71.87827356126293, 42.332808748707293 ], [ -71.875433567409033, 42.329195860990161 ], [ -71.878230240709769, 42.325564494769637 ], [ -71.883866580965545, 42.325545812952093 ], [ -71.886706891800117, 42.32915849502271 ], [ -71.883910545447335, 42.332790064557265 ], [ -71.88675118330282, 42.336402739807816 ], [ -71.883954519970359, 42.340034304849404 ], [ -71.8783168917099, 42.340052991332207 ], [ -71.87551958422695, 42.343684348520348 ], [ -71.878360232054106, 42.347297222528532 ], [ -71.883998504538098, 42.347278533712753 ], [ -71.886839796661832, 42.35089119514911 ], [ -71.884042499153963, 42.354522751031389 ], [ -71.878403582298915, 42.354541442180405 ], [ -71.875562607371947, 42.350928575113784 ], [ -71.869924007786665, 42.350946850367301 ], [ -71.867125738730977, 42.354577994973859 ], [ -71.869966396313657, 42.358191067645002 ], [ -71.875605640345498, 42.358172790104952 ], [ -71.878446942447752, 42.361785650171988 ], [ -71.875648683150956, 42.365416993378034 ], [ -71.878490312503985, 42.369029846387448 ], [ -71.875691735791705, 42.372661184817161 ], [ -71.870051202423909, 42.372679466930926 ], [ -71.867209890559423, 42.369066408327882 ], [ -71.870008794524963, 42.365435273204817 ], [ -71.867167809839131, 42.361822207538708 ], [ -71.861528238702533, 42.361840071422421 ], [ -71.858729007631354, 42.365471003212186 ], [ -71.853089109462061, 42.365488453392231 ], [ -71.850249087010567, 42.361874969589316 ], [ -71.853048645039792, 42.358244241159483 ], [ -71.850208949471636, 42.354630750398712 ], [ -71.853008189858983, 42.351000017209522 ], [ -71.858646798981042, 42.35098257141545 ], [ -71.861445394991478, 42.347351630153504 ], [ -71.867083677231662, 42.347333770749188 ], [ -71.869881628940632, 42.343702621487566 ], [ -71.867041625337919, 42.340089534980521 ], [ -71.861403987324593, 42.340107392145491 ], [ -71.858605708736278, 42.343738338056788 ], [ -71.852967743916494, 42.343755781658231 ], [ -71.850168821098805, 42.347386519548934 ], [ -71.844530529544571, 42.347403549539507 ], [ -71.841730962422105, 42.3510340793365 ], [ -71.836092344205539, 42.35105069566891 ], [ -71.833292132702937, 42.3546810172991 ], [ -71.827653187896189, 42.35469721992601 ], [ -71.824815099021905, 42.351083098870298 ], [ -71.819176472153089, 42.351098885738843 ], [ -71.816339027659808, 42.347484552411409 ], [ -71.81913989204574, 42.343854637687151 ], [ -71.816302773845493, 42.340240297612212 ], [ -71.810665109225752, 42.340255666810272 ], [ -71.807863918619375, 42.343885378041662 ], [ -71.810700718804028, 42.347499923567916 ], [ -71.807899210107166, 42.351129630010441 ], [ -71.802260575028342, 42.351144587413039 ], [ -71.799458421945346, 42.354774085500729 ], [ -71.793819460715767, 42.354788629102181 ], [ -71.791016663171419, 42.358417918761987 ], [ -71.793853152958306, 42.362032868349516 ], [ -71.799492758721769, 42.362018322882911 ], [ -71.802295230115234, 42.358388829694043 ], [ -71.807934509652782, 42.358373870379531 ], [ -71.810771962353996, 42.361988402341829 ], [ -71.807969817258979, 42.365618099033128 ], [ -71.8023298931151, 42.365633060259768 ], [ -71.799527103338704, 42.369262548491918 ], [ -71.802364564030626, 42.372877278994302 ], [ -71.799561455798838, 42.37650676221191 ], [ -71.802399242864581, 42.380121485781785 ], [ -71.799595816104855, 42.383750963926985 ], [ -71.793954275853736, 42.383765514990351 ], [ -71.791116807388519, 42.380150586042639 ], [ -71.793920560524654, 42.376521311409476 ], [ -71.791083418360714, 42.372906375523812 ], [ -71.785442841687072, 42.372920508913886 ], [ -71.782606344352345, 42.369305360785354 ], [ -71.776966086354292, 42.369319078414364 ], [ -71.774130233776134, 42.365703718115938 ], [ -71.776934320468655, 42.362074845531133 ], [ -71.782573933782601, 42.362061129673833 ], [ -71.785377375863462, 42.35843204851497 ], [ -71.782541530610445, 42.354816886789763 ], [ -71.776902561832969, 42.35483060087553 ], [ -71.774067361041247, 42.351215227085554 ], [ -71.776870810444748, 42.347586344563389 ], [ -71.782509134833347, 42.34757263224899 ], [ -71.785311939920362, 42.343943541257119 ], [ -71.790949938453082, 42.343929415140487 ], [ -71.793752099298729, 42.340300115752058 ], [ -71.79938977190325, 42.340285575880429 ], [ -71.80219128858262, 42.336656068168473 ], [ -71.807828635186624, 42.336641114589113 ], [ -71.810629507774877, 42.333011398626681 ], [ -71.807793359806155, 42.329396839768577 ], [ -71.810593914448617, 42.325767119132919 ], [ -71.81623029103875, 42.325751753851122 ], [ -71.81903020181268, 42.322121825090235 ], [ -71.816194062040637, 42.318507465120824 ], [ -71.81899365508842, 42.314877531796668 ], [ -71.824629061890107, 42.314861754952879 ], [ -71.827465519313492, 42.318475909428841 ], [ -71.824666252332975, 42.322106046241906 ], [ -71.827503035896186, 42.325720194149852 ], [ -71.824703451264654, 42.329350326393964 ], [ -71.819066756878399, 42.329366107247033 ], [ -71.816266528306102, 42.332996031386834 ], [ -71.819103320288463, 42.336610378151278 ], [ -71.824740658688086, 42.336594595293271 ], [ -71.827578094756447, 42.34020872989111 ], [ -71.824777874606212, 42.343838852823978 ], [ -71.827615637039912, 42.347452980679797 ], [ -71.833253937466012, 42.347436780105184 ], [ -71.836053831176102, 42.343806453726963 ], [ -71.841691805087279, 42.34378983949356 ], [ -71.844491054564756, 42.340159305000711 ], [ -71.84165265669256, 42.336545588165592 ], [ -71.844451588597266, 42.332915049034703 ], [ -71.841613517234876, 42.329301325468386 ], [ -71.844412131639004, 42.325670781757275 ], [ -71.841574386711201, 42.322057051517803 ], [ -71.835938344831291, 42.322073659455469 ], [ -71.833101243691814, 42.318459717061273 ], [ -71.835899866954165, 42.314829372269124 ], [ -71.833063092026691, 42.311215423312383 ], [ -71.835861397857542, 42.307585074061237 ], [ -71.841496152453487, 42.307568470319652 ], [ -71.844293814788642, 42.303937913214583 ], [ -71.849928243173665, 42.303920896095001 ], [ -71.8527656526676, 42.307534433936013 ], [ -71.858400398187712, 42.307517001294443 ], [ -71.861238451172341, 42.311130326992675 ], [ -71.858441441551463, 42.314761290923407 ], [ -71.852806052466121, 42.314778725756497 ], [ -71.849968316615957, 42.311165194467193 ], [ -71.844333244737783, 42.311182213731406 ], [ -71.841535265118409, 42.31481276642959 ], [ -71.844372683686871, 42.318426503284201 ] ] ], [ [ [ -71.767814682329089, 42.206341145110152 ], [ -71.77344046577339, 42.206327877581977 ], [ -71.77626913996626, 42.209943375256444 ], [ -71.773471712835601, 42.213572345608405 ], [ -71.767845286467889, 42.213585614276283 ], [ -71.765016930203174, 42.209969911452447 ], [ -71.767814682329089, 42.206341145110152 ] ] ], [ [ [ -71.793147436452486, 42.209901501830672 ], [ -71.798773530243096, 42.209886992254162 ], [ -71.801603807983881, 42.213501863772819 ], [ -71.798807674351238, 42.217131450084139 ], [ -71.79318093756757, 42.217145960940606 ], [ -71.790350977458573, 42.213530884205746 ], [ -71.793147436452486, 42.209901501830672 ] ] ], [ [ [ -71.759420464975904, 42.217227231858992 ], [ -71.765047216340236, 42.217214376494752 ], [ -71.767875897601243, 42.220830074049474 ], [ -71.765077509399532, 42.224458832086306 ], [ -71.759450114890214, 42.224471688543566 ], [ -71.756621751776564, 42.220855785870938 ], [ -71.759420464975904, 42.217227231858992 ] ] ], [ [ [ -71.742623373262958, 42.238997500607006 ], [ -71.748252064725051, 42.238985464166952 ], [ -71.751080760585864, 42.242601559387559 ], [ -71.748280447894913, 42.246229893766525 ], [ -71.742651113080342, 42.246241930871541 ], [ -71.739822735023608, 42.242625631847197 ], [ -71.742623373262958, 42.238997500607006 ] ] ], [ [ [ -71.793281486865354, 42.238879281101859 ], [ -71.798910153510064, 42.238864766405122 ], [ -71.801741733438149, 42.242479616125593 ], [ -71.798944328850055, 42.246109185736955 ], [ -71.793315018624199, 42.246123701713906 ], [ -71.790483756616609, 42.24250864679923 ], [ -71.793281486865354, 42.238879281101859 ] ] ], [ [ [ -71.793348575594322, 42.253368108341647 ], [ -71.798978528823355, 42.253353590832518 ], [ -71.801810777744507, 42.256968424365709 ], [ -71.799012756114806, 42.260597980878387 ], [ -71.793382160413543, 42.260612500249977 ], [ -71.790550228863182, 42.256997461246293 ], [ -71.793348575594322, 42.253368108341647 ] ] ], [ [ [ -71.776490358183224, 42.260654401767333 ], [ -71.782120961398817, 42.260640710694652 ], [ -71.784952575431518, 42.264255955143014 ], [ -71.782153268633053, 42.26788509608285 ], [ -71.776522022795703, 42.267898788924647 ], [ -71.77369072642756, 42.2642833390574 ], [ -71.776490358183224, 42.260654401767333 ] ] ], [ [ [ -71.776680454172762, 42.304120568390488 ], [ -71.782314915324619, 42.30410686670028 ], [ -71.785148480655238, 42.307722074186422 ], [ -71.782347266784697, 42.311351188748837 ], [ -71.776712162128462, 42.311364892209276 ], [ -71.773878914896216, 42.30774947933697 ], [ -71.776680454172762, 42.304120568390488 ] ] ], [ [ [ -71.785181157593627, 42.314966389871692 ], [ -71.790816580345663, 42.314952271025476 ], [ -71.79365111480368, 42.318567260325963 ], [ -71.790849908462903, 42.322196573873697 ], [ -71.785213841986774, 42.322210694537219 ], [ -71.782379625624628, 42.31859549983561 ], [ -71.785181157593627, 42.314966389871692 ] ] ], [ [ [ -71.751426221213578, 42.329533918628599 ], [ -71.748593595519964, 42.325917896732221 ], [ -71.742957155823575, 42.32592994782474 ], [ -71.740152703914802, 42.329558021550504 ], [ -71.742985018320866, 42.333174248019326 ], [ -71.748622104892689, 42.333162195623935 ], [ -71.751455056393439, 42.336778211157977 ], [ -71.748650620797761, 42.340406483210373 ], [ -71.743012887202383, 42.340418536908757 ], [ -71.740207794654296, 42.344046600579958 ], [ -71.743040762470315, 42.347662814377188 ], [ -71.740235349493091, 42.351290872934314 ], [ -71.743068644126865, 42.354907080308749 ], [ -71.740262910647473, 42.358535133693934 ], [ -71.734623555664569, 42.358546775865207 ], [ -71.731817174714465, 42.362174620186636 ], [ -71.726177492908846, 42.362185848177418 ], [ -71.723344839573073, 42.358569230637059 ], [ -71.726151547270291, 42.354941590175976 ], [ -71.723319220606143, 42.351324966201844 ], [ -71.726125607577785, 42.347697320522137 ], [ -71.731763994591049, 42.347686094950532 ], [ -71.734569734313382, 42.34405824023851 ], [ -71.731737413668696, 42.34044181496958 ], [ -71.726099673829268, 42.340453039331749 ], [ -71.723268000282957, 42.336836402664041 ], [ -71.726073746022692, 42.333208746720672 ], [ -71.731710838836435, 42.333197523567861 ], [ -71.734515937623186, 42.329569658696762 ], [ -71.731684270092202, 42.325953220861138 ], [ -71.734489048520658, 42.322325350997311 ], [ -71.731657707433897, 42.318708906965277 ], [ -71.726021908227267, 42.318720127699713 ], [ -71.723216803427235, 42.322347793675263 ], [ -71.726047824156055, 42.325964442804718 ], [ -71.723242398922679, 42.329592103793104 ], [ -71.71760562661261, 42.329602911742946 ], [ -71.714774926389865, 42.325986057541968 ], [ -71.717580677921731, 42.322358600462721 ], [ -71.714750303922159, 42.318741740112273 ], [ -71.709114498922489, 42.318752131790148 ], [ -71.706284771579178, 42.315135060291674 ], [ -71.709090528678118, 42.31150780217196 ], [ -71.714725687094273, 42.311497411609544 ], [ -71.717555734945677, 42.315114278051453 ], [ -71.723191213794635, 42.315103472426301 ], [ -71.72599599823431, 42.311475801521475 ], [ -71.731631150859428, 42.311464581996084 ], [ -71.734462165577028, 42.315081032166525 ], [ -71.740097638411697, 42.315069397532206 ], [ -71.742929299708337, 42.318685636440783 ], [ -71.748565092677339, 42.318673586651002 ], [ -71.751368570577753, 42.315045299934738 ], [ -71.757004007514126, 42.315032839093583 ], [ -71.759806833879693, 42.311404344679488 ], [ -71.75697454847203, 42.307788514790673 ], [ -71.751339755117286, 42.3078009740019 ], [ -71.748536596362555, 42.311429265496166 ], [ -71.742901449972933, 42.311441313983288 ], [ -71.740070115118385, 42.307825068941753 ], [ -71.734435288790195, 42.307836702320273 ], [ -71.731604600366708, 42.304220246069306 ], [ -71.734408418158026, 42.300592361574296 ], [ -71.740042598127644, 42.300580729451461 ], [ -71.742873606615191, 42.304196980568022 ], [ -71.748508106573382, 42.304184933383461 ], [ -71.751310946225459, 42.300556637166153 ], [ -71.748479623307588, 42.296940590428648 ], [ -71.751282143899999, 42.293312289543302 ], [ -71.756915650533202, 42.293299833591398 ], [ -71.759747285792912, 42.296915675949627 ], [ -71.756945096145827, 42.300544179584691 ], [ -71.759777056442118, 42.30416001573721 ], [ -71.765411524682492, 42.304147142909137 ], [ -71.768244128410529, 42.307762767458009 ], [ -71.765441945626904, 42.311391470174797 ], [ -71.768274874613567, 42.315007088407448 ], [ -71.765472373509269, 42.318635786479234 ], [ -71.76830562782942, 42.322251398337713 ], [ -71.765502808332016, 42.325880091706665 ], [ -71.759866409129216, 42.325892969565174 ], [ -71.757062945755195, 42.329521454527068 ], [ -71.751426221213578, 42.329533918628599 ] ] ], [ [ [ -71.785246533837238, 42.329454988067162 ], [ -71.782444365454111, 42.333084088660684 ], [ -71.776807329400725, 42.333097797432941 ], [ -71.774004516996101, 42.336726689661127 ], [ -71.768367155309221, 42.336739984677379 ], [ -71.765533250097477, 42.333124385741279 ], [ -71.768336388060504, 42.32949569713297 ], [ -71.773973105726, 42.329482403840792 ], [ -71.776775599739949, 42.325853506846308 ], [ -71.782411991846928, 42.325839799844836 ], [ -71.785246533837238, 42.329454988067162 ] ] ], [ [ [ -71.742817939023922, 42.289708281327293 ], [ -71.740015087437357, 42.293336379177134 ], [ -71.734381553678418, 42.293348010044355 ], [ -71.731578055953648, 42.296975899300776 ], [ -71.725944196047763, 42.296987116408339 ], [ -71.723114480053738, 42.293370443050705 ], [ -71.725918303850094, 42.289742757705028 ], [ -71.731551517618172, 42.289731541806198 ], [ -71.734354695349253, 42.286103647846268 ], [ -71.739987583045348, 42.28609201823452 ], [ -71.742817939023922, 42.289708281327293 ] ] ], [ [ [ -71.717505866130097, 42.300625600299114 ], [ -71.723140052109898, 42.300614796998254 ], [ -71.725970094175153, 42.304231464385744 ], [ -71.723165630022848, 42.30785914016203 ], [ -71.717530797682429, 42.307869944624997 ], [ -71.714701075904273, 42.304253072149507 ], [ -71.717505866130097, 42.300625600299114 ] ] ], [ [ [ -71.979135391570125, 42.252743267946535 ], [ -71.984765233116548, 42.25271964032607 ], [ -71.987608025467125, 42.256329879074023 ], [ -71.984820661391225, 42.259963951418527 ], [ -71.979190177410828, 42.259987581930361 ], [ -71.976347699989262, 42.256377137206165 ], [ -71.979135391570125, 42.252743267946535 ] ] ], [ [ [ -71.962351571249684, 42.267301129233495 ], [ -71.967982710173274, 42.267278324196049 ], [ -71.970825199954675, 42.27088896833709 ], [ -71.968036235567325, 42.274522623435026 ], [ -71.962404453911645, 42.27454543127088 ], [ -71.959562279424375, 42.270934581210234 ], [ -71.962351571249684, 42.267301129233495 ] ] ], [ [ [ -71.962457348645614, 42.2817897229179 ], [ -71.968089773180381, 42.281766912283373 ], [ -71.970932918059887, 42.285377543182769 ], [ -71.968143323016662, 42.289011190625324 ], [ -71.962510255455754, 42.289034004058834 ], [ -71.95966742601324, 42.28542316725062 ], [ -71.962457348645614, 42.2817897229179 ] ] ], [ [ [ -72.072386890042779, 42.292161315380419 ], [ -72.078020181085293, 42.292133105425613 ], [ -72.080870047898756, 42.295741000911761 ], [ -72.078086309030695, 42.29937731235789 ], [ -72.072452373555862, 42.29940552532517 ], [ -72.069602821430564, 42.29579742383369 ], [ -72.072386890042779, 42.292161315380419 ] ] ], [ [ [ -72.021687051861832, 42.292402774664964 ], [ -72.027320386074393, 42.292377050775862 ], [ -72.030167374832658, 42.295986202358286 ], [ -72.027380714068485, 42.299621283697391 ], [ -72.021746735408769, 42.299647010318232 ], [ -72.01890006200955, 42.296037652868122 ], [ -72.021687051861832, 42.292402774664964 ] ] ], [ [ [ -71.942870493599159, 42.299978091958266 ], [ -71.945662018169102, 42.296345065790263 ], [ -71.942819820041763, 42.292733817241356 ], [ -71.945611028806709, 42.28910078706064 ], [ -71.951244108301793, 42.289078802276784 ], [ -71.954086622160247, 42.29268984496813 ], [ -71.959720017312634, 42.292667444482937 ], [ -71.962563174346201, 42.296278274577915 ], [ -71.959772620620825, 42.299911711035705 ], [ -71.954138582219528, 42.299934114273469 ], [ -71.951347385171417, 42.303567343587666 ], [ -71.945713019174448, 42.303589333783094 ], [ -71.942870493599159, 42.299978091958266 ] ] ], [ [ [ -71.987942751577805, 42.29979555090555 ], [ -71.985153496870424, 42.30342960056204 ], [ -71.979519155199384, 42.30345324842817 ], [ -71.976729257102107, 42.307087091056211 ], [ -71.971094587469779, 42.307110325929003 ], [ -71.968250459375682, 42.303499715327177 ], [ -71.971040685360578, 42.299866075770915 ], [ -71.976674711600978, 42.299842843744543 ], [ -71.979464294267402, 42.296208997138784 ], [ -71.985097992622258, 42.29618535216575 ], [ -71.987942751577805, 42.29979555090555 ] ] ], [ [ [ -71.911906743371134, 42.30371547307449 ], [ -71.917541131929113, 42.303695140560897 ], [ -71.920382381980346, 42.307307006528369 ], [ -71.917588927202956, 42.310939410764142 ], [ -71.911953895165482, 42.310959745796737 ], [ -71.909112961433948, 42.307347674074421 ], [ -71.911906743371134, 42.30371547307449 ] ] ], [ [ [ -71.920430504487086, 42.314551269991291 ], [ -71.926065852841944, 42.314530519207445 ], [ -71.928908073750492, 42.318142165866583 ], [ -71.926114630037333, 42.321774769079134 ], [ -71.920478637983933, 42.32179552242917 ], [ -71.917636733391362, 42.318183670000337 ], [ -71.920430504487086, 42.314551269991291 ] ] ], [ [ [ -71.959877863280113, 42.314400211639324 ], [ -71.954242537939351, 42.314422620383084 ], [ -71.951399041295446, 42.310811598021729 ], [ -71.954190554144532, 42.30717837278371 ], [ -71.959825235941949, 42.307155966793069 ], [ -71.962669048384541, 42.310766783287484 ], [ -71.968304045906805, 42.310743961455479 ], [ -71.971148501890497, 42.314354565175414 ], [ -71.968357644677951, 42.317988196614365 ], [ -71.962722003540748, 42.318011021246434 ], [ -71.959877863280113, 42.314400211639324 ] ] ], [ [ [ -72.005191551169972, 42.343187763940932 ], [ -72.002343863432515, 42.339578029285747 ], [ -72.00513372161339, 42.335943586753608 ], [ -72.002286363127837, 42.332333845091732 ], [ -72.005075905294888, 42.32869939819777 ], [ -72.010712476747102, 42.328674489810162 ], [ -72.013560151172669, 42.332284025677488 ], [ -72.010770938255234, 42.335918675726809 ], [ -72.0136189420043, 42.339528204592916 ], [ -72.010829413149168, 42.343162850274773 ], [ -72.005191551169972, 42.343187763940932 ] ] ], [ [ [ -72.258716525520214, 42.327304903079607 ], [ -72.264352859850732, 42.327267558448767 ], [ -72.267214930181098, 42.330870800443549 ], [ -72.264440353589137, 42.334511593512694 ], [ -72.258803374017347, 42.334548942110501 ], [ -72.255941616328016, 42.330945493672026 ], [ -72.258716525520214, 42.327304903079607 ] ] ], [ [ [ -71.841300722939252, 42.271346828495226 ], [ -71.844136184929894, 42.274960603822798 ], [ -71.84133979101091, 42.278591177977532 ], [ -71.844175578910082, 42.282204947037883 ], [ -71.84137886799509, 42.285835517016878 ], [ -71.835746043220851, 42.285852114465946 ], [ -71.832910572390205, 42.282238139838853 ], [ -71.82727806475701, 42.282254321952323 ], [ -71.824443236906433, 42.278640135506187 ], [ -71.827240599496548, 42.275009972493102 ], [ -71.824406097335441, 42.271395779826868 ], [ -71.818774549753726, 42.271411544647727 ], [ -71.815940690353528, 42.267797140287868 ], [ -71.818738061339715, 42.264167176638722 ], [ -71.815904527407056, 42.260552766169226 ], [ -71.818701581244326, 42.256922798419012 ], [ -71.824331843596013, 42.25690703760413 ], [ -71.827165694603011, 42.260521242536662 ], [ -71.832796273954528, 42.260505066573124 ], [ -71.835630767500575, 42.264119059844184 ], [ -71.832834364744599, 42.267749434635981 ], [ -71.835669183977188, 42.271363421750358 ], [ -71.841300722939252, 42.271346828495226 ] ] ], [ [ [ -71.903524437634772, 42.314611864375493 ], [ -71.909159796834459, 42.314591942575611 ], [ -71.912001057727124, 42.318204007552168 ], [ -71.909206642930442, 42.321836200052225 ], [ -71.903570640028505, 42.321856124324704 ], [ -71.900729695674585, 42.318243853624395 ], [ -71.903524437634772, 42.314611864375493 ] ] ], [ [ [ -71.903663076475013, 42.336344610686901 ], [ -71.909300367223594, 42.336324681468568 ], [ -71.912142610052769, 42.339936725859751 ], [ -71.909347245428123, 42.343568905176618 ], [ -71.903709310535035, 42.343588836868285 ], [ -71.900867384460241, 42.339976586769659 ], [ -71.903663076475013, 42.336344610686901 ] ] ], [ [ [ -71.962827950148025, 42.332499463793674 ], [ -71.968464878957079, 42.332476633560688 ], [ -71.971310319064159, 42.336087216286685 ], [ -71.968518514473502, 42.339720835116474 ], [ -71.962880941607395, 42.339743668150362 ], [ -71.96003581743814, 42.336132879553411 ], [ -71.962827950148025, 42.332499463793674 ] ] ], [ [ [ -72.072911178013214, 42.350114686273379 ], [ -72.078549628646002, 42.350086452212125 ], [ -72.081402136141747, 42.353694290875943 ], [ -72.078615877795968, 42.357330569562762 ], [ -72.072976781549784, 42.357358806638381 ], [ -72.070124589312044, 42.353750762012673 ], [ -72.072911178013214, 42.350114686273379 ] ] ], [ [ [ -72.106741804981311, 42.349941134750907 ], [ -72.112380224537745, 42.349911241830178 ], [ -72.115234653092571, 42.353518241647514 ], [ -72.112450347331063, 42.357155340439014 ], [ -72.10681128217189, 42.357185236561435 ], [ -72.10395716842622, 42.353578030690507 ], [ -72.106741804981311, 42.349941134750907 ] ] ], [ [ [ -72.191317513969423, 42.349463711204386 ], [ -72.196955848075433, 42.349429671194351 ], [ -72.199815075248736, 42.353034571467347 ], [ -72.197035654679496, 42.356673718032468 ], [ -72.191396675000107, 42.356707761712393 ], [ -72.18853776151262, 42.353102655157173 ], [ -72.191317513969423, 42.349463711204386 ] ] ], [ [ [ -71.962986960858387, 42.354232042450654 ], [ -71.968625822281027, 42.354209203814172 ], [ -71.971472247193944, 42.357819765023784 ], [ -71.968679494580556, 42.361453370724384 ], [ -71.963039988658323, 42.361476212162572 ], [ -71.960193879898242, 42.357865445098305 ], [ -71.962986960858387, 42.354232042450654 ] ] ], [ [ [ -72.081468715721087, 42.360938400862651 ], [ -72.087108127222692, 42.36090974749343 ], [ -72.089961610906471, 42.364517365394626 ], [ -72.08717536788518, 42.368153842641597 ], [ -72.081535310550976, 42.368182499072361 ], [ -72.078682142119959, 42.364574675194469 ], [ -72.081468715721087, 42.360938400862651 ] ] ], [ [ [ -72.18305551674662, 42.367624370705784 ], [ -72.188695474114894, 42.367590736342422 ], [ -72.191555051460909, 42.371195827439706 ], [ -72.1887743575126, 42.374834759146047 ], [ -72.183133754198153, 42.374868397133206 ], [ -72.180274490827472, 42.37126309979007 ], [ -72.18305551674662, 42.367624370705784 ] ] ], [ [ [ -71.878577082352351, 42.383518203026355 ], [ -71.88421857816796, 42.383499502542101 ], [ -71.887061507284059, 42.387112128427148 ], [ -71.884262623076381, 42.390743660399409 ], [ -71.878620482151277, 42.390762363218052 ], [ -71.875820952759483, 42.394393686971803 ], [ -71.870178484279819, 42.394411975947904 ], [ -71.867336190426286, 42.390798938882462 ], [ -71.870136047298018, 42.387167818418348 ], [ -71.875777870592586, 42.387149531729918 ], [ -71.878577082352351, 42.383518203026355 ] ] ], [ [ [ -71.946377093572082, 42.397763787950112 ], [ -71.952019836203519, 42.397741762553366 ], [ -71.95486727080683, 42.401352698370331 ], [ -71.952071646020684, 42.40498586536016 ], [ -71.946428257999031, 42.405007893466589 ], [ -71.943581140203023, 42.401396751873378 ], [ -71.946377093572082, 42.397763787950112 ] ] ], [ [ [ -71.884394818228742, 42.412476060067839 ], [ -71.887239058299954, 42.416088656466563 ], [ -71.88443890343342, 42.419720168269706 ], [ -71.878794180591541, 42.419738880428305 ], [ -71.875950258366643, 42.416126078448293 ], [ -71.870305853444322, 42.416144374288784 ], [ -71.867462576921483, 42.412531359283584 ], [ -71.870263387349638, 42.408900253999036 ], [ -71.875907146643144, 42.408881960446912 ], [ -71.87875074108797, 42.412494769891083 ], [ -71.884394818228742, 42.412476060067839 ] ] ], [ [ [ -71.895728338982323, 42.419681913606119 ], [ -71.901373051590753, 42.419662371101666 ], [ -71.904218583131708, 42.423274541190516 ], [ -71.901419084418677, 42.426906459405643 ], [ -71.895773725964617, 42.4269260043394 ], [ -71.892973581331276, 42.430557714169304 ], [ -71.887327894723995, 42.43057684507486 ], [ -71.88448299872087, 42.426964263767879 ], [ -71.887283471432724, 42.423332757151627 ], [ -71.892928512118544, 42.423313628628598 ], [ -71.895728338982323, 42.419681913606119 ] ] ], [ [ [ -72.166440912313774, 42.396699690409534 ], [ -72.172083472149694, 42.396666871570602 ], [ -72.174943417337275, 42.400272351478975 ], [ -72.172160488253994, 42.403910856404622 ], [ -72.166517281873581, 42.403943678774816 ], [ -72.16365765117034, 42.400337992687923 ], [ -72.166440912313774, 42.396699690409534 ] ] ], [ [ [ -72.132875493258553, 42.425866753538621 ], [ -72.138520674465468, 42.42583558137612 ], [ -72.141380024602952, 42.429441869741069 ], [ -72.138593878363267, 42.433079536333643 ], [ -72.132948050007059, 42.433110711841088 ], [ -72.130089015089283, 42.429504217410845 ], [ -72.132875493258553, 42.425866753538621 ] ] ], [ [ [ -71.963570934047311, 42.433917242260428 ], [ -71.969216893093304, 42.433894372789922 ], [ -71.972066934811124, 42.437504850633452 ], [ -71.969270700589249, 42.441138403742379 ], [ -71.963624095417003, 42.441161276017631 ], [ -71.960774370642241, 42.437550592379033 ], [ -71.963570934047311, 42.433917242260428 ] ] ], [ [ [ -72.073699413314188, 42.437043331722819 ], [ -72.079345621077849, 42.437015061473218 ], [ -72.082202098784052, 42.44062280793694 ], [ -72.079412052660444, 42.444259030546732 ], [ -72.073765197505679, 42.444287303813582 ], [ -72.070909035915122, 42.440679351453248 ], [ -72.073699413314188, 42.437043331722819 ] ] ], [ [ [ -71.675199224529678, 42.282586891764382 ], [ -71.672373059082886, 42.278968959088559 ], [ -71.675179156794186, 42.27534250248295 ], [ -71.680811094742282, 42.275333774489852 ], [ -71.683637580777557, 42.278951502174536 ], [ -71.680831808325522, 42.282578162843414 ], [ -71.675199224529678, 42.282586891764382 ] ] ], [ [ [ -71.700764354898837, 42.351366552995323 ], [ -71.697956346826217, 42.354993576457332 ], [ -71.692317301330291, 42.35500314418784 ], [ -71.689508645856591, 42.358629958377556 ], [ -71.692339362133268, 42.362247408791497 ], [ -71.689530385414088, 42.365874217611278 ], [ -71.692361427994442, 42.369491661627436 ], [ -71.689552129956482, 42.373118465019438 ], [ -71.683911462983147, 42.373127620425464 ], [ -71.681080741794759, 42.369509971463842 ], [ -71.683890366138243, 42.365883372041729 ], [ -71.681059971180204, 42.362265716676781 ], [ -71.675420273296197, 42.362274455808993 ], [ -71.672590525887188, 42.358656589168191 ], [ -71.67540015491906, 42.355030188325713 ], [ -71.672570733517148, 42.351412315392011 ], [ -71.67538004115363, 42.347785909190776 ], [ -71.681018444234226, 42.347777171915823 ], [ -71.683848186956496, 42.35139483991351 ], [ -71.689486911282302, 42.35138568743406 ], [ -71.692295245583793, 42.347758867932335 ], [ -71.689465181689499, 42.344141404896661 ], [ -71.683827104616299, 42.344150556400727 ], [ -71.680997687899534, 42.340532882173605 ], [ -71.683806027107735, 42.336906261409993 ], [ -71.689443457076464, 42.336897110881232 ], [ -71.692273194892039, 42.340514580140812 ], [ -71.697910945884402, 42.340505014454692 ], [ -71.700741330802472, 42.344122272502318 ], [ -71.706379402743366, 42.344112291612277 ], [ -71.709210434837075, 42.347729338375032 ], [ -71.706403074090574, 42.351356571036277 ], [ -71.700764354898837, 42.351366552995323 ] ] ], [ [ [ -71.675460523891857, 42.37676295535725 ], [ -71.681101517172522, 42.376754214367466 ], [ -71.683932564666293, 42.380371856867782 ], [ -71.681122297315156, 42.383998445271757 ], [ -71.683953671189343, 42.387616081252773 ], [ -71.681143082224267, 42.391242664060847 ], [ -71.675500792953329, 42.391251406908445 ], [ -71.672669740766338, 42.387633566018984 ], [ -71.675480656113578, 42.384007187190413 ], [ -71.672649930233575, 42.380389339776158 ], [ -71.675460523891857, 42.37676295535725 ] ] ], [ [ [ -71.664197369138307, 42.384023841125334 ], [ -71.667027773255981, 42.387641893427514 ], [ -71.664216209837704, 42.391268062607594 ], [ -71.658573916092195, 42.39127597545891 ], [ -71.655743833885396, 42.387657718294868 ], [ -71.658555723463721, 42.384031753141393 ], [ -71.655725967341922, 42.380413489499496 ], [ -71.658537535007881, 42.376787518708959 ], [ -71.664178532760019, 42.376779607528078 ], [ -71.667008610719165, 42.380397666302606 ], [ -71.664197369138307, 42.384023841125334 ] ] ], [ [ [ -71.650119084620968, 42.394909433164486 ], [ -71.647306224835845, 42.398535182828226 ], [ -71.641663278841094, 42.398542266424059 ], [ -71.63883384090181, 42.394923599614479 ], [ -71.641647026699673, 42.391298054018833 ], [ -71.647289324473618, 42.391290971164636 ], [ -71.650119084620968, 42.394909433164486 ] ] ], [ [ [ -71.641679534712296, 42.405786466482695 ], [ -71.638865704274835, 42.409412000421021 ], [ -71.633221783821753, 42.409418670013416 ], [ -71.63039234230007, 42.405799804972588 ], [ -71.633206498751505, 42.402174475117569 ], [ -71.638849770760245, 42.402167806220021 ], [ -71.641679534712296, 42.405786466482695 ] ] ], [ [ [ -71.717730455857819, 42.365824297125165 ], [ -71.714922779740959, 42.36945172309985 ], [ -71.717755438878783, 42.373068539186924 ], [ -71.7149474417417, 42.376695959774892 ], [ -71.709306458741509, 42.37670636037948 ], [ -71.706474120696853, 42.373089339279915 ], [ -71.709282444509739, 42.369462122588281 ], [ -71.70645043306547, 42.365845094985936 ], [ -71.709258435782999, 42.362217872913213 ], [ -71.706426750864011, 42.358600838866096 ], [ -71.709234432559413, 42.354973611470172 ], [ -71.714873472697704, 42.354963214213782 ], [ -71.717705478563474, 42.358580043237367 ], [ -71.71489812339361, 42.362207474540838 ], [ -71.717730455857819, 42.365824297125165 ] ] ], [ [ [ -71.810914547105739, 42.39096521768009 ], [ -71.80811112834499, 42.394594894174894 ], [ -71.802468624298584, 42.39460986305199 ], [ -71.799664560265413, 42.398239330878845 ], [ -71.802503326904102, 42.401854033302875 ], [ -71.799698944125325, 42.405483495883772 ], [ -71.794055468056385, 42.405498052545632 ], [ -71.791217020236004, 42.40188314476012 ], [ -71.785573863057976, 42.401897285426713 ], [ -71.782736060658067, 42.398282165188 ], [ -71.785541096493361, 42.394653109623881 ], [ -71.791183608323536, 42.394638970776704 ], [ -71.793987998883637, 42.391009706450603 ], [ -71.799630184259499, 42.390995153521281 ], [ -71.802433929619653, 42.387365680506313 ], [ -71.808075788468756, 42.387350713542119 ], [ -71.810914547105739, 42.39096521768009 ] ] ], [ [ [ -71.768582722746572, 42.387449672734931 ], [ -71.774224596714831, 42.387436365645065 ], [ -71.777029639885356, 42.38380750840016 ], [ -71.774193135220457, 42.380192161825399 ], [ -71.776997859492354, 42.376563299409334 ], [ -71.782638762322208, 42.376549580008408 ], [ -71.785475585810502, 42.38016472125156 ], [ -71.782671187694774, 42.383793787227134 ], [ -71.785508337411741, 42.387408921526855 ], [ -71.782703620472546, 42.391037982325649 ], [ -71.777061427535784, 42.391051705270947 ], [ -71.774256065393971, 42.39468055728684 ], [ -71.768613546223222, 42.394693866102237 ], [ -71.765777034446032, 42.391078321176096 ], [ -71.768582722746572, 42.387449672734931 ] ] ], [ [ [ -71.82799153186545, 42.41989483461272 ], [ -71.825150501636386, 42.416280777369941 ], [ -71.827953903721195, 42.412650704463211 ], [ -71.833598008890561, 42.412634485410408 ], [ -71.836439357636536, 42.416248337210263 ], [ -71.833636282745573, 42.419878613505745 ], [ -71.82799153186545, 42.41989483461272 ] ] ], [ [ [ -71.828104467923922, 42.441627148388456 ], [ -71.825262455885422, 42.438013113461935 ], [ -71.828066813963844, 42.434383056691317 ], [ -71.833712856709667, 42.434366831475323 ], [ -71.83655518748273, 42.437980660975256 ], [ -71.833751156824803, 42.441610921117658 ], [ -71.828104467923922, 42.441627148388456 ] ] ], [ [ [ -71.828142130495181, 42.448871227036157 ], [ -71.833789465699297, 42.448854997710313 ], [ -71.836593815091362, 42.445224743068096 ], [ -71.842240822724321, 42.445208099429088 ], [ -71.845084127291628, 42.448821708330428 ], [ -71.842280105543807, 42.452452166312135 ], [ -71.845123737828501, 42.45606576755322 ], [ -71.842319397349627, 42.459696219971228 ], [ -71.836671096816715, 42.459712867814453 ], [ -71.833827783336218, 42.456099061137358 ], [ -71.828179801680619, 42.456115292518426 ], [ -71.825337134724734, 42.452501272759939 ], [ -71.828142130495181, 42.448871227036157 ] ] ], [ [ [ -71.836169396654341, 42.365539144634873 ], [ -71.833330336663195, 42.361925242834538 ], [ -71.836130866030629, 42.358294926010153 ], [ -71.841770128700105, 42.358278307578537 ], [ -71.844609506553539, 42.361892003871979 ], [ -71.841809303924379, 42.365522524103831 ], [ -71.836169396654341, 42.365539144634873 ] ] ], [ [ [ -71.853210558209511, 42.387221018628601 ], [ -71.850369554655472, 42.383607556047572 ], [ -71.853170066043745, 42.379976842242698 ], [ -71.858811253850917, 42.379959387675797 ], [ -71.861652575261118, 42.38357264472014 ], [ -71.858852391057241, 42.387203561867935 ], [ -71.853210558209511, 42.387221018628601 ] ] ], [ [ [ -71.836400765337586, 42.409004203846315 ], [ -71.833559743782928, 42.405390344729341 ], [ -71.836362181858462, 42.401760057954519 ], [ -71.84200531434719, 42.401743426923098 ], [ -71.844846654198363, 42.405357080565864 ], [ -71.842044543313591, 42.40898757071416 ], [ -71.836400765337586, 42.409004203846315 ] ] ], [ [ [ -71.844925775702023, 42.419845340938529 ], [ -71.842083781247808, 42.416231701977182 ], [ -71.844886210428513, 42.412601217045264 ], [ -71.850530306698559, 42.412584167733399 ], [ -71.853372619446233, 42.416197601205646 ], [ -71.850570517679756, 42.419828289478744 ], [ -71.844925775702023, 42.419845340938529 ] ] ], [ [ [ -71.870390814769948, 42.430632576816812 ], [ -71.867546882755946, 42.427019576808952 ], [ -71.870348329249993, 42.423388481933358 ], [ -71.875993379949136, 42.423370183804273 ], [ -71.878837630029807, 42.426982978262039 ], [ -71.876036511394005, 42.430614276398906 ], [ -71.870390814769948, 42.430632576816812 ] ] ], [ [ [ -71.853575404521763, 42.452418044056095 ], [ -71.850731453581105, 42.448804648276862 ], [ -71.853534828953684, 42.445173981470823 ], [ -71.859181827451422, 42.445156507152063 ], [ -71.862026096899854, 42.448769697443659 ], [ -71.859223049392199, 42.452400567541545 ], [ -71.853575404521763, 42.452418044056095 ] ] ], [ [ [ -71.946581821514414, 42.426740134704737 ], [ -71.943733717736492, 42.423129016070781 ], [ -71.946530621966161, 42.419496066959866 ], [ -71.952175301212137, 42.419474033433289 ], [ -71.95502372201328, 42.423084946307291 ], [ -71.952227146594566, 42.426718098467681 ], [ -71.946581821514414, 42.426740134704737 ] ] ], [ [ [ -71.921201961817616, 42.430457907216784 ], [ -71.926847627059601, 42.430437115343373 ], [ -71.929695096347032, 42.434048645420155 ], [ -71.926896582974507, 42.437681173053065 ], [ -71.929744380930458, 42.441292695349688 ], [ -71.926945550092057, 42.444925217767263 ], [ -71.921298592577443, 42.4449460147815 ], [ -71.918451112160994, 42.441334286807482 ], [ -71.921250271670289, 42.437701967496764 ], [ -71.918403119850197, 42.434090231737159 ], [ -71.921201961817616, 42.430457907216784 ] ] ], [ [ [ -71.887416771796012, 42.445064982171999 ], [ -71.893063750690629, 42.445045846500584 ], [ -71.895909949220012, 42.448658199154302 ], [ -71.893108850844328, 42.452289893059195 ], [ -71.895955377753268, 42.455902237910998 ], [ -71.893153961318788, 42.459533926391771 ], [ -71.887505689543985, 42.45955306682999 ], [ -71.884659480767311, 42.455940516403757 ], [ -71.887461225583763, 42.452309031113899 ], [ -71.884615345114256, 42.448696472880286 ], [ -71.887416771796012, 42.445064982171999 ] ] ], [ [ [ -71.938340007445333, 42.459370832577378 ], [ -71.935490905419741, 42.455759539656917 ], [ -71.938289724901068, 42.452126819438071 ], [ -71.943937317414083, 42.452105189091839 ], [ -71.946786736899313, 42.455716276299768 ], [ -71.943988246461302, 42.45934919956634 ], [ -71.938340007445333, 42.459370832577378 ] ] ], [ [ [ -71.912993965328113, 42.47033076591164 ], [ -71.910145816571017, 42.466718856007923 ], [ -71.912946575796767, 42.463086761225384 ], [ -71.918595155002237, 42.463066373235648 ], [ -71.921443621663784, 42.466678077504028 ], [ -71.918643191264849, 42.470310375397382 ], [ -71.912993965328113, 42.47033076591164 ] ] ], [ [ [ -71.887550163680203, 42.466797089204292 ], [ -71.884747782377161, 42.470428563483658 ], [ -71.887594647995883, 42.474041098120722 ], [ -71.884791948340919, 42.477672566807996 ], [ -71.879142054556326, 42.477691297657799 ], [ -71.876295507363039, 42.474078557482983 ], [ -71.870645932077295, 42.474096871638743 ], [ -71.867800031771807, 42.470483918017408 ], [ -71.870603388201289, 42.466852855757857 ], [ -71.876252316672662, 42.466834543892325 ], [ -71.879055026361215, 42.46320327281915 ], [ -71.884703626520462, 42.463184546643568 ], [ -71.887550163680203, 42.466797089204292 ] ] ], [ [ [ -71.88768364717977, 42.488529075115892 ], [ -71.884880310603464, 42.492160532445219 ], [ -71.879229122599753, 42.492179267970165 ], [ -71.876381918405627, 42.488566543828 ], [ -71.87073104904583, 42.488584862564871 ], [ -71.867884492036453, 42.48497192487077 ], [ -71.870688485691019, 42.481340873946422 ], [ -71.876338707939553, 42.481322557500214 ], [ -71.879185583595287, 42.484935289687812 ], [ -71.884836124415202, 42.484916556500544 ], [ -71.88768364717977, 42.488529075115892 ] ] ], [ [ [ -71.896091725747326, 42.477634274011955 ], [ -71.893244213244159, 42.47402195291474 ], [ -71.896046266013329, 42.470390275455856 ], [ -71.901695502652942, 42.470370715941179 ], [ -71.904543333357253, 42.473982831454506 ], [ -71.901741609270275, 42.477614712066277 ], [ -71.896091725747326, 42.477634274011955 ] ] ] ] } },
{ "type": "Feature", "properties": { "class": "C", "fid": 2 }, "geometry": { "type": "MultiPolygon", "coordinates": [ [ [ [ -71.90186843806093, 42.05381152194763 ], [ -71.899039570739248, 42.050199038153799 ], [ -71.901822634563743, 42.046566911279072 ], [ -71.898994092265454, 42.042954423170684 ], [ -71.901776841504656, 42.039322293871948 ], [ -71.907387808068805, 42.039302448921084 ], [ -71.910216664879215, 42.042914731384073 ], [ -71.907434240661914, 42.046547064443253 ], [ -71.9102634225668, 42.050159342597105 ], [ -71.907480683838884, 42.053791673226698 ], [ -71.90186843806093, 42.05381152194763 ] ] ], [ [ [ -71.915827945882342, 42.042894472744635 ], [ -71.918609730567127, 42.039261933573876 ], [ -71.924220686404155, 42.039241263177942 ], [ -71.927050497038167, 42.04285312997456 ], [ -71.92426903759204, 42.046485872858533 ], [ -71.918657442224671, 42.046506545232752 ], [ -71.915827945882342, 42.042894472744635 ] ] ], [ [ [ -71.916017599893934, 42.0718728686291 ], [ -71.910403759595553, 42.071893134996039 ], [ -71.907573601958916, 42.068280870115984 ], [ -71.910356969921338, 42.064648544518469 ], [ -71.915970170177118, 42.064628280083589 ], [ -71.918752898169586, 42.060995748218318 ], [ -71.924365773035035, 42.060975071887157 ], [ -71.927196559827138, 42.064586925442683 ], [ -71.924414157297647, 42.068219661004441 ], [ -71.918800642464447, 42.068240339314251 ], [ -71.916017599893934, 42.0718728686291 ] ] ], [ [ [ -71.940953026500608, 42.024688374228298 ], [ -71.943732579179368, 42.021055214996181 ], [ -71.949341919931896, 42.021033311731458 ], [ -71.952172347117539, 42.024644565581063 ], [ -71.949393119815426, 42.028277928469414 ], [ -71.943783139902507, 42.028299833852039 ], [ -71.940953026500608, 42.024688374228298 ] ] ], [ [ [ -71.94105353168375, 42.039177601103574 ], [ -71.943833712147097, 42.035544446256722 ], [ -71.949444331366067, 42.035522538756084 ], [ -71.952275409524844, 42.039133783984191 ], [ -71.94949555458777, 42.042767142476094 ], [ -71.943884295917087, 42.042789052094932 ], [ -71.94105353168375, 42.039177601103574 ] ] ], [ [ [ -71.932859098961231, 42.071810417799853 ], [ -71.935641175881798, 42.068177478568032 ], [ -71.941254679535433, 42.068155974441908 ], [ -71.944086746329731, 42.071767407475569 ], [ -71.941304995163989, 42.075400550350992 ], [ -71.935690851400494, 42.075422056549236 ], [ -71.932859098961231, 42.071810417799853 ] ] ], [ [ [ -71.941556745496868, 42.111623319573695 ], [ -71.944340069140083, 42.107990190110471 ], [ -71.949957089440161, 42.107968261422066 ], [ -71.952791426959578, 42.111579460077451 ], [ -71.950008429592302, 42.115212793129906 ], [ -71.944390768380927, 42.115234723937853 ], [ -71.941556745496868, 42.111623319573695 ] ] ], [ [ [ -71.882465333705937, 42.093724093199498 ], [ -71.885295196949073, 42.09733696570224 ], [ -71.882508962928981, 42.100968663610082 ], [ -71.876892540360629, 42.100987285225756 ], [ -71.874062992494743, 42.097374207187734 ], [ -71.876849551771272, 42.093742713069375 ], [ -71.874020329088538, 42.090129630411631 ], [ -71.876806572985871, 42.086498133424811 ], [ -71.873977675411524, 42.082885046205107 ], [ -71.876763604001027, 42.079253546407507 ], [ -71.88237810510654, 42.079234930028932 ], [ -71.88520731791543, 42.082847811702436 ], [ -71.89082213418223, 42.082828781446892 ], [ -71.893651987330713, 42.08644145299732 ], [ -71.890866709101232, 42.090073360369779 ], [ -71.885251252421568, 42.090092392417638 ], [ -71.882465333705937, 42.093724093199498 ] ] ], [ [ [ -71.899267118684037, 42.086422008818587 ], [ -71.90205175650209, 42.082789894928432 ], [ -71.90766656245782, 42.082770038665956 ], [ -71.910497370956151, 42.086382294408018 ], [ -71.907713058608437, 42.090014612025186 ], [ -71.902097612243352, 42.090034470173343 ], [ -71.899267118684037, 42.086422008818587 ] ] ], [ [ [ -71.933056610880655, 42.100788675465871 ], [ -71.927440219929636, 42.10080977579959 ], [ -71.924607804710476, 42.097197945467684 ], [ -71.918991728546501, 42.097218631693323 ], [ -71.916159953951819, 42.093606590947843 ], [ -71.918943940683121, 42.089974069630081 ], [ -71.924559376295377, 42.089953385383566 ], [ -71.927391465679321, 42.093565220475746 ], [ -71.933007216007454, 42.09354412216792 ], [ -71.935839945940927, 42.097155746826203 ], [ -71.933056610880655, 42.100788675465871 ] ] ], [ [ [ -71.902189355108078, 42.1045235982549 ], [ -71.899403772039307, 42.10815570366254 ], [ -71.893786718795226, 42.108175153358758 ], [ -71.890955889444996, 42.104562495807997 ], [ -71.893741798062507, 42.100930594137054 ], [ -71.89091129418766, 42.097317931861973 ], [ -71.893696887575501, 42.093686027311435 ], [ -71.899312659412985, 42.093666581293654 ], [ -71.90214347844416, 42.097279037987306 ], [ -71.907759565364628, 42.097259177953383 ], [ -71.910591025023962, 42.1008714243264 ], [ -71.907806082730076, 42.104503736335076 ], [ -71.902189355108078, 42.1045235982549 ] ] ], [ [ [ -72.050497421779369, 42.042325707184283 ], [ -72.05327147955694, 42.038689895221886 ], [ -72.058882325521523, 42.038662620461892 ], [ -72.061719752867589, 42.042271154596392 ], [ -72.058946021912831, 42.045907169717395 ], [ -72.05333453674065, 42.045934447545449 ], [ -72.050497421779369, 42.042325707184283 ] ] ], [ [ [ -72.126354835738482, 42.052802875898585 ], [ -72.129125011950492, 42.049165231146382 ], [ -72.134736747359582, 42.049134236812833 ], [ -72.137578945910477, 42.052740883743354 ], [ -72.134809097605952, 42.056378731430996 ], [ -72.129196722794461, 42.05640972925287 ], [ -72.126354835738482, 42.052802875898585 ] ] ], [ [ [ -72.126497650562158, 42.067291861693626 ], [ -72.129268449980387, 42.063654220432156 ], [ -72.134881464340026, 42.063623219121681 ], [ -72.137724318926772, 42.067229855583875 ], [ -72.134953847567431, 42.070867699769437 ], [ -72.129340193513841, 42.070898704568876 ], [ -72.126497650562158, 42.067291861693626 ] ] ], [ [ [ -72.067654371353882, 42.078466102500641 ], [ -72.070429024991512, 42.074829891991477 ], [ -72.076043053771684, 42.074801776006957 ], [ -72.078883068797083, 42.078409867369025 ], [ -72.076108742575386, 42.082046280960888 ], [ -72.070494073863742, 42.082074400108105 ], [ -72.067654371353882, 42.078466102500641 ] ] ], [ [ [ -71.966435626531293, 42.057188936841413 ], [ -71.969215143752507, 42.053555173434454 ], [ -71.974827343967718, 42.053532022199306 ], [ -71.977660666723153, 42.057142632112722 ], [ -71.974881475540485, 42.060776599079865 ], [ -71.969268635515249, 42.060799752573487 ], [ -71.966435626531293, 42.057188936841413 ] ] ], [ [ [ -71.966648410967963, 42.086167201351387 ], [ -71.96942918399337, 42.082533447703788 ], [ -71.975043944323986, 42.082510287433813 ], [ -71.977878571974259, 42.086120878552514 ], [ -71.97509812528763, 42.089754835737914 ], [ -71.969482724563278, 42.089777998266939 ], [ -71.966648410967963, 42.086167201351387 ] ] ], [ [ [ -71.986384388725256, 42.09695222084936 ], [ -71.992000417479375, 42.096928229878102 ], [ -71.994836652686601, 42.100538394655871 ], [ -72.000452994474003, 42.100513989085826 ], [ -72.003289864826883, 42.10412394097041 ], [ -72.000510089603196, 42.10775850796923 ], [ -71.994893107199047, 42.107782916008844 ], [ -71.992112685751749, 42.111417274931355 ], [ -71.986495375488246, 42.111441270608204 ], [ -71.983659127548549, 42.107830905009571 ], [ -71.986439875777236, 42.104196749560678 ], [ -71.983603954545458, 42.100586378950979 ], [ -71.977987599157913, 42.10060995798402 ], [ -71.975206524294023, 42.104243909932784 ], [ -71.978042131404166, 42.107854486348728 ], [ -71.975260742345199, 42.111488435592683 ], [ -71.969643419563127, 42.111511604899789 ], [ -71.966808126720778, 42.107900822703321 ], [ -71.969589842343979, 42.104267076980385 ], [ -71.96675487599245, 42.10065628981976 ], [ -71.969536277345441, 42.097022541397607 ], [ -71.975152318609574, 42.096999376609368 ], [ -71.97793307934937, 42.09336542201347 ], [ -71.983548794126207, 42.09334184528641 ], [ -71.986384388725256, 42.09695222084936 ] ] ], [ [ [ -72.126640530495521, 42.081780819088124 ], [ -72.129411953400421, 42.078143181547603 ], [ -72.13502624729378, 42.078112173258937 ], [ -72.137869758219281, 42.081718799021488 ], [ -72.135098663524758, 42.085356639474774 ], [ -72.129483729645713, 42.085387651252944 ], [ -72.126640530495521, 42.081780819088124 ] ] ], [ [ [ -72.067783858679576, 42.092955107188523 ], [ -72.070624216101251, 42.096563394241691 ], [ -72.067848624485833, 42.10019959833857 ], [ -72.062232347903546, 42.100227312290023 ], [ -72.05945611591585, 42.103863311047569 ], [ -72.053839511834227, 42.103890613429598 ], [ -72.05099978016338, 42.100281913983764 ], [ -72.05377633957707, 42.096646118339613 ], [ -72.05939230328427, 42.096618819027753 ], [ -72.062168222396224, 42.092982818023273 ], [ -72.067783858679576, 42.092955107188523 ] ] ], [ [ [ -72.07637164759403, 42.111024226338678 ], [ -72.079147224291532, 42.107387821434358 ], [ -72.084764126397332, 42.107359278065829 ], [ -72.087606092342881, 42.110967136391153 ], [ -72.084830843509664, 42.114603744328839 ], [ -72.079213300817898, 42.114632290908013 ], [ -72.07637164759403, 42.111024226338678 ] ] ], [ [ [ -72.017360980354965, 42.107683619832535 ], [ -72.020139788194712, 42.104048643910033 ], [ -72.025756420361375, 42.104022994047341 ], [ -72.028594885169724, 42.107632317223604 ], [ -72.025816404398, 42.111267496349136 ], [ -72.020199131701204, 42.111293149095516 ], [ -72.017360980354965, 42.107683619832535 ] ] ], [ [ [ -72.03427278250328, 42.114850746803015 ], [ -72.037050936060851, 42.111215364501113 ], [ -72.04266819492949, 42.111188885400146 ], [ -72.045507940863374, 42.114797785623914 ], [ -72.042730114666057, 42.118433371075547 ], [ -72.037112215125902, 42.118459853153858 ], [ -72.03427278250328, 42.114850746803015 ] ] ], [ [ [ -71.992337376046606, 42.14039527076099 ], [ -71.986717501009537, 42.14041927585091 ], [ -71.983879945485228, 42.136808930874651 ], [ -71.986661950618966, 42.133174786613296 ], [ -71.992281184243168, 42.133150783876879 ], [ -71.99506254803687, 42.12951643327532 ], [ -72.000681453133396, 42.129492017784017 ], [ -72.003519631049159, 42.13310194838737 ], [ -72.000738600372486, 42.136736505058906 ], [ -71.995119054097685, 42.136760923048399 ], [ -71.992337376046606, 42.14039527076099 ] ] ], [ [ [ -72.017656264893262, 42.143906053908673 ], [ -72.012036101241748, 42.143931306246294 ], [ -72.009196955054549, 42.140321592644682 ], [ -72.011977658578616, 42.136686832745099 ], [ -72.017597181039733, 42.136661583245612 ], [ -72.020377243446163, 42.133026617465084 ], [ -72.025996438610306, 42.133000956066091 ], [ -72.028836212434186, 42.136610257563035 ], [ -72.026056477397503, 42.140245426523997 ], [ -72.020436641118408, 42.140271090807701 ], [ -72.017656264893262, 42.143906053908673 ] ] ], [ [ [ -72.110144527958212, 42.118094098642707 ], [ -72.112918479900074, 42.114456879484216 ], [ -72.118535991423514, 42.114426680128183 ], [ -72.121380191677801, 42.118033696533146 ], [ -72.118606568109016, 42.12167111862383 ], [ -72.112988415864137, 42.121701321377543 ], [ -72.110144527958212, 42.118094098642707 ] ] ], [ [ [ -72.093358693947934, 42.125427085296366 ], [ -72.096201956718559, 42.129034720614456 ], [ -72.093426410537802, 42.132671526846877 ], [ -72.087807273375844, 42.132700494766034 ], [ -72.085031086172819, 42.136337095566383 ], [ -72.079411620846088, 42.136365651779109 ], [ -72.076568983795667, 42.132757603979833 ], [ -72.07934549909001, 42.129121206195855 ], [ -72.076503190057466, 42.125513152748681 ], [ -72.070884678690774, 42.125541290877962 ], [ -72.068043010538801, 42.12193302562769 ], [ -72.070819540766379, 42.118296828461389 ], [ -72.076437411325301, 42.118268693496468 ], [ -72.079279392415671, 42.121876752533652 ], [ -72.084897575839548, 42.1218482027436 ], [ -72.087740197734789, 42.125456049957513 ], [ -72.093358693947934, 42.125427085296366 ] ] ], [ [ [ -72.121451096809167, 42.125278129349923 ], [ -72.127069561399352, 42.125247511635152 ], [ -72.129914730964089, 42.128854310279898 ], [ -72.127141123644535, 42.132491932983818 ], [ -72.129986621877237, 42.136098725839261 ], [ -72.127212702217321, 42.13973634619331 ], [ -72.121592955604896, 42.139766970797957 ], [ -72.118747769785386, 42.136159971603291 ], [ -72.121522018116352, 42.132522554143371 ], [ -72.118677160894464, 42.128915549154037 ], [ -72.121451096809167, 42.125278129349923 ] ] ], [ [ [ -72.068172675153164, 42.136421937531651 ], [ -72.062553194884529, 42.136449667070764 ], [ -72.059711512016122, 42.132841201233752 ], [ -72.054092344975487, 42.132868515899148 ], [ -72.051251303138898, 42.129259838299305 ], [ -72.054029115063415, 42.125624052196251 ], [ -72.059647641145006, 42.125596740602091 ], [ -72.062488996212409, 42.129205212039935 ], [ -72.068107835451357, 42.129177485618882 ], [ -72.070949831474962, 42.13278574527375 ], [ -72.068172675153164, 42.136421937531651 ] ] ], [ [ [ -71.984045691279036, 42.158542364752201 ], [ -71.986828639837199, 42.154908229487035 ], [ -71.992449798139262, 42.154884219689649 ], [ -71.995288649686529, 42.158494342803579 ], [ -71.992506028437262, 42.162128681503141 ], [ -71.986884228282975, 42.162152693654498 ], [ -71.984045691279036, 42.158542364752201 ] ] ], [ [ [ -72.026236675973976, 42.161978787937485 ], [ -72.029017352452783, 42.158343627205028 ], [ -72.034638785284997, 42.158317542227266 ], [ -72.037480183214541, 42.161926615049808 ], [ -72.043101929855325, 42.161900115102128 ], [ -72.045943969407105, 42.165508976044698 ], [ -72.043163948560363, 42.169144543024146 ], [ -72.037541560223744, 42.169171045950954 ], [ -72.034699834478516, 42.165561978919072 ], [ -72.029077760021323, 42.165588066829116 ], [ -72.026236675973976, 42.161978787937485 ] ] ], [ [ [ -71.933204863127543, 42.122522289269462 ], [ -71.936038897436475, 42.126133894330657 ], [ -71.933254303098479, 42.129766811455696 ], [ -71.927635348194116, 42.129787919894213 ], [ -71.924801628884239, 42.126176109181223 ], [ -71.927586549430899, 42.122543395681589 ], [ -71.92475315625623, 42.118931579977172 ], [ -71.919135157560234, 42.118952272140994 ], [ -71.916302405448576, 42.115340245866022 ], [ -71.91908733698132, 42.111707733064243 ], [ -71.924704694687108, 42.111687042879943 ], [ -71.927537761801602, 42.115298863517978 ], [ -71.933155434436841, 42.115277759132105 ], [ -71.935989142539341, 42.118889369179271 ], [ -71.933204863127543, 42.122522289269462 ] ] ], [ [ [ -71.910778461398223, 42.129849591988389 ], [ -71.916397427295209, 42.129829310160794 ], [ -71.919230831459714, 42.133441326499792 ], [ -71.916444954484291, 42.137073830266544 ], [ -71.910825347229505, 42.137094114027249 ], [ -71.907992258356742, 42.133481892088021 ], [ -71.902372966466586, 42.133501761552608 ], [ -71.899540518953145, 42.129889329031101 ], [ -71.893921542502625, 42.129908784245806 ], [ -71.891089736277152, 42.126296141214716 ], [ -71.893876591011747, 42.122664248528594 ], [ -71.89104511048626, 42.119051600599832 ], [ -71.893831649777127, 42.115419704861097 ], [ -71.899449343943772, 42.115400253325497 ], [ -71.902281139839602, 42.119012695689221 ], [ -71.907899149303148, 42.118992829997232 ], [ -71.910731586265698, 42.12260506188337 ], [ -71.907945698518077, 42.126237365046784 ], [ -71.910778461398223, 42.129849591988389 ] ] ], [ [ [ -71.961401678223552, 42.13690163974011 ], [ -71.958565720084749, 42.133290667044527 ], [ -71.952946461836788, 42.133313016478773 ], [ -71.950111145045767, 42.129701832921988 ], [ -71.952894771751502, 42.126068505649172 ], [ -71.958513388724512, 42.126046158381456 ], [ -71.961349020217966, 42.129657136220104 ], [ -71.966967951819925, 42.129634374566081 ], [ -71.969804224585928, 42.133245141523247 ], [ -71.967021251171559, 42.136878875872775 ], [ -71.961401678223552, 42.13690163974011 ] ] ], [ [ [ -71.908178604021799, 42.162459917859699 ], [ -71.910966068952462, 42.1588276305921 ], [ -71.916587601159179, 42.158807341031341 ], [ -71.91942231033002, 42.16241933680466 ], [ -71.916635171765734, 42.166051827717048 ], [ -71.911012997615359, 42.166072119211378 ], [ -71.908178604021799, 42.162459917859699 ] ] ], [ [ [ -71.91668275323596, 42.17329630575891 ], [ -71.919470207375937, 42.169663818204391 ], [ -71.925092697101434, 42.16964311218058 ], [ -71.927928374799691, 42.173254891730878 ], [ -71.925141247247865, 42.176887582898118 ], [ -71.919518115360702, 42.176908290902432 ], [ -71.91668275323596, 42.17329630575891 ] ] ], [ [ [ -71.941859225233259, 42.155090384691874 ], [ -71.944695206910097, 42.158701758305767 ], [ -71.941909678810489, 42.162334866569886 ], [ -71.944745987215953, 42.165946234856364 ], [ -71.941960143909029, 42.169579339861258 ], [ -71.936337665416829, 42.169600873008768 ], [ -71.933501672291655, 42.165989299077502 ], [ -71.93628784232952, 42.162356397643592 ], [ -71.93345217586166, 42.158744818379432 ], [ -71.936238030616963, 42.155111913691904 ], [ -71.941859225233259, 42.155090384691874 ] ] ], [ [ [ -71.958879959226351, 42.176757544355574 ], [ -71.961665148631582, 42.173124032288122 ], [ -71.967287930506629, 42.173101257352045 ], [ -71.970126165152635, 42.176711992269333 ], [ -71.975749262008293, 42.176688802620063 ], [ -71.978588138876958, 42.180299326268937 ], [ -71.975803603960003, 42.183933245292955 ], [ -71.978642808219149, 42.187543763346952 ], [ -71.975857958325108, 42.191177679031668 ], [ -71.970233576730081, 42.191200873203023 ], [ -71.967394687521022, 42.187590149428459 ], [ -71.970179864808003, 42.183956437203193 ], [ -71.9673413029182, 42.18034570782833 ], [ -71.96171787881805, 42.18036848497858 ], [ -71.958879959226351, 42.176757544355574 ] ] ], [ [ [ -71.925238380812246, 42.191376497765575 ], [ -71.928026139579387, 42.187743813498393 ], [ -71.933650229417623, 42.18772268884419 ], [ -71.936487202966319, 42.191334246429761 ], [ -71.933699771084534, 42.194967134272041 ], [ -71.928075038719783, 42.194988260953757 ], [ -71.925238380812246, 42.191376497765575 ] ] ], [ [ [ -71.755774039169637, 42.010762997750064 ], [ -71.758563555321842, 42.007134346072945 ], [ -71.764171719200746, 42.007121522386761 ], [ -71.766991005782742, 42.010737349286032 ], [ -71.764201812473743, 42.014366205148761 ], [ -71.75859300969104, 42.014379029926658 ], [ -71.755774039169637, 42.010762997750064 ] ] ], [ [ [ -71.747403575515406, 42.021648541405355 ], [ -71.750194051778109, 42.018020091777622 ], [ -71.755803177405312, 42.018007679043578 ], [ -71.758622470770945, 42.021623707562739 ], [ -71.755832322280071, 42.025252354061813 ], [ -71.750222557529554, 42.025264767841016 ], [ -71.747403575515406, 42.021648541405355 ] ] ], [ [ [ -71.739030235171469, 42.032533471773199 ], [ -71.741821667075314, 42.028905231704769 ], [ -71.747431765077437, 42.028893214566239 ], [ -71.750251069776724, 42.032509437513852 ], [ -71.747459961061082, 42.036137881282286 ], [ -71.74184922395051, 42.036149899086929 ], [ -71.739030235171469, 42.032533471773199 ] ] ], [ [ [ -71.755861473796145, 42.032497022689476 ], [ -71.75865193856383, 42.028868378865845 ], [ -71.764262019590845, 42.028855551904378 ], [ -71.767082275142215, 42.032471367674724 ], [ -71.764292133439611, 42.036100215667396 ], [ -71.758681413072011, 42.036113043720711 ], [ -71.755861473796145, 42.032497022689476 ] ] ], [ [ [ -71.797956405897821, 42.036017469466657 ], [ -71.800744622141622, 42.03238779971187 ], [ -71.806355004480096, 42.032372908793874 ], [ -71.809177809933402, 42.03598768630561 ], [ -71.806389917334968, 42.039617560109164 ], [ -71.800778895589303, 42.039632452352279 ], [ -71.797956405897821, 42.036017469466657 ] ] ], [ [ [ -71.772723748770531, 42.039702786284096 ], [ -71.775513567262351, 42.03607373414868 ], [ -71.781124280620332, 42.036060080683541 ], [ -71.783945814921822, 42.039675478168697 ], [ -71.781156319786504, 42.04330473442063 ], [ -71.775544966944636, 42.043318389070954 ], [ -71.772723748770531, 42.039702786284096 ] ] ], [ [ [ -71.823591739342547, 42.112017320759591 ], [ -71.817974323633976, 42.112033052646041 ], [ -71.815147636791949, 42.10841852732608 ], [ -71.817938049352435, 42.104788475485009 ], [ -71.815111687043625, 42.101173945622513 ], [ -71.817901783345135, 42.09754389066358 ], [ -71.823517917472202, 42.097528161615337 ], [ -71.826344595966702, 42.101142486107022 ], [ -71.823554824197174, 42.104772745017712 ], [ -71.826381827296501, 42.108387064972369 ], [ -71.823591739342547, 42.112017320759591 ] ] ], [ [ [ -71.798262303279415, 42.101219069274507 ], [ -71.801053364614347, 42.097589425404813 ], [ -71.806669506867507, 42.097574522558489 ], [ -71.80949522845745, 42.101189262256163 ], [ -71.806704491436648, 42.104819110124694 ], [ -71.801087708463044, 42.104834014296742 ], [ -71.798262303279415, 42.101219069274507 ] ] ], [ [ [ -71.747516372302101, 42.050627194918519 ], [ -71.750308113767034, 42.046998757226611 ], [ -71.755919796761347, 42.046986340311754 ], [ -71.758740382243374, 42.050602353624292 ], [ -71.755948968215009, 42.054230989075677 ], [ -71.750336645514608, 42.054243407035848 ], [ -71.747516372302101, 42.050627194918519 ] ] ], [ [ [ -71.750422279793796, 42.075977314890601 ], [ -71.747601037380718, 42.072361114152976 ], [ -71.750393728525779, 42.068732685983221 ], [ -71.747572809255971, 42.065116481391307 ], [ -71.750365183766789, 42.06148804999318 ], [ -71.75597814631908, 42.061475630987651 ], [ -71.758799378303451, 42.065091636350758 ], [ -71.75600733107585, 42.068720265932306 ], [ -71.758828886422478, 42.072336267234093 ], [ -71.756036522487562, 42.075964893794243 ], [ -71.750422279793796, 42.075977314890601 ] ] ], [ [ [ -71.764533291504975, 42.094057279790292 ], [ -71.767356457963686, 42.097673059058195 ], [ -71.764563467207793, 42.10130188032727 ], [ -71.758946986212393, 42.101314718209281 ], [ -71.756124136675254, 42.097698733729899 ], [ -71.750507972674342, 42.097711157962813 ], [ -71.747685760372704, 42.094094969154447 ], [ -71.742069905147048, 42.094106992286605 ], [ -71.739275622588949, 42.097735203778981 ], [ -71.733659444040725, 42.097746814138922 ], [ -71.730838188448431, 42.09413021238737 ], [ -71.733632794255911, 42.090502205255504 ], [ -71.73924833245502, 42.090490595514666 ], [ -71.742042297986274, 42.086862380616289 ], [ -71.747657512936911, 42.086850358149952 ], [ -71.750479401865846, 42.090466550995821 ], [ -71.756094925284984, 42.090454127808478 ], [ -71.758917451163242, 42.094070116580042 ], [ -71.764533291504975, 42.094057279790292 ] ] ], [ [ [ -71.756182579450282, 42.112187922824283 ], [ -71.758976527999806, 42.108559312236409 ], [ -71.764593649795032, 42.108546473262102 ], [ -71.767417463938017, 42.112162243783366 ], [ -71.764623839269078, 42.115791058479338 ], [ -71.759006076527825, 42.115803898546012 ], [ -71.756182579450282, 42.112187922824283 ] ] ], [ [ [ -71.764714449035495, 42.137524766670907 ], [ -71.759094762578485, 42.13753761001486 ], [ -71.75627029363325, 42.133921647862778 ], [ -71.75065092453066, 42.133934077324049 ], [ -71.7478270942172, 42.130317909619649 ], [ -71.750622321110086, 42.126689509233145 ], [ -71.75624104889981, 42.126677080817636 ], [ -71.759065193814862, 42.130293047550715 ], [ -71.764684238886943, 42.130280205299215 ], [ -71.767509025113554, 42.13389596226736 ], [ -71.764714449035495, 42.137524766670907 ] ] ], [ [ [ -71.840133515456145, 42.054011693907292 ], [ -71.842920112015747, 42.050381004171747 ], [ -71.848532072055093, 42.05036404595559 ], [ -71.851358075250559, 42.053977775916493 ], [ -71.848571803065127, 42.057608669569255 ], [ -71.842959203261429, 42.057625629343946 ], [ -71.840133515456145, 42.054011693907292 ] ] ], [ [ [ -71.840366302821806, 42.097479322069418 ], [ -71.843154793232998, 42.09384864923814 ], [ -71.848770594047068, 42.093831681669343 ], [ -71.851598545041398, 42.097445385372822 ], [ -71.848810379451521, 42.101076262087922 ], [ -71.843193937997299, 42.101093231215799 ], [ -71.840366302821806, 42.097479322069418 ] ] ], [ [ [ -71.840521671475884, 42.126457591476935 ], [ -71.834902982177184, 42.126474152775835 ], [ -71.83207468848984, 42.122860052153655 ], [ -71.834864767872631, 42.119229595633293 ], [ -71.832036799085515, 42.115615490306268 ], [ -71.834826562286779, 42.111985030599193 ], [ -71.840443969424982, 42.111968472325557 ], [ -71.843272254320283, 42.115582372246486 ], [ -71.840482816017968, 42.119213035847068 ], [ -71.843311425885091, 42.122826931068602 ], [ -71.840521671475884, 42.126457591476935 ] ] ], [ [ [ -71.87419104112206, 42.119107891779237 ], [ -71.868573011439921, 42.119126104521818 ], [ -71.865743128649811, 42.115512830398025 ], [ -71.868530959826856, 42.111881549030215 ], [ -71.865701402297915, 42.108268270165681 ], [ -71.868488917806786, 42.104636985761957 ], [ -71.874105665633508, 42.104618776417993 ], [ -71.876935538757266, 42.108231849778548 ], [ -71.874148348508186, 42.111863337986996 ], [ -71.876978546964537, 42.115476406612274 ], [ -71.87419104112206, 42.119107891779237 ] ] ], [ [ [ -71.868699223870038, 42.140859723182132 ], [ -71.865910129305334, 42.144490991829429 ], [ -71.860289850182113, 42.144508797118625 ], [ -71.857459307187014, 42.140895332107483 ], [ -71.86024872723911, 42.13726426726344 ], [ -71.857418509657975, 42.13365079733272 ], [ -71.860207613681055, 42.130019729227605 ], [ -71.857377721439065, 42.126406254435068 ], [ -71.86016650950468, 42.122775183126549 ], [ -71.865784864523249, 42.122757382796038 ], [ -71.868615072649291, 42.126370652121352 ], [ -71.86582660992147, 42.130001927244301 ], [ -71.868657143458222, 42.13361519171329 ], [ -71.865868364847742, 42.13724646362725 ], [ -71.868699223870038, 42.140859723182132 ] ] ], [ [ [ -71.840560535801814, 42.133702139099668 ], [ -71.843350606389535, 42.130071481941307 ], [ -71.848969611866295, 42.130054506576286 ], [ -71.851799188077905, 42.133668186810183 ], [ -71.849009442684789, 42.13729904782457 ], [ -71.843389795836671, 42.137316024749076 ], [ -71.840560535801814, 42.133702139099668 ] ] ], [ [ [ -71.82377644147617, 42.148240080520189 ], [ -71.826568111427775, 42.144609841215718 ], [ -71.832188408596906, 42.144593689538311 ], [ -71.83501767743283, 42.148207775699156 ], [ -71.832226332607149, 42.151838218895676 ], [ -71.826605393770819, 42.151854372039331 ], [ -71.82377644147617, 42.148240080520189 ] ] ], [ [ [ -71.85766343459575, 42.177117880095032 ], [ -71.860495605783385, 42.180731319641176 ], [ -71.866119094677117, 42.180713506085567 ], [ -71.868909770087043, 42.177082254637327 ], [ -71.87453293304533, 42.177064028296329 ], [ -71.877366062863757, 42.180677051703356 ], [ -71.874575713462377, 42.184308506900571 ], [ -71.86895190818511, 42.18432673494182 ], [ -71.866160916391124, 42.187957982777029 ], [ -71.86899405590907, 42.191571206314464 ], [ -71.866202747659329, 42.195202450478895 ], [ -71.869036213262234, 42.198815668639654 ], [ -71.866244588484989, 42.202446909075647 ], [ -71.869078380247913, 42.20606012180189 ], [ -71.874704113362625, 42.206041888659293 ], [ -71.877538547957982, 42.209654890465842 ], [ -71.874746932890247, 42.213286330842223 ], [ -71.86912055686939, 42.213304565685441 ], [ -71.866328298821799, 42.216935798491143 ], [ -71.860701596490244, 42.216953620315522 ], [ -71.857908695387692, 42.220584645477494 ], [ -71.852281666817348, 42.220602054235876 ], [ -71.849488122584759, 42.224232871681117 ], [ -71.843860767847474, 42.224249867326357 ], [ -71.841066580409787, 42.227880476981866 ], [ -71.835438899577554, 42.227897059466827 ], [ -71.832606049438368, 42.224283030782416 ], [ -71.835400562897277, 42.220652624936903 ], [ -71.832568038705617, 42.217038590738177 ], [ -71.835362234977623, 42.213408180897645 ], [ -71.840988629544043, 42.213391601440236 ], [ -71.843782182829869, 42.209760983841349 ], [ -71.840949667469488, 42.206147149520937 ], [ -71.83532391581555, 42.206163727464705 ], [ -71.83249204329401, 42.202549682410869 ], [ -71.826866608682607, 42.202565845820473 ], [ -71.82403537892796, 42.198951590105992 ], [ -71.818410261434011, 42.198967339027831 ], [ -71.81557967437432, 42.195352872725458 ], [ -71.809954874072659, 42.195368207205959 ], [ -71.807124929635947, 42.191753530388439 ], [ -71.809919468258016, 42.188123724369532 ], [ -71.81554362600987, 42.18810839126229 ], [ -71.818337522155318, 42.184478377527007 ], [ -71.823961354552509, 42.184462631445115 ], [ -71.826754608296142, 42.180832410066429 ], [ -71.832378115266735, 42.180816251056982 ], [ -71.835170726683316, 42.177185822107887 ], [ -71.840793908155419, 42.177169250217958 ], [ -71.843585877319782, 42.17353861377142 ], [ -71.840754990557699, 42.169924753063746 ], [ -71.843546643113285, 42.166294113020918 ], [ -71.849168856911234, 42.166277129857505 ], [ -71.852000060208567, 42.169890785177074 ], [ -71.849208733221559, 42.173521629048089 ], [ -71.852040262160529, 42.177135279211342 ], [ -71.85766343459575, 42.177117880095032 ] ], [ [ -71.860619171969034, 42.202464727592215 ], [ -71.857786022966806, 42.198851304019023 ], [ -71.8605779738309, 42.195220267341753 ], [ -71.857745150841851, 42.191606838386399 ], [ -71.86053678510342, 42.187975797986184 ], [ -71.85770428805256, 42.184362363706562 ], [ -71.852080473295118, 42.184379764429657 ], [ -71.849248618639606, 42.180766119480502 ], [ -71.84362512048736, 42.180783105763858 ], [ -71.840832834642413, 42.184413738556373 ], [ -71.835209010844977, 42.184430311959616 ], [ -71.8324160826011, 42.18806073720252 ], [ -71.835247303752226, 42.191674792880079 ], [ -71.840871770021707, 42.191658217963393 ], [ -71.843703633718036, 42.195272063012226 ], [ -71.840910714296385, 42.198902688323436 ], [ -71.843742903787273, 42.202516528037002 ], [ -71.849368329571234, 42.202499537073095 ], [ -71.852201161825988, 42.206113166032836 ], [ -71.849408251451351, 42.209743991317083 ], [ -71.852241409722481, 42.213357614831331 ], [ -71.85786779523653, 42.213340207680176 ], [ -71.860660379521093, 42.209709178622013 ], [ -71.857826904430638, 42.206095760488829 ], [ -71.860619171969034, 42.202464727592215 ] ] ], [ [ [ -71.77315956317571, 42.141127261732684 ], [ -71.775953815003831, 42.137498253263963 ], [ -71.781573494417543, 42.137484583201235 ], [ -71.784399563483234, 42.141099920421389 ], [ -71.781605636051452, 42.144729132929029 ], [ -71.775985315108841, 42.144742804177653 ], [ -71.77315956317571, 42.141127261732684 ] ] ], [ [ [ -71.80691456656686, 42.148286470614607 ], [ -71.801293936199258, 42.148301382742197 ], [ -71.798466584006746, 42.14468646556093 ], [ -71.792846270549234, 42.144700963620508 ], [ -71.790019559956107, 42.141085836383446 ], [ -71.792812845860041, 42.137456416358042 ], [ -71.798432517791227, 42.13744191957781 ], [ -71.801259545295991, 42.141056841543687 ], [ -71.806879534065388, 42.141041930742169 ], [ -71.809707203094945, 42.14465664263183 ], [ -71.80691456656686, 42.148286470614607 ] ] ], [ [ [ -71.781637785023307, 42.151973674361614 ], [ -71.784432029586526, 42.148344465411348 ], [ -71.790052667660262, 42.148330380140735 ], [ -71.792879702869243, 42.151945502587715 ], [ -71.790085782923313, 42.155574915545046 ], [ -71.784464503102271, 42.155589002048387 ], [ -71.781637785023307, 42.151973674361614 ] ] ], [ [ [ -71.781734275991496, 42.17370724773324 ], [ -71.784561968149333, 42.177322560686449 ], [ -71.781766454340186, 42.18095175482992 ], [ -71.776142923555355, 42.180965432009053 ], [ -71.773346767411056, 42.184594418300826 ], [ -71.7761744668462, 42.188209931419081 ], [ -71.781798640039355, 42.188196253053704 ], [ -71.784626981956023, 42.191811555895512 ], [ -71.781830833091547, 42.195440742289009 ], [ -71.776206017343327, 42.195454421840736 ], [ -71.773377993063576, 42.191838913812589 ], [ -71.767753495025488, 42.191852179061506 ], [ -71.764926113301868, 42.18823646077734 ], [ -71.759301933048519, 42.188249311769944 ], [ -71.756475193808868, 42.184633383302568 ], [ -71.750851331414836, 42.184645820085308 ], [ -71.74802523266446, 42.18102968449378 ], [ -71.750822682243523, 42.177401311271858 ], [ -71.74799690778589, 42.173785170909333 ], [ -71.750794039614775, 42.170156793643606 ], [ -71.756416617478379, 42.170144358952932 ], [ -71.759242707690277, 42.17376029733348 ], [ -71.756445902299021, 42.177388875535172 ], [ -71.759272316987548, 42.181004808988064 ], [ -71.764895854830144, 42.18099195908826 ], [ -71.767692335671256, 42.177363176828358 ], [ -71.773315548890224, 42.177349913858478 ], [ -71.776111387468319, 42.173720923726172 ], [ -71.773284337498609, 42.170105400601138 ], [ -71.767661766469189, 42.170118662431562 ], [ -71.764835358615542, 42.166502929207439 ], [ -71.76763120424728, 42.162874139335365 ], [ -71.773253133233794, 42.162860878644345 ], [ -71.776079858582605, 42.166476406686066 ], [ -71.781702104990813, 42.166462731879271 ], [ -71.784529472381124, 42.170078049801461 ], [ -71.781734275991496, 42.17370724773324 ] ] ], [ [ [ -71.79856882932755, 42.166420053276205 ], [ -71.801362741563977, 42.162790439964375 ], [ -71.806984655567462, 42.162775525184401 ], [ -71.809813299323466, 42.166390222389992 ], [ -71.807019712072048, 42.170020039650666 ], [ -71.801397156030788, 42.170034955756947 ], [ -71.79856882932755, 42.166420053276205 ] ] ], [ [ [ -71.742457067394227, 42.195530717388728 ], [ -71.748081901827618, 42.195518684939387 ], [ -71.75090864939402, 42.199134810805347 ], [ -71.756533796905373, 42.199122371930407 ], [ -71.75936118547088, 42.202738290253386 ], [ -71.764986650986017, 42.202725437075053 ], [ -71.767814682329089, 42.206341145110152 ], [ -71.765016930203174, 42.209969911452447 ], [ -71.767845286467889, 42.213585614276283 ], [ -71.765047216340236, 42.217214376494752 ], [ -71.759420464975904, 42.217227231858992 ], [ -71.756621751776564, 42.220855785870938 ], [ -71.759450114890214, 42.224471688543566 ], [ -71.765077509399532, 42.224458832086306 ], [ -71.767906515731511, 42.22807452431411 ], [ -71.77353422838685, 42.228061253366675 ], [ -71.776363878009448, 42.231676735076839 ], [ -71.773565496880764, 42.235305692867229 ], [ -71.767937140861122, 42.235318964954502 ], [ -71.765138116294395, 42.238947714454639 ], [ -71.759509435054042, 42.238960573098083 ], [ -71.756680421868438, 42.235344681148227 ], [ -71.759479771582136, 42.231716135661827 ], [ -71.756651083469848, 42.228100238321638 ], [ -71.751023363961579, 42.228112681381489 ], [ -71.748223688040866, 42.231741024773193 ], [ -71.751052058993466, 42.23535712525441 ], [ -71.748252064725051, 42.238985464166952 ], [ -71.742623373262958, 42.238997500607006 ], [ -71.739795320015574, 42.235381196350254 ], [ -71.742595639784227, 42.23175306054825 ], [ -71.739767911271585, 42.228136751116921 ], [ -71.734140181412911, 42.228148372613376 ], [ -71.731313095959635, 42.224531853185475 ], [ -71.725685684573463, 42.224543060449932 ], [ -71.72285924210712, 42.220926331098248 ], [ -71.725659892504254, 42.217298599341383 ], [ -71.722833774404194, 42.213681864977424 ], [ -71.725634106326481, 42.210054128785437 ], [ -71.731260232032312, 42.210042922664222 ], [ -71.734086668533635, 42.213659452163341 ], [ -71.731286660976807, 42.217287392648515 ], [ -71.734113421916859, 42.22090391714093 ], [ -71.739740508789481, 42.220892296262818 ], [ -71.742567912641945, 42.224508610810901 ], [ -71.748195317840157, 42.224496575700925 ], [ -71.750994675487917, 42.220868227884495 ], [ -71.748166954120691, 42.217252117065783 ], [ -71.75096599357029, 42.21362376487906 ], [ -71.748138596880267, 42.210007648983385 ], [ -71.742512477358162, 42.210019682763132 ], [ -71.739685722602417, 42.206403358154894 ], [ -71.742484769212297, 42.202775204683945 ], [ -71.739658338893179, 42.199158875132326 ], [ -71.742457067394227, 42.195530717388728 ] ] ], [ [ [ -71.865951903297486, 42.151735511735332 ], [ -71.868783413515359, 42.155348761288607 ], [ -71.865993686827451, 42.158980023229425 ], [ -71.86037212423571, 42.158997831824927 ], [ -71.857581755666786, 42.162628886539387 ], [ -71.851959867436065, 42.162646282442374 ], [ -71.849128989705505, 42.159032622024334 ], [ -71.851919683839895, 42.155401771122833 ], [ -71.857540930188222, 42.155384376826333 ], [ -71.860330982513233, 42.151753318677635 ], [ -71.865951903297486, 42.151735511735332 ] ] ], [ [ [ -72.051377150709868, 42.143748752453398 ], [ -72.054155589313623, 42.140112971466536 ], [ -72.059775397459589, 42.140085653729656 ], [ -72.062617408204645, 42.143694113907976 ], [ -72.059839297480394, 42.147330097974276 ], [ -72.054218848082769, 42.147357418782953 ], [ -72.051377150709868, 42.143748752453398 ] ] ], [ [ [ -72.127355908368131, 42.154225147732831 ], [ -72.130130452919829, 42.150587532251315 ], [ -72.135751153243334, 42.150556489053791 ], [ -72.138597950413683, 42.154163057845409 ], [ -72.135823734831348, 42.157800876182911 ], [ -72.130202393060486, 42.157831922873001 ], [ -72.127355908368131, 42.154225147732831 ] ] ], [ [ [ -72.051692021028629, 42.179970890416051 ], [ -72.054472027568309, 42.176335123228249 ], [ -72.060095043436789, 42.17630779012984 ], [ -72.062938694700748, 42.179916221146314 ], [ -72.060159016419163, 42.18355219138526 ], [ -72.054535358566667, 42.183579527556745 ], [ -72.051692021028629, 42.179970890416051 ] ] ], [ [ [ -72.029138181378897, 42.17283249779905 ], [ -72.026356876917632, 42.176467652757601 ], [ -72.020733832867833, 42.176493331468556 ], [ -72.017892735175252, 42.172883852334884 ], [ -72.01227000529795, 42.172909116027448 ], [ -72.009487731239403, 42.17654386169292 ], [ -72.003864673758471, 42.176568713205675 ], [ -72.001081757774543, 42.180203252657229 ], [ -71.995458361477787, 42.180227685786512 ], [ -71.992618527558619, 42.176617579250809 ], [ -71.995401777961945, 42.172983246848347 ], [ -72.001024532236698, 42.172958816260305 ], [ -72.003807133825234, 42.169324273794608 ], [ -72.009429549454453, 42.169299425074371 ], [ -72.012211509264205, 42.165664676446781 ], [ -72.009371380948053, 42.162054979744717 ], [ -72.012153026579952, 42.158420228212648 ], [ -72.01777447305146, 42.158394970198053 ], [ -72.020614915471853, 42.162004460876794 ], [ -72.017833597365353, 42.165639415593297 ], [ -72.020674367384032, 42.16924890052848 ], [ -72.026296769586736, 42.169223224703458 ], [ -72.029138181378897, 42.17283249779905 ] ] ], [ [ [ -71.96723457028213, 42.165856798115158 ], [ -71.970018802625177, 42.162223076061878 ], [ -71.975640615328089, 42.162199890934119 ], [ -71.978478837642172, 42.165810425599076 ], [ -71.975694932465728, 42.169444351128611 ], [ -71.970072477759757, 42.16946753851704 ], [ -71.96723457028213, 42.165856798115158 ] ] ], [ [ [ -72.034821974676959, 42.180050826223827 ], [ -72.037602951244139, 42.176415468139744 ], [ -72.043225981423134, 42.176388962233538 ], [ -72.046068676975011, 42.179997811431889 ], [ -72.043288028448472, 42.183633372614793 ], [ -72.037664356280544, 42.18365988150066 ], [ -72.034821974676959, 42.180050826223827 ] ] ], [ [ [ -72.001196248051059, 42.194692098683255 ], [ -72.003979793038923, 42.191057565432963 ], [ -72.00960413466305, 42.191032708334468 ], [ -72.012445573542053, 42.194642381693171 ], [ -72.009662356310898, 42.19827711812632 ], [ -72.004037372395146, 42.198301978018037 ], [ -72.001196248051059, 42.194692098683255 ] ] ], [ [ [ -71.967501493317158, 42.202079005537939 ], [ -71.970287300923047, 42.198445300153253 ], [ -71.975912325107871, 42.198422103720631 ], [ -71.978752184374486, 42.202032610411379 ], [ -71.975966704312555, 42.205666519244261 ], [ -71.970341037391123, 42.205689717938313 ], [ -71.967501493317158, 42.202079005537939 ] ] ], [ [ [ -72.152985920607236, 42.186683501486414 ], [ -72.155760414992173, 42.183045285309262 ], [ -72.161383977715644, 42.183012985493669 ], [ -72.164233688103366, 42.186618898221269 ], [ -72.161459523355802, 42.190257317157048 ], [ -72.155835318534258, 42.190289620606734 ], [ -72.152985920607236, 42.186683501486414 ] ] ], [ [ [ -72.144955240835216, 42.22657497423063 ], [ -72.14773194143109, 42.222936977945317 ], [ -72.153359046057915, 42.222905072027515 ], [ -72.156210092948157, 42.226511158806119 ], [ -72.153433722300761, 42.230149357842677 ], [ -72.147805974765674, 42.230181267349565 ], [ -72.144955240835216, 42.22657497423063 ] ] ], [ [ [ -72.128144712023698, 42.233912924683374 ], [ -72.130922698518816, 42.230275340121672 ], [ -72.13655046282571, 42.230244258489449 ], [ -72.139400883649472, 42.23385075792325 ], [ -72.136623226961675, 42.237488545278424 ], [ -72.130994819593809, 42.23751963040651 ], [ -72.128144712023698, 42.233912924683374 ] ] ], [ [ [ -72.069147048836186, 42.245087668247542 ], [ -72.063517935538187, 42.245115444590063 ], [ -72.060671326562428, 42.241507069714487 ], [ -72.055042527554761, 42.241534430480343 ], [ -72.052196561810661, 42.23792584305405 ], [ -72.046568077169354, 42.237952788289256 ], [ -72.043722754585872, 42.234343988385014 ], [ -72.046505602225537, 42.230708449306526 ], [ -72.052133443779383, 42.230681507099654 ], [ -72.054979080732039, 42.234290100943085 ], [ -72.06060723658122, 42.234262743252451 ], [ -72.063389112417283, 42.230626794793515 ], [ -72.069016939403383, 42.230599024694946 ], [ -72.071863533586878, 42.234207199933643 ], [ -72.069081986687081, 42.237843351377315 ], [ -72.07192890988, 42.241451520151699 ], [ -72.069147048836186, 42.245087668247542 ] ] ], [ [ [ -71.978916342349109, 42.223765811544773 ], [ -71.976075500004683, 42.220155322333042 ], [ -71.970448547169426, 42.220178525550359 ], [ -71.967608347928476, 42.216567824755707 ], [ -71.961981710501632, 42.216590612978983 ], [ -71.959142154292806, 42.212979700674111 ], [ -71.95351583234995, 42.213002073949575 ], [ -71.950676919101852, 42.209390950207222 ], [ -71.953464012261279, 42.205757658847631 ], [ -71.959089691316521, 42.205735287740232 ], [ -71.961928920050994, 42.209346205824481 ], [ -71.967554914518828, 42.209323419816094 ], [ -71.970394786138513, 42.212934126442555 ], [ -71.976021095943409, 42.212910925486945 ], [ -71.97886161051963, 42.216521420582886 ], [ -71.984488235585999, 42.216497804633882 ], [ -71.987329393190109, 42.220108088126594 ], [ -71.984543610517164, 42.223742193287222 ], [ -71.978916342349109, 42.223765811544773 ] ] ], [ [ [ -72.018425583548947, 42.238083374522148 ], [ -72.021210045874113, 42.234448451502054 ], [ -72.026838229982019, 42.234422749694488 ], [ -72.02968259488388, 42.23803196801898 ], [ -72.026898460987837, 42.241667094140311 ], [ -72.021269633711768, 42.241692798836056 ], [ -72.018425583548947, 42.238083374522148 ] ] ], [ [ [ -71.967822203730563, 42.245545348816044 ], [ -71.970609904005414, 42.24191166533889 ], [ -71.97623878681371, 42.241888455335555 ], [ -71.979080612916576, 42.245498926547228 ], [ -71.976293240639322, 42.249132813438962 ], [ -71.970663714212549, 42.249156025704579 ], [ -71.967822203730563, 42.245545348816044 ] ] ], [ [ [ -72.094444016351929, 42.241337108911949 ], [ -72.097224261716249, 42.23770034536723 ], [ -72.10285270131638, 42.237670916186183 ], [ -72.105701538722201, 42.241278247240864 ], [ -72.102921622806022, 42.244915213669081 ], [ -72.097292539986867, 42.244944646159276 ], [ -72.094444016351929, 42.241337108911949 ] ] ], [ [ [ -72.145102698284347, 42.241063537175116 ], [ -72.14795409219343, 42.244669816940757 ], [ -72.145176452285199, 42.248307803894399 ], [ -72.139547088388198, 42.248339308321547 ], [ -72.1367688020418, 42.251977082123126 ], [ -72.131139108034404, 42.252008174087258 ], [ -72.128288343930535, 42.248401489066403 ], [ -72.131066957151205, 42.24476391087606 ], [ -72.136696007727053, 42.244732822251805 ], [ -72.139473977665943, 42.241095038059179 ], [ -72.145102698284347, 42.241063537175116 ] ] ], [ [ [ -72.153657850581254, 42.251882149917222 ], [ -72.156435163170499, 42.248243966932641 ], [ -72.162064510060745, 42.248211634398885 ], [ -72.164917187881542, 42.251817481522643 ], [ -72.162140203013408, 42.255455861059545 ], [ -72.156510212578254, 42.255488196996254 ], [ -72.153657850581254, 42.251882149917222 ] ] ], [ [ [ -72.111470087283095, 42.255736946055187 ], [ -72.114249993215964, 42.252099793660854 ], [ -72.119879703572437, 42.252069529856513 ], [ -72.122730151555885, 42.255676415201641 ], [ -72.119950575493064, 42.259313770500597 ], [ -72.11432022152772, 42.25934403754993 ], [ -72.111470087283095, 42.255736946055187 ] ] ], [ [ [ -71.911153847921256, 42.187805532744697 ], [ -71.908318474998453, 42.184193347440875 ], [ -71.902694690002193, 42.184213230113137 ], [ -71.899859959464479, 42.180600833860552 ], [ -71.902648698007297, 42.176968760477401 ], [ -71.908271840691526, 42.17694887969229 ], [ -71.911106887096096, 42.18056107040325 ], [ -71.916730345573569, 42.180540775041372 ], [ -71.919566034288039, 42.18415275478322 ], [ -71.916777948782268, 42.187785235448857 ], [ -71.911153847921256, 42.187805532744697 ] ] ], [ [ [ -71.874661303617657, 42.198797437197641 ], [ -71.877452285708785, 42.195165989295319 ], [ -71.883077049831954, 42.19514734497497 ], [ -71.885911474499224, 42.198760146809768 ], [ -71.883120818713522, 42.202391798423498 ], [ -71.877495411906182, 42.202410444491072 ], [ -71.874661303617657, 42.198797437197641 ] ] ], [ [ [ -71.933898050980105, 42.223944823762224 ], [ -71.928270747040926, 42.223965958555326 ], [ -71.925432781133466, 42.220354217993361 ], [ -71.919805793194627, 42.220374937883172 ], [ -71.916968470402722, 42.216762986017443 ], [ -71.919757819498145, 42.2131305198224 ], [ -71.925384164394586, 42.213109801913809 ], [ -71.928221803189047, 42.216721548219141 ], [ -71.933848464014261, 42.216700415454092 ], [ -71.936686745848874, 42.220311950435288 ], [ -71.933898050980105, 42.223944823762224 ] ] ], [ [ [ -71.933749324070362, 42.202211570593363 ], [ -71.936537071591658, 42.198578686293303 ], [ -71.942162119595324, 42.198557144849268 ], [ -71.945000062773502, 42.202168485630921 ], [ -71.942212642359706, 42.205801573474005 ], [ -71.936586951611261, 42.205823116992491 ], [ -71.933749324070362, 42.202211570593363 ] ] ], [ [ [ -71.953723231173228, 42.241979639241009 ], [ -71.950883007860256, 42.238368538985355 ], [ -71.945254428742714, 42.238390505845629 ], [ -71.942414848906992, 42.23477919401553 ], [ -71.945203532292055, 42.231146120941197 ], [ -71.950831468005518, 42.231124156202725 ], [ -71.953671363688997, 42.234735262416891 ], [ -71.959299615176349, 42.234712882636387 ], [ -71.96214015426149, 42.2383237772558 ], [ -71.959352126136139, 42.241957257291865 ], [ -71.953723231173228, 42.241979639241009 ] ] ], [ [ [ -71.959457180821303, 42.256445953840391 ], [ -71.962298700655595, 42.260056816921498 ], [ -71.959509724126676, 42.263690272633639 ], [ -71.962351571249684, 42.267301129233495 ], [ -71.959562279424375, 42.270934581210234 ], [ -71.953930813136068, 42.270956973439333 ], [ -71.951089281382693, 42.267345910940065 ], [ -71.953878900499021, 42.263712662111232 ], [ -71.951037695962924, 42.260101593125334 ], [ -71.953826999707346, 42.256468340566784 ], [ -71.959457180821303, 42.256445953840391 ] ] ], [ [ [ -71.917063796536524, 42.231251805046334 ], [ -71.919853777856204, 42.227619346433102 ], [ -71.92548140898441, 42.227598624561935 ], [ -71.928319702080287, 42.231210359322645 ], [ -71.925530047951213, 42.234843021503877 ], [ -71.919901773486657, 42.234863745356499 ], [ -71.917063796536524, 42.231251805046334 ] ] ], [ [ [ -71.908691933265175, 42.24214875814603 ], [ -71.91148287429003, 42.238516510928925 ], [ -71.917111475947394, 42.238496200092186 ], [ -71.919949780089709, 42.242108134537759 ], [ -71.917159166259196, 42.245740585338126 ], [ -71.911529921042984, 42.245760898109758 ], [ -71.908691933265175, 42.24214875814603 ] ] ], [ [ [ -71.869542946289059, 42.285748386676644 ], [ -71.866705555592205, 42.282135247146719 ], [ -71.861073066088821, 42.282153086405053 ], [ -71.858277324282867, 42.285784067430697 ], [ -71.861114398208343, 42.289397412593722 ], [ -71.866747530760165, 42.289379571097875 ], [ -71.86958524780681, 42.292992704202945 ], [ -71.86678951550735, 42.296623884431455 ], [ -71.861155739759951, 42.296641728165099 ], [ -71.858359364190505, 42.300272700758832 ], [ -71.852725262088356, 42.300290131209088 ], [ -71.84988817887546, 42.296676586874376 ], [ -71.852684880725235, 42.293045817691485 ], [ -71.849848123718203, 42.289432266921089 ], [ -71.852644508575096, 42.285801493499008 ], [ -71.849808077698782, 42.28218793635088 ], [ -71.852604145634757, 42.278557158747383 ], [ -71.849768040814041, 42.274943595279545 ], [ -71.844136184929894, 42.274960603822798 ], [ -71.841300722939252, 42.271346828495226 ], [ -71.835669183977188, 42.271363421750358 ], [ -71.832834364744599, 42.267749434635981 ], [ -71.835630767500575, 42.264119059844184 ], [ -71.832796273954528, 42.260505066573124 ], [ -71.827165694603011, 42.260521242536662 ], [ -71.824331843596013, 42.25690703760413 ], [ -71.827128254964066, 42.25327686227088 ], [ -71.832758191848939, 42.253260688356889 ], [ -71.835592359783433, 42.256874687726715 ], [ -71.841222613521339, 42.256858098664651 ], [ -71.844057423919992, 42.260471886352676 ], [ -71.849687994436096, 42.260454882096276 ], [ -71.852523447370857, 42.264068458029683 ], [ -71.858154334590225, 42.264051038532649 ], [ -71.860990430133072, 42.267664402638601 ], [ -71.858195321802896, 42.271295391865131 ], [ -71.861031743398144, 42.274908749714768 ], [ -71.866663590000172, 42.274890912693749 ], [ -71.86945837220361, 42.271259720060307 ], [ -71.875089892604592, 42.271241469943234 ], [ -71.87792727357936, 42.274854410175735 ], [ -71.883559110458592, 42.274835744679272 ], [ -71.886397134257123, 42.278448472865769 ], [ -71.883603004748082, 42.282080072233171 ], [ -71.886441355040105, 42.285692794005691 ], [ -71.892074151292306, 42.285673710705815 ], [ -71.894867954233646, 42.282041908011308 ], [ -71.90050042384398, 42.282022411617355 ], [ -71.903339733505575, 42.28563471549333 ], [ -71.90054625727899, 42.289266721488282 ], [ -71.903385893728256, 42.292879018845113 ], [ -71.909019322704737, 42.292859104461478 ], [ -71.911859602340385, 42.296471189501233 ], [ -71.909066136725272, 42.300103394664468 ], [ -71.903432064488271, 42.300123311519926 ], [ -71.90059210117596, 42.296511020740212 ], [ -71.894958345335269, 42.296530521983783 ], [ -71.892119025284643, 42.292918018907208 ], [ -71.886485585915509, 42.292937104585107 ], [ -71.883690823381954, 42.296568695717696 ], [ -71.886529826886786, 42.300181404488264 ], [ -71.8837347477332, 42.303812991416777 ], [ -71.878100338379198, 42.303831666238153 ], [ -71.875261651567257, 42.300218751799321 ], [ -71.878057057367357, 42.296587368207497 ], [ -71.875218697127593, 42.292974447233235 ], [ -71.878013786232358, 42.289343059443027 ], [ -71.875175752489497, 42.285730131991372 ], [ -71.869542946289059, 42.285748386676644 ] ] ], [ [ [ -72.010070280409863, 42.248987723338303 ], [ -72.012855700865842, 42.245353010466374 ], [ -72.018484856573693, 42.245327718369211 ], [ -72.021329235167627, 42.248937136302331 ], [ -72.018544138377209, 42.252572041782727 ], [ -72.012914339195135, 42.252597336561628 ], [ -72.010070280409863, 42.248987723338303 ] ] ], [ [ [ -71.979244975756018, 42.267231885754441 ], [ -71.976456654098769, 42.270865747693691 ], [ -71.970825199954675, 42.27088896833709 ], [ -71.967982710173274, 42.267278324196049 ], [ -71.970771359339821, 42.263644665357006 ], [ -71.967929196994078, 42.260034014682176 ], [ -71.970717531011175, 42.256400352159773 ], [ -71.976347699989262, 42.256377137206165 ], [ -71.979190177410828, 42.259987581930361 ], [ -71.984820661391225, 42.259963951418527 ], [ -71.987663781320094, 42.263574183643449 ], [ -71.984876102317273, 42.267208252350919 ], [ -71.979244975756018, 42.267231885754441 ] ] ], [ [ [ -72.136841604777857, 42.259221312845177 ], [ -72.139620207146649, 42.255583548404488 ], [ -72.145250214595833, 42.255552040669123 ], [ -72.148102263301126, 42.259158293989188 ], [ -72.145323991167444, 42.262796261259929 ], [ -72.139693340044289, 42.262827772380717 ], [ -72.136841604777857, 42.259221312845177 ] ] ], [ [ [ -72.052449148312419, 42.266903020762776 ], [ -72.055232931654842, 42.263267307094821 ], [ -72.060863661253478, 42.263239937498874 ], [ -72.063711251308661, 42.266848278653029 ], [ -72.060927797187091, 42.270484195384228 ], [ -72.055296423740401, 42.270511567898176 ], [ -72.052449148312419, 42.266903020762776 ] ] ], [ [ [ -72.044033662373593, 42.270565484518769 ], [ -72.046880623027107, 42.274174237609735 ], [ -72.044095880986049, 42.277809740736487 ], [ -72.038463849163833, 42.277836287667157 ], [ -72.035617203432054, 42.274227328646305 ], [ -72.038402274551657, 42.270592028624804 ], [ -72.035555957824826, 42.266983063025016 ], [ -72.038340714020308, 42.263347759254657 ], [ -72.043971457989201, 42.263321217973058 ], [ -72.046818089566585, 42.266929977637517 ], [ -72.044033662373593, 42.270565484518769 ] ] ], [ [ [ -72.187750280751956, 42.280661567790538 ], [ -72.182118063214546, 42.280695158691252 ], [ -72.179263108503292, 42.277089764952429 ], [ -72.173631204095486, 42.277122939805281 ], [ -72.170776893414512, 42.273517332761635 ], [ -72.173554173959673, 42.269878757161344 ], [ -72.179185434410911, 42.269845585881555 ], [ -72.182040058224487, 42.273450986629193 ], [ -72.18767163173473, 42.273417399348482 ], [ -72.190526899501876, 42.277022586771182 ], [ -72.187750280751956, 42.280661567790538 ] ] ], [ [ [ -72.027320386074393, 42.292377050775862 ], [ -72.030106731553275, 42.288741965462485 ], [ -72.035739736680114, 42.288715828616432 ], [ -72.038587040649972, 42.29232477430547 ], [ -72.035801024330553, 42.295960062733819 ], [ -72.030167374832658, 42.295986202358286 ], [ -72.027320386074393, 42.292377050775862 ] ] ], [ [ [ -71.96819688508036, 42.296255458345186 ], [ -71.970986795558687, 42.29262181481689 ], [ -71.976620178554356, 42.292598585636703 ], [ -71.979464294267402, 42.296208997138784 ], [ -71.976674711600978, 42.299842843744543 ], [ -71.971040685360578, 42.299866075770915 ], [ -71.96819688508036, 42.296255458345186 ] ] ], [ [ [ -71.976838385484982, 42.321575552827881 ], [ -71.979628914658392, 42.317941718328505 ], [ -71.985264543403503, 42.317918064675361 ], [ -71.988110286684119, 42.321528242627778 ], [ -71.985320085697126, 42.325162280160804 ], [ -71.979683813194029, 42.325185936707911 ], [ -71.976838385484982, 42.321575552827881 ] ] ], [ [ [ -72.086772154781059, 42.32468909741128 ], [ -72.089556507798434, 42.321052594867346 ], [ -72.095192362159779, 42.32102354380438 ], [ -72.098044508471759, 42.324630992178449 ], [ -72.095260485722761, 42.328267697644812 ], [ -72.089623986344222, 42.328296751814818 ], [ -72.086772154781059, 42.32468909741128 ] ] ], [ [ [ -72.036046315220787, 42.324936890717581 ], [ -72.038833592804949, 42.321301618555573 ], [ -72.044469491724129, 42.321275054672377 ], [ -72.047318758042465, 42.324883760125118 ], [ -72.044531810070012, 42.328519235352807 ], [ -72.038895266118303, 42.328545802062209 ], [ -72.036046315220787, 42.324936890717581 ] ] ], [ [ [ -72.179807324999686, 42.327798719368545 ], [ -72.182586468111083, 42.324159966345633 ], [ -72.188222552906822, 42.324126353718853 ], [ -72.191080139601382, 42.327731490493115 ], [ -72.188301327998929, 42.331370446172293 ], [ -72.182664598143759, 42.331404062421115 ], [ -72.179807324999686, 42.327798719368545 ] ] ], [ [ [ -71.793147436452486, 42.209901501830672 ], [ -71.790350977458573, 42.213530884205746 ], [ -71.784724558379921, 42.213544980573005 ], [ -71.781927456391472, 42.217174154908328 ], [ -71.776300712096997, 42.217187838019299 ], [ -71.773471712835601, 42.213572345608405 ], [ -71.77626913996626, 42.209943375256444 ], [ -71.78189524126509, 42.209929693331958 ], [ -71.784692025473376, 42.206300514919455 ], [ -71.781863033499292, 42.202685222420307 ], [ -71.784659499999606, 42.199056039988406 ], [ -71.790284633383294, 42.199041946087469 ], [ -71.793113942991781, 42.202657033385364 ], [ -71.798739393936231, 42.202642525088748 ], [ -71.801569346317251, 42.206257401912332 ], [ -71.798773530243096, 42.209886992254162 ], [ -71.793147436452486, 42.209901501830672 ] ] ], [ [ [ -71.826978685864589, 42.224299198592881 ], [ -71.824183529197583, 42.227929396554821 ], [ -71.82701606200456, 42.231543630537125 ], [ -71.824220587931649, 42.235173824394025 ], [ -71.81859225512558, 42.235189580417092 ], [ -71.815760039797794, 42.231575141162793 ], [ -71.810132024544288, 42.231590482510583 ], [ -71.807300452574097, 42.22797583247943 ], [ -71.801672754948058, 42.227990759198342 ], [ -71.798841826263327, 42.224375898463052 ], [ -71.801638277526578, 42.220746316240024 ], [ -71.807265331940471, 42.220731390847909 ], [ -71.810061140064889, 42.217101600626705 ], [ -71.807230219332595, 42.213486939707451 ], [ -71.810025709973331, 42.209857145450151 ], [ -71.815651795815, 42.209841808222968 ], [ -71.818483033957264, 42.213456263879642 ], [ -71.824109437135249, 42.213440512117508 ], [ -71.826941318266222, 42.217054757081605 ], [ -71.824146478933073, 42.220684959090761 ], [ -71.826978685864589, 42.224299198592881 ] ] ], [ [ [ -71.866370168339486, 42.224180229078684 ], [ -71.869162743129976, 42.220549000174771 ], [ -71.874789762203903, 42.220530763630826 ], [ -71.877624849638366, 42.224143754290026 ], [ -71.874832601306935, 42.227775186909462 ], [ -71.869204939032969, 42.227793425154246 ], [ -71.866370168339486, 42.224180229078684 ] ] ], [ [ [ -71.801776234512161, 42.249724029863273 ], [ -71.798978528823355, 42.253353590832518 ], [ -71.793348575594322, 42.253368108341647 ], [ -71.790550228863182, 42.256997461246293 ], [ -71.793382160413543, 42.260612500249977 ], [ -71.790583496236863, 42.264241849012727 ], [ -71.784952575431518, 42.264255955143014 ], [ -71.782120961398803, 42.260640710694652 ], [ -71.776490358183224, 42.260654401767333 ], [ -71.77369072642756, 42.2642833390574 ], [ -71.776522022795703, 42.267898788924647 ], [ -71.782153268633053, 42.26788509608285 ], [ -71.784985207695058, 42.271500334515743 ], [ -71.782185583231936, 42.275129471203783 ], [ -71.776553694625861, 42.27514316581491 ], [ -71.773753427319136, 42.278772094554881 ], [ -71.768121213678455, 42.278785375783627 ], [ -71.765289910236973, 42.275169726549684 ], [ -71.759658014552102, 42.275182592672969 ], [ -71.756856779439502, 42.278811109706041 ], [ -71.751224558939185, 42.278823562399289 ], [ -71.748394212628057, 42.275207497669342 ], [ -71.75119577629934, 42.271579183109587 ], [ -71.756827353953824, 42.271566732045393 ], [ -71.759628271033037, 42.26793821066191 ], [ -71.756797935172514, 42.264322344060474 ], [ -71.759598534290674, 42.260693818384311 ], [ -71.765229144580232, 42.260680955612358 ], [ -71.768029101146212, 42.257052221998542 ], [ -71.765198772135037, 42.253436554859334 ], [ -71.767998412127895, 42.249807816899995 ], [ -71.765168430134722, 42.246192141000115 ], [ -71.767967772992435, 42.242563395855008 ], [ -71.77359677252349, 42.242550122627847 ], [ -71.776427072806314, 42.246165593405898 ], [ -71.782056390553265, 42.246151905548516 ], [ -71.784887334493206, 42.249767165631447 ], [ -71.790516970381191, 42.249753063097387 ], [ -71.793315018624199, 42.246123701713906 ], [ -71.798944328850055, 42.246109185736955 ], [ -71.801776234512161, 42.249724029863273 ] ] ], [ [ [ -71.748308860578376, 42.253474311498167 ], [ -71.751109468741006, 42.249845983665324 ], [ -71.756739118790591, 42.249833537466337 ], [ -71.75956880432274, 42.253449415955892 ], [ -71.756768523093314, 42.257077945866961 ], [ -71.751138230689477, 42.257090393673565 ], [ -71.748308860578376, 42.253474311498167 ] ] ], [ [ [ -71.824443236906433, 42.278640135506187 ], [ -71.82727806475701, 42.282254321952323 ], [ -71.824480384948799, 42.285884480743185 ], [ -71.818847551548956, 42.285900249570851 ], [ -71.816013040988935, 42.282285857604101 ], [ -71.818811046489174, 42.278655902330378 ], [ -71.815976861546545, 42.275041504138059 ], [ -71.810344988420098, 42.275056855719249 ], [ -71.807511446313228, 42.271442245853628 ], [ -71.810309459990521, 42.26781248991265 ], [ -71.815940690353528, 42.267797140287868 ], [ -71.818774549753726, 42.271411544647727 ], [ -71.824406097335441, 42.271395779826868 ], [ -71.827240599496548, 42.275009972493102 ], [ -71.824443236906433, 42.278640135506187 ] ] ], [ [ [ -71.818920586652908, 42.300388912262541 ], [ -71.824554706459253, 42.300373139427222 ], [ -71.827390511828327, 42.303987306865203 ], [ -71.824591879933166, 42.307617452642738 ], [ -71.818957116702791, 42.307633227482185 ], [ -71.816157841308865, 42.311263165311821 ], [ -71.81899365508842, 42.314877531796668 ], [ -71.816194062040637, 42.318507465120824 ], [ -71.810558329244188, 42.318522828444806 ], [ -71.807722833191022, 42.314908256486866 ], [ -71.810522752158818, 42.311278526678173 ], [ -71.807687581950816, 42.307663948257328 ], [ -71.802052810527329, 42.307678894192584 ], [ -71.799252565786787, 42.311308420459284 ], [ -71.793617468662916, 42.311322952873645 ], [ -71.790816580345663, 42.314952271025476 ], [ -71.785181157593627, 42.314966389871692 ], [ -71.782347266784697, 42.311351188748837 ], [ -71.785148480655238, 42.307722074186422 ], [ -71.782314915324619, 42.30410686670028 ], [ -71.785115811169035, 42.300477747597178 ], [ -71.782282571241822, 42.296862533805751 ], [ -71.785083149132461, 42.293233410219713 ], [ -71.790716641595921, 42.293219296824311 ], [ -71.793550199401977, 42.296834305198317 ], [ -71.799184009669432, 42.296819776511448 ], [ -71.801983618874388, 42.293190241314122 ], [ -71.799149743336599, 42.289575438383416 ], [ -71.801949034882099, 42.285945898807498 ], [ -71.807581876466628, 42.285930958603252 ], [ -71.810416069589081, 42.289545556064894 ], [ -71.816049228683539, 42.289530200570255 ], [ -71.818884064935915, 42.293144586253497 ], [ -71.816085424633158, 42.29677453292075 ], [ -71.810451622334043, 42.296789890372438 ], [ -71.807652338751879, 42.300419629123027 ], [ -71.810487183189693, 42.304034213948761 ], [ -71.816121628840662, 42.304018854539869 ], [ -71.818920586652908, 42.300388912262541 ] ] ], [ [ [ -71.824666252332975, 42.322106046241906 ], [ -71.827465519313492, 42.318475909428841 ], [ -71.824629061890107, 42.314861754952879 ], [ -71.827428011291858, 42.311231613628699 ], [ -71.833063092026691, 42.311215423312383 ], [ -71.835899866954165, 42.314829372269124 ], [ -71.833101243691814, 42.318459717061273 ], [ -71.835938344831291, 42.322073659455469 ], [ -71.841574386711201, 42.322057051517803 ], [ -71.844412131639004, 42.325670781757275 ], [ -71.841613517234876, 42.329301325468386 ], [ -71.844451588597266, 42.332915049034703 ], [ -71.84165265669256, 42.336545588165592 ], [ -71.836015326939261, 42.336562200300179 ], [ -71.833215750949421, 42.340192531368601 ], [ -71.836053831176102, 42.343806453726963 ], [ -71.833253937466012, 42.347436780105184 ], [ -71.827615637039912, 42.347452980679797 ], [ -71.824777874606212, 42.343838852823978 ], [ -71.827578094756447, 42.34020872989111 ], [ -71.824740658688086, 42.336594595293271 ], [ -71.819103320288463, 42.336610378151278 ], [ -71.816266528306102, 42.332996031386834 ], [ -71.819066756878399, 42.329366107247033 ], [ -71.824703451264654, 42.329350326393964 ], [ -71.827503035896186, 42.325720194149852 ], [ -71.824666252332975, 42.322106046241906 ] ] ], [ [ [ -71.841535265118409, 42.31481276642959 ], [ -71.844333244737783, 42.311182213731406 ], [ -71.849968316615957, 42.311165194467193 ], [ -71.852806052466121, 42.314778725756497 ], [ -71.850008399205493, 42.318409481875179 ], [ -71.844372683686871, 42.318426503284201 ], [ -71.841535265118409, 42.31481276642959 ] ] ], [ [ [ -71.523021431837492, 42.014669958155771 ], [ -71.528630297663298, 42.014668669151582 ], [ -71.531436524537256, 42.01829026363874 ], [ -71.528633566552728, 42.021913351584161 ], [ -71.523024061894034, 42.021914640041963 ], [ -71.520220465003604, 42.0255375195499 ], [ -71.514610640592878, 42.025538395095715 ], [ -71.511806404723671, 42.029161066093394 ], [ -71.51461231296858, 42.032783066560661 ], [ -71.520222776430657, 42.032782191608106 ], [ -71.523029323799491, 42.036403984699497 ], [ -71.528640106560701, 42.036402697334943 ], [ -71.531443702780479, 42.032779616332249 ], [ -71.528636836185115, 42.029158027683714 ], [ -71.531440113250937, 42.025534943180801 ], [ -71.537049936990499, 42.025533242357412 ], [ -71.539857122666803, 42.029154626536851 ], [ -71.54546726541426, 42.029152513301121 ], [ -71.548275090141289, 42.032773689990691 ], [ -71.545472453161452, 42.036397184405814 ], [ -71.539861671290225, 42.036399297188154 ], [ -71.53705839511359, 42.040022583154446 ], [ -71.531447293126178, 42.040024282977754 ], [ -71.528643377679757, 42.043647360422455 ], [ -71.523031955648833, 42.043648647240182 ], [ -71.520227400859625, 42.047271516090504 ], [ -71.514615658857934, 42.047272389856111 ], [ -71.51181046465301, 42.050895050039252 ], [ -71.506198402753327, 42.050895510706184 ], [ -71.503392174522702, 42.04727331183031 ], [ -71.506197688552533, 42.043650856672201 ], [ -71.511809111036669, 42.043650395364978 ], [ -71.514613985723557, 42.040027731519231 ], [ -71.511807757726928, 42.036405734011254 ], [ -71.506196974512648, 42.036406195958598 ], [ -71.503391780073741, 42.040028654773863 ], [ -71.497780683500508, 42.040028695224485 ], [ -71.494975422372107, 42.03640627505952 ], [ -71.49778092841872, 42.032784032003697 ], [ -71.503391385712817, 42.032783991095393 ], [ -71.506196260633615, 42.02916152868071 ], [ -71.503390991439886, 42.025539320910248 ], [ -71.497781173279321, 42.025539362276113 ], [ -71.494976551352238, 42.021916935764295 ], [ -71.497781418082312, 42.01829468615707 ], [ -71.494977115646648, 42.014672256558306 ], [ -71.497781662827663, 42.011050003761866 ], [ -71.503390203157934, 42.01104996148117 ], [ -71.506194833357881, 42.014672174893484 ], [ -71.511803699636275, 42.014671711026644 ], [ -71.514608968596278, 42.018293717239715 ], [ -71.520218154101258, 42.018292841100788 ], [ -71.523021431837492, 42.014669958155771 ] ] ], [ [ [ -71.553879406090417, 42.025526489331149 ], [ -71.548269583458762, 42.025529015432632 ], [ -71.545462078847123, 42.0219078357485 ], [ -71.548264078028822, 42.018284334484356 ], [ -71.553873261755328, 42.018281807976322 ], [ -71.556674622104453, 42.014658098440741 ], [ -71.562283485715611, 42.01465515916022 ], [ -71.565091627761291, 42.018275929775108 ], [ -71.56229058760006, 42.021899844218282 ], [ -71.565099049906181, 42.02552061184975 ], [ -71.562297691100781, 42.029144522944101 ], [ -71.556687549679793, 42.029147461504792 ], [ -71.553879406090417, 42.025526489331149 ] ] ], [ [ [ -71.615587413584763, 42.025480546082797 ], [ -71.621197227417738, 42.025474718865738 ], [ -71.624009200466048, 42.029094041615387 ], [ -71.62121104174264, 42.032719396285202 ], [ -71.615600588861938, 42.032725223468738 ], [ -71.6127889338009, 42.029105696015989 ], [ -71.615587413584763, 42.025480546082797 ] ] ], [ [ [ -71.5960023009671, 42.058099769611438 ], [ -71.590389606147539, 42.058104358128283 ], [ -71.587578264161451, 42.054484223290252 ], [ -71.590379298377286, 42.050859704548799 ], [ -71.587568277308108, 42.04723956639841 ], [ -71.590368992954282, 42.043615044176342 ], [ -71.58755829272873, 42.039994902771234 ], [ -71.590358689877704, 42.036370377126275 ], [ -71.595969466457319, 42.03636578808819 ], [ -71.598780485107028, 42.039985724868671 ], [ -71.595980408801481, 42.043610455311907 ], [ -71.598791748367262, 42.047230388843197 ], [ -71.5959913536378, 42.050855115858084 ], [ -71.598803014192939, 42.054475046082644 ], [ -71.5960023009671, 42.058099769611438 ] ] ], [ [ [ -71.632477242195662, 42.054440909241023 ], [ -71.629663666043967, 42.050821804473976 ], [ -71.624051616499756, 42.050828044376118 ], [ -71.621238679832075, 42.047208731496731 ], [ -71.624037474601565, 42.043583383427759 ], [ -71.629648884734422, 42.043577143538478 ], [ -71.632462139460557, 42.047196251705302 ], [ -71.638073867578825, 42.047189599030027 ], [ -71.640887761715533, 42.050808499063926 ], [ -71.638089609797561, 42.054434256506255 ], [ -71.632477242195662, 42.054440909241023 ] ] ], [ [ [ -71.724965727003422, 42.021694956834075 ], [ -71.730575192171642, 42.021683765592165 ], [ -71.733393219330551, 42.02530040499974 ], [ -71.730601464842962, 42.028928440658198 ], [ -71.724991360709794, 42.028939632472969 ], [ -71.722173650077693, 42.025322788056414 ], [ -71.724965727003422, 42.021694956834075 ] ] ], [ [ [ -71.708137320017087, 42.021726880097759 ], [ -71.713746790877636, 42.021716514086918 ], [ -71.716563862543964, 42.02533356694596 ], [ -71.713771146652107, 42.02896119077829 ], [ -71.708161036824677, 42.028971557268704 ], [ -71.705344281904473, 42.025354299447251 ], [ -71.708137320017087, 42.021726880097759 ] ] ], [ [ [ -71.705414497863501, 42.047088302396034 ], [ -71.708232219669526, 42.05070554964923 ], [ -71.705437913849153, 42.054332956732352 ], [ -71.699825563804083, 42.054342912075221 ], [ -71.697008159105593, 42.050725459902289 ], [ -71.691396126240747, 42.050735002226375 ], [ -71.688579361020587, 42.047117341568281 ], [ -71.691374311435425, 42.043490343485296 ], [ -71.688557868366615, 42.03987267929336 ], [ -71.691352501599169, 42.036245678068184 ], [ -71.688536380607999, 42.03262801040006 ], [ -71.691330696730247, 42.02900100609039 ], [ -71.696940811815196, 42.028991464924815 ], [ -71.699757249843671, 42.032608927682652 ], [ -71.70536768189298, 42.032598973638137 ], [ -71.708184759034708, 42.036216227994501 ], [ -71.70539108721205, 42.039843641326186 ], [ -71.708208486649042, 42.043460892159786 ], [ -71.705414497863501, 42.047088302396034 ] ] ], [ [ [ -71.657723895952088, 42.050786476934576 ], [ -71.663335938031054, 42.050778585821035 ], [ -71.66615142889782, 42.054396864570755 ], [ -71.663354560042009, 42.058023239234394 ], [ -71.657741878408487, 42.058031130547349 ], [ -71.654926705233919, 42.05441264699725 ], [ -71.649314341365269, 42.054420125384354 ], [ -71.646499807745741, 42.050801433556032 ], [ -71.649297320180509, 42.047175468120408 ], [ -71.646483108204549, 42.043556772845776 ], [ -71.640871701584487, 42.043563838247493 ], [ -71.638058128945602, 42.039944934819367 ], [ -71.632447040165246, 42.03995158743507 ], [ -71.629634106791244, 42.036332475926081 ], [ -71.63243194430855, 42.032706916545642 ], [ -71.629619332213267, 42.029087801752141 ], [ -71.632416851889289, 42.02546223915239 ], [ -71.638026662430818, 42.025455586656122 ], [ -71.640823543132839, 42.021829816199265 ], [ -71.646433032396487, 42.021822751116623 ], [ -71.649246279882775, 42.025441456384385 ], [ -71.646449720531209, 42.029067431510732 ], [ -71.640839592294384, 42.029074496699806 ], [ -71.638042393896683, 42.032700263989618 ], [ -71.640855645111188, 42.036319170754339 ], [ -71.646466412466808, 42.036312105458897 ], [ -71.649280302872739, 42.039930804122207 ], [ -71.65489138792239, 42.039923326040757 ], [ -71.657705917591926, 42.043541816530002 ], [ -71.654909044566807, 42.047167989886077 ], [ -71.657723895952088, 42.050786476934576 ] ] ], [ [ [ -71.733446415753448, 42.039789741616971 ], [ -71.739057475594592, 42.039778136211048 ], [ -71.741876787103905, 42.043394559908876 ], [ -71.739084722224135, 42.047022794031008 ], [ -71.733473023054984, 42.047034400056319 ], [ -71.730654028142197, 42.043417771340096 ], [ -71.733446415753448, 42.039789741616971 ] ] ], [ [ [ -71.71661322430154, 42.039822906906821 ], [ -71.722224290058364, 42.039812126964918 ], [ -71.725042645642276, 42.043428964300467 ], [ -71.722249618701824, 42.04705678654976 ], [ -71.71663791361496, 42.047067567017763 ], [ -71.713819874847132, 42.043450524710366 ], [ -71.71661322430154, 42.039822906906821 ] ] ], [ [ [ -71.674540121312646, 42.043517318275704 ], [ -71.680151519595881, 42.043508601849538 ], [ -71.682967645409732, 42.047126470920155 ], [ -71.680172055588216, 42.050753261269527 ], [ -71.674560017897704, 42.050761977988472 ], [ -71.671744209484544, 42.04714390406528 ], [ -71.674540121312646, 42.043517318275704 ] ] ], [ [ [ -71.55670048314002, 42.043636798778159 ], [ -71.562311902953255, 42.043633860937831 ], [ -71.565121326479229, 42.047254619273502 ], [ -71.562319011306116, 42.050878519975008 ], [ -71.565128755384947, 42.054499275096887 ], [ -71.562326121277451, 42.058123172218643 ], [ -71.565136185982325, 42.061743924069084 ], [ -71.562333232867829, 42.065367817553366 ], [ -71.55671989437333, 42.065370754312255 ], [ -71.55391014874813, 42.061749797947535 ], [ -71.556713422489167, 42.05812610933814 ], [ -71.553903997417351, 42.054505149696418 ], [ -71.548291617708813, 42.054507674170388 ], [ -71.54548283219745, 42.050886506810031 ], [ -71.539870771641716, 42.050888618685171 ], [ -71.53706262561812, 42.047267243678924 ], [ -71.539866220948412, 42.04364396127604 ], [ -71.54547764208904, 42.043641848947246 ], [ -71.548280598076872, 42.040018358043255 ], [ -71.553891698955624, 42.040015832755266 ], [ -71.55670048314002, 42.043636798778159 ] ] ], [ [ [ -71.523034588096195, 42.050893303101702 ], [ -71.528646649542509, 42.050892016830957 ], [ -71.531454476267115, 42.054513596289567 ], [ -71.528649922149242, 42.058136666445073 ], [ -71.523037221141749, 42.058137952168721 ], [ -71.520229713861909, 42.054516168283996 ], [ -71.523034588096195, 42.050893303101702 ] ] ], [ [ [ -71.503392569059741, 42.054517962149369 ], [ -71.506199117115059, 42.058140157945189 ], [ -71.511811818576064, 42.058139697918691 ], [ -71.514619006265377, 42.06176168620329 ], [ -71.520232027389611, 42.061760813625234 ], [ -71.52303985478575, 42.06538259432584 ], [ -71.520234341442901, 42.069005451998812 ], [ -71.514620680538712, 42.06900632398284 ], [ -71.511813172805944, 42.065384338887974 ], [ -71.506199831637829, 42.065384798273875 ], [ -71.50339296368486, 42.061762605615726 ], [ -71.497779948399753, 42.061762644692713 ], [ -71.494973727923053, 42.058140234480433 ], [ -71.497780193491025, 42.054518001684343 ], [ -71.503392569059741, 42.054517962149369 ] ] ], [ [ [ -71.629693238766706, 42.065311105852871 ], [ -71.632507457989945, 42.068930203647461 ], [ -71.638121104996486, 42.068923550794018 ], [ -71.640919892955893, 42.065297800205272 ], [ -71.64653321824369, 42.065290734485274 ], [ -71.649348395370978, 42.068909419248087 ], [ -71.646549929203033, 42.072535374473503 ], [ -71.649365428194571, 42.076154055617096 ], [ -71.646566643971056, 42.079780007323642 ], [ -71.640952038842286, 42.079787073255396 ], [ -71.638152614552183, 42.083412816759626 ], [ -71.632537687557516, 42.083419469731389 ], [ -71.629737623127212, 42.08704500496038 ], [ -71.632552807509228, 42.0906640918639 ], [ -71.629752424659046, 42.094289623411704 ], [ -71.632567930907797, 42.097908706569548 ], [ -71.638184138474486, 42.097902053479835 ], [ -71.640984199384718, 42.094276317291161 ], [ -71.638168374716884, 42.090657438833112 ], [ -71.640968117280877, 42.087031698957773 ], [ -71.646583362549038, 42.087024632920283 ], [ -71.649382464900455, 42.083398684790353 ], [ -71.654997388156744, 42.083391205792871 ], [ -71.65779585036924, 42.079765049481161 ], [ -71.663410451541395, 42.079757157570455 ], [ -71.666227230590408, 42.083375421772359 ], [ -71.663429090534876, 42.087001782663165 ], [ -71.66624619181367, 42.090620043083945 ], [ -71.671861751103989, 42.090611737815209 ], [ -71.674659568856569, 42.086985172371399 ], [ -71.680274805770779, 42.086976454189511 ], [ -71.683092865166273, 42.090594301159015 ], [ -71.680295369862648, 42.094221071129766 ], [ -71.674679492665916, 42.094229789604043 ], [ -71.671881357006583, 42.097856351454809 ], [ -71.666265157359916, 42.097864656969207 ], [ -71.663466381271064, 42.101491010627129 ], [ -71.666284127230668, 42.105109263312691 ], [ -71.671900967379713, 42.105100957552715 ], [ -71.674699421018076, 42.101474399352732 ], [ -71.680315938643389, 42.101465680586173 ], [ -71.683134643156336, 42.105083519727323 ], [ -71.688751478686484, 42.105074387661986 ], [ -71.691548969154184, 42.101447416794414 ], [ -71.69716548194225, 42.101437871769306 ], [ -71.699985144786964, 42.105055297226166 ], [ -71.69718797713422, 42.108682472562968 ], [ -71.69157082377312, 42.108692017973674 ], [ -71.688773015474155, 42.112318985179485 ], [ -71.683155539297047, 42.112328117583701 ], [ -71.680336512114593, 42.108710282443262 ], [ -71.674719353914611, 42.108719001502081 ], [ -71.671920582224956, 42.112345555993485 ], [ -71.666303101427388, 42.112353861998969 ], [ -71.663503689015954, 42.115980208193001 ], [ -71.657885885693133, 42.115988101098381 ], [ -71.655085832486108, 42.119614238922061 ], [ -71.657903905078939, 42.123232688392072 ], [ -71.655103533455872, 42.126858822344865 ], [ -71.657921928575036, 42.130477267739792 ], [ -71.655121238463508, 42.13410339776393 ], [ -71.65793995618283, 42.13772183902605 ], [ -71.66355968255003, 42.137713945524808 ], [ -71.666360049988072, 42.134087610959966 ], [ -71.66354101378117, 42.130469374437098 ], [ -71.666341062804591, 42.126843035938073 ], [ -71.67195982533778, 42.126834729441796 ], [ -71.67475923334699, 42.123208182540779 ], [ -71.680377673134842, 42.123199462897738 ], [ -71.683176440203724, 42.119572707667643 ], [ -71.688794557173935, 42.119563574924591 ], [ -71.691614547965827, 42.123181197072874 ], [ -71.688816103787531, 42.126808156781848 ], [ -71.683197345878, 42.126817289863666 ], [ -71.680398260687085, 42.130444041264205 ], [ -71.68321825632151, 42.134061864056321 ], [ -71.680418852936228, 42.137688611569473 ], [ -71.674799130975515, 42.137697331796488 ], [ -71.671999086357317, 42.141323870875965 ], [ -71.666379041503433, 42.141332177862736 ], [ -71.663578355578366, 42.144958508435622 ], [ -71.666398037352153, 42.148576736530913 ], [ -71.672018723585936, 42.148568429299033 ], [ -71.674819086617219, 42.144941894216984 ], [ -71.680439449883849, 42.144933173698092 ], [ -71.683260091522698, 42.14855098796945 ], [ -71.680460051531597, 42.15217772753455 ], [ -71.67483904681265, 42.152186448345226 ], [ -71.672038365295819, 42.155812979372058 ], [ -71.666417037535751, 42.155821286849012 ], [ -71.663615714419208, 42.159447609264603 ], [ -71.657994063690467, 42.159455503360988 ], [ -71.655174377727349, 42.15583707484349 ], [ -71.649553045776685, 42.155844555360986 ], [ -71.646750758163734, 42.159470464547539 ], [ -71.641129103463442, 42.159477531637684 ], [ -71.638310378026532, 42.1558586894364 ], [ -71.641112988315712, 42.152232984820813 ], [ -71.646734001414359, 42.152225917835537 ], [ -71.649535970174938, 42.14860000449459 ], [ -71.655156660597854, 42.148592524128723 ], [ -71.657957987903728, 42.144966402135346 ], [ -71.65513894751038, 42.141347965063723 ], [ -71.64951889846877, 42.141355445277874 ], [ -71.646700499383357, 42.13773679930258 ], [ -71.64950183065686, 42.134110877826288 ], [ -71.646683754099129, 42.130492227712679 ], [ -71.649484766737842, 42.126866302255365 ], [ -71.646667012633984, 42.123247648061117 ], [ -71.649467706710439, 42.119621718680598 ], [ -71.646650274986641, 42.116003060463399 ], [ -71.649450650573257, 42.112377127217471 ], [ -71.65506813555281, 42.11236964761099 ], [ -71.657867870416212, 42.108743505974154 ], [ -71.655050442654613, 42.105125048527071 ], [ -71.657849859246767, 42.101498903134889 ], [ -71.655032753790124, 42.097880441785783 ], [ -71.649416549964329, 42.097887921087931 ], [ -71.646616811140092, 42.101513861891384 ], [ -71.649433598325004, 42.105132527981418 ], [ -71.646633541155765, 42.108758465035017 ], [ -71.641016374593249, 42.108765531389217 ], [ -71.638199905826184, 42.105146660584374 ], [ -71.632583057754374, 42.105153313732941 ], [ -71.629767229565289, 42.101534234378434 ], [ -71.624150700057882, 42.101540474368036 ], [ -71.621349358209514, 42.105165793724254 ], [ -71.615732506833879, 42.105171620566999 ], [ -71.612917637861514, 42.101552128088059 ], [ -71.607301105269954, 42.101557541818508 ], [ -71.604486876804145, 42.097937840955893 ], [ -71.607288862096425, 42.09431293098968 ], [ -71.612904754254302, 42.094307517178073 ], [ -71.615719301504868, 42.09792701341383 ], [ -71.621335512374287, 42.097921186536553 ], [ -71.62413653558427, 42.0942958633891 ], [ -71.62132166969495, 42.090676571806377 ], [ -71.624122374339052, 42.087051244925455 ], [ -71.621307830170423, 42.083431949649174 ], [ -71.615692899875299, 42.083437776595204 ], [ -71.612878995847623, 42.07981827301883 ], [ -71.607264384119063, 42.079823686992434 ], [ -71.604451120159865, 42.076203975188669 ], [ -71.598836827071338, 42.076208976236551 ], [ -71.596024203108115, 42.072589056278098 ], [ -71.598825553544103, 42.068964339894691 ], [ -71.59601325079025, 42.065344416456576 ], [ -71.598814282584925, 42.061719696471599 ], [ -71.604427295972911, 42.061714695168909 ], [ -71.607239917294947, 42.065334413978519 ], [ -71.612853249178016, 42.065328999843317 ], [ -71.615666510276725, 42.068948510529658 ], [ -71.612866121046196, 42.072573640000392 ], [ -71.615679703572667, 42.076193147160566 ], [ -71.621293993799625, 42.076187320180324 ], [ -71.624094061529263, 42.072561986005759 ], [ -71.621280160581449, 42.068942683515274 ], [ -71.624079909962504, 42.065317345780493 ], [ -71.621266330514857, 42.061698039769425 ], [ -71.615653319986492, 42.061703866817837 ], [ -71.612840380242105, 42.05808435266291 ], [ -71.607227688062963, 42.058089766878759 ], [ -71.604415387949416, 42.054470044652689 ], [ -71.607215461616448, 42.050845112871023 ], [ -71.612827514237424, 42.050839698574642 ], [ -71.615640132700918, 42.054459216140444 ], [ -71.621252503598754, 42.054453389058096 ], [ -71.62406576161969, 42.058072698532143 ], [ -71.629678450720988, 42.058066458617226 ], [ -71.632492348371741, 42.061685559926858 ], [ -71.629693238766706, 42.065311105852871 ] ] ], [ [ [ -71.725068296872365, 42.050673620258344 ], [ -71.730680318774176, 42.05066242672526 ], [ -71.733499636419324, 42.054279051762379 ], [ -71.730706615397153, 42.057907075319434 ], [ -71.725093953947692, 42.057918269425201 ], [ -71.722274953116639, 42.054301439401243 ], [ -71.725068296872365, 42.050673620258344 ] ] ], [ [ [ -71.725119616870245, 42.065162911685675 ], [ -71.730732918013146, 42.065151717007268 ], [ -71.733552881344764, 42.068768334513237 ], [ -71.739166499372473, 42.068756726629964 ], [ -71.741987102542183, 42.072373135287584 ], [ -71.739193770848914, 42.076001356824747 ], [ -71.733579512910012, 42.076012965327244 ], [ -71.73075922662423, 42.072396351673376 ], [ -71.725145285642043, 42.072407546924353 ], [ -71.722350991009122, 42.076035356401754 ], [ -71.725170960265075, 42.079652175025871 ], [ -71.722376348529181, 42.083279981166051 ], [ -71.716761444605325, 42.083290764263765 ], [ -71.713966192737161, 42.086918362596101 ], [ -71.708350965928801, 42.086928732921194 ], [ -71.705531631170345, 42.083311504434839 ], [ -71.708327205849869, 42.07968411054145 ], [ -71.713941792525148, 42.07967374069549 ], [ -71.716736727144408, 42.076046138973638 ], [ -71.713917397874454, 42.072429111542235 ], [ -71.70830345118631, 42.07243948090899 ], [ -71.705484761830391, 42.06882224474289 ], [ -71.708279701936306, 42.065194844139228 ], [ -71.705461335170838, 42.061577604219757 ], [ -71.708255958097993, 42.057950200347499 ], [ -71.713868625249518, 42.057939831939301 ], [ -71.716687309120672, 42.061556866924043 ], [ -71.713893008783216, 42.065184475251719 ], [ -71.71671201531683, 42.068801506488612 ], [ -71.722325639268334, 42.068790724442621 ], [ -71.725119616870245, 42.065162911685675 ] ] ], [ [ [ -71.691439770765342, 42.065224299219096 ], [ -71.697053082878753, 42.065214756122963 ], [ -71.699871132392687, 42.068832200951064 ], [ -71.697075552444446, 42.07245939375791 ], [ -71.691461600487997, 42.072468937239975 ], [ -71.688643868371443, 42.068851287529263 ], [ -71.691439770765342, 42.065224299219096 ] ] ], [ [ [ -71.691505274862578, 42.086958191753808 ], [ -71.697120506942852, 42.086948647500115 ], [ -71.699939524233613, 42.090566080878496 ], [ -71.697142991879048, 42.094193263376553 ], [ -71.6915271195179, 42.094202808015979 ], [ -71.688708419840864, 42.090585169771657 ], [ -71.691505274862578, 42.086958191753808 ] ] ], [ [ [ -71.54830264235801, 42.068996962891205 ], [ -71.553916301479489, 42.068994439231794 ], [ -71.55672636773123, 42.072615392261895 ], [ -71.553922455611882, 42.076239073433904 ], [ -71.548308156565156, 42.076241596685833 ], [ -71.545498409611668, 42.072620439173264 ], [ -71.54830264235801, 42.068996962891205 ] ] ], [ [ [ -71.539898097558918, 42.094356416425882 ], [ -71.537092266116431, 42.09797967226767 ], [ -71.539902655507987, 42.101601023853277 ], [ -71.537096504329654, 42.105224275669549 ], [ -71.531479643010101, 42.105225970985543 ], [ -71.528672851248857, 42.108849013809319 ], [ -71.523055669227958, 42.10885029569905 ], [ -71.520245919599873, 42.105228535313223 ], [ -71.514629057606612, 42.10522940432503 ], [ -71.511819948561197, 42.101607436042997 ], [ -71.514627381432419, 42.097984803115409 ], [ -71.520243602915812, 42.09798393350885 ], [ -71.523050395349998, 42.094361091547775 ], [ -71.520241286758278, 42.090739324159806 ], [ -71.523047759310288, 42.087116478184086 ], [ -71.520238971127071, 42.083494707381504 ], [ -71.523045123869807, 42.079871857448921 ], [ -71.528659744435785, 42.079870573367501 ], [ -71.531465257106603, 42.076247514578959 ], [ -71.53707955726388, 42.076245817258297 ], [ -71.539888984773242, 42.079867179227094 ], [ -71.537083792583871, 42.083490442946641 ], [ -71.539893540647469, 42.087111801512016 ], [ -71.537088028867956, 42.090735061321574 ], [ -71.539898097558918, 42.094356416425882 ] ] ], [ [ [ -71.565158487930105, 42.083477828724838 ], [ -71.562347460907901, 42.079857087034434 ], [ -71.565151052254308, 42.076233200998445 ], [ -71.562340346077789, 42.072612455863741 ], [ -71.565143618271904, 42.068988566074722 ], [ -71.570757275845622, 42.068985216576991 ], [ -71.573568301101275, 42.072605757182359 ], [ -71.570765349752747, 42.07622985181483 ], [ -71.573576695926747, 42.079850388981441 ], [ -71.570773425499169, 42.083474479855475 ], [ -71.565158487930105, 42.083477828724838 ] ] ], [ [ [ -71.497779458044022, 42.076251909689418 ], [ -71.503393753199518, 42.076251871528747 ], [ -71.506201261166566, 42.079874057738714 ], [ -71.503394148089114, 42.083496493744654 ], [ -71.49777921277952, 42.083496531447047 ], [ -71.494972032298293, 42.079874131706553 ], [ -71.497779458044022, 42.076251909689418 ] ] ], [ [ [ -71.556745796652422, 42.09434926281029 ], [ -71.55393476808176, 42.090728320129926 ], [ -71.548319188746703, 42.090730842566501 ], [ -71.545508800465981, 42.087109691907266 ], [ -71.548313672027916, 42.083486223282733 ], [ -71.553928611145821, 42.083483700438428 ], [ -71.556739318870285, 42.087104646626315 ], [ -71.56235457735869, 42.087101710950058 ], [ -71.565165925299851, 42.090722449138454 ], [ -71.562361695430766, 42.094346327495153 ], [ -71.556745796652422, 42.09434926281029 ] ] ], [ [ [ -71.6044630363252, 42.083448604461488 ], [ -71.607276621713112, 42.087068312675854 ], [ -71.604474955206314, 42.090693226422367 ], [ -71.59885938183352, 42.090698227214986 ], [ -71.596057075038388, 42.094322932447149 ], [ -71.59887066307023, 42.097942841620714 ], [ -71.596068037343571, 42.101567543020295 ], [ -71.590451502106163, 42.101572130491675 ], [ -71.587638233078678, 42.097952016738041 ], [ -71.582022016918444, 42.097956191190569 ], [ -71.579209388325751, 42.0943358692193 ], [ -71.58201265676685, 42.090711577354924 ], [ -71.579200349385133, 42.087091251777558 ], [ -71.582003298747878, 42.083466956091485 ], [ -71.587618234330208, 42.083462781196765 ], [ -71.590430860717063, 42.087082902209119 ], [ -71.596046115231317, 42.087078314388805 ], [ -71.598848103167512, 42.083453605381784 ], [ -71.6044630363252, 42.083448604461488 ] ] ], [ [ [ -71.514625705638679, 42.090740194360947 ], [ -71.511818592795677, 42.094362831355539 ], [ -71.50620269134005, 42.094363288177554 ], [ -71.503394938132985, 42.09798571611816 ], [ -71.497778722077172, 42.097985752903639 ], [ -71.494970901228001, 42.094363360432801 ], [ -71.497778967457236, 42.090741145890242 ], [ -71.503394543066932, 42.090741108646256 ], [ -71.506201976172704, 42.087118676644089 ], [ -71.511817237337496, 42.087118219180887 ], [ -71.514625705638679, 42.090740194360947 ] ] ], [ [ [ -71.708422278676522, 42.108662555389948 ], [ -71.714039426760294, 42.108652183627747 ], [ -71.716860370821095, 42.112269191166533 ], [ -71.714063849236723, 42.115896775363467 ], [ -71.708446060435577, 42.115907147604595 ], [ -71.705625433984906, 42.112289935169883 ], [ -71.708422278676522, 42.108662555389948 ] ] ], [ [ [ -71.573601891881339, 42.101584240387979 ], [ -71.579218429326332, 42.101580479175496 ], [ -71.582031379203386, 42.105200797482993 ], [ -71.579227472387586, 42.108825081530696 ], [ -71.582040743622429, 42.112445396116755 ], [ -71.579236517510225, 42.116069676169445 ], [ -71.573618698756135, 42.116073436845781 ], [ -71.570805746890599, 42.112452917737627 ], [ -71.565188247578675, 42.112456265348698 ], [ -71.562375936440873, 42.108835538012094 ], [ -71.556758756644498, 42.108838472604589 ], [ -71.5539470861616, 42.105217537112253 ], [ -71.548330225954103, 42.105220058732954 ], [ -71.545519196053306, 42.101598915157638 ], [ -71.548324706721957, 42.097975454421707 ], [ -71.553940926420196, 42.097972932393013 ], [ -71.556752275910327, 42.101593871508186 ], [ -71.562368815124628, 42.101590936554302 ], [ -71.565173364364142, 42.097967062123942 ], [ -71.570789582512489, 42.09796371388348 ], [ -71.573601891881339, 42.101584240387979 ] ] ], [ [ [ -71.62419321285995, 42.123274261242209 ], [ -71.629811664542117, 42.123268021216568 ], [ -71.632628458994176, 42.126887088814982 ], [ -71.638247229458244, 42.126880435490428 ], [ -71.641064664926873, 42.130499294382801 ], [ -71.638263011198688, 42.134125011271699 ], [ -71.632643599644709, 42.134131664654731 ], [ -71.629826482957611, 42.130512601090402 ], [ -71.624207390258107, 42.130518841127859 ], [ -71.621404773130848, 42.134144144741377 ], [ -71.615785358268496, 42.134149971445026 ], [ -71.612969201673209, 42.130530494570081 ], [ -71.607350105885345, 42.130535907974831 ], [ -71.604534590381405, 42.126916222507766 ], [ -71.607337851541388, 42.123291328240505 ], [ -71.612956306310863, 42.12328591475417 ], [ -71.615758926525373, 42.119660811783888 ], [ -71.621377059351929, 42.119654985010484 ], [ -71.62419321285995, 42.123274261242209 ] ] ], [ [ [ -71.545534798315714, 42.123332692731303 ], [ -71.548341268190782, 42.119709244261742 ], [ -71.553959409855224, 42.11970672345744 ], [ -71.556771722543616, 42.123327651531078 ], [ -71.553965573808412, 42.126951304852454 ], [ -71.548346791196195, 42.126953825248329 ], [ -71.545534798315714, 42.123332692731303 ] ] ], [ [ [ -71.733872861278641, 42.155703404030142 ], [ -71.73107539832057, 42.1593313779588 ], [ -71.733899565834548, 42.162947940887278 ], [ -71.731101785054605, 42.166575910837828 ], [ -71.733926276486542, 42.170192469163972 ], [ -71.731128177812508, 42.173820435078625 ], [ -71.733952993236741, 42.177436988744674 ], [ -71.731154576596339, 42.181064950565627 ], [ -71.725531020489385, 42.181076154399783 ], [ -71.722731961742539, 42.184703907753992 ], [ -71.717108081640944, 42.184714698208182 ], [ -71.714283902442361, 42.181097734783016 ], [ -71.717083285110363, 42.177470185770169 ], [ -71.714259429759451, 42.173853217673823 ], [ -71.717058494240163, 42.170225664520473 ], [ -71.722681090273824, 42.170214875116606 ], [ -71.725479512866997, 42.166587113528173 ], [ -71.722655663248005, 42.162970345696003 ], [ -71.71703370902847, 42.162981134574636 ], [ -71.714210501150149, 42.159364157309192 ], [ -71.708588864972924, 42.159374532422703 ], [ -71.705766298762981, 42.155757345796658 ], [ -71.708565050638001, 42.152129988919725 ], [ -71.714186045219918, 42.152119614284807 ], [ -71.717008929473295, 42.155736596048229 ], [ -71.722630242025261, 42.155725807694857 ], [ -71.72542802875391, 42.152098038103425 ], [ -71.731049017608356, 42.152086836557068 ], [ -71.733872861278641, 42.155703404030142 ] ] ], [ [ [ -71.63265874374919, 42.141376232374867 ], [ -71.638278796539396, 42.141369578933457 ], [ -71.641096876844529, 42.144988429595699 ], [ -71.638294585481589, 42.148614138360188 ], [ -71.632673891308784, 42.148620791859884 ], [ -71.629856129930317, 42.145001736536841 ], [ -71.63265874374919, 42.141376232374867 ] ] ], [ [ [ -71.683281016283672, 42.155795537458935 ], [ -71.688902339413772, 42.155786403022816 ], [ -71.691723945763627, 42.159404003752641 ], [ -71.688923910621696, 42.16303094370847 ], [ -71.683301945820389, 42.163040078483007 ], [ -71.680480657881034, 42.159422272963319 ], [ -71.683281016283672, 42.155795537458935 ] ] ], [ [ [ -71.658084325235293, 42.195678105241306 ], [ -71.663709186163928, 42.195670210154624 ], [ -71.666531129752343, 42.199288406934919 ], [ -71.663727893320456, 42.202914703491146 ], [ -71.658102389911775, 42.202922598775658 ], [ -71.655280765463942, 42.199304197306141 ], [ -71.658084325235293, 42.195678105241306 ] ] ], [ [ [ -71.604606242407314, 42.170383552386646 ], [ -71.598983617019556, 42.17038855176763 ], [ -71.59616681064665, 42.16676868229262 ], [ -71.598972310027392, 42.163144017987065 ], [ -71.59615582581992, 42.159524144282543 ], [ -71.59896100561474, 42.155899475624196 ], [ -71.604582347500724, 42.155894475985562 ], [ -71.607399151220676, 42.159514145134018 ], [ -71.604594293590992, 42.163139018477189 ], [ -71.607411419549152, 42.166758683401724 ], [ -71.604606242407314, 42.170383552386646 ] ] ], [ [ [ -71.624278325779386, 42.166741617315957 ], [ -71.62990062576111, 42.166735377220817 ], [ -71.632719354730142, 42.170354419749152 ], [ -71.629915464475161, 42.173979906990553 ], [ -71.624292522597514, 42.173986147096912 ], [ -71.621474112919628, 42.170366899950672 ], [ -71.624278325779386, 42.166741617315957 ] ] ], [ [ [ -71.565247848334621, 42.17041275802945 ], [ -71.570870478151917, 42.170409412940948 ], [ -71.573686002942893, 42.174029900156384 ], [ -71.57087857786675, 42.17765393691154 ], [ -71.565255306077205, 42.177657281684162 ], [ -71.562440101384908, 42.174036590017565 ], [ -71.565247848334621, 42.17041275802945 ] ] ], [ [ [ -71.624505907292331, 42.282653023169402 ], [ -71.630138503111326, 42.282646780026234 ], [ -71.632962413835628, 42.286265748575843 ], [ -71.630153407461151, 42.289891165114547 ], [ -71.624520165642537, 42.289897408904913 ], [ -71.621696576247288, 42.286278235509329 ], [ -71.624505907292331, 42.282653023169402 ] ] ], [ [ [ -71.616103537588359, 42.308017176613667 ], [ -71.621738396670267, 42.308011345665825 ], [ -71.624562960300935, 42.311630501995239 ], [ -71.621752343201905, 42.315255694075809 ], [ -71.616116837602277, 42.315261525624244 ], [ -71.613292595668739, 42.311642164491488 ], [ -71.616103537588359, 42.308017176613667 ] ] ], [ [ [ -71.573930899067491, 42.384117237210575 ], [ -71.579572560417347, 42.384113474718404 ], [ -71.58239811237803, 42.387733606524044 ], [ -71.579581680010392, 42.391357705450432 ], [ -71.573939370584228, 42.391361468309412 ], [ -71.57111414165152, 42.387741131875181 ], [ -71.573930899067491, 42.384117237210575 ] ] ], [ [ [ -71.607793215674178, 42.391334741157713 ], [ -71.604978082072819, 42.394959458605008 ], [ -71.607805578482257, 42.398578957356818 ], [ -71.604990122151136, 42.402203668910872 ], [ -71.599346843866897, 42.40220867753019 ], [ -71.596519670261216, 42.398588974088049 ], [ -71.599335452086478, 42.394964466716928 ], [ -71.596508603900375, 42.391344756874155 ], [ -71.599324062921113, 42.387720243615334 ], [ -71.604966044758115, 42.387715236010791 ], [ -71.607793215674178, 42.391334741157713 ] ] ], [ [ [ -71.691833468469611, 42.195626597354746 ], [ -71.697458320120845, 42.195617047321733 ], [ -71.700282186284269, 42.199234415661508 ], [ -71.697480882146721, 42.202861538816961 ], [ -71.691855388018624, 42.202871089234769 ], [ -71.689031840553895, 42.199253516112364 ], [ -71.691833468469611, 42.195626597354746 ] ] ], [ [ [ -71.708779575498312, 42.217330563914885 ], [ -71.705954418788366, 42.213713414933984 ], [ -71.700327963266474, 42.213723379782081 ], [ -71.697503449325964, 42.210106021095726 ], [ -71.700305072161527, 42.20647890235891 ], [ -71.705930884987239, 42.206468937942269 ], [ -71.708755717624641, 42.210086091830995 ], [ -71.714381849073703, 42.210075713368866 ], [ -71.717207324406203, 42.213692657531602 ], [ -71.714406349716043, 42.217320184974625 ], [ -71.708779575498312, 42.217330563914885 ] ] ], [ [ [ -71.700350859600903, 42.220967847815388 ], [ -71.705977957965871, 42.220957882535934 ], [ -71.708803438822699, 42.224575026551229 ], [ -71.706001502521573, 42.228202340632492 ], [ -71.700373761166631, 42.228212306343259 ], [ -71.697548599151801, 42.22459495754147 ], [ -71.700350859600903, 42.220967847815388 ] ] ], [ [ [ -71.683490526830298, 42.228240547688529 ], [ -71.689118273272015, 42.22823140987132 ], [ -71.691943116297907, 42.23184896343345 ], [ -71.689139893795129, 42.235475859547037 ], [ -71.683511504214735, 42.235484997701981 ], [ -71.680686980324779, 42.231867239405624 ], [ -71.683490526830298, 42.228240547688529 ] ] ], [ [ [ -71.708827307599705, 42.231819479624377 ], [ -71.714455367795551, 42.231809099727975 ], [ -71.71728181600956, 42.235426028837175 ], [ -71.714479885236571, 42.23905354264425 ], [ -71.708851181831193, 42.239063923018634 ], [ -71.706025052457349, 42.235446789107961 ], [ -71.708827307599705, 42.231819479624377 ] ] ], [ [ [ -71.725737286394278, 42.239031953862252 ], [ -71.731365984048566, 42.239020745454724 ], [ -71.734193718751897, 42.24263725458016 ], [ -71.731392437158831, 42.246265176955717 ], [ -71.725763096149919, 42.246276385934692 ], [ -71.722935680137724, 42.242659671966649 ], [ -71.725737286394278, 42.239031953862252 ] ] ], [ [ [ -71.683616546678763, 42.271707109093093 ], [ -71.689248159367381, 42.27169796733854 ], [ -71.692074965843318, 42.275315490006165 ], [ -71.689269839239245, 42.278942359445388 ], [ -71.683637580777557, 42.278951502174536 ], [ -71.680811094742282, 42.275333774489852 ], [ -71.683616546678763, 42.271707109093093 ] ] ], [ [ [ -71.692317301330291, 42.35500314418784 ], [ -71.697956346826217, 42.354993576457332 ], [ -71.700787384273127, 42.35861082189426 ], [ -71.697979055103332, 42.362237840038667 ], [ -71.692339362133268, 42.362247408791497 ], [ -71.689508645856577, 42.358629958377556 ], [ -71.692317301330291, 42.35500314418784 ] ] ], [ [ [ -71.658138531643559, 42.217411558077842 ], [ -71.663765320452754, 42.217403662397935 ], [ -71.666588234501575, 42.221021844891261 ], [ -71.66378404043148, 42.224648127736977 ], [ -71.658156608701688, 42.224656023614465 ], [ -71.655334014011586, 42.221037636448671 ], [ -71.658138531643559, 42.217411558077842 ] ] ], [ [ [ -71.624634350158274, 42.347852103144795 ], [ -71.630272765299225, 42.347845854175041 ], [ -71.633099601403615, 42.351464770011972 ], [ -71.630287700426521, 42.35509013961488 ], [ -71.62464863795384, 42.355096389232273 ], [ -71.621822123839394, 42.351477268599048 ], [ -71.624634350158274, 42.347852103144795 ] ] ], [ [ [ -71.658610313872785, 42.405764383285451 ], [ -71.655797458116027, 42.409390331180106 ], [ -71.658628519027758, 42.413008568562603 ], [ -71.655815341064354, 42.416634510588473 ], [ -71.650170775828244, 42.416642011201297 ], [ -71.64734003719677, 42.413023568999563 ], [ -71.650153541471568, 42.409397831004284 ], [ -71.647323129076455, 42.405779382145191 ], [ -71.650136311069588, 42.402153638286698 ], [ -71.655779579271027, 42.402146139251094 ], [ -71.658610313872785, 42.405764383285451 ] ] ], [ [ [ -71.742845769632922, 42.296952636310778 ], [ -71.748479623307588, 42.296940590428648 ], [ -71.751310946225459, 42.300556637166153 ], [ -71.748508106573382, 42.304184933383461 ], [ -71.742873606615191, 42.304196980568022 ], [ -71.740042598127644, 42.300580729451461 ], [ -71.742845769632922, 42.296952636310778 ] ] ], [ [ [ -71.751339755117286, 42.3078009740019 ], [ -71.75697454847203, 42.307788514790673 ], [ -71.759806833879693, 42.311404344679488 ], [ -71.757004007514126, 42.315032839093583 ], [ -71.751368570577753, 42.315045299934738 ], [ -71.748536596362555, 42.311429265496166 ], [ -71.751339755117286, 42.3078009740019 ] ] ], [ [ [ -71.782444365454111, 42.333084088660684 ], [ -71.785279233147591, 42.336699270345747 ], [ -71.782476746448737, 42.340328366167341 ], [ -71.785311939920362, 42.343943541257119 ], [ -71.782509134833347, 42.34757263224899 ], [ -71.776870810444748, 42.347586344563389 ], [ -71.774067361041247, 42.351215227085554 ], [ -71.768428710869216, 42.351228525550496 ], [ -71.765594154466186, 42.34761293976873 ], [ -71.768397929577986, 42.343984260855187 ], [ -71.76556369880808, 42.340368668467235 ], [ -71.768367155309221, 42.336739984677379 ], [ -71.774004516996101, 42.336726689661127 ], [ -71.776807329400725, 42.333097797432941 ], [ -71.782444365454111, 42.333084088660684 ] ] ], [ [ [ -71.852846461487118, 42.322023006554787 ], [ -71.858482494284971, 42.322005569529935 ], [ -71.86132120035191, 42.325618881961617 ], [ -71.858523556391489, 42.329249836998223 ], [ -71.852886879733717, 42.329267276215049 ], [ -71.850048490945397, 42.32565375820316 ], [ -71.852846461487118, 42.322023006554787 ] ] ], [ [ [ -71.861445394991478, 42.347351630153504 ], [ -71.858646798981042, 42.35098257141545 ], [ -71.853008189858983, 42.351000017209522 ], [ -71.850208949471636, 42.354630750398712 ], [ -71.844570013539794, 42.354647782535224 ], [ -71.841730962422105, 42.3510340793365 ], [ -71.844530529544571, 42.347403549539507 ], [ -71.850168821098805, 42.347386519548934 ], [ -71.852967743916494, 42.343755781658231 ], [ -71.858605708736278, 42.343738338056788 ], [ -71.861445394991478, 42.347351630153504 ] ] ], [ [ [ -71.869924007786665, 42.350946850367301 ], [ -71.875562607371947, 42.350928575113784 ], [ -71.878403582298915, 42.354541442180405 ], [ -71.884042499153963, 42.354522751031389 ], [ -71.886884118525046, 42.358135405473611 ], [ -71.884086503821436, 42.361766956689522 ], [ -71.886928450515398, 42.365379604079529 ], [ -71.884130518543955, 42.369011150571289 ], [ -71.878490312503985, 42.369029846387448 ], [ -71.875648683150956, 42.365416993378034 ], [ -71.878446942447752, 42.361785650171988 ], [ -71.875605640345498, 42.358172790104952 ], [ -71.869966396313657, 42.358191067645002 ], [ -71.867125738730977, 42.354577994973859 ], [ -71.869924007786665, 42.350946850367301 ] ] ], [ [ [ -71.836169396654341, 42.365539144634873 ], [ -71.841809303924379, 42.365522524103831 ], [ -71.844609506553539, 42.361892003871979 ], [ -71.850249087010567, 42.361874969589316 ], [ -71.853089109462061, 42.365488453392231 ], [ -71.858729007631354, 42.365471003212186 ], [ -71.861528238702533, 42.361840071422421 ], [ -71.867167809839131, 42.361822207538708 ], [ -71.870008794524963, 42.365435273204817 ], [ -71.867209890559423, 42.369066408327882 ], [ -71.861569674753198, 42.369084274451644 ], [ -71.858770126043368, 42.372715201418572 ], [ -71.85312958312899, 42.37273265379195 ], [ -71.850289233718769, 42.36911917700494 ], [ -71.844649008588902, 42.369136213433997 ], [ -71.841848488097966, 42.372766728796499 ], [ -71.836207936079717, 42.372783351427195 ], [ -71.8333685493498, 42.3691694565956 ], [ -71.836169396654341, 42.365539144634873 ] ] ], [ [ [ -71.827803477108304, 42.383674059169259 ], [ -71.83344500091404, 42.383657848331104 ], [ -71.836285041347608, 42.387271729051037 ], [ -71.833483239797673, 42.390902026073768 ], [ -71.827841070872836, 42.390918238965277 ], [ -71.825001348666291, 42.387304152780601 ], [ -71.827803477108304, 42.383674059169259 ] ] ], [ [ [ -71.79365111480368, 42.318567260325963 ], [ -71.799286855576668, 42.318552726047606 ], [ -71.802122033756191, 42.32216750345281 ], [ -71.799321153190903, 42.325797020557751 ], [ -71.793684768621475, 42.325811556700359 ], [ -71.790849908462903, 42.322196573873697 ], [ -71.79365111480368, 42.318567260325963 ] ] ], [ [ [ -71.802156657218347, 42.329411791436634 ], [ -71.807793359806155, 42.329396839768577 ], [ -71.810629507774877, 42.333011398626681 ], [ -71.807828635186624, 42.336641114589113 ], [ -71.80219128858262, 42.336656068168473 ], [ -71.799355458632192, 42.333041303873983 ], [ -71.802156657218347, 42.329411791436634 ] ] ], [ [ [ -71.810665109225752, 42.340255666810272 ], [ -71.816302773845493, 42.340240297612212 ], [ -71.81913989204574, 42.343854637687151 ], [ -71.816339027659808, 42.347484552411409 ], [ -71.810700718804028, 42.347499923567916 ], [ -71.807863918619375, 42.343885378041662 ], [ -71.810665109225752, 42.340255666810272 ] ] ], [ [ [ -71.743012887202383, 42.340418536908757 ], [ -71.748650620797761, 42.340406483210373 ], [ -71.751483898150966, 42.344022492321258 ], [ -71.748679143237382, 42.347650759375739 ], [ -71.743040762470315, 42.347662814377188 ], [ -71.740207794654296, 42.344046600579958 ], [ -71.743012887202383, 42.340418536908757 ] ] ], [ [ [ -71.768582722746572, 42.387449672734931 ], [ -71.765746537052792, 42.383834120854431 ], [ -71.768551906306882, 42.380205467189924 ], [ -71.76571604662135, 42.376589908413088 ], [ -71.768521096901722, 42.372961249583085 ], [ -71.774161680908392, 42.372947945943736 ], [ -71.776997859492354, 42.376563299409334 ], [ -71.774193135220457, 42.380192161825399 ], [ -71.777029639885356, 42.38380750840016 ], [ -71.774224596714831, 42.387436365645065 ], [ -71.768582722746572, 42.387449672734931 ] ] ], [ [ [ -71.751628205682394, 42.38024372359142 ], [ -71.757269441488646, 42.380231248073116 ], [ -71.760104982128055, 42.38384701213527 ], [ -71.757298967816581, 42.387475456975146 ], [ -71.751657086953287, 42.387487934125105 ], [ -71.74882185353276, 42.383871964831094 ], [ -71.751628205682394, 42.38024372359142 ] ] ], [ [ [ -71.802260575028342, 42.351144587413039 ], [ -71.807899210107166, 42.351129630010441 ], [ -71.81073633651252, 42.354744168783718 ], [ -71.807934509652782, 42.358373870379531 ], [ -71.802295230115234, 42.358388829694043 ], [ -71.799458421945346, 42.354774085500729 ], [ -71.802260575028342, 42.351144587413039 ] ] ], [ [ [ -71.776902561832969, 42.35483060087553 ], [ -71.782541530610445, 42.354816886789763 ], [ -71.785377375863462, 42.35843204851497 ], [ -71.782573933782601, 42.362061129673833 ], [ -71.776934320468655, 42.362074845531133 ], [ -71.774098793821238, 42.358459478457931 ], [ -71.776902561832969, 42.35483060087553 ] ] ], [ [ [ -71.802364564030626, 42.372877278994302 ], [ -71.808005132928514, 42.37286231585535 ], [ -71.810843238447092, 42.37647683402156 ], [ -71.808040456664187, 42.380106520730315 ], [ -71.802399242864581, 42.380121485781785 ], [ -71.799561455798838, 42.37650676221191 ], [ -71.802364564030626, 42.372877278994302 ] ] ], [ [ [ -71.84476756885563, 42.390868770312323 ], [ -71.850409728890298, 42.390851727442858 ], [ -71.853210558209511, 42.387221018628601 ], [ -71.858852391057241, 42.387203561867935 ], [ -71.861652575261118, 42.38357264472014 ], [ -71.867294080849703, 42.38355477411563 ], [ -71.870136047298018, 42.387167818418348 ], [ -71.867336190426286, 42.390798938882462 ], [ -71.861694039724853, 42.390816811727667 ], [ -71.858893537665566, 42.394447723879146 ], [ -71.861735513666133, 42.398060966496146 ], [ -71.858934693679117, 42.401691873593457 ], [ -71.85329157030678, 42.4017093347423 ], [ -71.850449912306985, 42.398095886599521 ], [ -71.844807107008421, 42.39811293161624 ], [ -71.841966094345509, 42.394499270719862 ], [ -71.84476756885563, 42.390868770312323 ] ] ], [ [ [ -71.878794180591541, 42.419738880428305 ], [ -71.875993379949136, 42.423370183804273 ], [ -71.870348329249993, 42.423388481933358 ], [ -71.867546882755946, 42.427019576808952 ], [ -71.861901504271756, 42.427037460861136 ], [ -71.859058218183478, 42.423424247795779 ], [ -71.861859992387764, 42.419793356208125 ], [ -71.867504725019401, 42.419775474397788 ], [ -71.870305853444322, 42.416144374288784 ], [ -71.875950258366657, 42.416126078448293 ], [ -71.878794180591541, 42.419738880428305 ] ] ], [ [ [ -71.844925775702023, 42.419845340938529 ], [ -71.850570517679756, 42.419828289478744 ], [ -71.853413157914758, 42.423441715528575 ], [ -71.850610737855462, 42.427072398521723 ], [ -71.84496535002198, 42.427089452129621 ], [ -71.842123028152884, 42.423475820596131 ], [ -71.844925775702023, 42.419845340938529 ] ] ], [ [ [ -71.853453705653379, 42.430685817091067 ], [ -71.859099411850295, 42.430668347163156 ], [ -71.861943025649595, 42.434281552695374 ], [ -71.859140614938539, 42.437912433653921 ], [ -71.853494262665293, 42.437929905777139 ], [ -71.850650967228802, 42.434316494746376 ], [ -71.853453705653379, 42.430685817091067 ] ] ], [ [ [ -71.845044525813648, 42.441577635941563 ], [ -71.850691205802974, 42.441560578036764 ], [ -71.853534828953684, 42.445173981470823 ], [ -71.850731453581105, 42.448804648276862 ], [ -71.845084127291628, 42.448821708330428 ], [ -71.842240822724321, 42.445208099429088 ], [ -71.836593815091362, 42.445224743068096 ], [ -71.833789465699297, 42.448854997710313 ], [ -71.828142130495181, 42.448871227036157 ], [ -71.825299791035789, 42.445257199664596 ], [ -71.828104467923922, 42.441627148388456 ], [ -71.833751156824803, 42.441610921117658 ], [ -71.83655518748273, 42.437980660975256 ], [ -71.842201548888056, 42.437964019438041 ], [ -71.845044525813648, 42.441577635941563 ] ] ], [ [ [ -71.828217481483193, 42.463359344719251 ], [ -71.833866109738565, 42.46334311128274 ], [ -71.836709750939505, 42.466956910235986 ], [ -71.833904444909351, 42.470587148030425 ], [ -71.82825516990583, 42.470603383522594 ], [ -71.825411847730038, 42.466989379164609 ], [ -71.828217481483193, 42.463359344719251 ] ] ], [ [ [ -71.83674841390642, 42.474200939201722 ], [ -71.842398007932601, 42.474184287153371 ], [ -71.84524262382368, 42.47779786506495 ], [ -71.842437326715924, 42.481428300444378 ], [ -71.836787085720516, 42.481444954595595 ], [ -71.833942788851587, 42.477831171264377 ], [ -71.83674841390642, 42.474200939201722 ] ] ], [ [ [ -71.870518329649073, 42.452364783740713 ], [ -71.876165964936746, 42.452346476454913 ], [ -71.879011527198173, 42.455959240242606 ], [ -71.876209135865025, 42.459590516844294 ], [ -71.870560854059661, 42.459608826419831 ], [ -71.867715610154548, 42.455995857103836 ], [ -71.870518329649073, 42.452364783740713 ] ] ], [ [ [ -71.853737799654681, 42.481394160992835 ], [ -71.859388031499151, 42.481376675692999 ], [ -71.862233941396426, 42.484989826865949 ], [ -71.859429300628079, 42.488620668799001 ], [ -71.853778421669048, 42.488638156295735 ], [ -71.850932830642407, 42.485024799662405 ], [ -71.853737799654681, 42.481394160992835 ] ] ], [ [ [ -71.87073104904583, 42.488584862564871 ], [ -71.876381918405627, 42.488566543828 ], [ -71.879229122599753, 42.492179267970165 ], [ -71.876425138764645, 42.495810516350204 ], [ -71.870773622145052, 42.495828837378006 ], [ -71.867926736669872, 42.492215907734739 ], [ -71.87073104904583, 42.488584862564871 ] ] ], [ [ [ -71.945560051083262, 42.281856497709988 ], [ -71.951192487548084, 42.28183451563153 ], [ -71.954034673962624, 42.28544556498354 ], [ -71.951244108301793, 42.289078802276784 ], [ -71.945611028806709, 42.28910078706064 ], [ -71.942819820041763, 42.292733817241356 ], [ -71.937186413173691, 42.292755389028748 ], [ -71.93434485822533, 42.289143927976539 ], [ -71.937136394289439, 42.285511100974368 ], [ -71.942769158051732, 42.285489531845705 ], [ -71.945560051083262, 42.281856497709988 ] ] ], [ [ [ -71.912001057727124, 42.318204007552168 ], [ -71.909159796834459, 42.314591942575611 ], [ -71.911953895165482, 42.310959745796737 ], [ -71.917588927202956, 42.310939410764142 ], [ -71.920382381980346, 42.307307006528369 ], [ -71.917541131929113, 42.303695140560897 ], [ -71.92033427045989, 42.300062732156157 ], [ -71.92596833185948, 42.300041986503892 ], [ -71.92880989808323, 42.303653646690847 ], [ -71.934444275581328, 42.303632485334987 ], [ -71.937236443478142, 42.299999666404659 ], [ -71.942870493599159, 42.299978091958266 ], [ -71.945713019174448, 42.303589333783094 ], [ -71.9429211787279, 42.307222355880612 ], [ -71.945764031826727, 42.310833590923359 ], [ -71.942971875431951, 42.314466608892644 ], [ -71.937336538363411, 42.314488188657826 ], [ -71.934494001286097, 42.310876747794033 ], [ -71.928858980312313, 42.310897911762488 ], [ -71.926065852841944, 42.314530519207445 ], [ -71.920430504487086, 42.314551269991291 ], [ -71.917636733391362, 42.318183670000337 ], [ -71.912001057727124, 42.318204007552168 ] ] ], [ [ [ -71.945866092088053, 42.325322072183056 ], [ -71.943022583715276, 42.321710850878581 ], [ -71.945815056129931, 42.318077837095281 ], [ -71.951450709217681, 42.318055841487208 ], [ -71.954294533608035, 42.321666856955837 ], [ -71.95150238894216, 42.325300073868249 ], [ -71.945866092088053, 42.325322072183056 ] ] ], [ [ [ -71.928908073750492, 42.318142165866583 ], [ -71.934543738347273, 42.318120999285263 ], [ -71.937386602952074, 42.321732433303531 ], [ -71.934593486768719, 42.325365239692907 ], [ -71.937436678976638, 42.328976666807613 ], [ -71.943073303581855, 42.328955081722576 ], [ -71.945917139705131, 42.332566296070887 ], [ -71.94312403503568, 42.336199301308874 ], [ -71.937486766441026, 42.336220889054196 ], [ -71.934643246554373, 42.33260946890109 ], [ -71.929006294269627, 42.332630640708892 ], [ -71.926163418373932, 42.329019007809684 ], [ -71.92895717840166, 42.325386408887312 ], [ -71.926114630037333, 42.321774769079134 ], [ -71.928908073750492, 42.318142165866583 ] ] ], [ [ [ -71.9038943524383, 42.372565625559417 ], [ -71.901097075560401, 42.376197578542616 ], [ -71.895456234918854, 42.376217106476361 ], [ -71.892613316014888, 42.372604678999217 ], [ -71.89541092051337, 42.368972929248415 ], [ -71.892568329155552, 42.365360494608353 ], [ -71.895365616461788, 42.361728740127703 ], [ -71.901005167630103, 42.361709217048897 ], [ -71.90384807610576, 42.365321446023515 ], [ -71.901051116344476, 42.368953403742246 ], [ -71.9038943524383, 42.372565625559417 ] ] ], [ [ [ -71.937586975705088, 42.35070929931176 ], [ -71.934742800233835, 42.347097893255977 ], [ -71.937536865349202, 42.343465099927521 ], [ -71.943174778080731, 42.343443509521606 ], [ -71.946019269932094, 42.347054709783464 ], [ -71.943225532720973, 42.350687706244997 ], [ -71.937586975705088, 42.35070929931176 ] ] ], [ [ [ -71.960299315094574, 42.372353763711821 ], [ -71.963146080627908, 42.375964516130658 ], [ -71.960352050772059, 42.379597905146056 ], [ -71.963199144805898, 42.383208650155076 ], [ -71.960404798507909, 42.386842034510764 ], [ -71.95476302962399, 42.386864470800674 ], [ -71.951916252105917, 42.383253519978908 ], [ -71.954710926906728, 42.379620338680141 ], [ -71.951864477817324, 42.376009380443115 ], [ -71.954658836100108, 42.372376194490329 ], [ -71.951812715363488, 42.368765228896123 ], [ -71.946172552814701, 42.368787243456893 ], [ -71.943377866252717, 42.372420226320322 ], [ -71.946223670469536, 42.376031397712467 ], [ -71.943428667313597, 42.37966437592759 ], [ -71.946274799811363, 42.383275539957154 ], [ -71.94347947998962, 42.386908513466125 ], [ -71.937837699337607, 42.386930119841026 ], [ -71.934991883579201, 42.383318750044644 ], [ -71.929350419740004, 42.383339940153341 ], [ -71.926505249005785, 42.379728357242378 ], [ -71.920864102055148, 42.379749131131064 ], [ -71.918019576273124, 42.376137335178427 ], [ -71.920815880501593, 42.372504971063556 ], [ -71.926456382573448, 42.372484199743091 ], [ -71.929252041996577, 42.368851627775371 ], [ -71.934892216082076, 42.368830442896829 ], [ -71.937687230775651, 42.365197663149431 ], [ -71.943327076802987, 42.365176064760206 ], [ -71.946121446842866, 42.361543077306266 ], [ -71.951760964740316, 42.361521065453836 ], [ -71.954606757200011, 42.365132038347156 ], [ -71.96024659147136, 42.365109610323927 ], [ -71.963093028580118, 42.368720370094564 ], [ -71.960299315094574, 42.372353763711821 ] ] ], [ [ [ -71.929498070722417, 42.405072317485278 ], [ -71.926651915349353, 42.401460756868936 ], [ -71.929448842474159, 42.397828204027185 ], [ -71.935091596658154, 42.397807008687344 ], [ -71.93793806906227, 42.40141836357342 ], [ -71.935141470300636, 42.405051119529446 ], [ -71.929498070722417, 42.405072317485278 ] ] ], [ [ [ -72.072911178013214, 42.350114686273379 ], [ -72.070059316056998, 42.346506634336322 ], [ -72.072845589497618, 42.342870554305478 ], [ -72.069994057746456, 42.339262495115172 ], [ -72.072780015997836, 42.335626410850622 ], [ -72.078417175847207, 42.335598182817428 ], [ -72.081269022713769, 42.339206036034987 ], [ -72.078483394664815, 42.342842323258381 ], [ -72.081335571807728, 42.346450169228113 ], [ -72.086973692087753, 42.346421521981306 ], [ -72.089826514693655, 42.35002915465757 ], [ -72.087040901958645, 42.353665640568046 ], [ -72.081402136141747, 42.353694290875943 ], [ -72.078549628646002, 42.350086452212125 ], [ -72.072911178013214, 42.350114686273379 ] ] ], [ [ [ -72.157487384184989, 42.349662145384229 ], [ -72.154630721278934, 42.346056191139262 ], [ -72.157412113875552, 42.342418061905711 ], [ -72.16304983805415, 42.342385684203016 ], [ -72.165906815024641, 42.345991432251722 ], [ -72.163125753801353, 42.349629764199221 ], [ -72.157487384184989, 42.349662145384229 ] ] ], [ [ [ -71.962827950148025, 42.332499463793674 ], [ -71.959983154024073, 42.328888668135313 ], [ -71.962774970793859, 42.325255248120442 ], [ -71.968411255693312, 42.32523242068806 ], [ -71.971256367683466, 42.328843010470081 ], [ -71.968464878957079, 42.332476633560688 ], [ -71.962827950148025, 42.332499463793674 ] ] ], [ [ [ -71.98012345339491, 42.383139270755599 ], [ -71.977275398052626, 42.379528944906234 ], [ -71.980068454393262, 42.375895145232505 ], [ -71.985709237331477, 42.375871468419881 ], [ -71.988557608818169, 42.379481588384898 ], [ -71.985764881271479, 42.383115591046767 ], [ -71.98012345339491, 42.383139270755599 ] ] ], [ [ [ -71.971742374290102, 42.394040443591493 ], [ -71.968894306515637, 42.390429919404056 ], [ -71.971688324163082, 42.386796332018143 ], [ -71.977330080835898, 42.386773065816051 ], [ -71.98017846497423, 42.390383384150248 ], [ -71.977384776125106, 42.394017174539606 ], [ -71.971742374290102, 42.394040443591493 ] ] ], [ [ [ -71.980343575221468, 42.412115650404196 ], [ -71.977548937071376, 42.415749426433379 ], [ -71.971904598862466, 42.415772704036343 ], [ -71.969109315032341, 42.419406272182407 ], [ -71.971958698464533, 42.423016765706379 ], [ -71.969163097909089, 42.426650328897942 ], [ -71.963517784841201, 42.426673195563971 ], [ -71.960721538381492, 42.430306550747126 ], [ -71.955075896280405, 42.430329003577789 ], [ -71.952227146594566, 42.426718098467681 ], [ -71.95502372201328, 42.423084946307291 ], [ -71.952175301212137, 42.419474033433289 ], [ -71.954971559681368, 42.415840876271893 ], [ -71.952123467688878, 42.412229955692112 ], [ -71.954919409280578, 42.408596793587577 ], [ -71.952071646020684, 42.40498586536016 ], [ -71.95486727080683, 42.401352698370331 ], [ -71.960510330171374, 42.401330256567917 ], [ -71.963358410162641, 42.404940978998837 ], [ -71.969001786184393, 42.404918120744576 ], [ -71.971850511635537, 42.408528629716514 ], [ -71.977494204238553, 42.408505354964198 ], [ -71.980343575221468, 42.412115650404196 ] ] ], [ [ [ -72.166135609002296, 42.367723614503412 ], [ -72.163277637459302, 42.364117889254764 ], [ -72.166059326876336, 42.360479565495154 ], [ -72.17169865621068, 42.360446764308271 ], [ -72.174556941883068, 42.364052283351363 ], [ -72.171775584141031, 42.367690809786701 ], [ -72.166135609002296, 42.367723614503412 ] ] ], [ [ [ -72.073173682336986, 42.379091096957815 ], [ -72.070320498795567, 42.375483074614387 ], [ -72.073108033706504, 42.371847012096495 ], [ -72.078748421623132, 42.371818768991389 ], [ -72.081601920636643, 42.375426585389214 ], [ -72.07881471631076, 42.379062850837606 ], [ -72.073173682336986, 42.379091096957815 ] ] ], [ [ [ -72.183368574125396, 42.396600403870565 ], [ -72.180508314601582, 42.392995130166277 ], [ -72.183290282881359, 42.389356413831507 ], [ -72.188932178532141, 42.38932276859591 ], [ -72.191792752244055, 42.392927836070562 ], [ -72.189011116166441, 42.396566755010291 ], [ -72.183368574125396, 42.396600403870565 ] ] ], [ [ [ -72.124729977475596, 42.458510724805393 ], [ -72.121870262111486, 42.454904048959975 ], [ -72.124658333973898, 42.451266807335138 ], [ -72.130305789160531, 42.451236038831169 ], [ -72.133165820106939, 42.454842508653208 ], [ -72.130378080333955, 42.458479953002424 ], [ -72.124729977475596, 42.458510724805393 ] ] ], [ [ [ -71.988837600916312, 42.415702040942804 ], [ -71.985987584329735, 42.412091959107649 ], [ -71.988781576875994, 42.408457975268611 ], [ -71.994425256811908, 42.408433870326007 ], [ -71.99727558975377, 42.412043746278236 ], [ -71.994481926453773, 42.415677933055854 ], [ -71.988837600916312, 42.415702040942804 ] ] ], [ [ [ -71.904172232682285, 42.416030447746124 ], [ -71.901327029289675, 42.412418270093227 ], [ -71.904125892831914, 42.408786341655137 ], [ -71.90976963166905, 42.408766387692488 ], [ -71.912615152536375, 42.412378359692234 ], [ -71.909816617141189, 42.416010491307674 ], [ -71.904172232682285, 42.416030447746124 ] ] ], [ [ [ -71.887283471432724, 42.423332757151627 ], [ -71.88443890343342, 42.419720168269706 ], [ -71.887239058299954, 42.416088656466563 ], [ -71.892883453212363, 42.416069530325849 ], [ -71.895728338982323, 42.419681913606119 ], [ -71.892928512118544, 42.423313628628598 ], [ -71.887283471432724, 42.423332757151627 ] ] ], [ [ [ -71.935490905419741, 42.455759539656917 ], [ -71.929842983937149, 42.455780755931812 ], [ -71.926994528416088, 42.452169249369931 ], [ -71.92134692454286, 42.452190048954947 ], [ -71.918499115454082, 42.448578328824667 ], [ -71.921298592577443, 42.4449460147815 ], [ -71.926945550092057, 42.444925217767263 ], [ -71.929744380930458, 42.441292695349688 ], [ -71.935391009699686, 42.441271484310114 ], [ -71.938239453863687, 42.44488279307074 ], [ -71.935440951844313, 42.448515518568477 ], [ -71.938289724901068, 42.452126819438071 ], [ -71.935490905419741, 42.455759539656917 ] ] ], [ [ [ -71.963677268954442, 42.448405296719592 ], [ -71.960880071442702, 42.452038636535541 ], [ -71.955232490734275, 42.452061097640254 ], [ -71.952382753937627, 42.448450216170585 ], [ -71.946735490466239, 42.448472260540669 ], [ -71.943886400021995, 42.444861165389021 ], [ -71.946684255760417, 42.44122823161112 ], [ -71.95233087295324, 42.441206189952318 ], [ -71.955180280636796, 42.444817079360284 ], [ -71.960827214994595, 42.444794621013862 ], [ -71.963677268954442, 42.448405296719592 ] ] ], [ [ [ -71.895909949220012, 42.448658199154302 ], [ -71.893063750690629, 42.445045846500584 ], [ -71.895864531079866, 42.44141414722948 ], [ -71.901511181669562, 42.4413945974364 ], [ -71.904357698110672, 42.445006744484495 ], [ -71.90155724609977, 42.448638646931194 ], [ -71.895909949220012, 42.448658199154302 ] ] ], [ [ [ -71.878968037986951, 42.448715194382622 ], [ -71.876122803884428, 42.445102422840229 ], [ -71.87892455872408, 42.441471135355194 ], [ -71.884571219557785, 42.441452416189158 ], [ -71.887416771796012, 42.445064982171999 ], [ -71.884615345114256, 42.448696472880286 ], [ -71.878968037986951, 42.448715194382622 ] ] ], [ [ [ -71.904636214735433, 42.488470793955955 ], [ -71.901787726443473, 42.484858694558838 ], [ -71.904589768730375, 42.481226819550564 ], [ -71.910239970452082, 42.481206840818842 ], [ -71.913088776941592, 42.484818734617221 ], [ -71.910287063561327, 42.488450812745953 ], [ -71.904636214735433, 42.488470793955955 ] ] ] ] } },
{ "type": "Feature", "properties": { "class": "D", "fid": 3 }, "geometry": { "type": "MultiPolygon", "coordinates": [ [ [ [ -71.514607296978696, 42.011049033107938 ], [ -71.520215843723435, 42.011048156376049 ], [ -71.523021431837492, 42.014669958155771 ], [ -71.520218154101258, 42.018292841100788 ], [ -71.514608968596278, 42.018293717239715 ], [ -71.511803699636275, 42.014671711026644 ], [ -71.514607296978696, 42.011049033107938 ] ] ], [ [ [ -71.556674622104453, 42.014658098440741 ], [ -71.553873261755328, 42.018281807976322 ], [ -71.548264078028822, 42.018284334484356 ], [ -71.545462078847123, 42.0219078357485 ], [ -71.548269583458762, 42.025529015432632 ], [ -71.553879406090417, 42.025526489331149 ], [ -71.556687549679793, 42.029147461504792 ], [ -71.553885551823683, 42.032771164295895 ], [ -71.548275090141289, 42.032773689990691 ], [ -71.54546726541426, 42.029152513301121 ], [ -71.539857122666803, 42.029154626536851 ], [ -71.537049936990499, 42.025533242357412 ], [ -71.531440113250937, 42.025534943180801 ], [ -71.528633566552728, 42.021913351584161 ], [ -71.531436524537256, 42.01829026363874 ], [ -71.528630297663298, 42.014668669151582 ], [ -71.531432936639177, 42.011045577821363 ], [ -71.537041482713192, 42.011043875998439 ], [ -71.539848028522826, 42.01466526600538 ], [ -71.545456893459559, 42.014663151863274 ], [ -71.548258573851072, 42.011039647261178 ], [ -71.553867118817948, 42.011037120346728 ], [ -71.556674622104453, 42.014658098440741 ] ] ], [ [ [ -71.691287101887681, 42.014511642914108 ], [ -71.696895939180791, 42.014502102521192 ], [ -71.699711733131053, 42.018119572047432 ], [ -71.696918372943244, 42.021746786888002 ], [ -71.691308896826968, 42.021756327667269 ], [ -71.688493419770182, 42.018138653219644 ], [ -71.691287101887681, 42.014511642914108 ] ] ], [ [ [ -71.674460580276445, 42.014538613815617 ], [ -71.680069422386993, 42.014529898561356 ], [ -71.682884260619971, 42.018147781213145 ], [ -71.680089939678325, 42.021774583993974 ], [ -71.674480458742991, 42.021783299541305 ], [ -71.671665937622578, 42.018165212014736 ], [ -71.674460580276445, 42.014538613815617 ] ] ], [ [ [ -71.598746710710117, 42.018251693687674 ], [ -71.604355888494709, 42.018246691623098 ], [ -71.607166583665801, 42.021866430067156 ], [ -71.604367782967032, 42.025491375237706 ], [ -71.598757966279322, 42.025496377175557 ], [ -71.59594758924203, 42.021876434069625 ], [ -71.598746710710117, 42.018251693687674 ] ] ], [ [ [ -71.75016555252013, 42.010775409438999 ], [ -71.755774039169637, 42.010762997750064 ], [ -71.75859300969104, 42.014379029926658 ], [ -71.755803177405312, 42.018007679043578 ], [ -71.750194051778109, 42.018020091777622 ], [ -71.747375392372803, 42.014403861914943 ], [ -71.75016555252013, 42.010775409438999 ] ] ], [ [ [ -71.724940099134301, 42.014450274865432 ], [ -71.730548925483106, 42.014439084196461 ], [ -71.73336663020504, 42.018055727052563 ], [ -71.730575192171642, 42.021683765592165 ], [ -71.724965727003422, 42.021694956834075 ], [ -71.722148338736545, 42.018078108963444 ], [ -71.724940099134301, 42.014450274865432 ] ] ], [ [ [ -71.758622470770945, 42.021623707562739 ], [ -71.764231912603009, 42.021610881693071 ], [ -71.767051845090606, 42.025226701230721 ], [ -71.764262019590845, 42.028855551904378 ], [ -71.75865193856383, 42.028868378865845 ], [ -71.755832322280071, 42.025252354061813 ], [ -71.758622470770945, 42.021623707562739 ] ] ], [ [ [ -71.733446415753448, 42.039789741616971 ], [ -71.730627743499142, 42.036173109279325 ], [ -71.72501700025542, 42.036184301666893 ], [ -71.722198967184312, 42.032567460762003 ], [ -71.724991360709794, 42.028939632472969 ], [ -71.730601464842962, 42.028928440658198 ], [ -71.733419814512672, 42.03254507655965 ], [ -71.739030235171469, 42.032533471773199 ], [ -71.74184922395051, 42.036149899086929 ], [ -71.739057475594592, 42.039778136211048 ], [ -71.733446415753448, 42.039789741616971 ] ] ], [ [ [ -71.523026692547958, 42.029159315594953 ], [ -71.528636836185115, 42.029158027683714 ], [ -71.531443702780479, 42.032779616332249 ], [ -71.528640106560701, 42.036402697334943 ], [ -71.523029323799491, 42.036403984699497 ], [ -71.520222776430657, 42.032782191608106 ], [ -71.523026692547958, 42.029159315594953 ] ] ], [ [ [ -71.615600588861938, 42.032725223468738 ], [ -71.62121104174264, 42.032719396285202 ], [ -71.624023335924022, 42.036338715802387 ], [ -71.621224859213726, 42.039964067200657 ], [ -71.615613767139664, 42.039969894350563 ], [ -71.612801791017816, 42.036350370135835 ], [ -71.615600588861938, 42.032725223468738 ] ] ], [ [ [ -71.834483103863647, 42.046783609219375 ], [ -71.84009474851149, 42.046767064555453 ], [ -71.842920112015747, 42.050381004171747 ], [ -71.840133515456145, 42.054011693907292 ], [ -71.834521231115303, 42.054028240083085 ], [ -71.831696183075664, 42.050414095011391 ], [ -71.826084214272129, 42.050430227634543 ], [ -71.823259805926696, 42.046815873000462 ], [ -71.817648152734819, 42.046831592117286 ], [ -71.814860268241048, 42.050461667286712 ], [ -71.809248291110748, 42.050476974315373 ], [ -71.80642483814718, 42.046862204802714 ], [ -71.809213046506258, 42.043232333650231 ], [ -71.806389917334968, 42.039617560109164 ], [ -71.809177809933402, 42.03598768630561 ], [ -71.814788507960643, 42.035972382020603 ], [ -71.81757576115308, 42.032342301595605 ], [ -71.814752640083668, 42.028727729483606 ], [ -71.817539577732589, 42.025097646517295 ], [ -71.823149312711209, 42.025081931655698 ], [ -71.825935611174032, 42.021451642192879 ], [ -71.831545022365589, 42.021435515429928 ], [ -71.834330681716509, 42.017805019543445 ], [ -71.839939769049664, 42.017788480926171 ], [ -71.842763836093567, 42.021402436683893 ], [ -71.839978500673652, 42.025033136536088 ], [ -71.834368774230299, 42.025049676664921 ], [ -71.831582799627142, 42.028680170114221 ], [ -71.825972749251093, 42.028696298342098 ], [ -71.823186135390429, 42.032326585315666 ], [ -71.826009895791202, 42.035940948042345 ], [ -71.823222966461316, 42.039571232469036 ], [ -71.826047050797257, 42.043185591178279 ], [ -71.831658379979245, 42.043169460020295 ], [ -71.834483103863647, 42.046783609219375 ] ] ], [ [ [ -71.800710356502904, 42.025143140565127 ], [ -71.806320099579892, 42.025128250972195 ], [ -71.809142581389366, 42.028743032396903 ], [ -71.806355004480096, 42.032372908793874 ], [ -71.800744622141622, 42.03238779971187 ], [ -71.797922456022448, 42.028772812907803 ], [ -71.800710356502904, 42.025143140565127 ] ] ], [ [ [ -71.865409584163856, 42.057556138875377 ], [ -71.85979699356497, 42.057573924334783 ], [ -71.856970350606943, 42.053960404101879 ], [ -71.859755983029331, 42.050329303931555 ], [ -71.856929664589487, 42.046715779472208 ], [ -71.85971498184017, 42.043084676732839 ], [ -71.856888987844044, 42.039471148104788 ], [ -71.851277991721702, 42.039488516709184 ], [ -71.848452637196587, 42.035874778457639 ], [ -71.851237963643484, 42.032243877114304 ], [ -71.856848320367419, 42.032226510114917 ], [ -71.859673989994292, 42.035840042853934 ], [ -71.865284661746884, 42.035822262349875 ], [ -71.868110970770346, 42.039435585445062 ], [ -71.873721957477159, 42.039417391390096 ], [ -71.876505995716755, 42.035785875938288 ], [ -71.873679371811676, 42.032172758401778 ], [ -71.868069024500073, 42.032190950758455 ], [ -71.86524303991709, 42.028577623557766 ], [ -71.868027087786786, 42.024946309564555 ], [ -71.865201427569858, 42.02133297831606 ], [ -71.8679851606272, 42.017701661978705 ], [ -71.87359422958535, 42.017683473018309 ], [ -71.87642020454156, 42.021296598697219 ], [ -71.882029588165921, 42.021277996279743 ], [ -71.884856202224086, 42.02489091232637 ], [ -71.882073118041646, 42.028522636380366 ], [ -71.884900056682653, 42.032135548332427 ], [ -71.890510394144897, 42.032116530620179 ], [ -71.893293153671436, 42.028484602747426 ], [ -71.890465900440176, 42.024871896405607 ], [ -71.893248345448981, 42.021239966229629 ], [ -71.898857719010635, 42.021220538597419 ], [ -71.901685286686529, 42.024833039303203 ], [ -71.907294974619703, 42.024813198121983 ], [ -71.910123181465153, 42.02842548903002 ], [ -71.907341386055947, 42.032057826775556 ], [ -71.910169917846545, 42.035670113489935 ], [ -71.915780559390313, 42.035649856782072 ], [ -71.918562029781256, 42.03201731529137 ], [ -71.924172346233632, 42.031996646873594 ], [ -71.927001831631145, 42.035608517968448 ], [ -71.924220686404155, 42.039241263177942 ], [ -71.918609730567127, 42.039261933573876 ], [ -71.915827945882342, 42.042894472744635 ], [ -71.918657442224671, 42.046506545232752 ], [ -71.92426903759204, 42.046485872858533 ], [ -71.927050497038167, 42.04285312997456 ], [ -71.932661767093705, 42.042832045844399 ], [ -71.93549221725587, 42.046443702573278 ], [ -71.932711083194192, 42.050076649144025 ], [ -71.935541858813352, 42.053688301464675 ], [ -71.932760410536375, 42.057321245646719 ], [ -71.927147861132369, 42.05734233382703 ], [ -71.924365773035035, 42.060975071887157 ], [ -71.918752898169586, 42.060995748218318 ], [ -71.915970170177118, 42.064628280083589 ], [ -71.910356969921338, 42.064648544518469 ], [ -71.907527137603353, 42.061036275156077 ], [ -71.901914251999784, 42.061056125762228 ], [ -71.899130558791356, 42.064688247616019 ], [ -71.893517348014484, 42.064707686278261 ], [ -71.89068847039492, 42.061095001248006 ], [ -71.885075574490855, 42.0611140261272 ], [ -71.882247336773077, 42.057501131130756 ], [ -71.88503168003588, 42.053869416843611 ], [ -71.890643936110806, 42.053850393756306 ], [ -71.893472488703452, 42.057463083164322 ], [ -71.899085059580045, 42.057443646340694 ], [ -71.90186843806093, 42.05381152194763 ], [ -71.907480683838884, 42.053791673226698 ], [ -71.9102634225668, 42.050159342597105 ], [ -71.907434240661914, 42.046547064443253 ], [ -71.910216664879215, 42.042914731384073 ], [ -71.907387808068805, 42.039302448921084 ], [ -71.901776841504656, 42.039322293871948 ], [ -71.898994092265454, 42.042954423170684 ], [ -71.901822634563743, 42.046566911279072 ], [ -71.899039570739248, 42.050199038153799 ], [ -71.89342763961713, 42.050218473138919 ], [ -71.890599411976751, 42.046605779410854 ], [ -71.893382800752022, 42.042973856317417 ], [ -71.890554897989276, 42.03936115832704 ], [ -71.884943921135189, 42.039380177830886 ], [ -71.882160207554904, 42.043011897116685 ], [ -71.876548905968406, 42.043030504768808 ], [ -71.873764552848598, 42.046662017755658 ], [ -71.868152926600871, 42.046680213509021 ], [ -71.865367933867034, 42.050311520124026 ], [ -71.868194891994932, 42.053924834835001 ], [ -71.873807157929335, 42.053906637383164 ], [ -71.876634755816553, 42.057519742273172 ], [ -71.87384977272265, 42.061151250157245 ], [ -71.87667769541973, 42.064764350716302 ], [ -71.882290916280027, 42.064745737828602 ], [ -71.885119478953499, 42.068358628441807 ], [ -71.882334505723364, 42.071990337499777 ], [ -71.88516339342722, 42.07560322367199 ], [ -71.88237810510654, 42.079234930028932 ], [ -71.876763604001042, 42.079253546407507 ], [ -71.873977675411524, 42.082885046205107 ], [ -71.876806572985871, 42.086498133424811 ], [ -71.874020329088538, 42.090129630411631 ], [ -71.876849551771272, 42.093742713069375 ], [ -71.874062992494743, 42.097374207187734 ], [ -71.876892540360629, 42.100987285225756 ], [ -71.882508962928981, 42.100968663610082 ], [ -71.885295196949073, 42.09733696570224 ], [ -71.882465333705937, 42.093724093199498 ], [ -71.885251252421568, 42.090092392417638 ], [ -71.890866709101232, 42.090073360369779 ], [ -71.893651987330713, 42.08644145299732 ], [ -71.899267118684037, 42.086422008818587 ], [ -71.902097612243352, 42.090034470173343 ], [ -71.907713058608437, 42.090014612025186 ], [ -71.910544192649837, 42.093626863111631 ], [ -71.907759565364628, 42.097259177953383 ], [ -71.90214347844416, 42.097279037987306 ], [ -71.899312659412985, 42.093666581293654 ], [ -71.893696887575501, 42.093686027311435 ], [ -71.89091129418766, 42.097317931861973 ], [ -71.893741798062507, 42.100930594137054 ], [ -71.890955889444996, 42.104562495807997 ], [ -71.893786718795226, 42.108175153358758 ], [ -71.899403772039307, 42.10815570366254 ], [ -71.902189355108078, 42.1045235982549 ], [ -71.907806082730076, 42.104503736335076 ], [ -71.910637868082233, 42.108115977936947 ], [ -71.90785261070836, 42.11174828705483 ], [ -71.902235242238689, 42.111768150860698 ], [ -71.899449343943772, 42.115400253325497 ], [ -71.893831649777127, 42.115419704861097 ], [ -71.891000494876693, 42.111807052092445 ], [ -71.885383116081854, 42.111826089517905 ], [ -71.882596251238752, 42.115457781504674 ], [ -71.885427090693995, 42.119070639818041 ], [ -71.882639910332301, 42.122702328757782 ], [ -71.877021564985824, 42.122720955611456 ], [ -71.874233743478484, 42.12635243767928 ], [ -71.877064592824496, 42.129965496660674 ], [ -71.874276455580812, 42.13359697557167 ], [ -71.877107630483863, 42.137210029644429 ], [ -71.874319177432355, 42.140841505340866 ], [ -71.868699223870038, 42.140859723182132 ], [ -71.865868364847742, 42.13724646362725 ], [ -71.868657143458222, 42.13361519171329 ], [ -71.86582660992147, 42.130001927244301 ], [ -71.868615072649291, 42.126370652121352 ], [ -71.865784864523249, 42.122757382796038 ], [ -71.86016650950468, 42.122775183126549 ], [ -71.857336942527112, 42.119161703530025 ], [ -71.860125414706815, 42.115530629075785 ], [ -71.857296172918907, 42.11191714473307 ], [ -71.851678774789789, 42.111934529392322 ], [ -71.8488899774933, 42.115565400000207 ], [ -71.851718903393945, 42.11917908979526 ], [ -71.848929790136836, 42.122809957263001 ], [ -71.843311425885091, 42.122826931068602 ], [ -71.840482816017953, 42.119213035847068 ], [ -71.843272254320283, 42.115582372246486 ], [ -71.840443969424982, 42.111968472325557 ], [ -71.834826562286779, 42.111985030599193 ], [ -71.832036799085515, 42.115615490306268 ], [ -71.826419067121279, 42.115631636119446 ], [ -71.823591739342547, 42.112017320759591 ], [ -71.826381827296501, 42.108387064972369 ], [ -71.831998918325283, 42.10837092062507 ], [ -71.834788365416642, 42.104740457788957 ], [ -71.840405131693942, 42.104723901027839 ], [ -71.843233091692028, 42.108337805590381 ], [ -71.848850173932547, 42.10832083490336 ], [ -71.851638655339997, 42.104689961213019 ], [ -71.848810379451521, 42.101076262087922 ], [ -71.851598545041398, 42.097445385372822 ], [ -71.848770594047068, 42.093831681669343 ], [ -71.851558443890937, 42.090200801987145 ], [ -71.857173919885042, 42.090183422145302 ], [ -71.860002186552123, 42.093796920380001 ], [ -71.86561797814565, 42.093779126659832 ], [ -71.868404862532515, 42.090147836357339 ], [ -71.865576280338772, 42.086534543617226 ], [ -71.868362849271762, 42.082903250451857 ], [ -71.865534592040433, 42.079289953202085 ], [ -71.859920081282652, 42.079307743617655 ], [ -71.857092464322918, 42.075694236410428 ], [ -71.851478269021754, 42.075711613041129 ], [ -71.848691050455542, 42.0793424984845 ], [ -71.851518351885431, 42.082956211171449 ], [ -71.848730817716117, 42.086587093763072 ], [ -71.843115657396098, 42.086604059772874 ], [ -71.840288671642071, 42.082990141632081 ], [ -71.843076530483543, 42.079359462935422 ], [ -71.840249869328446, 42.075745540384041 ], [ -71.843037412492279, 42.072114858841182 ], [ -71.840211075861603, 42.068500931936981 ], [ -71.842998303419265, 42.064870247605569 ], [ -71.84861154313316, 42.064853286272225 ], [ -71.851438195296808, 42.068467007711611 ], [ -71.857051750470475, 42.068449632686352 ], [ -71.859879042688434, 42.072063144293217 ], [ -71.865492913247323, 42.072045355529788 ], [ -71.868278851486679, 42.068414056811619 ], [ -71.86545124395623, 42.064800750715762 ], [ -71.868236866955783, 42.061169449307656 ], [ -71.865409584163856, 42.057556138875377 ] ], [ [ -71.874105665633508, 42.104618776417993 ], [ -71.868488917806786, 42.104636985761957 ], [ -71.865701402297915, 42.108268270165681 ], [ -71.868530959826856, 42.111881549030215 ], [ -71.865743128649811, 42.115512830398025 ], [ -71.868573011439921, 42.119126104521818 ], [ -71.87419104112206, 42.119107891779237 ], [ -71.876978546964537, 42.115476406612274 ], [ -71.874148348508186, 42.111863337986996 ], [ -71.876935538757266, 42.108231849778548 ], [ -71.874105665633508, 42.104618776417993 ] ] ], [ [ [ -71.817684360901708, 42.054076227329972 ], [ -71.823296653789498, 42.054060506794592 ], [ -71.826121386218716, 42.057674857295829 ], [ -71.823333510052521, 42.061305133736099 ], [ -71.81772057732303, 42.061320855690091 ], [ -71.814896160650051, 42.05770629978516 ], [ -71.817684360901708, 42.054076227329972 ] ] ], [ [ [ -71.705414497863501, 42.047088302396034 ], [ -71.708208486649042, 42.043460892159786 ], [ -71.70539108721205, 42.039843641326186 ], [ -71.708184759034708, 42.036216227994501 ], [ -71.713795507974652, 42.036205861024555 ], [ -71.71661322430154, 42.039822906906821 ], [ -71.713819874847132, 42.043450524710366 ], [ -71.71663791361496, 42.047067567017763 ], [ -71.713844247271467, 42.050695181720407 ], [ -71.708232219669526, 42.05070554964923 ], [ -71.705414497863501, 42.047088302396034 ] ] ], [ [ [ -71.725042645642276, 42.043428964300467 ], [ -71.730654028142197, 42.043417771340096 ], [ -71.733473023054984, 42.047034400056319 ], [ -71.730680318774176, 42.05066242672526 ], [ -71.725068296872365, 42.050673620258344 ], [ -71.722249618701824, 42.04705678654976 ], [ -71.725042645642276, 42.043428964300467 ] ] ], [ [ [ -71.54547764208904, 42.043641848947246 ], [ -71.539866220948412, 42.04364396127604 ], [ -71.53706262561812, 42.047267243678924 ], [ -71.539870771641716, 42.050888618685171 ], [ -71.537066857085094, 42.054511897466888 ], [ -71.531454476267115, 42.054513596289567 ], [ -71.528646649542509, 42.050892016830957 ], [ -71.53145088428829, 42.047268943001981 ], [ -71.528643377679757, 42.043647360422455 ], [ -71.531447293126178, 42.040024282977754 ], [ -71.53705839511359, 42.040022583154446 ], [ -71.539861671290225, 42.036399297188154 ], [ -71.545472453161452, 42.036397184405814 ], [ -71.548280598076872, 42.040018358043255 ], [ -71.54547764208904, 42.043641848947246 ] ] ], [ [ [ -71.666113553951106, 42.039907544412237 ], [ -71.671724634833069, 42.039899240865203 ], [ -71.674540121312646, 42.043517318275704 ], [ -71.671744209484544, 42.04714390406528 ], [ -71.666132489267383, 42.047152207858502 ], [ -71.663317320262109, 42.043533925615954 ], [ -71.666113553951106, 42.039907544412237 ] ] ], [ [ [ -71.640871701584487, 42.043563838247493 ], [ -71.646483108204549, 42.043556772845776 ], [ -71.649297320180509, 42.047175468120408 ], [ -71.646499807745741, 42.050801433556032 ], [ -71.640887761715533, 42.050808499063926 ], [ -71.638073867578825, 42.047189599030027 ], [ -71.640871701584487, 42.043563838247493 ] ] ], [ [ [ -71.691417946016813, 42.057979654176094 ], [ -71.688600858571604, 42.054361997109488 ], [ -71.682988503481369, 42.05437112680076 ], [ -71.680172055588216, 42.050753261269527 ], [ -71.682967645409732, 42.047126470920155 ], [ -71.688579361020587, 42.047117341568281 ], [ -71.691396126240747, 42.050735002226375 ], [ -71.697008159105593, 42.050725459902289 ], [ -71.699825563804083, 42.054342912075221 ], [ -71.697030618433047, 42.057970111465963 ], [ -71.691417946016813, 42.057979654176094 ] ] ], [ [ [ -71.624051616499756, 42.050828044376118 ], [ -71.629663666043967, 42.050821804473976 ], [ -71.632477242195662, 42.054440909241023 ], [ -71.629678450720988, 42.058066458617226 ], [ -71.62406576161969, 42.058072698532143 ], [ -71.621252503598754, 42.054453389058096 ], [ -71.624051616499756, 42.050828044376118 ] ] ], [ [ [ -71.750336645514608, 42.054243407035848 ], [ -71.755948968215009, 42.054230989075677 ], [ -71.758740382243374, 42.050602353624292 ], [ -71.764352381729324, 42.050589523387131 ], [ -71.76717360691616, 42.054205327509415 ], [ -71.764382516174976, 42.057834167113192 ], [ -71.758769876911188, 42.057846998442336 ], [ -71.75597814631908, 42.061475630987651 ], [ -71.750365183766789, 42.06148804999318 ], [ -71.747544587563823, 42.057871841608012 ], [ -71.741931932253806, 42.057883861410765 ], [ -71.739139234110937, 42.061512089355823 ], [ -71.741959514254617, 42.065128501860009 ], [ -71.739166499372473, 42.068756726629964 ], [ -71.733552881344764, 42.068768334513237 ], [ -71.730732918013146, 42.065151717007268 ], [ -71.73352625584856, 42.06152369661983 ], [ -71.730706615397153, 42.057907075319434 ], [ -71.733499636419324, 42.054279051762379 ], [ -71.739111975062201, 42.054267445117723 ], [ -71.741904356537631, 42.050639214055266 ], [ -71.747516372302101, 42.050627194918519 ], [ -71.750336645514608, 42.054243407035848 ] ] ], [ [ [ -71.66615142889782, 42.054396864570755 ], [ -71.671763788595882, 42.054388560531436 ], [ -71.674579919016281, 42.058006630909716 ], [ -71.671783372168633, 42.061633210148308 ], [ -71.666170372843837, 42.061641514433646 ], [ -71.663354560042009, 42.058023239234394 ], [ -71.66615142889782, 42.054396864570755 ] ] ], [ [ [ -71.632492348371741, 42.061685559926858 ], [ -71.638105355603045, 42.06167890713273 ], [ -71.640919892955893, 42.065297800205272 ], [ -71.638121104996486, 42.068923550794018 ], [ -71.632507457989945, 42.068930203647461 ], [ -71.629693238766706, 42.065311105852871 ], [ -71.632492348371741, 42.061685559926858 ] ] ], [ [ [ -71.683030233885148, 42.068860417899174 ], [ -71.680233691647203, 42.072487198319038 ], [ -71.674619734860116, 42.072495915915972 ], [ -71.67182255270437, 42.076122488372633 ], [ -71.666208273688653, 42.076130793149808 ], [ -71.663391816795723, 42.072512525224504 ], [ -71.657777855615677, 42.07252041693603 ], [ -71.654962038641685, 42.068901940555627 ], [ -71.657759864962543, 42.065275777252971 ], [ -71.663373186296411, 42.065267885740703 ], [ -71.666189321106955, 42.068886157331789 ], [ -71.671802960204275, 42.06887785280049 ], [ -71.674599824669883, 42.065251276924009 ], [ -71.680213141612285, 42.065242559619655 ], [ -71.683030233885148, 42.068860417899174 ] ] ], [ [ [ -71.716687309120672, 42.061556866924043 ], [ -71.722300293304826, 42.061546085403997 ], [ -71.725119616870245, 42.065162911685675 ], [ -71.722325639268334, 42.068790724442621 ], [ -71.71671201531683, 42.068801506488612 ], [ -71.713893008783216, 42.065184475251719 ], [ -71.716687309120672, 42.061556866924043 ] ] ], [ [ [ -71.705508193829601, 42.076066878186388 ], [ -71.699893924476825, 42.076076834827113 ], [ -71.697098027131901, 42.079704024255435 ], [ -71.691483435186512, 42.079713568123331 ], [ -71.688665380623618, 42.076095922177089 ], [ -71.691461600487997, 42.072468937239975 ], [ -71.697075552444446, 42.07245939375791 ], [ -71.699871132392687, 42.068832200951064 ], [ -71.705484761830391, 42.06882224474289 ], [ -71.70830345118631, 42.07243948090899 ], [ -71.713917397874454, 42.072429111542235 ], [ -71.716736727144408, 42.076046138973638 ], [ -71.713941792525148, 42.07967374069549 ], [ -71.708327205849869, 42.07968411054145 ], [ -71.705508193829601, 42.076066878186388 ] ] ], [ [ [ -71.615666510276725, 42.068948510529658 ], [ -71.621280160581449, 42.068942683515274 ], [ -71.624094061529263, 42.072561986005759 ], [ -71.621293993799625, 42.076187320180324 ], [ -71.615679703572667, 42.076193147160566 ], [ -71.612866121046196, 42.072573640000392 ], [ -71.615666510276725, 42.068948510529658 ] ] ], [ [ [ -71.514622355191946, 42.076250954679253 ], [ -71.520236656022007, 42.076250083289352 ], [ -71.523045123869807, 42.079871857448921 ], [ -71.520238971127071, 42.083494707381504 ], [ -71.514624030225221, 42.083495578177107 ], [ -71.511815882186553, 42.07987359963446 ], [ -71.514622355191946, 42.076250954679253 ] ] ], [ [ [ -71.640952038842286, 42.079787073255396 ], [ -71.646566643971056, 42.079780007323642 ], [ -71.649382464900455, 42.083398684790353 ], [ -71.646583362549038, 42.087024632920283 ], [ -71.640968117280877, 42.087031698957773 ], [ -71.638152614552183, 42.083412816759626 ], [ -71.640952038842286, 42.079787073255396 ] ] ], [ [ [ -71.725145285642043, 42.072407546924353 ], [ -71.73075922662423, 42.072396351673376 ], [ -71.733579512910012, 42.076012965327244 ], [ -71.730785541232436, 42.079640979202345 ], [ -71.725170960265075, 42.079652175025871 ], [ -71.722350991009122, 42.076035356401754 ], [ -71.725145285642043, 42.072407546924353 ] ] ], [ [ [ -71.756065720556521, 42.083209514458126 ], [ -71.750450837573069, 42.083221936599955 ], [ -71.747629271940312, 42.079605739777648 ], [ -71.750422279793796, 42.075977314890601 ], [ -71.756036522487562, 42.075964893794243 ], [ -71.758858401270601, 42.079580890977034 ], [ -71.764472960743205, 42.079568056371656 ], [ -71.767295479814621, 42.083183844155258 ], [ -71.764503122684232, 42.086812671766609 ], [ -71.758887922850093, 42.086825507464155 ], [ -71.756065720556521, 42.083209514458126 ] ] ], [ [ [ -71.943783139902507, 42.028299833852039 ], [ -71.949393119815426, 42.028277928469414 ], [ -71.952172347117539, 42.024644565581063 ], [ -71.957782001580668, 42.0246222486305 ], [ -71.960613067924385, 42.028233292403797 ], [ -71.957834166144579, 42.031866858921966 ], [ -71.952223872450233, 42.031889178037147 ], [ -71.949444331366067, 42.035522538756084 ], [ -71.943833712147097, 42.035544446256722 ], [ -71.941003273366874, 42.031932990920318 ], [ -71.935392968075007, 42.031954484687844 ], [ -71.932563168602471, 42.028342819315661 ], [ -71.935343360443895, 42.0247098659245 ], [ -71.940953026500608, 42.024688374228298 ], [ -71.943783139902507, 42.028299833852039 ] ] ], [ [ [ -71.943884295917087, 42.042789052094932 ], [ -71.94949555458777, 42.042767142476094 ], [ -71.952326958345367, 42.046378383306831 ], [ -71.949546789484529, 42.050011739514119 ], [ -71.943934891216387, 42.050033651251255 ], [ -71.941103801455128, 42.046422204662704 ], [ -71.943884295917087, 42.042789052094932 ] ] ], [ [ [ -71.96082310035014, 42.057211676370081 ], [ -71.958042943316485, 42.060845233842635 ], [ -71.960875638383101, 42.064456255367617 ], [ -71.958095167358863, 42.068089810434699 ], [ -71.952481675322602, 42.068112140375014 ], [ -71.949649294319201, 42.064500913082824 ], [ -71.952430091240231, 42.06086756161762 ], [ -71.949598036060337, 42.057256329754807 ], [ -71.952378518915822, 42.053622975889766 ], [ -71.957990731177944, 42.05360065027994 ], [ -71.96082310035014, 42.057211676370081 ] ] ], [ [ [ -71.952533271166985, 42.075356712046549 ], [ -71.949751845902043, 42.078990058539162 ], [ -71.944137387785787, 42.079011978750856 ], [ -71.941355322266659, 42.082645119059158 ], [ -71.944188040790891, 42.086256542767416 ], [ -71.941405660847352, 42.089889680450902 ], [ -71.935790236426172, 42.08991119079375 ], [ -71.933007216007454, 42.09354412216792 ], [ -71.927391465679321, 42.093565220475746 ], [ -71.924559376295377, 42.089953385383566 ], [ -71.918943940683121, 42.089974069630081 ], [ -71.916112491777582, 42.08636202417663 ], [ -71.918896163717477, 42.082729500135549 ], [ -71.92451095892406, 42.082708817868038 ], [ -71.927293990531027, 42.079076087475919 ], [ -71.932908460051593, 42.079054993219465 ], [ -71.935690851400494, 42.075422056549236 ], [ -71.941304995163989, 42.075400550350992 ], [ -71.944086746329731, 42.071767407475569 ], [ -71.9497005642651, 42.071745489382714 ], [ -71.952533271166985, 42.075356712046549 ] ] ], [ [ [ -71.935641175881798, 42.068177478568032 ], [ -71.932859098961231, 42.071810417799853 ], [ -71.927245269625416, 42.071831510030776 ], [ -71.924462552592757, 42.075464243036514 ], [ -71.918848397645817, 42.075484923325128 ], [ -71.916017599893934, 42.0718728686291 ], [ -71.918800642464447, 42.068240339314251 ], [ -71.924414157297647, 42.068219661004441 ], [ -71.927196559827138, 42.064586925442683 ], [ -71.932809749124118, 42.064565835237147 ], [ -71.935641175881798, 42.068177478568032 ] ] ], [ [ [ -71.91908733698132, 42.111707733064243 ], [ -71.916254910783607, 42.10809570190797 ], [ -71.919039527311313, 42.10446318620987 ], [ -71.924656244173121, 42.104442498004936 ], [ -71.927440219929636, 42.10080977579959 ], [ -71.933056610880655, 42.100788675465871 ], [ -71.935839945940927, 42.097155746826203 ], [ -71.941456010910002, 42.097134234410866 ], [ -71.944238705349008, 42.093501099409821 ], [ -71.949854444265029, 42.093479174960045 ], [ -71.952636498157787, 42.089845833670552 ], [ -71.95825191094967, 42.089823497233496 ], [ -71.961033324371229, 42.086189949728478 ], [ -71.966648410967963, 42.086167201351387 ], [ -71.969482724563278, 42.089777998266939 ], [ -71.97509812528763, 42.089754835737914 ], [ -71.97793307934937, 42.09336542201347 ], [ -71.975152318609574, 42.096999376609368 ], [ -71.969536277345441, 42.097022541397607 ], [ -71.96675487599245, 42.10065628981976 ], [ -71.961138508311976, 42.100679042621913 ], [ -71.958304182648078, 42.097068044789253 ], [ -71.952688129312278, 42.09709038339215 ], [ -71.949905760999059, 42.10072372199361 ], [ -71.944289381464074, 42.100745648562658 ], [ -71.94150637245852, 42.104378780823609 ], [ -71.935889666795447, 42.104400295311599 ], [ -71.933106017022482, 42.108033221159097 ], [ -71.92748898530246, 42.108054323518822 ], [ -71.924704694687108, 42.111687042879943 ], [ -71.91908733698132, 42.111707733064243 ] ] ], [ [ [ -71.961191118279245, 42.107923577718253 ], [ -71.958408761821559, 42.111557117142425 ], [ -71.961243740249927, 42.115168105093687 ], [ -71.958461069304818, 42.118801641708934 ], [ -71.952843093460444, 42.118823986810234 ], [ -71.950008429592302, 42.115212793129906 ], [ -71.952791426959578, 42.111579460077451 ], [ -71.949957089440161, 42.107968261422066 ], [ -71.952739772244868, 42.104334925566256 ], [ -71.958356466270672, 42.10431258479737 ], [ -71.961191118279245, 42.107923577718253 ] ] ], [ [ [ -71.952894771751502, 42.126068505649172 ], [ -71.950111145045767, 42.129701832921988 ], [ -71.944492201573084, 42.129723767969338 ], [ -71.941707933590067, 42.133356888693328 ], [ -71.936088663688906, 42.133378411473117 ], [ -71.933254303098465, 42.129766811455696 ], [ -71.936038897436475, 42.126133894330657 ], [ -71.941657526058705, 42.126112373624018 ], [ -71.944441479190615, 42.122479249929285 ], [ -71.950059781459487, 42.122457317001697 ], [ -71.952894771751502, 42.126068505649172 ] ] ], [ [ [ -71.927830654662628, 42.158765934924773 ], [ -71.925044158040421, 42.162398632761224 ], [ -71.927879509152731, 42.166010417649858 ], [ -71.925092697101434, 42.16964311218058 ], [ -71.919470207375937, 42.169663818204391 ], [ -71.916635171765734, 42.166051827717048 ], [ -71.91942231033002, 42.16241933680466 ], [ -71.916587601159179, 42.158807341031341 ], [ -71.919374424219171, 42.155174846818824 ], [ -71.916540041412546, 42.151562845817324 ], [ -71.910919151002958, 42.151583133444632 ], [ -71.90808540991992, 42.147970921683523 ], [ -71.902464835017696, 42.147990794921157 ], [ -71.899677359521689, 42.151622881806517 ], [ -71.894056458547681, 42.151642342540669 ], [ -71.891268341323908, 42.155274222439402 ], [ -71.885647114349581, 42.155293270622927 ], [ -71.882858355323066, 42.158924943462054 ], [ -71.88569114922376, 42.162537771836249 ], [ -71.891313018073831, 42.162518721859328 ], [ -71.89414645392327, 42.1661313395349 ], [ -71.89135770502601, 42.169763212693681 ], [ -71.89419146702528, 42.17337582512468 ], [ -71.899814293841132, 42.173356358870066 ], [ -71.902602716514991, 42.169724282024774 ], [ -71.908225217033859, 42.169704403126715 ], [ -71.911059936995358, 42.173316599186954 ], [ -71.908271840691526, 42.17694887969229 ], [ -71.902648698007297, 42.176968760477401 ], [ -71.899859959464479, 42.180600833860552 ], [ -71.902694690002193, 42.184213230113137 ], [ -71.908318474998453, 42.184193347440875 ], [ -71.911153847921256, 42.187805532744697 ], [ -71.908365119958276, 42.191437806256857 ], [ -71.902740692503258, 42.191457690816399 ], [ -71.899905635518849, 42.187845299976416 ], [ -71.894281524075325, 42.18786476991189 ], [ -71.891447109551208, 42.184252168143523 ], [ -71.894236490408119, 42.180620301955528 ], [ -71.891402402183985, 42.177007694826926 ], [ -71.885779249142686, 42.177026748390908 ], [ -71.88294580316051, 42.173413930458992 ], [ -71.877322966209363, 42.173432569538278 ], [ -71.874490162397564, 42.16981954087575 ], [ -71.8772798793959, 42.166188078614582 ], [ -71.874447401515724, 42.162575044754355 ], [ -71.877236802419986, 42.158943579047808 ], [ -71.874404650396471, 42.155330540047736 ], [ -71.868783413515359, 42.155348761288607 ], [ -71.865951903297486, 42.151735511735332 ], [ -71.860330982513233, 42.151753318677635 ], [ -71.857540930188222, 42.155384376826333 ], [ -71.851919683839895, 42.155401771122833 ], [ -71.849089131601289, 42.151788105664089 ], [ -71.851879509416889, 42.148157251333899 ], [ -71.849049282595402, 42.144543580892332 ], [ -71.851839344163949, 42.140912723191192 ], [ -71.857459307187014, 42.140895332107483 ], [ -71.860289850182113, 42.144508797118625 ], [ -71.865910129305334, 42.144490991829429 ], [ -71.86874131388798, 42.148104246412416 ], [ -71.874361909036466, 42.148086026871397 ], [ -71.877193735278254, 42.151699070953505 ], [ -71.882814646377128, 42.151680437114372 ], [ -71.885603089527692, 42.148048760939716 ], [ -71.891223674772775, 42.148029714549459 ], [ -71.894011476267067, 42.144397831367336 ], [ -71.899631735586823, 42.144378372473113 ], [ -71.902418895499821, 42.140746282356474 ], [ -71.899586122065188, 42.137133854842808 ], [ -71.902372966466586, 42.133501761552608 ], [ -71.907992258356742, 42.133481892088021 ], [ -71.910825347229505, 42.137094114027249 ], [ -71.916444954484291, 42.137073830266544 ], [ -71.919230831459714, 42.133441326499792 ], [ -71.916397427295209, 42.129829310160794 ], [ -71.919182989051791, 42.126196803324682 ], [ -71.916349910951212, 42.12258478198877 ], [ -71.919135157560234, 42.118952272140994 ], [ -71.92475315625623, 42.118931579977172 ], [ -71.927586549430899, 42.122543395681589 ], [ -71.924801628884239, 42.126176109181223 ], [ -71.927635348194116, 42.129787919894213 ], [ -71.924850112574944, 42.133420630376598 ], [ -71.927684158095076, 42.137032436040336 ], [ -71.924898607332111, 42.140665143447769 ], [ -71.91927868478777, 42.140685841550855 ], [ -71.916492492522181, 42.144318342190573 ], [ -71.919326549039681, 42.147930348362365 ], [ -71.924947113159561, 42.147909648279281 ], [ -71.927781811325531, 42.151521443671115 ], [ -71.933402690731214, 42.151500329152675 ], [ -71.936188230275263, 42.147867421269233 ], [ -71.933353216896435, 42.144255831512801 ], [ -71.936138441300542, 42.140622920491147 ], [ -71.941758352627005, 42.140601395638072 ], [ -71.944542935532311, 42.136968277942515 ], [ -71.950162520355107, 42.136946340775239 ], [ -71.952946461836788, 42.133313016478773 ], [ -71.958565720084749, 42.133290667044527 ], [ -71.961401678223552, 42.13690163974011 ], [ -71.967021251171559, 42.136878875872775 ], [ -71.969804224585928, 42.133245141523247 ], [ -71.966967951819925, 42.129634374566081 ], [ -71.969750610679924, 42.12600063728668 ], [ -71.975369215564754, 42.125977463460138 ], [ -71.978205802811601, 42.129588024653117 ], [ -71.975423470741561, 42.133221965436761 ], [ -71.978260384851197, 42.136832521439771 ], [ -71.975477738302075, 42.14046645928795 ], [ -71.978314979349776, 42.144077010043233 ], [ -71.983935181472049, 42.144053417171214 ], [ -71.986773064080836, 42.147663756847315 ], [ -71.99239358067716, 42.147639749403758 ], [ -71.995232104918088, 42.151249877928045 ], [ -71.992449798139262, 42.154884219689649 ], [ -71.986828639837199, 42.154908229487035 ], [ -71.984045691279036, 42.158542364752201 ], [ -71.986884228282975, 42.162152693654498 ], [ -71.984100965107856, 42.165786825805561 ], [ -71.986939829422525, 42.169397149234179 ], [ -71.992562271575579, 42.169373134728723 ], [ -71.995401777961945, 42.172983246848347 ], [ -71.992618527558619, 42.176617579250809 ], [ -71.98699544326017, 42.176641596110528 ], [ -71.984156251559327, 42.173031278213429 ], [ -71.978533482019387, 42.173054880314432 ], [ -71.975749262008293, 42.176688802620063 ], [ -71.970126165152635, 42.176711992269333 ], [ -71.967287930506629, 42.173101257352045 ], [ -71.970072477759757, 42.16946753851704 ], [ -71.975694932465728, 42.169444351128611 ], [ -71.978478837642172, 42.165810425599076 ], [ -71.975640615328089, 42.162199890934119 ], [ -71.970018802625177, 42.162223076061878 ], [ -71.96723457028213, 42.165856798115158 ], [ -71.961612430485573, 42.165879570837212 ], [ -71.958775165012767, 42.162268619291993 ], [ -71.96155972437586, 42.158635100741435 ], [ -71.958722785849517, 42.155024143821855 ], [ -71.953101602898386, 42.155046499756608 ], [ -71.95026530615911, 42.15143533181871 ], [ -71.953049877406187, 42.147802013647983 ], [ -71.958670418643152, 42.147779659880207 ], [ -71.961454348248978, 42.144146135077371 ], [ -71.958618063389594, 42.140535167582605 ], [ -71.952998163720338, 42.140557519183538 ], [ -71.950213907391557, 42.144190840445994 ], [ -71.944593681072234, 42.144212779733316 ], [ -71.941808783173414, 42.147845894342737 ], [ -71.944644438196832, 42.151457273226235 ], [ -71.941859225233259, 42.155090384691874 ], [ -71.936238030616963, 42.155111913691904 ], [ -71.93345217586166, 42.158744818379432 ], [ -71.927830654662628, 42.158765934924773 ] ] ], [ [ [ -71.826307373128913, 42.093897899638876 ], [ -71.831923182725205, 42.093881758223091 ], [ -71.834750177259252, 42.097495877318082 ], [ -71.831961046206146, 42.101126343225516 ], [ -71.826344595966702, 42.101142486107022 ], [ -71.823517917472202, 42.097528161615337 ], [ -71.826307373128913, 42.093897899638876 ] ] ], [ [ [ -71.607264384119063, 42.079823686992434 ], [ -71.612878995847623, 42.07981827301883 ], [ -71.615692899875299, 42.083437776595204 ], [ -71.612891873583322, 42.087062898783195 ], [ -71.607276621713112, 42.087068312675854 ], [ -71.6044630363252, 42.083448604461488 ], [ -71.607264384119063, 42.079823686992434 ] ] ], [ [ [ -71.674639649588471, 42.079740547770228 ], [ -71.680254246366161, 42.079731829880778 ], [ -71.683071983313653, 42.083349680677976 ], [ -71.680274805770779, 42.086976454189511 ], [ -71.674659568856569, 42.086985172371399 ], [ -71.671842149670425, 42.083367116749351 ], [ -71.674639649588471, 42.079740547770228 ] ] ], [ [ [ -71.573585092664786, 42.087095013525705 ], [ -71.579200349385133, 42.087091251777558 ], [ -71.58201265676685, 42.090711577354924 ], [ -71.579209388325751, 42.0943358692193 ], [ -71.573593491316117, 42.094339630699686 ], [ -71.570781503085541, 42.090719100583506 ], [ -71.573585092664786, 42.087095013525705 ] ] ], [ [ [ -71.632552807509228, 42.0906640918639 ], [ -71.638168374716884, 42.090657438833112 ], [ -71.640984199384718, 42.094276317291161 ], [ -71.638184138474486, 42.097902053479835 ], [ -71.632567930907797, 42.097908706569548 ], [ -71.629752424659046, 42.094289623411704 ], [ -71.632552807509228, 42.0906640918639 ] ] ], [ [ [ -71.716761444605325, 42.083290764263765 ], [ -71.722376348529181, 42.083279981166051 ], [ -71.725196640741331, 42.086896795874836 ], [ -71.722401711830514, 42.090524598619993 ], [ -71.716786167701528, 42.090535382243516 ], [ -71.713966192737161, 42.086918362596101 ], [ -71.716761444605325, 42.083290764263765 ] ] ], [ [ [ -71.705601975259853, 42.105045338855781 ], [ -71.708398502340287, 42.101417955460875 ], [ -71.705578521883638, 42.097800734884956 ], [ -71.708374731424996, 42.094173347932809 ], [ -71.713990598512424, 42.094162977128626 ], [ -71.71681089643495, 42.097779992797527 ], [ -71.714015009852844, 42.10140758417765 ], [ -71.716835630807481, 42.105024595810335 ], [ -71.714039426760294, 42.108652183627747 ], [ -71.708422278676522, 42.108662555389948 ], [ -71.705601975259853, 42.105045338855781 ] ] ], [ [ [ -71.742069905147048, 42.094106992286605 ], [ -71.747685760372704, 42.094094969154447 ], [ -71.750507972674342, 42.097711157962813 ], [ -71.747714014249951, 42.101339572675705 ], [ -71.742097518603231, 42.10135159647362 ], [ -71.739275622588949, 42.097735203778981 ], [ -71.742069905147048, 42.094106992286605 ] ] ], [ [ [ -71.615706099185701, 42.090682398718087 ], [ -71.62132166969495, 42.090676571806377 ], [ -71.62413653558427, 42.0942958633891 ], [ -71.621335512374287, 42.097921186536553 ], [ -71.615719301504868, 42.09792701341383 ], [ -71.612904754254302, 42.094307517178073 ], [ -71.615706099185701, 42.090682398718087 ] ] ], [ [ [ -71.59885938183352, 42.090698227214986 ], [ -71.604474955206314, 42.090693226422367 ], [ -71.607288862096425, 42.09431293098968 ], [ -71.604486876804145, 42.097937840955893 ], [ -71.59887066307023, 42.097942841620714 ], [ -71.596057075038388, 42.094322932447149 ], [ -71.59885938183352, 42.090698227214986 ] ] ], [ [ [ -71.649450650573257, 42.112377127217471 ], [ -71.646633541155765, 42.108758465035017 ], [ -71.649433598325004, 42.105132527981418 ], [ -71.646616811140092, 42.101513861891384 ], [ -71.649416549964329, 42.097887921087931 ], [ -71.655032753790124, 42.097880441785783 ], [ -71.657849859246767, 42.101498903134889 ], [ -71.655050442654613, 42.105125048527071 ], [ -71.657867870416226, 42.108743505974154 ], [ -71.65506813555281, 42.11236964761099 ], [ -71.649450650573257, 42.112377127217471 ] ] ], [ [ [ -71.582022016918444, 42.097956191190569 ], [ -71.587638233078678, 42.097952016738041 ], [ -71.590451502106163, 42.101572130491675 ], [ -71.587648235871683, 42.105196623251722 ], [ -71.582031379203386, 42.105200797482993 ], [ -71.579218429326332, 42.101580479175496 ], [ -71.582022016918444, 42.097956191190569 ] ] ], [ [ [ -71.497778722077172, 42.097985752903639 ], [ -71.503394938132985, 42.09798571611816 ], [ -71.506203406668703, 42.101607892223662 ], [ -71.503395333287315, 42.105230316044938 ], [ -71.497778476639283, 42.105230352371812 ], [ -71.494970335496589, 42.101607963622328 ], [ -71.497778722077172, 42.097985752903639 ] ] ], [ [ [ -71.607313351234652, 42.108802145046887 ], [ -71.612930524406025, 42.108796731397703 ], [ -71.615745715173688, 42.112416220062187 ], [ -71.612943413888786, 42.116041326991557 ], [ -71.607325599991498, 42.116046740559376 ], [ -71.604510728153741, 42.112427047279184 ], [ -71.607313351234652, 42.108802145046887 ] ] ], [ [ [ -71.700007962866792, 42.112299893972519 ], [ -71.697210477456721, 42.115927065642062 ], [ -71.691592683376442, 42.115936611438315 ], [ -71.688794557173935, 42.119563574924591 ], [ -71.683176440203724, 42.119572707667643 ], [ -71.68035709027788, 42.115954876585612 ], [ -71.674739291357056, 42.115963595936584 ], [ -71.671920582224956, 42.112345555993485 ], [ -71.674719353914611, 42.108719001502081 ], [ -71.680336512114593, 42.108710282443262 ], [ -71.683155539297047, 42.112328117583701 ], [ -71.688773015474155, 42.112318985179485 ], [ -71.69157082377312, 42.108692017973674 ], [ -71.69718797713422, 42.108682472562968 ], [ -71.700007962866792, 42.112299893972519 ] ] ], [ [ [ -71.792712617551274, 42.115722725953994 ], [ -71.798330365781624, 42.115708233011439 ], [ -71.801156419670292, 42.11932316898443 ], [ -71.798364408681323, 42.122952803187552 ], [ -71.792746019363676, 42.122967297409275 ], [ -71.789920282171067, 42.119352156148622 ], [ -71.792712617551274, 42.115722725953994 ] ] ], [ [ [ -71.851759041155617, 42.126423642306371 ], [ -71.857377721439065, 42.126406254435068 ], [ -71.860207613681055, 42.130019729227605 ], [ -71.857418509657975, 42.13365079733272 ], [ -71.851799188077905, 42.133668186810183 ], [ -71.848969611866295, 42.130054506576286 ], [ -71.851759041155617, 42.126423642306371 ] ] ], [ [ [ -71.826493572267196, 42.130120754796941 ], [ -71.8321125865412, 42.130104606051802 ], [ -71.834941205203407, 42.133718701911327 ], [ -71.832150493242565, 42.137349151885182 ], [ -71.826530837594206, 42.13736530209642 ], [ -71.823702535329815, 42.133751000867647 ], [ -71.826493572267196, 42.130120754796941 ] ] ], [ [ [ -71.834979436954285, 42.140963242924265 ], [ -71.84059940899877, 42.140946678599768 ], [ -71.843428994229555, 42.144560559376437 ], [ -71.840638291069808, 42.148191209861729 ], [ -71.83501767743283, 42.148207775699156 ], [ -71.832188408596906, 42.144593689538311 ], [ -71.834979436954285, 42.140963242924265 ] ] ], [ [ [ -71.815399514858854, 42.159130376677027 ], [ -71.809777925839199, 42.159145704291952 ], [ -71.806949607066642, 42.155531002133856 ], [ -71.809742560430607, 42.151901177667391 ], [ -71.815363507633705, 42.151885851425348 ], [ -71.818192143240552, 42.155500348276945 ], [ -71.823813407204483, 42.155484607874136 ], [ -71.82664268462625, 42.159098894451766 ], [ -71.823850381373376, 42.162729126759118 ], [ -71.818228475521025, 42.162744868581591 ], [ -71.815399514858854, 42.159130376677027 ] ] ], [ [ [ -71.624179038694621, 42.116029673410054 ], [ -71.629796849505681, 42.116023433396329 ], [ -71.632613321796399, 42.119642504971132 ], [ -71.629811664542117, 42.123268021216568 ], [ -71.62419321285995, 42.123274261242209 ], [ -71.621377059351929, 42.119654985010484 ], [ -71.624179038694621, 42.116029673410054 ] ] ], [ [ [ -71.590472152906742, 42.116061328371138 ], [ -71.596089969451739, 42.116056741249139 ], [ -71.598904522213346, 42.119676639118858 ], [ -71.596100939256388, 42.123301328673939 ], [ -71.59048248183835, 42.123305915621074 ], [ -71.587668248299067, 42.119685813188006 ], [ -71.590472152906742, 42.116061328371138 ] ] ], [ [ [ -71.641112988315712, 42.152232984820813 ], [ -71.638294585481589, 42.148614138360188 ], [ -71.641096876844529, 42.144988429595699 ], [ -71.638278796539396, 42.141369578933457 ], [ -71.641080769048685, 42.137743866077869 ], [ -71.646700499383357, 42.13773679930258 ], [ -71.64951889846877, 42.141355445277874 ], [ -71.646717248488002, 42.144981362715384 ], [ -71.649535970174938, 42.14860000449459 ], [ -71.646734001414359, 42.152225917835537 ], [ -71.641112988315712, 42.152232984820813 ] ] ], [ [ [ -71.700144980702262, 42.155767307191645 ], [ -71.705766298762981, 42.155757345796658 ], [ -71.708588864972924, 42.159374532422703 ], [ -71.705789794981072, 42.163001885280217 ], [ -71.70016783525088, 42.163011847107022 ], [ -71.697345587230842, 42.159394455644481 ], [ -71.700144980702262, 42.155767307191645 ] ] ], [ [ [ -71.733872861278641, 42.155703404030142 ], [ -71.739494167882427, 42.155691788718933 ], [ -71.742318653144864, 42.159308146717649 ], [ -71.73952151410387, 42.162936324957357 ], [ -71.733899565834548, 42.162947940887278 ], [ -71.73107539832057, 42.1593313779588 ], [ -71.733872861278641, 42.155703404030142 ] ] ], [ [ [ -71.759242707690277, 42.17376029733348 ], [ -71.764865603268802, 42.173747448526427 ], [ -71.767692335671256, 42.177363176828358 ], [ -71.764895854830144, 42.18099195908826 ], [ -71.759272316987548, 42.181004808988064 ], [ -71.756445902299021, 42.177388875535172 ], [ -71.759242707690277, 42.17376029733348 ] ] ], [ [ [ -71.649553045776685, 42.155844555360986 ], [ -71.655174377727349, 42.15583707484349 ], [ -71.657994063690467, 42.159455503360988 ], [ -71.655192098900216, 42.163081617092438 ], [ -71.649570125275346, 42.163089097761492 ], [ -71.646750758163734, 42.159470464547539 ], [ -71.649553045776685, 42.155844555360986 ] ] ], [ [ [ -71.6580662646832, 42.18843360260562 ], [ -71.663690483278558, 42.188425707716831 ], [ -71.666512103528447, 42.192043909143948 ], [ -71.663709186163928, 42.195670210154624 ], [ -71.658084325235293, 42.195678105241306 ], [ -71.65526302405334, 42.19205969911944 ], [ -71.6580662646832, 42.18843360260562 ] ] ], [ [ [ -71.759301933048519, 42.188249311769944 ], [ -71.756504492010222, 42.191877882139501 ], [ -71.750879987130929, 42.19189031996833 ], [ -71.748081901827618, 42.195518684939387 ], [ -71.742457067394227, 42.195530717388728 ], [ -71.739630961437229, 42.191914382951495 ], [ -71.74242937190175, 42.188286220993064 ], [ -71.748053564010974, 42.18827418920899 ], [ -71.750851331414836, 42.184645820085308 ], [ -71.756475193808868, 42.184633383302568 ], [ -71.759301933048519, 42.188249311769944 ] ] ], [ [ [ -71.72558255163716, 42.195565159793752 ], [ -71.73120739225007, 42.195553954815971 ], [ -71.734033180097327, 42.199170494155197 ], [ -71.731233809124092, 42.202798443348144 ], [ -71.725608326038127, 42.202809648897663 ], [ -71.722782856447353, 42.199192904682505 ], [ -71.72558255163716, 42.195565159793752 ] ] ], [ [ [ -71.776206017343327, 42.195454421840736 ], [ -71.781830833091547, 42.195440742289009 ], [ -71.784626981956023, 42.191811555895512 ], [ -71.790251472712526, 42.191797463227644 ], [ -71.793080457182825, 42.195412555720281 ], [ -71.790284633383294, 42.199041946087469 ], [ -71.784659499999606, 42.199056039988406 ], [ -71.781863033499292, 42.202685222420307 ], [ -71.784692025473376, 42.206300514919455 ], [ -71.78189524126509, 42.209929693331958 ], [ -71.77626913996626, 42.209943375256444 ], [ -71.77344046577339, 42.206327877581977 ], [ -71.767814682329089, 42.206341145110152 ], [ -71.764986650986017, 42.202725437075053 ], [ -71.767784085182427, 42.199096666666676 ], [ -71.773409225850216, 42.199083400278155 ], [ -71.776206017343327, 42.195454421840736 ] ] ], [ [ [ -71.902510785023793, 42.155235299131121 ], [ -71.908132001651694, 42.155215424006798 ], [ -71.910966068952462, 42.1588276305921 ], [ -71.908178604021799, 42.162459917859699 ], [ -71.902556745521693, 42.162479794870855 ], [ -71.899722993873311, 42.158867382727507 ], [ -71.902510785023793, 42.155235299131121 ] ] ], [ [ [ -71.919518115360702, 42.176908290902432 ], [ -71.925141247247865, 42.176887582898118 ], [ -71.927928374799691, 42.173254891730878 ], [ -71.933551180025063, 42.173233771131351 ], [ -71.936337665416829, 42.169600873008768 ], [ -71.941960143909029, 42.169579339861258 ], [ -71.944745987215953, 42.165946234856364 ], [ -71.950368138903599, 42.165924289208057 ], [ -71.953205089317976, 42.169535446444165 ], [ -71.950419572888592, 42.173168754993576 ], [ -71.944796779118391, 42.173190702762483 ], [ -71.942010620532812, 42.176823804450457 ], [ -71.936387499882812, 42.1768453396719 ], [ -71.933600699065764, 42.180478234425443 ], [ -71.927977251607302, 42.180499357052234 ], [ -71.925189808483523, 42.184132044798332 ], [ -71.919566034288039, 42.18415275478322 ], [ -71.916730345573569, 42.180540775041372 ], [ -71.919518115360702, 42.176908290902432 ] ] ], [ [ [ -71.944949224444983, 42.194924053458358 ], [ -71.942111608372031, 42.191312707060042 ], [ -71.944898397728934, 42.18767961217906 ], [ -71.942061108685849, 42.184068260221913 ], [ -71.944847582621406, 42.180435161908569 ], [ -71.95047101862076, 42.180413212018948 ], [ -71.953308623011523, 42.184024358321921 ], [ -71.95052247610414, 42.187657660168576 ], [ -71.953360407596122, 42.191268800918181 ], [ -71.950573945342754, 42.194902099326896 ], [ -71.944949224444983, 42.194924053458358 ] ] ], [ [ [ -71.945101774283927, 42.216657322193278 ], [ -71.950728423630366, 42.216635361698017 ], [ -71.953567664281408, 42.220246479655529 ], [ -71.950779939930257, 42.223879763735049 ], [ -71.945152647473776, 42.223901726351855 ], [ -71.942364279938786, 42.227534803205032 ], [ -71.945203532292055, 42.231146120941197 ], [ -71.942414848906992, 42.23477919401553 ], [ -71.945254428742714, 42.238390505845629 ], [ -71.942465429436083, 42.242023575083373 ], [ -71.936836522759918, 42.242045128976109 ], [ -71.934046879899867, 42.24567799081013 ], [ -71.928417645736687, 42.245699131688092 ], [ -71.92562735924767, 42.249331786045275 ], [ -71.91999779766914, 42.249352513861197 ], [ -71.917159166259196, 42.245740585338126 ], [ -71.919949780089709, 42.242108134537759 ], [ -71.917111475947394, 42.238496200092186 ], [ -71.91148287429003, 42.238516510928925 ], [ -71.908691933265175, 42.24214875814603 ], [ -71.911529921042984, 42.245760898109758 ], [ -71.908738663579769, 42.249393141339382 ], [ -71.903109091167067, 42.249413041001198 ], [ -71.900317194651834, 42.253045068258494 ], [ -71.894687295737725, 42.253064554956175 ], [ -71.891894757683019, 42.256696373450026 ], [ -71.886264532428044, 42.256715447240239 ], [ -71.883427487658665, 42.253102700159658 ], [ -71.886220353045644, 42.249471083674955 ], [ -71.891849935850956, 42.249452012169186 ], [ -71.894642164073133, 42.245820180208419 ], [ -71.900271419900889, 42.245800695545107 ], [ -71.903063004486754, 42.242168655919663 ], [ -71.900225660269342, 42.238556304588037 ], [ -71.903016928341444, 42.234924260980684 ], [ -71.908645213632738, 42.234904365095119 ], [ -71.911435838290956, 42.231272113948286 ], [ -71.908598504678764, 42.227659962302283 ], [ -71.902970862727557, 42.227679856299886 ], [ -71.900134172381655, 42.224067493390791 ], [ -71.894506846800155, 42.224086972530337 ], [ -71.891715568345177, 42.22771881642003 ], [ -71.886087916012045, 42.227737882542151 ], [ -71.88325218537949, 42.224125102980146 ], [ -71.886043790512318, 42.220493462758704 ], [ -71.891670799648836, 42.220474398430909 ], [ -71.894461761658249, 42.21684255068044 ], [ -71.900088444118396, 42.216823073381931 ], [ -71.902924807641497, 42.22043544199294 ], [ -71.908551806399657, 42.220415549883171 ], [ -71.91134179853961, 42.216783291050213 ], [ -71.90850511879168, 42.213171127953458 ], [ -71.902878763079627, 42.2131910181755 ], [ -71.900042726304051, 42.209578643920459 ], [ -71.90283272903838, 42.205946584963201 ], [ -71.908458441851238, 42.205926696628758 ], [ -71.911294794780005, 42.209538865364088 ], [ -71.916920823672314, 42.209518562265721 ], [ -71.919757819498145, 42.2131305198224 ], [ -71.916968470402722, 42.216762986017443 ], [ -71.919805793194627, 42.220374937883172 ], [ -71.91701612802288, 42.224007400316189 ], [ -71.919853777856204, 42.227619346433102 ], [ -71.917063796536524, 42.231251805046334 ], [ -71.919901773486657, 42.234863745356499 ], [ -71.925530047951213, 42.234843021503877 ], [ -71.928319702080287, 42.231210359322645 ], [ -71.92548140898441, 42.227598624561935 ], [ -71.928270747040926, 42.223965958555326 ], [ -71.933898050980105, 42.223944823762224 ], [ -71.936686745848874, 42.220311950435288 ], [ -71.933848464014261, 42.216700415454092 ], [ -71.928221803189047, 42.216721548219141 ], [ -71.925384164394586, 42.213109801913809 ], [ -71.928172870520768, 42.209477128429747 ], [ -71.925335558763962, 42.205865376438936 ], [ -71.928123949032283, 42.202232699302741 ], [ -71.933749324070362, 42.202211570593363 ], [ -71.936586951611261, 42.205823116992491 ], [ -71.933798888378973, 42.209455997692594 ], [ -71.936636843029035, 42.213067538411678 ], [ -71.942263176669087, 42.213045992818607 ], [ -71.945101774283927, 42.216657322193278 ] ] ], [ [ [ -71.967448084319287, 42.194834582036854 ], [ -71.961823375328862, 42.194857363615895 ], [ -71.958984801316646, 42.191246434146542 ], [ -71.961770621049112, 42.18761292879303 ], [ -71.967394687521022, 42.187590149428459 ], [ -71.970233576730081, 42.191200873203023 ], [ -71.975857958325108, 42.191177679031668 ], [ -71.978697490050223, 42.19478819143297 ], [ -71.984322186692864, 42.194764582408638 ], [ -71.987162361005289, 42.198374883363982 ], [ -71.992787372619986, 42.198350859440509 ], [ -71.995628189590931, 42.201960948877222 ], [ -71.992843680025885, 42.205595267992948 ], [ -71.987218025678899, 42.20561929427133 ], [ -71.984377523678177, 42.202008999078963 ], [ -71.978752184374486, 42.202032610411379 ], [ -71.975912325107871, 42.198422103720631 ], [ -71.970287300923047, 42.198445300153253 ], [ -71.967448084319287, 42.194834582036854 ] ] ], [ [ [ -71.970341037391123, 42.205689717938313 ], [ -71.975966704312555, 42.205666519244261 ], [ -71.978806891196186, 42.209277020166532 ], [ -71.984432873307782, 42.209253406525917 ], [ -71.987273703072375, 42.21286369589739 ], [ -71.984488235585999, 42.216497804633882 ], [ -71.97886161051963, 42.216521420582886 ], [ -71.976021095943409, 42.212910925486945 ], [ -71.970394786138513, 42.212934126442555 ], [ -71.967554914518828, 42.209323419816094 ], [ -71.970341037391123, 42.205689717938313 ] ] ], [ [ [ -71.97055610609867, 42.2346672951142 ], [ -71.967768721447129, 42.238300982386988 ], [ -71.970609904005414, 42.24191166533889 ], [ -71.967822203730563, 42.245545348816044 ], [ -71.962192992997871, 42.245568145900329 ], [ -71.959352126136139, 42.241957257291865 ], [ -71.96214015426149, 42.2383237772558 ], [ -71.959299615176349, 42.234712882636387 ], [ -71.953671363688997, 42.234735262416891 ], [ -71.950831468005518, 42.231124156202725 ], [ -71.953619508059745, 42.227490875849853 ], [ -71.95924711621862, 42.227468498237826 ], [ -71.9620345130175, 42.223835010679458 ], [ -71.959194629258789, 42.220224104211852 ], [ -71.961981710501632, 42.216590612978983 ], [ -71.967608347928476, 42.216567824755707 ], [ -71.970448547169426, 42.220178525550359 ], [ -71.967661793550278, 42.223812220241136 ], [ -71.970502320488066, 42.227422915146128 ], [ -71.967715251388427, 42.231056606156784 ], [ -71.97055610609867, 42.2346672951142 ] ] ], [ [ [ -71.894326568030422, 42.195109228878145 ], [ -71.899951322007865, 42.195089757102068 ], [ -71.902786705514117, 42.198702142471596 ], [ -71.899997018935082, 42.202334205121964 ], [ -71.894371622276921, 42.202353678738731 ], [ -71.891536554927455, 42.198741087864356 ], [ -71.894326568030422, 42.195109228878145 ] ] ], [ [ [ -71.970771359339821, 42.263644665357006 ], [ -71.967982710173274, 42.267278324196049 ], [ -71.962351571249684, 42.267301129233495 ], [ -71.959509724126676, 42.263690272633639 ], [ -71.962298700655595, 42.260056816921498 ], [ -71.959457180821303, 42.256445953840391 ], [ -71.962245842125228, 42.252812494450566 ], [ -71.967875696025544, 42.252789695009099 ], [ -71.970663714212549, 42.249156025704579 ], [ -71.976293240639322, 42.249132813438962 ], [ -71.979080612916576, 42.245498926547228 ], [ -71.97623878681371, 42.241888455335555 ], [ -71.979025843543283, 42.238254564642588 ], [ -71.97618434543557, 42.234644087373013 ], [ -71.978971086688901, 42.231010192936552 ], [ -71.976129916500639, 42.227399709666962 ], [ -71.978916342349109, 42.223765811544773 ], [ -71.984543610517164, 42.223742193287222 ], [ -71.987329393190109, 42.220108088126594 ], [ -71.992956333442294, 42.220084057137939 ], [ -71.995798134145559, 42.223694128954712 ], [ -71.993012679461629, 42.227328437499303 ], [ -71.995854808227023, 42.230938503326961 ], [ -72.00148270262271, 42.230914052208007 ], [ -72.004325466516505, 42.234523901033278 ], [ -72.009953664092379, 42.234499027171765 ], [ -72.012797071085075, 42.238108663777737 ], [ -72.018425583548947, 42.238083374522148 ], [ -72.021269633711768, 42.241692798836056 ], [ -72.026898460987837, 42.241667094140311 ], [ -72.02974315439198, 42.245276306089423 ], [ -72.026958705758886, 42.248911428718138 ], [ -72.02980372313867, 42.252520624045907 ], [ -72.027018953016793, 42.25615572836417 ], [ -72.029864297106471, 42.259764912868484 ], [ -72.02707921205571, 42.263400013501268 ], [ -72.029924884927084, 42.267009191537156 ], [ -72.035555957824826, 42.266983063025016 ], [ -72.038402274551657, 42.270592028624804 ], [ -72.035617203432054, 42.274227328646305 ], [ -72.029985486605256, 42.274253459936183 ], [ -72.027199771482984, 42.277888553024773 ], [ -72.021567725722534, 42.277914271451074 ], [ -72.018722039138524, 42.274304894057579 ], [ -72.021508083120807, 42.270670004121918 ], [ -72.01866272532321, 42.267060620196588 ], [ -72.013031638715262, 42.267085920343263 ], [ -72.010186924777827, 42.263476324074844 ], [ -72.004556153393224, 42.26350120871912 ], [ -72.001712083244641, 42.259891400180379 ], [ -71.996081616651381, 42.259915862124629 ], [ -71.993294580227271, 42.263550137527268 ], [ -71.987663781320094, 42.263574183643449 ], [ -71.984820661391225, 42.259963951418527 ], [ -71.987608025467125, 42.256329879074023 ], [ -71.984765233116548, 42.25271964032607 ], [ -71.979135391570125, 42.252743267946535 ], [ -71.976347699989262, 42.256377137206165 ], [ -71.970717531011175, 42.256400352159773 ], [ -71.967929196994078, 42.260034014682176 ], [ -71.970771359339821, 42.263644665357006 ] ], [ [ -72.018484856573693, 42.245327718369211 ], [ -72.012855700865842, 42.245353010466374 ], [ -72.010070280409863, 42.248987723338303 ], [ -72.012914339195135, 42.252597336561628 ], [ -72.018544138377209, 42.252572041782727 ], [ -72.021329235167627, 42.248937136302331 ], [ -72.018484856573693, 42.245327718369211 ] ] ], [ [ [ -71.936886471227169, 42.249289502260901 ], [ -71.942516021529997, 42.249267946292925 ], [ -71.945356256499011, 42.252879236411829 ], [ -71.942566625685956, 42.256512285790137 ], [ -71.936936432876351, 42.256533844286494 ], [ -71.934096513299579, 42.252922350746985 ], [ -71.936886471227169, 42.249289502260901 ] ] ], [ [ [ -71.976511149807521, 42.27811003749553 ], [ -71.979354609977008, 42.281720462460491 ], [ -71.976565657957963, 42.285354316848441 ], [ -71.970932918059887, 42.285377543182769 ], [ -71.968089773180381, 42.281766912283373 ], [ -71.970879052859956, 42.278133260984234 ], [ -71.968036235567325, 42.274522623435026 ], [ -71.970825199954675, 42.27088896833709 ], [ -71.976456654098769, 42.270865747693691 ], [ -71.979244975756004, 42.267231885754441 ], [ -71.984876102317273, 42.267208252350919 ], [ -71.987719549900106, 42.270818477994844 ], [ -71.984931555899053, 42.274452543007598 ], [ -71.979299786609985, 42.274476179303058 ], [ -71.976511149807521, 42.27811003749553 ] ] ], [ [ [ -72.036316675799071, 42.02428092619656 ], [ -72.041926257993339, 42.024254482803521 ], [ -72.04476208061206, 42.027863443771174 ], [ -72.041988008620137, 42.031499054323497 ], [ -72.036377787504605, 42.031525500690783 ], [ -72.03354227735079, 42.027916333531373 ], [ -72.036316675799071, 42.02428092619656 ] ] ], [ [ [ -72.070298971714806, 42.060340854235626 ], [ -72.06752494304358, 42.063977068731823 ], [ -72.070363990943576, 42.067585376662201 ], [ -72.075977379938138, 42.067557263840094 ], [ -72.07875108134435, 42.06392084624995 ], [ -72.084364143000727, 42.063892322139381 ], [ -72.08720414291237, 42.067500212410131 ], [ -72.092817516794824, 42.067471273803015 ], [ -72.095658156413663, 42.071078952597752 ], [ -72.101271842446664, 42.071049599448152 ], [ -72.104113121842985, 42.074657066694293 ], [ -72.101340403106676, 42.078294093406377 ], [ -72.095726077222949, 42.078323449858551 ], [ -72.092885109974873, 42.074715776295868 ], [ -72.08727109631198, 42.074744718158783 ], [ -72.084497410019523, 42.078381336840231 ], [ -72.078883068797083, 42.078409867369025 ], [ -72.076043053771684, 42.074801776006957 ], [ -72.070429024991512, 42.074829891991477 ], [ -72.067654371353882, 42.078466102500641 ], [ -72.070494073863742, 42.082074400108105 ], [ -72.076108742575386, 42.082046280960888 ], [ -72.078949085089334, 42.085654367080096 ], [ -72.084564066313646, 42.085625833341794 ], [ -72.087405048902113, 42.089233707900178 ], [ -72.084630737804517, 42.092870322456847 ], [ -72.079015116432402, 42.092898859404961 ], [ -72.076240165113688, 42.096535268768193 ], [ -72.070624216101251, 42.096563394241691 ], [ -72.067783858679576, 42.092955107188523 ], [ -72.062168222396224, 42.092982818023273 ], [ -72.059328505200114, 42.089374319449554 ], [ -72.053713181721321, 42.089401615691507 ], [ -72.050936935258861, 42.09303741357693 ], [ -72.045321284502208, 42.093064298295126 ], [ -72.042482520414524, 42.089455382104646 ], [ -72.036867182683849, 42.089481852275149 ], [ -72.03408996885625, 42.093117241612575 ], [ -72.028474304064289, 42.093143300211125 ], [ -72.025636493311239, 42.089533966542362 ], [ -72.02002114176662, 42.089559610638368 ], [ -72.017242960785694, 42.093194591286228 ], [ -72.020080458218047, 42.096804131052508 ], [ -72.02569645000068, 42.096778484073283 ], [ -72.028534587743692, 42.100387812524694 ], [ -72.025756420361375, 42.104022994047341 ], [ -72.020139788194712, 42.104048643910033 ], [ -72.017360980354965, 42.107683619832535 ], [ -72.020199131701204, 42.111293149095516 ], [ -72.025816404398, 42.111267496349136 ], [ -72.028594885169724, 42.107632317223604 ], [ -72.03421183072507, 42.107606252764789 ], [ -72.037050936060851, 42.111215364501113 ], [ -72.03427278250328, 42.114850746803015 ], [ -72.037112215125902, 42.118459853153858 ], [ -72.034333748183656, 42.12209523299537 ], [ -72.037173508168607, 42.125704333902867 ], [ -72.034394727770973, 42.129339711226429 ], [ -72.028775859974601, 42.129365784477557 ], [ -72.025996438610306, 42.133000956066091 ], [ -72.020377243446163, 42.133026617465084 ], [ -72.01753811066375, 42.129417104390967 ], [ -72.020317859322319, 42.125782135988516 ], [ -72.017479053760695, 42.122172617460244 ], [ -72.020258488742201, 42.1185376464935 ], [ -72.017420010325964, 42.114928122568955 ], [ -72.01180241055846, 42.114953363555543 ], [ -72.008964572820432, 42.11134362823141 ], [ -72.003347286733856, 42.111368454620269 ], [ -72.000510089603196, 42.10775850796923 ], [ -72.003289864826883, 42.10412394097041 ], [ -72.008906510378779, 42.104099117371867 ], [ -72.011685645140446, 42.100464344679033 ], [ -72.008848461174807, 42.096854598840785 ], [ -72.011627282396375, 42.093219823762105 ], [ -72.008790425203983, 42.089610072753615 ], [ -72.011568932956237, 42.085975295346707 ], [ -72.017183971178213, 42.085950065707216 ], [ -72.019961838835769, 42.082315082783097 ], [ -72.025576550288392, 42.082289441570033 ], [ -72.028414034126797, 42.085898780398281 ], [ -72.034029058756119, 42.085872724729484 ], [ -72.03680595948164, 42.082237333162105 ], [ -72.042420657125007, 42.082210865967888 ], [ -72.045196917835867, 42.078575269050084 ], [ -72.042358807935202, 42.074966342504361 ], [ -72.0451347557605, 42.071330743466092 ], [ -72.042296972840276, 42.067721811829493 ], [ -72.036683554933745, 42.067748273071864 ], [ -72.033846411735738, 42.064139130237422 ], [ -72.036622373578538, 42.060503732325536 ], [ -72.033785557139822, 42.056894584510445 ], [ -72.036561206162773, 42.053259184598872 ], [ -72.033724716408116, 42.049650031860999 ], [ -72.036500052681717, 42.046014630007299 ], [ -72.033663889535859, 42.042405472404447 ], [ -72.028052702819195, 42.042431510500009 ], [ -72.025217178887829, 42.038822141929167 ], [ -72.027992528943699, 42.03518694142371 ], [ -72.033603076518332, 42.035160906256124 ], [ -72.036438913130581, 42.038770068666167 ], [ -72.042049773312939, 42.038743619324364 ], [ -72.044824157767678, 42.035108010547184 ], [ -72.050434691345316, 42.035081150006512 ], [ -72.05327147955694, 42.038689895221886 ], [ -72.050497421779369, 42.042325707184283 ], [ -72.04488624906449, 42.042352570746239 ], [ -72.042111552076534, 42.045988177690745 ], [ -72.044948354507341, 42.049597124253026 ], [ -72.050560166505122, 42.049570257669529 ], [ -72.053397608291334, 42.053178993118678 ], [ -72.05900973281679, 42.053151712222302 ], [ -72.061847814028795, 42.056760236485694 ], [ -72.067460251006608, 42.056732541230517 ], [ -72.070298971714806, 42.060340854235626 ] ], [ [ -72.045072607850514, 42.064086210728334 ], [ -72.050685698851225, 42.064059338100975 ], [ -72.053460694213896, 42.060423531826189 ], [ -72.050622925527449, 42.056814801346889 ], [ -72.045010474101062, 42.056841670952167 ], [ -72.042235151835385, 42.060477274058698 ], [ -72.045072607850514, 42.064086210728334 ] ] ], [ [ [ -72.008442487022094, 42.04614276401567 ], [ -72.011219115442486, 42.042507973848565 ], [ -72.008384543556787, 42.038898188267197 ], [ -72.011160859002345, 42.035263396174884 ], [ -72.016771420137161, 42.03523818638341 ], [ -72.019606304924537, 42.038847765849681 ], [ -72.016830315723979, 42.042482761222409 ], [ -72.019665526828817, 42.046092335928513 ], [ -72.01688922472853, 42.049727329370377 ], [ -72.011277385154742, 42.049752544831492 ], [ -72.008442487022094, 42.04614276401567 ] ] ], [ [ [ -72.019724762225977, 42.053336899258539 ], [ -72.025336914769312, 42.053311269574841 ], [ -72.028173091702101, 42.056920628462734 ], [ -72.025396803172569, 42.060555823158737 ], [ -72.019784011120635, 42.060581455724389 ], [ -72.016948147155432, 42.056971890711992 ], [ -72.019724762225977, 42.053336899258539 ] ] ], [ [ [ -71.991607881522114, 42.046216340472711 ], [ -71.994441831383057, 42.049826538671788 ], [ -72.000053692777655, 42.049802150188739 ], [ -72.002888277792394, 42.053412137088706 ], [ -72.00011069688594, 42.057046719942612 ], [ -71.994498195855414, 42.057071110845222 ], [ -71.991719970736156, 42.060705487165805 ], [ -71.986107143199561, 42.060729466375747 ], [ -71.98332827820127, 42.064363636876536 ], [ -71.977715124407027, 42.064387204381269 ], [ -71.974935619454641, 42.068021168989382 ], [ -71.969322139473519, 42.068044324741649 ], [ -71.966488804449298, 42.064433513627044 ], [ -71.969268635515249, 42.060799752573487 ], [ -71.974881475540485, 42.060776599079865 ], [ -71.977660666723153, 42.057142632112722 ], [ -71.974827343967718, 42.053532022199306 ], [ -71.977606221451481, 42.049898052930786 ], [ -71.974773224732147, 42.046287438463082 ], [ -71.969161664181144, 42.046310587439912 ], [ -71.966329307052789, 42.042699762646144 ], [ -71.969108196796967, 42.039065994705219 ], [ -71.966276165483976, 42.035455165467262 ], [ -71.969054741595826, 42.031821395345716 ], [ -71.974665023255611, 42.031798250885124 ], [ -71.977497368127743, 42.035408874288137 ], [ -71.983107963273483, 42.035385316003385 ], [ -71.985940947515886, 42.038995729112401 ], [ -71.983163023176971, 42.042629906361299 ], [ -71.985996333451212, 42.046240314979229 ], [ -71.991607881522114, 42.046216340472711 ] ] ], [ [ [ -72.019843273517409, 42.067826005210691 ], [ -72.017066032294593, 42.071460992514623 ], [ -72.011452273969411, 42.071486216482029 ], [ -72.008674392943732, 42.075120998372633 ], [ -72.003060308070303, 42.075145810812202 ], [ -72.000224744075965, 42.071535838571926 ], [ -71.994610963353537, 42.071560234335102 ], [ -71.991776034509414, 42.067950050112785 ], [ -71.994554573177425, 42.064315676104805 ], [ -72.000167713983899, 42.06429128277545 ], [ -72.00300295157659, 42.067901259960131 ], [ -72.008616396645238, 42.06787645030969 ], [ -72.011393964413656, 42.064241666263605 ], [ -72.017007083009247, 42.064216445131876 ], [ -72.019843273517409, 42.067826005210691 ] ] ], [ [ [ -71.960928188394874, 42.071700827336777 ], [ -71.966541994491976, 42.071678083384185 ], [ -71.969375655631495, 42.075288889823533 ], [ -71.966595196663476, 42.078922645997409 ], [ -71.960980750389552, 42.078945392162204 ], [ -71.958147403309127, 42.075334379940813 ], [ -71.960928188394874, 42.071700827336777 ] ] ], [ [ [ -72.003175060283297, 42.089634890772182 ], [ -72.000395912361114, 42.093269462588985 ], [ -72.003232456011531, 42.096879419649234 ], [ -72.000452994474003, 42.100513989085826 ], [ -71.994836652686601, 42.100538394655871 ], [ -71.992000417479375, 42.096928229878102 ], [ -71.986384388725256, 42.09695222084936 ], [ -71.983548794126207, 42.09334184528641 ], [ -71.986328914327984, 42.089707684589669 ], [ -71.991944302546585, 42.089683695971004 ], [ -71.994723782285533, 42.086049329246407 ], [ -71.991888200410258, 42.082439154630812 ], [ -71.986273452581102, 42.082463140897062 ], [ -71.983493646286448, 42.08609730413125 ], [ -71.977878571974259, 42.086120878552514 ], [ -71.975043944323986, 42.082510287433813 ], [ -71.977824077028316, 42.078876327716529 ], [ -71.983438511021916, 42.078852755600927 ], [ -71.986218003480289, 42.075218589886923 ], [ -71.991832111065989, 42.075194605972925 ], [ -71.9946673663881, 42.078804785420765 ], [ -72.000281787166543, 42.07878038721659 ], [ -72.003117677637718, 42.082390354454702 ], [ -72.000338843260124, 42.086024928594085 ], [ -72.003175060283297, 42.089634890772182 ] ] ], [ [ [ -72.070689309476705, 42.103807880027787 ], [ -72.07630589885855, 42.103779751390775 ], [ -72.079147224291532, 42.107387821434358 ], [ -72.07637164759403, 42.111024226338678 ], [ -72.070754417696733, 42.111052358139503 ], [ -72.067913405061077, 42.107444081872075 ], [ -72.062296488033823, 42.107471798940537 ], [ -72.059519943099858, 42.111107795393551 ], [ -72.053902698497708, 42.11113510084602 ], [ -72.051062639398737, 42.107526406774888 ], [ -72.053839511834227, 42.103890613429598 ], [ -72.05945611591585, 42.103863311047569 ], [ -72.062232347903546, 42.100227312290023 ], [ -72.067848624485833, 42.10019959833857 ], [ -72.070689309476705, 42.103807880027787 ] ] ], [ [ [ -71.995006054869762, 42.122271935434021 ], [ -71.992168839100131, 42.118661785846562 ], [ -71.986550887862677, 42.118685783876444 ], [ -71.983769511323402, 42.122319933846889 ], [ -71.97815123322674, 42.12234351979874 ], [ -71.975314972767364, 42.118732953473618 ], [ -71.969697009007049, 42.118756125040385 ], [ -71.966861389598691, 42.115145347865869 ], [ -71.969643419563127, 42.111511604899789 ], [ -71.975260742345199, 42.111488435592683 ], [ -71.978096676092349, 42.115099006992132 ], [ -71.983714313139757, 42.115075423346696 ], [ -71.986495375488246, 42.111441270608204 ], [ -71.992112685751749, 42.111417274931355 ], [ -71.994949574591956, 42.115027429640065 ], [ -72.000567197753185, 42.115003019123705 ], [ -72.003404721736885, 42.118612960483361 ], [ -72.000624318928445, 42.122247522433781 ], [ -71.995006054869762, 42.122271935434021 ] ] ], [ [ [ -71.977987599157913, 42.10060995798402 ], [ -71.983603954545458, 42.100586378950979 ], [ -71.986439875777236, 42.104196749560678 ], [ -71.983659127548549, 42.107830905009571 ], [ -71.978042131404166, 42.107854486348728 ], [ -71.975206524294023, 42.104243909932784 ], [ -71.977987599157913, 42.10060995798402 ] ] ], [ [ [ -72.003462169840503, 42.125857458444223 ], [ -72.009080737434928, 42.125832626473972 ], [ -72.011919229246757, 42.129442351052582 ], [ -72.009138839616824, 42.133077113626065 ], [ -72.003519631049159, 42.13310194838737 ], [ -72.000681453133396, 42.129492017784017 ], [ -72.003462169840503, 42.125857458444223 ] ] ], [ [ [ -72.103906550713148, 42.052923557848757 ], [ -72.101066254188638, 42.049316075095994 ], [ -72.103837725043846, 42.045679041010004 ], [ -72.109449164926119, 42.045649286666723 ], [ -72.112289773242438, 42.049256563061348 ], [ -72.10951862993322, 42.052893800157229 ], [ -72.112359565868076, 42.056501071446185 ], [ -72.109588110769465, 42.06013830677928 ], [ -72.112429374398431, 42.063745572904736 ], [ -72.109657607440241, 42.067382806417434 ], [ -72.104044249107361, 42.067412570806276 ], [ -72.101203297410535, 42.06380509833344 ], [ -72.103975392065863, 42.060168067819291 ], [ -72.101134767992988, 42.056560590177568 ], [ -72.103906550713148, 42.052923557848757 ] ] ], [ [ [ -72.137942502733296, 42.088963259800671 ], [ -72.135171096265978, 42.092601098301472 ], [ -72.129555522255316, 42.092632113569501 ], [ -72.126783475583096, 42.096269747158857 ], [ -72.121167573283188, 42.096300351097412 ], [ -72.118324357911561, 42.092693318003121 ], [ -72.121096732799728, 42.089055887341921 ], [ -72.118253845570777, 42.085448848800247 ], [ -72.112638895472202, 42.085479034568593 ], [ -72.10979664830711, 42.081871784280665 ], [ -72.112569039195051, 42.078234554581329 ], [ -72.118183349302427, 42.078204372209179 ], [ -72.121025908464446, 42.081811416140361 ], [ -72.126640530495521, 42.081780819088124 ], [ -72.129483729645713, 42.085387651252944 ], [ -72.135098663524758, 42.085356639474774 ], [ -72.137942502733296, 42.088963259800671 ] ] ], [ [ [ -72.126926485869504, 42.110758644982418 ], [ -72.129770998326009, 42.114365455032036 ], [ -72.126998015476204, 42.118003082262874 ], [ -72.121380191677801, 42.118033696533146 ], [ -72.118535991423514, 42.114426680128183 ], [ -72.112918479900074, 42.114456879484216 ], [ -72.110144527958212, 42.118094098642707 ], [ -72.112988415864137, 42.121701321377543 ], [ -72.118606568109016, 42.12167111862383 ], [ -72.121451096809167, 42.125278129349923 ], [ -72.118677160894464, 42.128915549154037 ], [ -72.11305836778196, 42.128945755305708 ], [ -72.110214151500529, 42.125338538255122 ], [ -72.104595670879547, 42.125368329444797 ], [ -72.101820765645257, 42.129005341036304 ], [ -72.104664669361739, 42.132612764385868 ], [ -72.101889451489086, 42.136249773586918 ], [ -72.09627000154309, 42.136279156469904 ], [ -72.093426410537802, 42.132671526846877 ], [ -72.096201956718559, 42.129034720614456 ], [ -72.093358693947934, 42.125427085296366 ], [ -72.096133927414513, 42.121790276679185 ], [ -72.093290992802778, 42.118182635724004 ], [ -72.096065913625623, 42.114545824779633 ], [ -72.093223307097034, 42.110938178245199 ], [ -72.087606092342881, 42.110967136391153 ], [ -72.084764126397332, 42.107359278065829 ], [ -72.087539062581598, 42.103722667864211 ], [ -72.093155636825429, 42.103693712975435 ], [ -72.095997915346601, 42.107301365031255 ], [ -72.101614802092698, 42.107271995365949 ], [ -72.104388769834301, 42.103634976948712 ], [ -72.101546178883609, 42.100027531187912 ], [ -72.104319834268409, 42.096390510610611 ], [ -72.109935752577186, 42.096360732823669 ], [ -72.112778655811368, 42.099967972263961 ], [ -72.11000532850197, 42.103605195811504 ], [ -72.112848559884299, 42.107212429741217 ], [ -72.11846543083243, 42.107182233782531 ], [ -72.121309302716696, 42.110789255808477 ], [ -72.126926485869504, 42.110758644982418 ] ] ], [ [ [ -72.126426235014392, 42.060047372288473 ], [ -72.120813532292317, 42.060077959013455 ], [ -72.117971956876943, 42.056470899260852 ], [ -72.120742772494452, 42.05283345918177 ], [ -72.126354835738482, 42.052802875898585 ], [ -72.129196722794461, 42.05640972925287 ], [ -72.134809097605952, 42.056378731430996 ], [ -72.137651624136922, 42.059985373156287 ], [ -72.134881464340026, 42.063623219121681 ], [ -72.129268449980387, 42.063654220432156 ], [ -72.126426235014392, 42.060047372288473 ] ] ], [ [ [ -72.129627331234829, 42.099876568381831 ], [ -72.135243545523096, 42.099845549623687 ], [ -72.13808804152518, 42.103452158902726 ], [ -72.135316011301782, 42.107089993325907 ], [ -72.129699156589879, 42.107121015574485 ], [ -72.126854972573668, 42.103514199909249 ], [ -72.129627331234829, 42.099876568381831 ] ] ], [ [ [ -72.129986621877237, 42.136098725839261 ], [ -72.135606039745184, 42.136067689625925 ], [ -72.138452179059058, 42.139674270274874 ], [ -72.135678588216507, 42.143312093496284 ], [ -72.130058529193931, 42.143343133201569 ], [ -72.127212702217321, 42.13973634619331 ], [ -72.129986621877237, 42.136098725839261 ] ] ], [ [ [ -72.104940820769855, 42.161590421615273 ], [ -72.102095603074517, 42.157983021603215 ], [ -72.104871759285146, 42.154346019919181 ], [ -72.110492804557865, 42.154316215322133 ], [ -72.113268319312553, 42.150679008144238 ], [ -72.118889035905639, 42.150648791796947 ], [ -72.121734879148164, 42.154255779228571 ], [ -72.127355908368131, 42.154225147732831 ], [ -72.130202393060486, 42.157831922873001 ], [ -72.12742753595731, 42.161469535831799 ], [ -72.130274349621573, 42.165076304951057 ], [ -72.127499179896503, 42.168713915329562 ], [ -72.121876867483323, 42.168744553717573 ], [ -72.11910105601487, 42.17238195859241 ], [ -72.12194788596176, 42.175988927945113 ], [ -72.127570840191268, 42.1759582861105 ], [ -72.130346322608702, 42.17232067836995 ], [ -72.135968947713621, 42.172289624693882 ], [ -72.138816732239079, 42.175896175265059 ], [ -72.136041579019235, 42.179533985844593 ], [ -72.138889692815269, 42.183140530226453 ], [ -72.136114226908731, 42.186778338104702 ], [ -72.13049031788357, 42.186809398767991 ], [ -72.127642516847246, 42.183202648059115 ], [ -72.12201892065481, 42.183233293340599 ], [ -72.119242483438043, 42.186870692778001 ], [ -72.122089971568045, 42.190477649788448 ], [ -72.127714209870021, 42.190447001059766 ], [ -72.130562340182593, 42.194053745515994 ], [ -72.127785919265193, 42.197691344996905 ], [ -72.130634378930154, 42.201298083142547 ], [ -72.127857645038404, 42.204935679754939 ], [ -72.122232122077293, 42.204966335378877 ], [ -72.119383975459783, 42.201359390942464 ], [ -72.113758765619167, 42.201389631089882 ], [ -72.110981059965923, 42.205026819074718 ], [ -72.105355520913534, 42.205056647145831 ], [ -72.102508329971727, 42.201449283877643 ], [ -72.096883104262687, 42.201478696517235 ], [ -72.094036555731719, 42.197871120755238 ], [ -72.088411643442086, 42.197900118009244 ], [ -72.08556573725123, 42.194292329826098 ], [ -72.088344429878703, 42.190655750593955 ], [ -72.085498852458883, 42.187047956247127 ], [ -72.088277231661024, 42.183411374117199 ], [ -72.093900859563163, 42.183382383384 ], [ -72.096746750334674, 42.186989971520596 ], [ -72.093968699901254, 42.190626756600487 ], [ -72.096814919514486, 42.194234338578781 ], [ -72.102439502885744, 42.194204929246624 ], [ -72.105286364763089, 42.197812298783624 ], [ -72.110911261407054, 42.197782474066798 ], [ -72.113688653863051, 42.194145283167174 ], [ -72.110841478786057, 42.190538119880685 ], [ -72.113618558115419, 42.186900926123904 ], [ -72.110771712097431, 42.183293756631933 ], [ -72.113548478370774, 42.179656560075642 ], [ -72.110701961335778, 42.176049384436112 ], [ -72.113478414623643, 42.172412185137986 ], [ -72.110632226495582, 42.168805003408835 ], [ -72.113408366868555, 42.165167801426485 ], [ -72.119030366513911, 42.165137578280628 ], [ -72.121805865213972, 42.16150017077355 ], [ -72.11895969314601, 42.157893189310286 ], [ -72.113338335100011, 42.157923409056735 ], [ -72.110562507571444, 42.161560613665678 ], [ -72.104940820769855, 42.161590421615273 ] ] ], [ [ [ -72.147140283092995, 42.164982327367994 ], [ -72.152762249737464, 42.164950450151586 ], [ -72.155610659201784, 42.168556587981492 ], [ -72.152836789674282, 42.172194809410996 ], [ -72.147214181295254, 42.172226690213989 ], [ -72.144366084227102, 42.168620346000701 ], [ -72.147140283092995, 42.164982327367994 ] ] ], [ [ [ -72.194966489611943, 42.168324750626375 ], [ -72.189344245848901, 42.16835869732018 ], [ -72.186493928803642, 42.1647533976505 ], [ -72.189265543668427, 42.161114357787028 ], [ -72.194887145785174, 42.161080414913229 ], [ -72.197737774634618, 42.164685508083046 ], [ -72.203359688482067, 42.16465114978871 ], [ -72.206210958974467, 42.168256030171001 ], [ -72.203440003940429, 42.171895475367371 ], [ -72.197817448376497, 42.17192983752858 ], [ -72.194966489611943, 42.168324750626375 ] ] ], [ [ [ -72.181027511828503, 42.179275601863786 ], [ -72.178254631195387, 42.182914431522946 ], [ -72.181105295915714, 42.186519925052437 ], [ -72.178332103117896, 42.190158752097155 ], [ -72.181183097765611, 42.193764239232408 ], [ -72.178409592732763, 42.197403063605037 ], [ -72.172784763072613, 42.197436198137567 ], [ -72.169934080732972, 42.193830504569419 ], [ -72.172707915696506, 42.190191882901821 ], [ -72.169857563213938, 42.18658618293405 ], [ -72.164233688103366, 42.186618898221269 ], [ -72.161383977715644, 42.183012985493669 ], [ -72.164157830075553, 42.179374563897191 ], [ -72.169781063164308, 42.179341852290619 ], [ -72.172554273575443, 42.175703225347903 ], [ -72.178177176959224, 42.17567010199798 ], [ -72.181027511828503, 42.179275601863786 ] ] ], [ [ [ -72.104733683586488, 42.139857191188952 ], [ -72.110353446240708, 42.139827393296159 ], [ -72.113198319500697, 42.143434598804554 ], [ -72.110423117449415, 42.147071808493791 ], [ -72.104802713559152, 42.147101609738549 ], [ -72.101958153004986, 42.143494197941934 ], [ -72.104733683586488, 42.139857191188952 ] ] ], [ [ [ -72.079543909624064, 42.150854518246739 ], [ -72.076700616310717, 42.147246481916945 ], [ -72.079477757689048, 42.143610089167915 ], [ -72.08509786418665, 42.14358152974345 ], [ -72.08794147057435, 42.147189359856164 ], [ -72.085164657438881, 42.150825955610259 ], [ -72.088008592142288, 42.15443377990681 ], [ -72.08523146593474, 42.158070373051352 ], [ -72.088075729029683, 42.161678191473783 ], [ -72.093697431450153, 42.161649210519698 ], [ -72.096542336152226, 42.165256816783717 ], [ -72.102164351638876, 42.165227420678406 ], [ -72.105009898018665, 42.168834814711303 ], [ -72.102233115896809, 42.172471811095917 ], [ -72.096610458658887, 42.172501210507491 ], [ -72.093765225342935, 42.168893610228039 ], [ -72.088142881241779, 42.168922594441526 ], [ -72.085298289679457, 42.16531478195111 ], [ -72.079676258790968, 42.165343351012446 ], [ -72.076832308911619, 42.161735326383713 ], [ -72.079610076656323, 42.158098938900103 ], [ -72.076766455097882, 42.154490908391899 ], [ -72.079543909624064, 42.150854518246739 ] ] ], [ [ [ -72.071406317466668, 42.183496691759068 ], [ -72.068626967589822, 42.187132865022448 ], [ -72.063002996014205, 42.187160616395587 ], [ -72.06022300400889, 42.19079658369612 ], [ -72.06306731201083, 42.194405002642419 ], [ -72.060287006210913, 42.198040966946863 ], [ -72.054662063950389, 42.198068309265345 ], [ -72.051818069816036, 42.194459684205611 ], [ -72.054598704025707, 42.190823922940965 ], [ -72.051755038227412, 42.187215291811803 ], [ -72.054535358566667, 42.183579527556745 ], [ -72.060159016419163, 42.18355219138526 ], [ -72.062938694700748, 42.179916221146314 ], [ -72.060095043436789, 42.17630779012984 ], [ -72.054472027568309, 42.176335123228249 ], [ -72.051629018214754, 42.172726480133939 ], [ -72.054408711025687, 42.16909071007106 ], [ -72.060031085056707, 42.169063380045493 ], [ -72.062810136103138, 42.16542740410268 ], [ -72.06843218195398, 42.165399662088596 ], [ -72.07127581847125, 42.169007892898058 ], [ -72.068497095677927, 42.172644071876647 ], [ -72.07134106052122, 42.176252296743286 ], [ -72.068562024221521, 42.179888472893126 ], [ -72.071406317466668, 42.183496691759068 ] ] ], [ [ [ -72.147509942875047, 42.201204052685846 ], [ -72.144660527985749, 42.197597733556044 ], [ -72.139035663953464, 42.197629213187987 ], [ -72.136186891387794, 42.194022681358646 ], [ -72.138962670051498, 42.190384876239293 ], [ -72.144586891833228, 42.190353400148283 ], [ -72.147362028319449, 42.186715389463501 ], [ -72.152985920607236, 42.186683501486414 ], [ -72.155835318534258, 42.190289620606734 ], [ -72.153060511615038, 42.193927834071246 ], [ -72.155910239182106, 42.197533946839151 ], [ -72.153135119658174, 42.201172157533392 ], [ -72.147509942875047, 42.201204052685846 ] ] ], [ [ [ -72.2318033755638, 42.193452393191052 ], [ -72.229032788313717, 42.197092441176309 ], [ -72.22340801351244, 42.197128058030728 ], [ -72.2206367839688, 42.200767900869579 ], [ -72.223490659835477, 42.20437232940958 ], [ -72.220719118509464, 42.20801216960546 ], [ -72.215093370680094, 42.208047378684974 ], [ -72.212239806668919, 42.2044427436064 ], [ -72.215011678582712, 42.20080310598707 ], [ -72.212158445085706, 42.197198464303831 ], [ -72.214930005140559, 42.193558824047265 ], [ -72.21207710208121, 42.189954175817363 ], [ -72.206452950779934, 42.18998896132036 ], [ -72.203600689873369, 42.186384100072509 ], [ -72.206372268427515, 42.18274465985111 ], [ -72.211995777649022, 42.18270987826255 ], [ -72.214848350347296, 42.186314532981143 ], [ -72.220472171286957, 42.186279335786672 ], [ -72.223325386061518, 42.18988377746728 ], [ -72.228949518642821, 42.189848164621104 ], [ -72.2318033755638, 42.193452393191052 ] ] ], [ [ [ -72.198056578767833, 42.19366277273172 ], [ -72.203681060360523, 42.193628398967832 ], [ -72.206533651558047, 42.197233253721606 ], [ -72.203761449203199, 42.200872688737569 ], [ -72.198136325307601, 42.200907066369638 ], [ -72.19528404611863, 42.197302005117393 ], [ -72.198056578767833, 42.19366277273172 ] ] ], [ [ [ -72.231886975889154, 42.20069666315235 ], [ -72.237512062325592, 42.20066063055355 ], [ -72.24036689226422, 42.204264639293662 ], [ -72.237596324183173, 42.207904887216401 ], [ -72.231970595309932, 42.207940923870716 ], [ -72.22911607700344, 42.204336708546585 ], [ -72.231886975889154, 42.20069666315235 ] ] ], [ [ [ -72.139108674526895, 42.204873540956989 ], [ -72.144734180956448, 42.204842057783793 ], [ -72.147583925491574, 42.20844837049782 ], [ -72.144807850751064, 42.212086372715866 ], [ -72.139181701777488, 42.212117859430634 ], [ -72.136332270137373, 42.208511340385613 ], [ -72.139108674526895, 42.204873540956989 ] ] ], [ [ [ -72.079213300817898, 42.114632290908013 ], [ -72.084830843509664, 42.114603744328839 ], [ -72.087673137392215, 42.118211597127399 ], [ -72.084897575839548, 42.1218482027436 ], [ -72.079279392415671, 42.121876752533652 ], [ -72.076437411325301, 42.118268693496468 ], [ -72.079213300817898, 42.114632290908013 ] ] ], [ [ [ -72.045507940863374, 42.114797785623914 ], [ -72.051125512969833, 42.11477089183483 ], [ -72.053965899572461, 42.118379580473388 ], [ -72.051188400881585, 42.122015369048114 ], [ -72.04557018803294, 42.122042265861339 ], [ -72.042730114666057, 42.118433371075547 ], [ -72.045507940863374, 42.114797785623914 ] ] ], [ [ [ -72.051503055722037, 42.15823763337302 ], [ -72.045881636968431, 42.158264545310921 ], [ -72.043101929855325, 42.161900115102128 ], [ -72.037480183214541, 42.161926615049808 ], [ -72.034638785284997, 42.158317542227266 ], [ -72.029017352452783, 42.158343627205028 ], [ -72.026176596074635, 42.154734342575225 ], [ -72.028956958668559, 42.151099179042276 ], [ -72.034577750022251, 42.151073096996569 ], [ -72.037357471210527, 42.147437727572687 ], [ -72.034516728685517, 42.143828643342516 ], [ -72.037296136206123, 42.14019327122778 ], [ -72.042915958638119, 42.140166780215957 ], [ -72.045757014757257, 42.143775658340637 ], [ -72.042977934899056, 42.147411233582503 ], [ -72.045819318753431, 42.151020106037706 ], [ -72.051440096033346, 42.150993197125267 ], [ -72.054282121287869, 42.154601857732878 ], [ -72.051503055722037, 42.15823763337302 ] ] ], [ [ [ -72.012211509264205, 42.165664676446781 ], [ -72.009429549454453, 42.169299425074371 ], [ -72.003807133825234, 42.169324273794608 ], [ -72.000967319759795, 42.165714371094865 ], [ -71.995345207366341, 42.165738799148855 ], [ -71.992506028437262, 42.162128681503141 ], [ -71.995288649686529, 42.158494342803579 ], [ -72.000910120339412, 42.158469917276449 ], [ -72.003692093350281, 42.154835368955482 ], [ -72.00931322571563, 42.154810525819535 ], [ -72.012153026579952, 42.158420228212648 ], [ -72.009371380948053, 42.162054979744717 ], [ -72.012211509264205, 42.165664676446781 ] ] ], [ [ [ -72.037602951244139, 42.176415468139744 ], [ -72.034821974676959, 42.180050826223827 ], [ -72.037664356280544, 42.18365988150066 ], [ -72.034883065691417, 42.187295236605628 ], [ -72.037725775337748, 42.190904285918066 ], [ -72.034944170655763, 42.194539637986288 ], [ -72.037787208420553, 42.1981486812764 ], [ -72.035005289574755, 42.201784030250209 ], [ -72.029380004794106, 42.201810132825521 ], [ -72.026537281266144, 42.198200883493314 ], [ -72.029319528233117, 42.194565737628032 ], [ -72.026477132752632, 42.19095648226812 ], [ -72.029259065480076, 42.187321333314067 ], [ -72.026416997971367, 42.183712071984353 ], [ -72.029198616530252, 42.18007691999923 ], [ -72.026356876917632, 42.176467652757601 ], [ -72.029138181378897, 42.17283249779905 ], [ -72.026296769586736, 42.169223224703458 ], [ -72.020674367384032, 42.16924890052848 ], [ -72.017833597365353, 42.165639415593297 ], [ -72.020614915471853, 42.162004460876794 ], [ -72.026236675973976, 42.161978787937485 ], [ -72.029077760021323, 42.165588066829116 ], [ -72.034699834478516, 42.165561978919072 ], [ -72.037541560223744, 42.169171045950954 ], [ -72.034760897607569, 42.17280640695644 ], [ -72.037602951244139, 42.176415468139744 ] ] ], [ [ [ -72.003922226828195, 42.183813143790317 ], [ -72.00954592630741, 42.183788289484824 ], [ -72.012387037432305, 42.187397968766227 ], [ -72.00960413466305, 42.191032708334468 ], [ -72.003979793038923, 42.191057565432963 ], [ -72.001196248051059, 42.194692098683255 ], [ -71.99557156728784, 42.194716536916516 ], [ -71.992731078076417, 42.191106441722283 ], [ -71.995514957918289, 42.187472115847747 ], [ -71.992674796390759, 42.183862014953846 ], [ -71.995458361477787, 42.180227685786512 ], [ -72.001081757774543, 42.180203252657229 ], [ -72.003922226828195, 42.183813143790317 ] ] ], [ [ [ -72.003577105367327, 42.140346430197297 ], [ -72.009196955054549, 42.140321592644682 ], [ -72.012036101241748, 42.143931306246294 ], [ -72.009255083752649, 42.147566063414331 ], [ -72.003634592799543, 42.147590903758505 ], [ -72.00079576065022, 42.143980984142942 ], [ -72.003577105367327, 42.140346430197297 ] ] ], [ [ [ -72.038094584386883, 42.234370518135648 ], [ -72.035311093656958, 42.238005850772076 ], [ -72.02968259488388, 42.23803196801898 ], [ -72.026838229982019, 42.234422749694488 ], [ -72.029622049212151, 42.230787620138265 ], [ -72.035249904892936, 42.230761505826187 ], [ -72.038033081103919, 42.227126169806901 ], [ -72.035188730107492, 42.223517151185398 ], [ -72.029561517372059, 42.223543262562906 ], [ -72.026717809247145, 42.219934031661509 ], [ -72.029500999358817, 42.216298895408578 ], [ -72.026657619508697, 42.212689658305621 ], [ -72.029440495167762, 42.209054518790907 ], [ -72.035066422453184, 42.209028413281779 ], [ -72.03791011668217, 42.212637444353454 ], [ -72.035127569295824, 42.216272786965391 ], [ -72.03797159187063, 42.219881811840928 ], [ -72.043598476183732, 42.219855288052969 ], [ -72.046443141554207, 42.223464100628391 ], [ -72.052070340167546, 42.223437161449603 ], [ -72.05491564840473, 42.227045761652185 ], [ -72.060543161242435, 42.227018407036532 ], [ -72.063324722929423, 42.223382455293127 ], [ -72.060479100541016, 42.219774061182356 ], [ -72.063260348149882, 42.216138106212178 ], [ -72.068886889411857, 42.216110342356494 ], [ -72.071732825804617, 42.219718530349859 ], [ -72.068951906980004, 42.223354688316135 ], [ -72.071798172230132, 42.226962869961142 ], [ -72.069016939403383, 42.230599024694946 ], [ -72.063389112417283, 42.230626794793515 ], [ -72.06060723658122, 42.234262743252451 ], [ -72.054979080732039, 42.234290100943085 ], [ -72.052133443779383, 42.230681507099654 ], [ -72.046505602225537, 42.230708449306526 ], [ -72.043722754585872, 42.234343988385014 ], [ -72.038094584386883, 42.234370518135648 ] ] ], [ [ [ -72.009895375915249, 42.227254664403283 ], [ -72.012679851705016, 42.223619941087478 ], [ -72.009837101053094, 42.220010291998825 ], [ -72.004210189381865, 42.220035160271706 ], [ -72.001368081535006, 42.216425299068817 ], [ -72.004152570562127, 42.212790775553025 ], [ -72.009778839501351, 42.212765910074104 ], [ -72.012621262096502, 42.216375565317179 ], [ -72.018247845710221, 42.216350284584813 ], [ -72.02109091103469, 42.219959727693393 ], [ -72.01830707812185, 42.223594657514269 ], [ -72.02115047164996, 42.227204094415946 ], [ -72.018366324066548, 42.230839020865275 ], [ -72.012738454699672, 42.23086430727956 ], [ -72.009895375915249, 42.227254664403283 ] ] ], [ [ [ -72.004037372395146, 42.198301978018037 ], [ -72.009662356310898, 42.19827711812632 ], [ -72.01250412301961, 42.201886785504421 ], [ -72.009720591255487, 42.205521518744732 ], [ -72.004094964901384, 42.205546381429933 ], [ -72.001253512798669, 42.201936508081182 ], [ -72.004037372395146, 42.198301978018037 ] ] ], [ [ [ -72.071667494305245, 42.212474181215448 ], [ -72.068821886693868, 42.208865986931706 ], [ -72.06319598807363, 42.20889374766633 ], [ -72.060351023030265, 42.205285341021913 ], [ -72.063131642695623, 42.201649379771197 ], [ -72.068756898820908, 42.20162162215734 ], [ -72.071602177726859, 42.205229822673566 ], [ -72.077227747641018, 42.205201649718312 ], [ -72.080073669039024, 42.208809637853697 ], [ -72.077293706785198, 42.212446005092559 ], [ -72.071667494305245, 42.212474181215448 ] ] ], [ [ [ -72.113899037178783, 42.215878299111083 ], [ -72.111120704919088, 42.219515481093332 ], [ -72.10549388060943, 42.219545315873944 ], [ -72.102714905573976, 42.223182291894609 ], [ -72.097087751970932, 42.223211714458223 ], [ -72.09424021623046, 42.219604157692714 ], [ -72.088613376259076, 42.219633164730105 ], [ -72.085766483299111, 42.216025395385806 ], [ -72.088546116627001, 42.212388825192932 ], [ -72.085699552666114, 42.208781049511074 ], [ -72.088478872356433, 42.205144476247455 ], [ -72.094104427059861, 42.20511547573259 ], [ -72.096951304584593, 42.208723045220374 ], [ -72.102577172778155, 42.208693629273078 ], [ -72.105424692860495, 42.212300986214473 ], [ -72.11105087446812, 42.212271154788752 ], [ -72.113899037178783, 42.215878299111083 ] ] ], [ [ [ -72.223573325037094, 42.211616591488195 ], [ -72.229199384718498, 42.211580966616253 ], [ -72.232054233832699, 42.215185175230502 ], [ -72.229282711465416, 42.218825215269717 ], [ -72.223656009123772, 42.218860844150967 ], [ -72.220801471858579, 42.215256428983466 ], [ -72.223573325037094, 42.211616591488195 ] ] ], [ [ [ -72.172938510486105, 42.211924800948623 ], [ -72.178564625063984, 42.211891658959402 ], [ -72.181416609952279, 42.215497126564102 ], [ -72.178642167792447, 42.219135942574638 ], [ -72.173015410535498, 42.219169088292688 ], [ -72.17016373816638, 42.215563414271216 ], [ -72.172938510486105, 42.211924800948623 ] ] ], [ [ [ -72.206856639053669, 42.226210330334624 ], [ -72.204002725927111, 42.222605502136851 ], [ -72.198375674242229, 42.222639891375628 ], [ -72.195522403932074, 42.219034849969546 ], [ -72.198295873038546, 42.21539562580724 ], [ -72.203922281980184, 42.215361240437694 ], [ -72.206775864509638, 42.218966075361422 ], [ -72.212402585596919, 42.218931274197253 ], [ -72.215256810866222, 42.222535895892591 ], [ -72.212484002954483, 42.226175525254305 ], [ -72.206856639053669, 42.226210330334624 ] ] ], [ [ [ -72.147657925008332, 42.215692678956202 ], [ -72.153284386873779, 42.215660776627161 ], [ -72.156135103818713, 42.219266869990037 ], [ -72.153359046057915, 42.222905072027515 ], [ -72.14773194143109, 42.222936977945317 ], [ -72.144881537375397, 42.219330678236695 ], [ -72.147657925008332, 42.215692678956202 ] ] ], [ [ [ -72.130850593920599, 42.223031040137201 ], [ -72.128072920682257, 42.226668627798084 ], [ -72.130922698518816, 42.230275340121672 ], [ -72.128144712023698, 42.233912924683374 ], [ -72.122516617982669, 42.23394359410144 ], [ -72.119667153476044, 42.23033667550861 ], [ -72.11403937283815, 42.230366929262573 ], [ -72.111190551324327, 42.226759797872802 ], [ -72.113969196993239, 42.223122618978358 ], [ -72.119596334711517, 42.223092368626482 ], [ -72.122374337533969, 42.219454983791536 ], [ -72.128001145741308, 42.219424321271141 ], [ -72.130850593920599, 42.223031040137201 ] ] ], [ [ [ -72.164765179668294, 42.237328979799173 ], [ -72.170393553040128, 42.237296238738431 ], [ -72.173169263349706, 42.233657634279773 ], [ -72.178797306405428, 42.233624481103057 ], [ -72.18165028222235, 42.23722992865541 ], [ -72.178874902302098, 42.2408687357849 ], [ -72.173246216126586, 42.240901892691433 ], [ -72.170470193012775, 42.244540494080127 ], [ -72.164841176444639, 42.244573238824074 ], [ -72.162064510060745, 42.248211634398885 ], [ -72.156435163170499, 42.248243966932641 ], [ -72.153657850581254, 42.251882149917222 ], [ -72.156510212578254, 42.255488196996254 ], [ -72.153732584115616, 42.259126370436654 ], [ -72.148102263301126, 42.259158293989188 ], [ -72.145250214595833, 42.255552040669123 ], [ -72.148028173364253, 42.251914070037735 ], [ -72.145176452285199, 42.248307803894399 ], [ -72.14795409219343, 42.244669816940757 ], [ -72.145102698284347, 42.241063537175116 ], [ -72.139473977665943, 42.241095038059179 ], [ -72.136696007727053, 42.244732822251805 ], [ -72.131066957151205, 42.24476391087606 ], [ -72.128216519771243, 42.24115721181137 ], [ -72.130994819593809, 42.23751963040651 ], [ -72.136623226961675, 42.237488545278424 ], [ -72.139400883649472, 42.23385075792325 ], [ -72.13655046282571, 42.230244258489449 ], [ -72.139327806333057, 42.226606468029424 ], [ -72.144955240835216, 42.22657497423063 ], [ -72.147805974765674, 42.230181267349565 ], [ -72.153433722300761, 42.230149357842677 ], [ -72.156285099212695, 42.233755437979013 ], [ -72.161913159704369, 42.23372311271816 ], [ -72.164765179668294, 42.237328979799173 ] ] ], [ [ [ -72.181494482913791, 42.222741403553215 ], [ -72.187121552686619, 42.222707842084262 ], [ -72.189974510630577, 42.226313089947261 ], [ -72.187200086337597, 42.229952105710517 ], [ -72.181572373668459, 42.22998567095555 ], [ -72.178719728237567, 42.226380216661077 ], [ -72.181494482913791, 42.222741403553215 ] ] ], [ [ [ -72.223738712101948, 42.226105087282249 ], [ -72.229366057250701, 42.2260694543914 ], [ -72.232221568210392, 42.229673649411893 ], [ -72.229449422080904, 42.233313683865561 ], [ -72.223821433978173, 42.233349320766393 ], [ -72.220966235007893, 42.229744919203362 ], [ -72.223738712101948, 42.226105087282249 ] ] ], [ [ [ -72.097155999046052, 42.230456034761652 ], [ -72.102783795574169, 42.230426608889466 ], [ -72.105632303534875, 42.234033946502791 ], [ -72.10285270131638, 42.237670916186183 ], [ -72.097224261716249, 42.23770034536723 ], [ -72.094376067455599, 42.234092801555882 ], [ -72.097155999046052, 42.230456034761652 ] ] ], [ [ [ -72.086235397945245, 42.266735481001717 ], [ -72.080604368828276, 42.266764094592659 ], [ -72.077755820523635, 42.263156172087584 ], [ -72.07212510573693, 42.263184369994903 ], [ -72.069277201201729, 42.259576234847572 ], [ -72.072059697071381, 42.255940107825531 ], [ -72.077689768162287, 42.255911912929498 ], [ -72.080471620409739, 42.252275579340072 ], [ -72.077623728626918, 42.248667638534464 ], [ -72.080405260511398, 42.24503128748627 ], [ -72.086034358790542, 42.24500268306825 ], [ -72.088882568507572, 42.248610426482671 ], [ -72.094511980777838, 42.248581406396838 ], [ -72.097292539986867, 42.244944646159276 ], [ -72.102921622806022, 42.244915213669081 ], [ -72.105770789733185, 42.248522538107153 ], [ -72.102990556497232, 42.252159493107179 ], [ -72.097360830233043, 42.25218892874841 ], [ -72.094579951036536, 42.255825671811237 ], [ -72.097429127707244, 42.259433182185383 ], [ -72.103059497585747, 42.259403743392696 ], [ -72.105840047130187, 42.25576679737744 ], [ -72.111470087283095, 42.255736946055187 ], [ -72.11432022152772, 42.25934403754993 ], [ -72.111540001782501, 42.262981186490848 ], [ -72.105909317944381, 42.263011041011488 ], [ -72.103128454440395, 42.266647983521246 ], [ -72.105978604601006, 42.270255274430554 ], [ -72.11160993227152, 42.270225416711305 ], [ -72.114390465899945, 42.266588271281535 ], [ -72.120021463621342, 42.266558000986954 ], [ -72.122872571568479, 42.270164872876784 ], [ -72.12009236796284, 42.273802221199858 ], [ -72.122943806006418, 42.277409086275078 ], [ -72.120163288523116, 42.281046431023597 ], [ -72.114531002847912, 42.281076707809483 ], [ -72.111679878755666, 42.277469636600891 ], [ -72.10604790710552, 42.277499497518974 ], [ -72.103197427066604, 42.273892213377138 ], [ -72.097565769517857, 42.273921658473498 ], [ -72.094783948001123, 42.277558390863732 ], [ -72.089151960645083, 42.277587423289695 ], [ -72.086369495069718, 42.281223949050492 ], [ -72.089219346611259, 42.284831645341939 ], [ -72.094851978099626, 42.284802609810441 ], [ -72.097634113865013, 42.281165881093187 ], [ -72.103266415469761, 42.28113643284464 ], [ -72.106117225463336, 42.28474371016101 ], [ -72.103335419655281, 42.28838064180799 ], [ -72.106186559679912, 42.291987912240906 ], [ -72.111819819731309, 42.291958044924321 ], [ -72.114671604103961, 42.295565102318839 ], [ -72.111889814233777, 42.299202233126735 ], [ -72.106255909760691, 42.299232103642936 ], [ -72.10347347539512, 42.302869027759343 ], [ -72.09783924073821, 42.302898485466045 ], [ -72.094988084994142, 42.299291015903236 ], [ -72.089354164798991, 42.299320057646575 ], [ -72.086503653555766, 42.295712375085721 ], [ -72.089286747994123, 42.292075856832803 ], [ -72.086436566639918, 42.288468167377665 ], [ -72.080803605338943, 42.288496790144571 ], [ -72.07795406826709, 42.284888887816713 ], [ -72.072321421509514, 42.284917094759301 ], [ -72.06947252864893, 42.281308979631511 ], [ -72.072255967950852, 42.2776728635775 ], [ -72.077887970570856, 42.277644659646917 ], [ -72.080670765808918, 42.274008336869294 ], [ -72.086302438839923, 42.273979720219927 ], [ -72.089084590090337, 42.270343190791792 ], [ -72.086235397945245, 42.266735481001717 ] ] ], [ [ [ -72.069147048836186, 42.245087668247542 ], [ -72.0719943011146, 42.24869583049967 ], [ -72.069212121825615, 42.252331966120977 ], [ -72.063582365070133, 42.252359745426325 ], [ -72.060735431191048, 42.248751386306957 ], [ -72.05510598887787, 42.248778750148297 ], [ -72.05232283687748, 42.252414475865137 ], [ -72.046693065538392, 42.252441426997919 ], [ -72.043847089793829, 42.24883264970466 ], [ -72.046630566390576, 42.245197117460911 ], [ -72.05225969426634, 42.24517016919711 ], [ -72.055042527554761, 42.241534430480343 ], [ -72.060671326562428, 42.241507069714487 ], [ -72.063517935538187, 42.245115444590063 ], [ -72.069147048836186, 42.245087668247542 ] ] ], [ [ [ -72.136987260203171, 42.273709743697992 ], [ -72.131355634944413, 42.273740845678503 ], [ -72.128503883096755, 42.270134186762242 ], [ -72.131283442801973, 42.266496632050142 ], [ -72.128432021121583, 42.262889966324671 ], [ -72.122801353420158, 42.262920649147077 ], [ -72.119950575493064, 42.259313770500597 ], [ -72.122730151555885, 42.255676415201641 ], [ -72.128360175577626, 42.255645735671131 ], [ -72.131211267167188, 42.25925240814783 ], [ -72.136841604777857, 42.259221312845177 ], [ -72.139693340044289, 42.262827772380717 ], [ -72.136914424163066, 42.266465533408699 ], [ -72.139766489667537, 42.270071986140437 ], [ -72.136987260203171, 42.273709743697992 ] ] ], [ [ [ -72.190368993559474, 42.262534232774058 ], [ -72.187593000703487, 42.266173220513913 ], [ -72.181962071073144, 42.266206804174921 ], [ -72.179107778080549, 42.262601396476512 ], [ -72.181884101754406, 42.258962611444204 ], [ -72.179030139506139, 42.255357196853005 ], [ -72.181806150262148, 42.251718408552705 ], [ -72.187435792574291, 42.251684832130195 ], [ -72.190290067666865, 42.255290040389063 ], [ -72.195920022749775, 42.255256048060481 ], [ -72.19877494142483, 42.25886104307952 ], [ -72.195999592298406, 42.262500236779431 ], [ -72.190368993559474, 42.262534232774058 ] ] ], [ [ [ -72.114109564718973, 42.237611229848028 ], [ -72.119737988423466, 42.23758097269171 ], [ -72.122587782592944, 42.241187884678695 ], [ -72.119808839559283, 42.244825260060118 ], [ -72.114179772641251, 42.244855520619126 ], [ -72.111330292019403, 42.241248402393829 ], [ -72.114109564718973, 42.237611229848028 ] ] ], [ [ [ -72.170700194029081, 42.266273143161527 ], [ -72.173554173959673, 42.269878757161344 ], [ -72.170776893414512, 42.273517332761635 ], [ -72.173631204095486, 42.277122939805281 ], [ -72.170853610344139, 42.280761511970148 ], [ -72.173708251852148, 42.284367111999586 ], [ -72.170930344823972, 42.288005680671276 ], [ -72.165297465408656, 42.288038446575349 ], [ -72.162443137251174, 42.284432640280819 ], [ -72.165221375109368, 42.2807942743475 ], [ -72.162367377708264, 42.277188461033376 ], [ -72.165145302212977, 42.27355009161257 ], [ -72.162291635491627, 42.269944271336861 ], [ -72.156660357572989, 42.26997661423178 ], [ -72.153882102462219, 42.273614780881751 ], [ -72.148250494011151, 42.27364671129925 ], [ -72.145397784611873, 42.270040471633955 ], [ -72.148176370181488, 42.266402507781606 ], [ -72.153807334740634, 42.266370580796725 ], [ -72.156585276492024, 42.26273241072267 ], [ -72.162215910595336, 42.262700071307009 ], [ -72.164993208605026, 42.259061695084412 ], [ -72.170623512181834, 42.259028943285529 ], [ -72.173477161438655, 42.262634564183521 ], [ -72.170700194029081, 42.266273143161527 ] ] ], [ [ [ -72.199094653137848, 42.28783770806838 ], [ -72.204727496704209, 42.287803284934178 ], [ -72.207584383929685, 42.291408038322203 ], [ -72.204808114665042, 42.295047421195221 ], [ -72.199174626783048, 42.295081848043544 ], [ -72.196318052530472, 42.291476888304565 ], [ -72.199094653137848, 42.28783770806838 ] ] ], [ [ [ -71.860454435867567, 42.173486832422256 ], [ -71.866077282514013, 42.173469020520095 ], [ -71.868909770087043, 42.177082254637327 ], [ -71.866119094677117, 42.180713506085567 ], [ -71.860495605783385, 42.180731319641176 ], [ -71.85766343459575, 42.177117880095032 ], [ -71.860454435867567, 42.173486832422256 ] ] ], [ [ [ -71.784561968149333, 42.177322560686449 ], [ -71.79018517409169, 42.177308470484583 ], [ -71.793013508509688, 42.180923573193233 ], [ -71.790218319616187, 42.184552971321509 ], [ -71.784594471340128, 42.184567062756344 ], [ -71.781766454340186, 42.18095175482992 ], [ -71.784561968149333, 42.177322560686449 ] ] ], [ [ [ -71.852080473295118, 42.184379764429657 ], [ -71.849288513168489, 42.188010601039181 ], [ -71.843664372619088, 42.188027588882647 ], [ -71.840871770021707, 42.191658217963393 ], [ -71.835247303752226, 42.191674792880079 ], [ -71.8324160826011, 42.18806073720252 ], [ -71.835209010844977, 42.184430311959616 ], [ -71.840832834642413, 42.184413738556373 ], [ -71.84362512048736, 42.180783105763858 ], [ -71.849248618639606, 42.180766119480502 ], [ -71.852080473295118, 42.184379764429657 ] ] ], [ [ [ -71.832568038705617, 42.217038590738177 ], [ -71.835400562897277, 42.220652624936903 ], [ -71.832606049438368, 42.224283030782416 ], [ -71.835438899577554, 42.227897059466827 ], [ -71.83264406885975, 42.231527461259539 ], [ -71.82701606200456, 42.231543630537125 ], [ -71.824183529197583, 42.227929396554821 ], [ -71.826978685864589, 42.224299198592881 ], [ -71.824146478933073, 42.220684959090761 ], [ -71.826941318266222, 42.217054757081605 ], [ -71.824109437135249, 42.213440512117508 ], [ -71.826903959206547, 42.209810306118939 ], [ -71.824072403801182, 42.206196055750723 ], [ -71.81844664353865, 42.206211806092668 ], [ -71.815615730975068, 42.202597345084229 ], [ -71.818410261434011, 42.198967339027831 ], [ -71.82403537892796, 42.198951590105992 ], [ -71.826866608682607, 42.202565845820473 ], [ -71.83249204329401, 42.202549682410869 ], [ -71.83532391581555, 42.206163727464705 ], [ -71.832530036658483, 42.209794141242448 ], [ -71.835362234977623, 42.213408180897645 ], [ -71.832568038705617, 42.217038590738177 ] ] ], [ [ [ -71.801603807983881, 42.213501863772819 ], [ -71.807230219332595, 42.213486939707451 ], [ -71.810061140064889, 42.217101600626705 ], [ -71.807265331940471, 42.220731390847909 ], [ -71.801638277526578, 42.220746316240024 ], [ -71.798807674351238, 42.217131450084139 ], [ -71.801603807983881, 42.213501863772819 ] ] ], [ [ [ -71.767998412127895, 42.249807816899995 ], [ -71.765198772135037, 42.253436554859334 ], [ -71.768029101146212, 42.257052221998542 ], [ -71.765229144580232, 42.260680955612358 ], [ -71.759598534290674, 42.260693818384311 ], [ -71.756797935172514, 42.264322344060474 ], [ -71.751167000216867, 42.264334793495799 ], [ -71.748337304750891, 42.260718717074788 ], [ -71.751138230689477, 42.257090393673565 ], [ -71.756768523093314, 42.257077945866961 ], [ -71.75956880432274, 42.253449415955892 ], [ -71.756739118790591, 42.249833537466337 ], [ -71.751109468741006, 42.249845983665324 ], [ -71.748280447894913, 42.246229893766525 ], [ -71.751080760585864, 42.242601559387559 ], [ -71.748252064725051, 42.238985464166952 ], [ -71.751052058993466, 42.23535712525441 ], [ -71.748223688040866, 42.231741024773193 ], [ -71.751023363961579, 42.228112681381489 ], [ -71.756651083469848, 42.228100238321638 ], [ -71.759479771582136, 42.231716135661827 ], [ -71.756680421868438, 42.235344681148227 ], [ -71.759509435054042, 42.238960573098083 ], [ -71.765138116294395, 42.238947714454639 ], [ -71.767937140861122, 42.235318964954502 ], [ -71.773565496880764, 42.235305692867229 ], [ -71.776395471796093, 42.238921169140248 ], [ -71.782024145959312, 42.238907482469557 ], [ -71.784822201721568, 42.235278320712524 ], [ -71.790450550444646, 42.235264220645355 ], [ -71.793281486865354, 42.238879281101859 ], [ -71.790483756616609, 42.24250864679923 ], [ -71.793315018624199, 42.246123701713906 ], [ -71.790516970381191, 42.249753063097387 ], [ -71.784887334493206, 42.249767165631447 ], [ -71.782056390553265, 42.246151905548516 ], [ -71.776427072806314, 42.246165593405898 ], [ -71.77359677252349, 42.242550122627847 ], [ -71.767967772992435, 42.242563395855008 ], [ -71.765168430134722, 42.246192141000115 ], [ -71.767998412127895, 42.249807816899995 ] ] ], [ [ [ -71.739740508789481, 42.220892296262818 ], [ -71.734113421916859, 42.22090391714093 ], [ -71.731286660976807, 42.217287392648515 ], [ -71.734086668533635, 42.213659452163341 ], [ -71.739713112567159, 42.213647831903593 ], [ -71.742540191833996, 42.217264151510648 ], [ -71.748166954120691, 42.217252117065783 ], [ -71.750994675487917, 42.220868227884495 ], [ -71.748195317840157, 42.224496575700925 ], [ -71.742567912641945, 42.224508610810901 ], [ -71.739740508789481, 42.220892296262818 ] ] ], [ [ [ -71.73416694702388, 42.235392818465016 ], [ -71.739795320015574, 42.235381196350254 ], [ -71.742623373262958, 42.238997500607006 ], [ -71.739822735023608, 42.242625631847197 ], [ -71.734193718751897, 42.24263725458016 ], [ -71.731365984048566, 42.239020745454724 ], [ -71.73416694702388, 42.235392818465016 ] ] ], [ [ [ -71.776648753447148, 42.296876233725889 ], [ -71.782282571241822, 42.296862533805751 ], [ -71.785115811169035, 42.300477747597178 ], [ -71.782314915324619, 42.30410686670028 ], [ -71.776680454172762, 42.304120568390488 ], [ -71.773847532271574, 42.300505149207439 ], [ -71.776648753447148, 42.296876233725889 ] ] ], [ [ [ -71.76830562782942, 42.322251398337713 ], [ -71.765472373509269, 42.318635786479234 ], [ -71.768274874613567, 42.315007088407448 ], [ -71.773910304678523, 42.314993798562888 ], [ -71.776712162128462, 42.311364892209276 ], [ -71.782347266784697, 42.311351188748837 ], [ -71.785181157593627, 42.314966389871692 ], [ -71.782379625624628, 42.31859549983561 ], [ -71.776743877316676, 42.318609205066473 ], [ -71.77394170162097, 42.32223810676944 ], [ -71.76830562782942, 42.322251398337713 ] ] ], [ [ [ -71.860742822879757, 42.224198052557099 ], [ -71.857949604887338, 42.227829073765108 ], [ -71.852321933113686, 42.227846484130829 ], [ -71.849528071844247, 42.231477297569896 ], [ -71.843900073828607, 42.231494294775757 ], [ -71.841066580409787, 42.227880476981866 ], [ -71.843860767847474, 42.224249867326357 ], [ -71.849488122584759, 42.224232871681117 ], [ -71.852281666817348, 42.220602054235876 ], [ -71.857908695387692, 42.220584645477494 ], [ -71.860742822879757, 42.224198052557099 ] ] ], [ [ [ -71.858154334590225, 42.264051038532649 ], [ -71.852523447370857, 42.264068458029683 ], [ -71.849687994436096, 42.260454882096276 ], [ -71.844057423919992, 42.260471886352676 ], [ -71.841222613521339, 42.256858098664651 ], [ -71.844018056884138, 42.253227512329111 ], [ -71.84118357354572, 42.249613717817077 ], [ -71.843978712751024, 42.245983120510061 ], [ -71.849607997764579, 42.245966120182722 ], [ -71.852442787243405, 42.24957971560157 ], [ -71.858072389509232, 42.249562300413324 ], [ -71.860907831866825, 42.253175677791553 ], [ -71.858113356724871, 42.256806674987985 ], [ -71.860949126290379, 42.260420045292292 ], [ -71.858154334590225, 42.264051038532649 ] ] ], [ [ [ -71.852604145634757, 42.278557158747383 ], [ -71.849808077698782, 42.28218793635088 ], [ -71.852644508575096, 42.285801493499008 ], [ -71.849848123718203, 42.289432266921089 ], [ -71.844214981877883, 42.289449279752063 ], [ -71.84137886799509, 42.285835517016878 ], [ -71.844175578910082, 42.282204947037883 ], [ -71.84133979101091, 42.278591177977532 ], [ -71.844136184929894, 42.274960603822798 ], [ -71.849768040814041, 42.274943595279545 ], [ -71.852604145634757, 42.278557158747383 ] ] ], [ [ [ -71.81027393966049, 42.260568113837799 ], [ -71.815904527407056, 42.260552766169226 ], [ -71.818738061339715, 42.264167176638722 ], [ -71.815940690353528, 42.267797140287868 ], [ -71.810309459990521, 42.26781248991265 ], [ -71.807476243279098, 42.26419787393197 ], [ -71.81027393966049, 42.260568113837799 ] ] ], [ [ [ -71.784952575431518, 42.264255955143014 ], [ -71.790583496236863, 42.264241849012727 ], [ -71.79341575288872, 42.267856882006384 ], [ -71.790616771194379, 42.271486226569458 ], [ -71.784985207695058, 42.271500334515743 ], [ -71.782153268633053, 42.26788509608285 ], [ -71.784952575431518, 42.264255955143014 ] ] ], [ [ [ -71.785050494542986, 42.285989062169833 ], [ -71.790683343871308, 42.285974950590997 ], [ -71.793516576276531, 42.289589965206844 ], [ -71.790716641595921, 42.293219296824311 ], [ -71.785083149132461, 42.293233410219713 ], [ -71.782250234533805, 42.289618190180981 ], [ -71.785050494542986, 42.285989062169833 ] ] ], [ [ [ -71.818957116702791, 42.307633227482185 ], [ -71.824591879933166, 42.307617452642738 ], [ -71.827428011291858, 42.311231613628699 ], [ -71.824629061890107, 42.314861754952879 ], [ -71.81899365508842, 42.314877531796668 ], [ -71.816157841308865, 42.311263165311821 ], [ -71.818957116702791, 42.307633227482185 ] ] ], [ [ [ -71.810558329244188, 42.318522828444806 ], [ -71.816194062040637, 42.318507465120824 ], [ -71.81903020181268, 42.322121825090235 ], [ -71.81623029103875, 42.325751753851122 ], [ -71.810593914448617, 42.325767119132919 ], [ -71.807793359806155, 42.329396839768577 ], [ -71.802156657218347, 42.329411791436634 ], [ -71.799355458632192, 42.333041303873983 ], [ -71.80219128858262, 42.336656068168473 ], [ -71.79938977190325, 42.340285575880429 ], [ -71.793752099298729, 42.340300115752058 ], [ -71.790949938453082, 42.343929415140487 ], [ -71.785311939920362, 42.343943541257119 ], [ -71.782476746448737, 42.340328366167341 ], [ -71.785279233147591, 42.336699270345747 ], [ -71.782444365454111, 42.333084088660684 ], [ -71.785246533837238, 42.329454988067162 ], [ -71.782411991846928, 42.325839799844836 ], [ -71.785213841986774, 42.322210694537219 ], [ -71.790849908462903, 42.322196573873697 ], [ -71.793684768621475, 42.325811556700359 ], [ -71.799321153190903, 42.325797020557751 ], [ -71.802122033756191, 42.32216750345281 ], [ -71.799286855576668, 42.318552726047606 ], [ -71.79365111480368, 42.318567260325963 ], [ -71.790816580345663, 42.314952271025476 ], [ -71.793617468662916, 42.311322952873645 ], [ -71.799252565786787, 42.311308420459284 ], [ -71.802052810527329, 42.307678894192584 ], [ -71.807687581950816, 42.307663948257328 ], [ -71.810522752158818, 42.311278526678173 ], [ -71.807722833191022, 42.314908256486866 ], [ -71.810558329244188, 42.318522828444806 ] ] ], [ [ [ -71.714799554499351, 42.333230363782775 ], [ -71.71760562661261, 42.329602911742946 ], [ -71.723242398922679, 42.329592103793104 ], [ -71.726073746022692, 42.333208746720672 ], [ -71.723268000282957, 42.336836402664041 ], [ -71.717630581020259, 42.336847211776345 ], [ -71.714799554499351, 42.333230363782775 ] ] ], [ [ [ -71.765624617074167, 42.354857199529931 ], [ -71.768428710869216, 42.351228525550496 ], [ -71.774067361041247, 42.351215227085554 ], [ -71.776902561832969, 42.35483060087553 ], [ -71.774098793821238, 42.358459478457931 ], [ -71.768459499185298, 42.358472778647489 ], [ -71.765624617074167, 42.354857199529931 ] ] ], [ [ [ -71.751685974817661, 42.394732132481622 ], [ -71.748850415227011, 42.391116170036788 ], [ -71.751657086953287, 42.387487934125105 ], [ -71.757298967816581, 42.387475456975146 ], [ -71.760104982128055, 42.38384701213527 ], [ -71.765746537052792, 42.383834120854431 ], [ -71.768582722746572, 42.387449672734931 ], [ -71.765777034446032, 42.391078321176096 ], [ -71.760134834391536, 42.391091214135535 ], [ -71.757328500885819, 42.394719653699831 ], [ -71.751685974817661, 42.394732132481622 ] ] ], [ [ [ -71.768644376739203, 42.401938047175904 ], [ -71.765807538803543, 42.398322509262151 ], [ -71.768613546223222, 42.394693866102237 ], [ -71.774256065393971, 42.39468055728684 ], [ -71.777093222446126, 42.398295889905761 ], [ -71.774287541260335, 42.401924736634811 ], [ -71.768644376739203, 42.401938047175904 ] ] ], [ [ [ -71.934245486248159, 42.274655328136085 ], [ -71.937086386821491, 42.278266802357201 ], [ -71.934295166566343, 42.281899633308704 ], [ -71.92866271861223, 42.281920786828323 ], [ -71.92582213384938, 42.278309106784768 ], [ -71.920190001778806, 42.278329844741521 ], [ -71.917397811557521, 42.281962265306632 ], [ -71.911765352554909, 42.281982590264711 ], [ -71.908925726713449, 42.278370492139565 ], [ -71.911718243792791, 42.274738274832984 ], [ -71.917350059904507, 42.274717952392884 ], [ -71.920141934165954, 42.271085527889831 ], [ -71.917302319147367, 42.267473629090915 ], [ -71.911671145779522, 42.26749394901325 ], [ -71.908832173430795, 42.263881838034685 ], [ -71.911624058511379, 42.260249612921243 ], [ -71.917254589282308, 42.260229295516382 ], [ -71.920093877520586, 42.263841200707617 ], [ -71.925724724107141, 42.263820467879896 ], [ -71.92856465493999, 42.267432160871195 ], [ -71.92577342342102, 42.271064792497704 ], [ -71.928613681181162, 42.27467647904416 ], [ -71.934245486248159, 42.274655328136085 ] ] ], [ [ [ -71.903478245789245, 42.307367593401978 ], [ -71.900637955538485, 42.30375530925739 ], [ -71.903432064488271, 42.300123311519926 ], [ -71.909066136725272, 42.300103394664468 ], [ -71.911859602340385, 42.296471189501233 ], [ -71.917493347566079, 42.296450859506379 ], [ -71.92033427045989, 42.300062732156157 ], [ -71.917541131929113, 42.303695140560897 ], [ -71.911906743371134, 42.30371547307449 ], [ -71.909112961433948, 42.307347674074421 ], [ -71.903478245789245, 42.307367593401978 ] ] ], [ [ [ -71.962669048384541, 42.310766783287484 ], [ -71.959825235941949, 42.307155966793069 ], [ -71.954190554144532, 42.30717837278371 ], [ -71.951399041295446, 42.310811598021729 ], [ -71.945764031826727, 42.310833590923359 ], [ -71.9429211787279, 42.307222355880612 ], [ -71.945713019174448, 42.303589333783094 ], [ -71.951347385171417, 42.303567343587666 ], [ -71.954138582219528, 42.299934114273469 ], [ -71.959772620620825, 42.299911711035705 ], [ -71.962563174346201, 42.296278274577915 ], [ -71.959720017312634, 42.292667444482937 ], [ -71.962510255455754, 42.289034004058834 ], [ -71.968143323016662, 42.289011190625324 ], [ -71.970986795558687, 42.29262181481689 ], [ -71.96819688508036, 42.296255458345186 ], [ -71.971040685360578, 42.299866075770915 ], [ -71.968250459375682, 42.303499715327177 ], [ -71.971094587469779, 42.307110325929003 ], [ -71.976729257102107, 42.307087091056211 ], [ -71.979519155199384, 42.30345324842817 ], [ -71.985153496870424, 42.30342960056204 ], [ -71.987942751577805, 42.29979555090555 ], [ -71.993576765216204, 42.299771490093555 ], [ -71.996422167485747, 42.303381475998201 ], [ -71.99363324088452, 42.307015728678735 ], [ -71.987998583858527, 42.307039792430743 ], [ -71.985209013796052, 42.310673838103838 ], [ -71.979574028661617, 42.31069748886334 ], [ -71.976783815062035, 42.314331327455903 ], [ -71.971148501890497, 42.314354565175414 ], [ -71.968304045906805, 42.310743961455479 ], [ -71.962669048384541, 42.310766783287484 ] ] ], [ [ [ -71.928908073750492, 42.318142165866583 ], [ -71.926065852841944, 42.314530519207445 ], [ -71.928858980312313, 42.310897911762488 ], [ -71.934494001286097, 42.310876747794033 ], [ -71.937336538363411, 42.314488188657826 ], [ -71.942971875431951, 42.314466608892644 ], [ -71.945815056129931, 42.318077837095281 ], [ -71.943022583715276, 42.321710850878581 ], [ -71.937386602952074, 42.321732433303531 ], [ -71.934543738347273, 42.318120999285263 ], [ -71.928908073750492, 42.318142165866583 ] ] ], [ [ [ -71.962880941607395, 42.339743668150362 ], [ -71.960088492885774, 42.343377079597182 ], [ -71.962933945176133, 42.346987861074638 ], [ -71.960141180371082, 42.350621268150775 ], [ -71.954502635103111, 42.350643690664185 ], [ -71.951709225943716, 42.354276890232143 ], [ -71.954554690202372, 42.357887870366476 ], [ -71.951760964740316, 42.361521065453836 ], [ -71.946121446842866, 42.361543077306266 ], [ -71.943276298960384, 42.357931891363144 ], [ -71.946070352549995, 42.354298899376509 ], [ -71.943225532720973, 42.350687706244997 ], [ -71.946019269932094, 42.347054709783464 ], [ -71.943174778080731, 42.343443509521606 ], [ -71.937536865349202, 42.343465099927521 ], [ -71.934693017708099, 42.339853686794072 ], [ -71.937486766441026, 42.336220889054196 ], [ -71.94312403503568, 42.336199301308874 ], [ -71.945968198985128, 42.339810508642969 ], [ -71.951605783814117, 42.339788504913919 ], [ -71.954398560583329, 42.336155296558182 ], [ -71.951554080472945, 42.332544295049104 ], [ -71.945917139705131, 42.332566296070887 ], [ -71.943073303581855, 42.328955081722576 ], [ -71.945866092088053, 42.325322072183056 ], [ -71.95150238894216, 42.325300073868249 ], [ -71.954346541154678, 42.328911082386128 ], [ -71.959983154024073, 42.328888668135313 ], [ -71.962827950148025, 42.332499463793674 ], [ -71.96003581743814, 42.336132879553411 ], [ -71.962880941607395, 42.339743668150362 ] ] ], [ [ [ -71.96857216224673, 42.346965025239591 ], [ -71.971364282773322, 42.343331410728396 ], [ -71.968518514473502, 42.339720835116474 ], [ -71.971310319064159, 42.336087216286685 ], [ -71.976947563737184, 42.33606397002535 ], [ -71.979793647899058, 42.339674339746111 ], [ -71.985431208360325, 42.339650677410297 ], [ -71.988277936648601, 42.343260834052927 ], [ -71.985486788738612, 42.346894858942647 ], [ -71.988333845514603, 42.350505008365928 ], [ -71.985542381820494, 42.354139028925651 ], [ -71.979903532811221, 42.354162697051351 ], [ -71.97705679189302, 42.350552341722093 ], [ -71.971418258815177, 42.35057559367938 ], [ -71.96857216224673, 42.346965025239591 ] ] ], [ [ [ -71.886485585915509, 42.292937104585107 ], [ -71.892119025284643, 42.292918018907208 ], [ -71.894958345335269, 42.296530521983783 ], [ -71.892163909520022, 42.300162316432122 ], [ -71.886529826886786, 42.300181404488264 ], [ -71.883690823381954, 42.296568695717696 ], [ -71.886485585915509, 42.292937104585107 ] ] ], [ [ [ -71.878186930047008, 42.318320229635013 ], [ -71.88382262652155, 42.318301550149776 ], [ -71.88666261041061, 42.321914238982394 ], [ -71.883866580965545, 42.325545812952093 ], [ -71.878230240709769, 42.325564494769637 ], [ -71.875390573729391, 42.32195160028504 ], [ -71.878186930047008, 42.318320229635013 ] ] ], [ [ [ -71.8783168917099, 42.340052991332207 ], [ -71.883954519970359, 42.340034304849404 ], [ -71.886795484922231, 42.34364697322188 ], [ -71.883998504538098, 42.347278533712753 ], [ -71.878360232054106, 42.347297222528532 ], [ -71.87551958422695, 42.343684348520348 ], [ -71.8783168917099, 42.340052991332207 ] ] ], [ [ [ -71.912048231059757, 42.325448258225038 ], [ -71.91768455049808, 42.325427918153693 ], [ -71.920526782474653, 42.329039763726165 ], [ -71.917732378526892, 42.332672155108384 ], [ -71.912095415167073, 42.332692497699497 ], [ -71.909253499725608, 42.329080446388488 ], [ -71.912048231059757, 42.325448258225038 ] ] ], [ [ [ -71.920671281947733, 42.350772419613733 ], [ -71.926309850269305, 42.350751655996412 ], [ -71.92915370921294, 42.35436326782046 ], [ -71.92635868320906, 42.357995849004233 ], [ -71.920719470451672, 42.358016615189001 ], [ -71.917875928183136, 42.354404797622401 ], [ -71.920671281947733, 42.350772419613733 ] ] ], [ [ [ -71.903940639348065, 42.379809793144268 ], [ -71.901143045281472, 42.38344174133411 ], [ -71.895501559681747, 42.383461271695701 ], [ -71.892658313156019, 42.379848851439498 ], [ -71.895456234918854, 42.376217106476361 ], [ -71.901097075560401, 42.376197578542616 ], [ -71.9038943524383, 42.372565625559417 ], [ -71.909534865384828, 42.372545683972 ], [ -71.912331497453522, 42.368913523041854 ], [ -71.917971682633123, 42.368893167848185 ], [ -71.920815880501593, 42.372504971063556 ], [ -71.918019576273124, 42.376137335178427 ], [ -71.912378746286734, 42.376157692893358 ], [ -71.909581797177083, 42.379789849082307 ], [ -71.903940639348065, 42.379809793144268 ] ] ], [ [ [ -71.89541092051337, 42.368972929248415 ], [ -71.892613316014888, 42.372604678999217 ], [ -71.886972792636385, 42.372623790851037 ], [ -71.884174543324988, 42.37625533256076 ], [ -71.878533692471052, 42.376274030710867 ], [ -71.875691735791705, 42.372661184817161 ], [ -71.878490312503985, 42.369029846387448 ], [ -71.884130518543955, 42.369011150571289 ], [ -71.886928450515398, 42.365379604079529 ], [ -71.892568329155552, 42.365360494608353 ], [ -71.89541092051337, 42.368972929248415 ] ] ], [ [ [ -71.935141470300636, 42.405051119529446 ], [ -71.93793806906227, 42.40141836357342 ], [ -71.943581140203023, 42.401396751873378 ], [ -71.946428257999031, 42.405007893466589 ], [ -71.952071646020684, 42.40498586536016 ], [ -71.954919409280578, 42.408596793587577 ], [ -71.952123467688878, 42.412229955692112 ], [ -71.946479434129046, 42.412251986508494 ], [ -71.943682846924887, 42.415884940614717 ], [ -71.938038484703796, 42.415906557640895 ], [ -71.935241251811149, 42.419539303675592 ], [ -71.938088709753231, 42.423150635760436 ], [ -71.935291159687026, 42.426783376747686 ], [ -71.929645823038399, 42.426804582552975 ], [ -71.926798682343488, 42.423193044754143 ], [ -71.92115366301563, 42.423213834057542 ], [ -71.918307168160325, 42.419602082901058 ], [ -71.921105375260495, 42.415969748134998 ], [ -71.926749748822303, 42.415948961401348 ], [ -71.929547310229978, 42.412316418469558 ], [ -71.926700826492223, 42.408704865400949 ], [ -71.921057098548459, 42.408725649565092 ], [ -71.918259208773719, 42.41235798936723 ], [ -71.912615152536375, 42.412378359692234 ], [ -71.90976963166905, 42.408766387692488 ], [ -71.912567849662921, 42.405134251046682 ], [ -71.918211260354312, 42.405113883244177 ], [ -71.921008832875685, 42.401481538463827 ], [ -71.918163322898295, 42.397869764647858 ], [ -71.91252055760495, 42.397890129928086 ], [ -71.909675692951097, 42.394278142985421 ], [ -71.912473276358725, 42.390645996452385 ], [ -71.918115396401944, 42.390625633694171 ], [ -71.920960578238407, 42.394237414947121 ], [ -71.926603015389901, 42.394216635921225 ], [ -71.929448842474159, 42.397828204027185 ], [ -71.926651915349353, 42.401460756868936 ], [ -71.929498070722417, 42.405072317485278 ], [ -71.935141470300636, 42.405051119529446 ] ] ], [ [ [ -71.971634286394206, 42.379552208258794 ], [ -71.968786875992294, 42.375941669088235 ], [ -71.971580260979223, 42.372308072429362 ], [ -71.968733179149595, 42.368697525854373 ], [ -71.963093028580118, 42.368720370094564 ], [ -71.96024659147136, 42.365109610323927 ], [ -71.963039988658323, 42.361476212162572 ], [ -71.968679494580556, 42.361453370724384 ], [ -71.971526247913872, 42.365063924645717 ], [ -71.977166069986708, 42.365040666991348 ], [ -71.979958494105745, 42.361406858264495 ], [ -71.985597987610362, 42.36138318724344 ], [ -71.988445701589697, 42.364993322053742 ], [ -71.985653606112564, 42.368627333780147 ], [ -71.988501648807571, 42.372237461196868 ], [ -71.985709237331477, 42.375871468419881 ], [ -71.980068454393262, 42.375895145232505 ], [ -71.977275398052626, 42.379528944906234 ], [ -71.971634286394206, 42.379552208258794 ] ] ], [ [ [ -71.92920286998671, 42.361607453687078 ], [ -71.934842399416908, 42.361586271423192 ], [ -71.937687230775651, 42.365197663149431 ], [ -71.934892216082076, 42.368830442896829 ], [ -71.929252041996577, 42.368851627775371 ], [ -71.926407527309166, 42.365240030291744 ], [ -71.92920286998671, 42.361607453687078 ] ] ], [ [ [ -71.943428667313597, 42.37966437592759 ], [ -71.946223670469536, 42.376031397712467 ], [ -71.943377866252717, 42.372420226320322 ], [ -71.946172552814701, 42.368787243456893 ], [ -71.951812715363488, 42.368765228896123 ], [ -71.954658836100108, 42.372376194490329 ], [ -71.951864477817324, 42.376009380443115 ], [ -71.954710926906728, 42.379620338680141 ], [ -71.951916252105917, 42.383253519978908 ], [ -71.946274799811363, 42.383275539957154 ], [ -71.943428667313597, 42.37966437592759 ] ] ], [ [ [ -71.95476302962399, 42.386864470800674 ], [ -71.960404798507909, 42.386842034510764 ], [ -71.963199144805898, 42.383208650155076 ], [ -71.968840585112915, 42.383185800310095 ], [ -71.971688324163082, 42.386796332018143 ], [ -71.968894306515637, 42.390429919404056 ], [ -71.971742374290102, 42.394040443591493 ], [ -71.968948040204737, 42.397674026254194 ], [ -71.96330530956908, 42.397696881705073 ], [ -71.960510330171374, 42.401330256567917 ], [ -71.95486727080683, 42.401352698370331 ], [ -71.952019836203519, 42.397741762553366 ], [ -71.946377093572082, 42.397763787950112 ], [ -71.943530304284764, 42.394152638820046 ], [ -71.937887878462305, 42.394174247857379 ], [ -71.935041734418988, 42.390562885487114 ], [ -71.929399625481309, 42.390584078211241 ], [ -71.926554126609986, 42.386972502673714 ], [ -71.929350419740004, 42.383339940153341 ], [ -71.934991883579201, 42.383318750044644 ], [ -71.937837699337607, 42.386930119841026 ], [ -71.94347947998962, 42.386908513466125 ], [ -71.946325940844204, 42.390519670075001 ], [ -71.951968038233275, 42.390497647387633 ], [ -71.95476302962399, 42.386864470800674 ] ] ], [ [ [ -71.866999583046407, 42.332845287783734 ], [ -71.869796900278217, 42.329214129385512 ], [ -71.875433567409033, 42.329195860990161 ], [ -71.87827356126293, 42.332808748707293 ], [ -71.875476570907097, 42.336440110440527 ], [ -71.869839259772249, 42.336458381121716 ], [ -71.866999583046407, 42.332845287783734 ] ] ], [ [ [ -71.858605708736278, 42.343738338056788 ], [ -71.861403987324593, 42.340107392145491 ], [ -71.867041625337919, 42.340089534980521 ], [ -71.869881628940632, 42.343702621487566 ], [ -71.867083677231662, 42.347333770749188 ], [ -71.861445394991478, 42.347351630153504 ], [ -71.858605708736278, 42.343738338056788 ] ] ], [ [ [ -71.836130866030629, 42.358294926010153 ], [ -71.833292132702937, 42.3546810172991 ], [ -71.836092344205539, 42.35105069566891 ], [ -71.841730962422105, 42.3510340793365 ], [ -71.844570013539794, 42.354647782535224 ], [ -71.850208949471636, 42.354630750398712 ], [ -71.853048645039792, 42.358244241159483 ], [ -71.850249087010567, 42.361874969589316 ], [ -71.844609506553539, 42.361892003871979 ], [ -71.841770128700105, 42.358278307578537 ], [ -71.836130866030629, 42.358294926010153 ] ] ], [ [ [ -71.850409728890298, 42.390851727442858 ], [ -71.84476756885563, 42.390868770312323 ], [ -71.841926883305462, 42.387255102220394 ], [ -71.844728039736836, 42.383624596770026 ], [ -71.84188768122398, 42.380010921540638 ], [ -71.844688519648969, 42.376380411105274 ], [ -71.850329389599338, 42.376363372529639 ], [ -71.853170066043745, 42.379976842242698 ], [ -71.850369554655472, 42.383607556047572 ], [ -71.853210558209511, 42.387221018628601 ], [ -71.850409728890298, 42.390851727442858 ] ] ], [ [ [ -71.782703620472546, 42.391037982325649 ], [ -71.785508337411741, 42.387408921526855 ], [ -71.791150204041926, 42.387394784498888 ], [ -71.793987998883637, 42.391009706450603 ], [ -71.791183608323536, 42.394638970776704 ], [ -71.785541096493361, 42.394653109623881 ], [ -71.782703620472546, 42.391037982325649 ] ] ], [ [ [ -71.858893537665566, 42.394447723879146 ], [ -71.861694039724853, 42.390816811727667 ], [ -71.867336190426286, 42.390798938882462 ], [ -71.870178484279819, 42.394411975947904 ], [ -71.867378309628236, 42.398043091409995 ], [ -71.861735513666133, 42.398060966496146 ], [ -71.858893537665566, 42.394447723879146 ] ] ], [ [ [ -71.850892536796849, 42.477780796414059 ], [ -71.853737799654681, 42.481394160992835 ], [ -71.850932830642407, 42.485024799662405 ], [ -71.853778421669048, 42.488638156295735 ], [ -71.850973133710994, 42.492268789164264 ], [ -71.85381905298226, 42.495882137793991 ], [ -71.851013446005723, 42.499512764803548 ], [ -71.84536159146127, 42.499529839904753 ], [ -71.8425159912818, 42.495916285845929 ], [ -71.845321926505491, 42.492285862115132 ], [ -71.842476654497972, 42.48867230004727 ], [ -71.845282270627337, 42.485041870463171 ], [ -71.842437326715924, 42.481428300444378 ], [ -71.84524262382368, 42.47779786506495 ], [ -71.850892536796849, 42.477780796414059 ] ] ], [ [ [ -71.816847451517916, 42.448902854958405 ], [ -71.81120010784349, 42.448918253554382 ], [ -71.808358733718549, 42.445303807852206 ], [ -71.811164384187776, 42.441674168929083 ], [ -71.816811081556068, 42.441658772294417 ], [ -71.819652774711869, 42.445273012621662 ], [ -71.816847451517916, 42.448902854958405 ] ] ], [ [ [ -71.842398007932601, 42.474184287153371 ], [ -71.83674841390642, 42.474200939201722 ], [ -71.833904444909351, 42.470587148030425 ], [ -71.836709750939505, 42.466956910235986 ], [ -71.842358698144835, 42.466940260290308 ], [ -71.845202986091408, 42.470553846036502 ], [ -71.842398007932601, 42.474184287153371 ] ] ], [ [ [ -71.868011172112077, 42.506703829358074 ], [ -71.862358676770853, 42.506721738076003 ], [ -71.859511827095091, 42.503108612365729 ], [ -71.862317145812142, 42.499477783218666 ], [ -71.8679689909751, 42.499459876735472 ], [ -71.870816167578838, 42.503072797170873 ], [ -71.868011172112077, 42.506703829358074 ] ] ], [ [ [ -71.884394818228742, 42.412476060067839 ], [ -71.87875074108797, 42.412494769891083 ], [ -71.875907146643144, 42.408881960446912 ], [ -71.878707311515683, 42.405250646766355 ], [ -71.884350743103283, 42.405231939278195 ], [ -71.88719465532219, 42.408844543135608 ], [ -71.884394818228742, 42.412476060067839 ] ] ], [ [ [ -71.909910620330393, 42.430498660481597 ], [ -71.904264944183808, 42.430518621872359 ], [ -71.901419084418677, 42.426906459405643 ], [ -71.904218583131708, 42.423274541190516 ], [ -71.909863613360415, 42.423254582276023 ], [ -71.912709790744643, 42.426866539100494 ], [ -71.909910620330393, 42.430498660481597 ] ] ], [ [ [ -71.91000466653739, 42.444986778140404 ], [ -71.904357698110672, 42.445006744484495 ], [ -71.901511181669562, 42.4413945974364 ], [ -71.904311315842236, 42.437762689675687 ], [ -71.90995763805482, 42.437742725808356 ], [ -71.912804472259481, 42.441354667225106 ], [ -71.91000466653739, 42.444986778140404 ] ] ], [ [ [ -71.955232490734275, 42.452061097640254 ], [ -71.952434646797514, 42.455694229218139 ], [ -71.946786736899313, 42.455716276299768 ], [ -71.943937317414083, 42.452105189091839 ], [ -71.938289724901068, 42.452126819438071 ], [ -71.935440951844313, 42.448515518568477 ], [ -71.938239453863687, 42.44488279307074 ], [ -71.943886400021995, 42.444861165389021 ], [ -71.946735490466239, 42.448472260540669 ], [ -71.952382753937627, 42.448450216170585 ], [ -71.955232490734275, 42.452061097640254 ] ] ], [ [ [ -72.055296423740401, 42.270511567898176 ], [ -72.060927797187091, 42.270484195384228 ], [ -72.063775716536838, 42.274092529917787 ], [ -72.060991947790598, 42.277728442940905 ], [ -72.05535993034853, 42.277755818373016 ], [ -72.052512325697137, 42.274147277863705 ], [ -72.055296423740401, 42.270511567898176 ] ] ], [ [ [ -72.055486987152534, 42.29224428787434 ], [ -72.052638723825908, 42.288635760791088 ], [ -72.055423451484259, 42.285000058403661 ], [ -72.061056113068972, 42.284972680053116 ], [ -72.06390469123626, 42.288581001171458 ], [ -72.061120293027273, 42.292216906605134 ], [ -72.063969200717651, 42.295825220928904 ], [ -72.061184487670545, 42.29946112248124 ], [ -72.064033724960225, 42.303069429952416 ], [ -72.061248697003805, 42.306705327565631 ], [ -72.055614102106759, 42.306732714672847 ], [ -72.052765179800147, 42.30312420124762 ], [ -72.055550537358371, 42.299488506669356 ], [ -72.052701944579866, 42.295879986386097 ], [ -72.055486987152534, 42.29224428787434 ] ] ], [ [ [ -72.030349387949414, 42.317718848187056 ], [ -72.027501411477147, 42.314109717053597 ], [ -72.03028870302596, 42.310474643836329 ], [ -72.027441055867826, 42.306865505828547 ], [ -72.030228031988628, 42.303230428521488 ], [ -72.035862326005031, 42.303204286118401 ], [ -72.03871028851745, 42.306813218243661 ], [ -72.035923641708351, 42.310448498654381 ], [ -72.038771933606284, 42.314057423910796 ], [ -72.03598497144533, 42.317692700226047 ], [ -72.030349387949414, 42.317718848187056 ] ] ], [ [ [ -72.013442609876904, 42.317795634029707 ], [ -72.01907820711601, 42.317770315089184 ], [ -72.021925868015032, 42.321379652074043 ], [ -72.019137616003349, 42.325014513824947 ], [ -72.013501373798434, 42.325039835451136 ], [ -72.010654028620195, 42.321430292640606 ], [ -72.013442609876904, 42.317795634029707 ] ] ], [ [ [ -72.030470799473747, 42.332207223532947 ], [ -72.02768256121243, 42.335842284133996 ], [ -72.022045358103981, 42.335868024416712 ], [ -72.019256474583884, 42.339502877594747 ], [ -72.0136189420043, 42.339528204592916 ], [ -72.010770938255234, 42.335918675726809 ], [ -72.013560151172669, 42.332284025677488 ], [ -72.019197038491086, 42.332258701365419 ], [ -72.02198560622125, 42.328623843872052 ], [ -72.027622164144702, 42.32859810632214 ], [ -72.030470799473747, 42.332207223532947 ] ] ], [ [ [ -72.044469491724129, 42.321275054672377 ], [ -72.047256124349616, 42.317639575285781 ], [ -72.044407187640573, 42.314030862853571 ], [ -72.047193504990418, 42.310395379365858 ], [ -72.052828429491754, 42.310368405259894 ], [ -72.055677681402685, 42.313976911769103 ], [ -72.052891693659603, 42.31761259830715 ], [ -72.055741275251137, 42.321221097842354 ], [ -72.052954972308711, 42.324856780273606 ], [ -72.047318758042465, 42.324883760125118 ], [ -72.044469491724129, 42.321275054672377 ] ] ], [ [ [ -72.038895266118303, 42.328545802062209 ], [ -72.044531810070012, 42.328519235352807 ], [ -72.047381406073896, 42.332127933768064 ], [ -72.044594142683081, 42.335763404779037 ], [ -72.038956953551207, 42.335789974314842 ], [ -72.036107673039538, 42.332181070013149 ], [ -72.038895266118303, 42.328545802062209 ] ] ], [ [ [ -72.004671561350406, 42.277989769716264 ], [ -72.001884229277422, 42.28162424552481 ], [ -71.996251833755082, 42.281648716346488 ], [ -71.993463852563352, 42.285282980647857 ], [ -71.98783112525868, 42.285307035580658 ], [ -71.984987022140913, 42.281696823272782 ], [ -71.987775331211523, 42.278062762012503 ], [ -71.993407415570005, 42.278038710018862 ], [ -71.996195081767908, 42.274404441959362 ], [ -72.001826834142122, 42.274379974089065 ], [ -72.004671561350406, 42.277989769716264 ] ] ], [ [ [ -71.993802745310219, 42.328748378494225 ], [ -71.996649460753972, 42.332358336355753 ], [ -71.993859272607125, 42.335992572733375 ], [ -71.988222040557773, 42.336016648248361 ], [ -71.985375640681269, 42.332406484444398 ], [ -71.979738724272806, 42.332430143885716 ], [ -71.976892968375296, 42.328819767056295 ], [ -71.979683813194029, 42.325185936707911 ], [ -71.985320085697126, 42.325162280160804 ], [ -71.988110286684119, 42.321528242627778 ], [ -71.993746230927101, 42.321504172994857 ], [ -71.996592617963486, 42.325114137954223 ], [ -71.993802745310219, 42.328748378494225 ] ] ], [ [ [ -72.053208231816939, 42.353833395014995 ], [ -72.04756943624885, 42.35386038636036 ], [ -72.04478122617455, 42.357495844374348 ], [ -72.039142100615663, 42.35752242239078 ], [ -72.036291830803833, 42.35391353956598 ], [ -72.030653021025429, 42.353939701425581 ], [ -72.027863835408354, 42.357574748890244 ], [ -72.022224695858498, 42.35760049737263 ], [ -72.019434864539249, 42.361235337257789 ], [ -72.01379539528952, 42.361260672315495 ], [ -72.010946403112854, 42.357651164801204 ], [ -72.013736564058092, 42.354016528027785 ], [ -72.019375387603276, 42.353991195656789 ], [ -72.022164902917922, 42.350356351282855 ], [ -72.027803396839502, 42.350330605533912 ], [ -72.030592266599797, 42.346695553632628 ], [ -72.02774297210911, 42.343086450576536 ], [ -72.030531526084175, 42.339451394296468 ], [ -72.036169044906416, 42.339425237996949 ], [ -72.039018655108507, 42.343034135197719 ], [ -72.044656489568268, 42.343007562835254 ], [ -72.047506745172157, 42.346616247001521 ], [ -72.053144895193142, 42.346589258529981 ], [ -72.055995796270253, 42.350197729588871 ], [ -72.053208231816939, 42.353833395014995 ] ] ], [ [ [ -72.056123144225026, 42.364685976312636 ], [ -72.061762901115728, 42.364658565844152 ], [ -72.064615108234264, 42.368266809031319 ], [ -72.070255180676185, 42.368238982267577 ], [ -72.073042400112513, 42.364602915284721 ], [ -72.078682142119959, 42.364574675194469 ], [ -72.081535310550976, 42.368182499072361 ], [ -72.08717536788518, 42.368153842641597 ], [ -72.090029182222779, 42.371761453068153 ], [ -72.087242623951383, 42.375397925896621 ], [ -72.081601920636643, 42.375426585389214 ], [ -72.078748421623132, 42.371818768991389 ], [ -72.073108033706504, 42.371847012096495 ], [ -72.070320498795567, 42.375483074614387 ], [ -72.073173682336986, 42.379091096957815 ], [ -72.070385831879989, 42.38272715495291 ], [ -72.064744467318619, 42.382754987653186 ], [ -72.061891599397285, 42.379146759389812 ], [ -72.064679780367911, 42.375510904346271 ], [ -72.061827242886238, 42.371902668591979 ], [ -72.056186840081253, 42.371930081981652 ], [ -72.053334948587874, 42.368321632889355 ], [ -72.056123144225026, 42.364685976312636 ] ] ], [ [ [ -72.081402136141747, 42.353694290875943 ], [ -72.087040901958645, 42.353665640568046 ], [ -72.089894055065216, 42.357273265885802 ], [ -72.087108127222692, 42.36090974749343 ], [ -72.081468715721087, 42.360938400862651 ], [ -72.078615877795968, 42.357330569562762 ], [ -72.081402136141747, 42.353694290875943 ] ] ], [ [ [ -72.064485808397805, 42.353778582840818 ], [ -72.070124589312044, 42.353750762012673 ], [ -72.072976781549784, 42.357358806638381 ], [ -72.070189877516725, 42.360994878028372 ], [ -72.064550450912591, 42.361022701824197 ], [ -72.06169857408068, 42.35741445126223 ], [ -72.064485808397805, 42.353778582840818 ] ] ], [ [ [ -72.089623986344222, 42.328296751814818 ], [ -72.095260485722761, 42.328267697644812 ], [ -72.098112962376987, 42.331875138839926 ], [ -72.095328624881887, 42.335511840228932 ], [ -72.089691480338473, 42.335540897506235 ], [ -72.086839318504232, 42.331933250287079 ], [ -72.089623986344222, 42.328296751814818 ] ] ], [ [ [ -72.081269022713769, 42.339206036034987 ], [ -72.086906497604716, 42.33917739184902 ], [ -72.089758989786503, 42.342785031825741 ], [ -72.086973692087753, 42.346421521981306 ], [ -72.081335571807728, 42.346450169228113 ], [ -72.078483394664815, 42.342842323258381 ], [ -72.081269022713769, 42.339206036034987 ] ] ], [ [ [ -72.098318418150171, 42.353607510474987 ], [ -72.10395716842622, 42.353578030690507 ], [ -72.10681128217189, 42.357185236561435 ], [ -72.104026330733774, 42.360822128244621 ], [ -72.098386934778318, 42.36085161118406 ], [ -72.095533135989683, 42.357244199285184 ], [ -72.098318418150171, 42.353607510474987 ] ] ], [ [ [ -72.145914811648183, 42.320749648460477 ], [ -72.140279005829981, 42.320781186674424 ], [ -72.137424626516392, 42.317174783193487 ], [ -72.140205738966571, 42.313537047671005 ], [ -72.145840899931827, 42.313505512844657 ], [ -72.148695593250665, 42.317111710153377 ], [ -72.154331068147428, 42.317079759134472 ], [ -72.157186406316342, 42.320685742988324 ], [ -72.154405955709123, 42.324323884053229 ], [ -72.14876983588853, 42.324355838506669 ], [ -72.145914811648183, 42.320749648460477 ] ] ], [ [ [ -72.157036020692018, 42.306197474466686 ], [ -72.162670519896949, 42.306165114171378 ], [ -72.165525840783658, 42.309770899059011 ], [ -72.162746348804433, 42.313409250465071 ], [ -72.157111204899934, 42.313441614241306 ], [ -72.154256197723399, 42.309835623130368 ], [ -72.157036020692018, 42.306197474466686 ] ] ], [ [ [ -72.241552879150234, 42.305683060338069 ], [ -72.247187286443591, 42.305646555817034 ], [ -72.250047396036365, 42.309250240504625 ], [ -72.247272785596437, 42.312890636153341 ], [ -72.241637733635102, 42.312927144623231 ], [ -72.238777936730614, 42.309323253489794 ], [ -72.241552879150234, 42.305683060338069 ] ] ], [ [ [ -72.174016619208345, 42.313343693965535 ], [ -72.179651745609405, 42.313310501243009 ], [ -72.182508355960039, 42.316915859067571 ], [ -72.17972952640217, 42.320554615878059 ], [ -72.174093755160015, 42.320587812175376 ], [ -72.171237458366008, 42.316982248087214 ], [ -72.174016619208345, 42.313343693965535 ] ] ], [ [ [ -72.258629696905103, 42.32006085278644 ], [ -72.264265386142, 42.320023512122205 ], [ -72.267127123875525, 42.323626761728917 ], [ -72.264352859850732, 42.327267558448767 ], [ -72.258716525520214, 42.327304903079607 ], [ -72.255855100357337, 42.323701447023822 ], [ -72.258629696905103, 42.32006085278644 ] ] ], [ [ [ -72.216402885756096, 42.323954145181382 ], [ -72.222038933755627, 42.323918874396149 ], [ -72.224898436983764, 42.327523170851833 ], [ -72.222121579160287, 42.331162944462122 ], [ -72.216484886113989, 42.331198219056596 ], [ -72.213625695987119, 42.32759371623137 ], [ -72.216402885756096, 42.323954145181382 ] ] ], [ [ [ -72.250390839934866, 42.338226464953614 ], [ -72.256028152110275, 42.338189529000168 ], [ -72.258890242403297, 42.341792969763247 ], [ -72.25611470771095, 42.345433552892423 ], [ -72.250476750069254, 42.345470492766495 ], [ -72.247614977965839, 42.341866846016501 ], [ -72.250390839934866, 42.338226464953614 ] ] ], [ [ [ -72.174325268982344, 42.342320099476098 ], [ -72.179962975633487, 42.342286892452655 ], [ -72.182820911878565, 42.345892220501057 ], [ -72.180040827681992, 42.349530961814665 ], [ -72.174402475599123, 42.349564172414041 ], [ -72.171544853193822, 42.345958638123683 ], [ -72.174325268982344, 42.342320099476098 ] ] ], [ [ [ -72.19973495503281, 42.345790520656934 ], [ -72.20537295725444, 42.345756067801183 ], [ -72.208232497965753, 42.349360761766448 ], [ -72.205453722966695, 42.35300011489506 ], [ -72.199815075248736, 42.353034571467347 ], [ -72.196955848075433, 42.349429671194351 ], [ -72.19973495503281, 42.345790520656934 ] ] ], [ [ [ -72.131861442632072, 42.32445004368364 ], [ -72.137497579300799, 42.324418918322259 ], [ -72.140352289464971, 42.328025314535246 ], [ -72.13757054878586, 42.331663042250668 ], [ -72.131933767039897, 42.331694170953256 ], [ -72.129079371099508, 42.328087568599059 ], [ -72.131861442632072, 42.32445004368364 ] ] ], [ [ [ -72.140572241057185, 42.349757630104094 ], [ -72.146210627763651, 42.349726078337056 ], [ -72.148992665800947, 42.346088155897924 ], [ -72.154630721278934, 42.346056191139262 ], [ -72.157487384184989, 42.349662145384229 ], [ -72.154705677450082, 42.353300270558407 ], [ -72.14906697645749, 42.353332238752735 ], [ -72.146284624134097, 42.35697015708039 ], [ -72.149141304133295, 42.360576309943276 ], [ -72.146358637452835, 42.364214224101723 ], [ -72.140718959415651, 42.36424578264694 ], [ -72.137862593847501, 42.360639423644344 ], [ -72.140645591836204, 42.357001712236389 ], [ -72.137789557502401, 42.353395345675587 ], [ -72.140572241057185, 42.349757630104094 ] ] ], [ [ [ -72.242062297516085, 42.349147398251723 ], [ -72.247700575031303, 42.349110870032682 ], [ -72.250562679881028, 42.352714509027912 ], [ -72.24778619169949, 42.356354882437337 ], [ -72.242147268630333, 42.356391414607188 ], [ -72.239285478068751, 42.352787569304773 ], [ -72.242062297516085, 42.349147398251723 ] ] ], [ [ [ -72.174711478941376, 42.378540346931509 ], [ -72.171852529694036, 42.374934843368038 ], [ -72.166211908603046, 42.374967651614881 ], [ -72.163353605381985, 42.371361934082394 ], [ -72.166135609002296, 42.367723614503412 ], [ -72.171775584141031, 42.367690809786701 ], [ -72.174634201562384, 42.371296321118997 ], [ -72.180274490827472, 42.37126309979007 ], [ -72.183133754198153, 42.374868397133206 ], [ -72.180352414229716, 42.378507122025447 ], [ -72.174711478941376, 42.378540346931509 ] ] ], [ [ [ -72.208719363179185, 42.392824819999547 ], [ -72.205938705909816, 42.396464148393392 ], [ -72.200296182108019, 42.396498627271299 ], [ -72.197434962008927, 42.3928937740368 ], [ -72.200215951699477, 42.389254648199902 ], [ -72.205857829117278, 42.389220173040364 ], [ -72.208638172497928, 42.385580840379539 ], [ -72.205776970854046, 42.381976185440784 ], [ -72.208557000416803, 42.378336848570818 ], [ -72.214197899257968, 42.378301964097972 ], [ -72.217059414645774, 42.381906412730501 ], [ -72.214279717497803, 42.38554595214196 ], [ -72.217141565374448, 42.389150392800317 ], [ -72.214361554485819, 42.392789927996915 ], [ -72.208719363179185, 42.392824819999547 ] ] ], [ [ [ -72.138301163436196, 42.404103640030378 ], [ -72.132657922787402, 42.404134802159639 ], [ -72.129800214829373, 42.400528275732192 ], [ -72.132585432536075, 42.396890793262649 ], [ -72.138228026628596, 42.396859634477245 ], [ -72.141012597853106, 42.393221944754139 ], [ -72.138154906579118, 42.389615616565088 ], [ -72.140939163014224, 42.38597792238938 ], [ -72.14658077915692, 42.385946353674839 ], [ -72.149438785146316, 42.389552475745873 ], [ -72.14665486032699, 42.393190372649286 ], [ -72.149513198006275, 42.396796486877136 ], [ -72.146728958474512, 42.400434379322242 ], [ -72.141086049521306, 42.400465954817697 ], [ -72.138301163436196, 42.404103640030378 ] ] ], [ [ [ -72.115728167807447, 42.404226628296847 ], [ -72.112941656905718, 42.407863696039549 ], [ -72.115798734549784, 42.411470634564154 ], [ -72.113011908342898, 42.415107697640003 ], [ -72.115869317468835, 42.418714628241617 ], [ -72.113082175885452, 42.422351686592748 ], [ -72.11593991657017, 42.425958609213247 ], [ -72.113152459538924, 42.4295956627818 ], [ -72.107506930211983, 42.429625590934968 ], [ -72.104649505049338, 42.426018462315177 ], [ -72.107437293642107, 42.422381611541674 ], [ -72.104580199966833, 42.418774474935347 ], [ -72.107367673034815, 42.415137619384964 ], [ -72.104510910770031, 42.411530474850217 ], [ -72.107298068384623, 42.407893614580807 ], [ -72.104441637453462, 42.404286462175719 ], [ -72.098798364314462, 42.404315964050291 ], [ -72.095942580024854, 42.400708597837621 ], [ -72.09029962234473, 42.400737683091577 ], [ -72.087511802359387, 42.404374137667823 ], [ -72.090367271116051, 42.407981709850212 ], [ -72.087579135523683, 42.411618159718792 ], [ -72.081935200085425, 42.411646834524078 ], [ -72.079080047009896, 42.408039056397634 ], [ -72.081868513642107, 42.404402809410087 ], [ -72.079013691532367, 42.400795023513197 ], [ -72.081801842480829, 42.397158771823662 ], [ -72.078947351260155, 42.393550978214428 ], [ -72.081735186596319, 42.389914721880785 ], [ -72.087377182316146, 42.38988605626384 ], [ -72.090164371301782, 42.386249592445822 ], [ -72.087309895426614, 42.38264199714267 ], [ -72.090096769019439, 42.379005528790508 ], [ -72.095737787655679, 42.378976452864336 ], [ -72.098524015122678, 42.375339777153179 ], [ -72.095669554807145, 42.371732380250741 ], [ -72.09845546710072, 42.368095700115418 ], [ -72.10409550888339, 42.368066214020757 ], [ -72.106950284298421, 42.371673404906097 ], [ -72.112590641106664, 42.371643502379577 ], [ -72.115446062494172, 42.375250479647725 ], [ -72.121086734251236, 42.375220160643295 ], [ -72.123871338601774, 42.371582867620006 ], [ -72.121015602339455, 42.367976096414786 ], [ -72.123799891889192, 42.364338799065891 ], [ -72.129439586584539, 42.364308070129404 ], [ -72.132295637573719, 42.367914635246137 ], [ -72.137935646921974, 42.367883489833552 ], [ -72.14079234380128, 42.371489841219891 ], [ -72.138008716731576, 42.375127544127317 ], [ -72.132368061419271, 42.375158692882721 ], [ -72.129583788311578, 42.378796188692995 ], [ -72.123942801682446, 42.378826924221428 ], [ -72.121157882459926, 42.382464212861301 ], [ -72.115516564585192, 42.382494535115143 ], [ -72.112660812099975, 42.378887565479545 ], [ -72.107019809245287, 42.378917471208482 ], [ -72.104233912730692, 42.382554349775575 ], [ -72.098592578849633, 42.38258384218144 ], [ -72.095806036137887, 42.386220513410606 ], [ -72.098661158286987, 42.389827895084338 ], [ -72.095874300259169, 42.39346456177369 ], [ -72.098729753440125, 42.397071935745906 ], [ -72.104372380011696, 42.397042437027828 ], [ -72.107158906933648, 42.393405567493915 ], [ -72.104303138439263, 42.389798399522491 ], [ -72.107089350121882, 42.386161525443057 ], [ -72.112730999171021, 42.386131616511413 ], [ -72.115587082830714, 42.389738578456424 ], [ -72.121229046971166, 42.389708252952914 ], [ -72.124085776970645, 42.393315001102586 ], [ -72.121300227790528, 42.396952280802218 ], [ -72.11565761723628, 42.396982609555614 ], [ -72.112871421568343, 42.400619681907358 ], [ -72.115728167807447, 42.404226628296847 ] ] ], [ [ [ -72.192109940921981, 42.421903674784666 ], [ -72.189327047678674, 42.425542575892806 ], [ -72.183681918594871, 42.425576239254674 ], [ -72.180898378294387, 42.429214933183921 ], [ -72.175252916696607, 42.429248183137766 ], [ -72.172468729261695, 42.432886669814806 ], [ -72.175330335892227, 42.43649210913577 ], [ -72.172545833691643, 42.440130591106076 ], [ -72.166899392365082, 42.440163431136838 ], [ -72.16411424280443, 42.443801705729527 ], [ -72.166975867044059, 42.447407342904604 ], [ -72.164190402498093, 42.451045612680517 ], [ -72.158542981211028, 42.451078042647339 ], [ -72.15568167203098, 42.447472199351864 ], [ -72.158467469028935, 42.443834132210107 ], [ -72.155606492226681, 42.440228280611919 ], [ -72.1583919741621, 42.436590208659098 ], [ -72.155531329660448, 42.432984348816333 ], [ -72.15831649660457, 42.429346272110315 ], [ -72.155456184326326, 42.425740404081104 ], [ -72.15824103635039, 42.422102322679756 ], [ -72.163885868481714, 42.422069906656183 ], [ -72.166746495605892, 42.425675568548741 ], [ -72.172391642509041, 42.425642735583054 ], [ -72.175175515249407, 42.42200424425711 ], [ -72.180820329786897, 42.421970997882376 ], [ -72.183603555541154, 42.418332299356365 ], [ -72.189248037641903, 42.418298639620353 ], [ -72.192109940921981, 42.421903674784666 ] ] ], [ [ [ -72.121442638376067, 42.411440299310122 ], [ -72.12422881779878, 42.407803028782098 ], [ -72.129872390071966, 42.407772280066617 ], [ -72.13273042965443, 42.411378798581929 ], [ -72.129944581859021, 42.415016271868524 ], [ -72.124300362804419, 42.415047023881407 ], [ -72.121442638376067, 42.411440299310122 ] ] ], [ [ [ -72.138520674465468, 42.42583558137612 ], [ -72.141306505559641, 42.422197910041739 ], [ -72.146951354839914, 42.422166324372938 ], [ -72.149811020048801, 42.425772406646963 ], [ -72.147025520955467, 42.429410280680571 ], [ -72.141380024602952, 42.429441869741069 ], [ -72.138520674465468, 42.42583558137612 ] ] ], [ [ [ -72.079279204726731, 42.429771079405569 ], [ -72.082068618839145, 42.426134846871086 ], [ -72.087713848164142, 42.426106165938997 ], [ -72.090570310493135, 42.429713714477806 ], [ -72.087781227650936, 42.43335014987629 ], [ -72.082135351160076, 42.433378833872148 ], [ -72.079345621077849, 42.437015061473218 ], [ -72.073699413314188, 42.437043331722819 ], [ -72.070843582924894, 42.433435371354186 ], [ -72.073633644205742, 42.429799346638163 ], [ -72.079279204726731, 42.429771079405569 ] ] ], [ [ [ -71.969163097909089, 42.426650328897942 ], [ -71.971958698464533, 42.423016765706379 ], [ -71.977603682427358, 42.422993485252519 ], [ -71.980453711687332, 42.426603765139163 ], [ -71.97765844031079, 42.430237531305679 ], [ -71.980508798823564, 42.433847803328469 ], [ -71.986154745409209, 42.433824103338168 ], [ -71.98900574996982, 42.437434161597942 ], [ -71.986210491275401, 42.441068125688901 ], [ -71.980563898567809, 42.441091828577683 ], [ -71.97771321072598, 42.437481564476897 ], [ -71.972066934811124, 42.437504850633452 ], [ -71.969216893093304, 42.433894372789922 ], [ -71.972012810446003, 42.430260814610754 ], [ -71.969163097909089, 42.426650328897942 ] ] ], [ [ [ -72.090773489577103, 42.451445603197591 ], [ -72.087916032984211, 42.44783807882537 ], [ -72.090705747683899, 42.444201653362953 ], [ -72.087848622589178, 42.44059412087708 ], [ -72.090638021324352, 42.436957690417671 ], [ -72.096284213708245, 42.436928589612435 ], [ -72.099141654693298, 42.440535916155788 ], [ -72.096352587453595, 42.444172549446741 ], [ -72.099210360008385, 42.447779867881835 ], [ -72.096420976881078, 42.451416496170104 ], [ -72.099279081082557, 42.455023806438895 ], [ -72.096489381996108, 42.458660429666629 ], [ -72.090841247009323, 42.458689539805583 ], [ -72.087983458841308, 42.455082023605158 ], [ -72.090773489577103, 42.451445603197591 ] ] ], [ [ [ -72.113644896684505, 42.480303128979244 ], [ -72.107994833615408, 42.480333079569149 ], [ -72.105135085885948, 42.476726008482672 ], [ -72.107925085153468, 42.473089192767674 ], [ -72.113574500099347, 42.473059245383787 ], [ -72.116434563851357, 42.476666110509058 ], [ -72.113644896684505, 42.480303128979244 ] ] ] ] } },
{ "type": "Feature", "properties": { "class": "F", "fid": 4 }, "geometry": { "type": "MultiPolygon", "coordinates": [ [ [ [ -71.716539190095958, 42.018088887326762 ], [ -71.713722440649306, 42.014471831065748 ], [ -71.716514523265928, 42.010844201435411 ], [ -71.722123033158866, 42.010833423598406 ], [ -71.724940099134301, 42.014450274865432 ], [ -71.722148338736545, 42.018078108963444 ], [ -71.716539190095958, 42.018088887326762 ] ] ], [ [ [ -71.856767013207957, 42.017737214729166 ], [ -71.859592034319576, 42.021350755517041 ], [ -71.856807662156442, 42.024981865617931 ], [ -71.859633007488483, 42.028595402410211 ], [ -71.856848320367419, 42.032226510114917 ], [ -71.851237963643484, 42.032243877114304 ], [ -71.848412933341933, 42.028630134804025 ], [ -71.842802891721135, 42.028647088345004 ], [ -71.839978500673652, 42.025033136536088 ], [ -71.842763836093567, 42.021402436683893 ], [ -71.848373238532915, 42.021385484701128 ], [ -71.851157934843926, 42.017754578518847 ], [ -71.856767013207957, 42.017737214729166 ] ] ], [ [ [ -71.817539577732589, 42.025097646517295 ], [ -71.814716780378404, 42.021483070497808 ], [ -71.817503402555275, 42.017852985047782 ], [ -71.823112498420784, 42.017837271604428 ], [ -71.825935611174032, 42.021451642192879 ], [ -71.823149312711209, 42.025081931655698 ], [ -71.817539577732589, 42.025097646517295 ] ] ], [ [ [ -71.598769224411328, 42.032741054274332 ], [ -71.595958526604463, 42.02912111430232 ], [ -71.598757966279322, 42.025496377175557 ], [ -71.604367782967032, 42.025491375237706 ], [ -71.607178798980044, 42.029111110553366 ], [ -71.604379680147744, 42.032736052463285 ], [ -71.598769224411328, 42.032741054274332 ] ] ], [ [ [ -71.834444985300905, 42.039538971618207 ], [ -71.831658379979245, 42.043169460020295 ], [ -71.826047050797257, 42.043185591178279 ], [ -71.823222966461316, 42.039571232469036 ], [ -71.826009895791202, 42.035940948042345 ], [ -71.823186135390429, 42.032326585315666 ], [ -71.825972749251093, 42.028696298342098 ], [ -71.831582799627142, 42.028680170114221 ], [ -71.834406875424108, 42.032294327394936 ], [ -71.83162058549739, 42.035924818349457 ], [ -71.834444985300905, 42.039538971618207 ] ] ], [ [ [ -71.809177809933402, 42.03598768630561 ], [ -71.806355004480096, 42.032372908793874 ], [ -71.809142581389366, 42.028743032396903 ], [ -71.814752640083668, 42.028727729483606 ], [ -71.81757576115308, 42.032342301595605 ], [ -71.814788507960643, 42.035972382020603 ], [ -71.809177809933402, 42.03598768630561 ] ] ], [ [ [ -71.884900056682653, 42.032135548332427 ], [ -71.882073118041646, 42.028522636380366 ], [ -71.884856202224086, 42.02489091232637 ], [ -71.890465900440176, 42.024871896405607 ], [ -71.893293153671436, 42.028484602747426 ], [ -71.890510394144897, 42.032116530620179 ], [ -71.884900056682653, 42.032135548332427 ] ] ], [ [ [ -71.88503168003588, 42.053869416843611 ], [ -71.882247336773077, 42.057501131130756 ], [ -71.885075574490855, 42.0611140261272 ], [ -71.882290916280027, 42.064745737828602 ], [ -71.87667769541973, 42.064764350716302 ], [ -71.87384977272265, 42.061151250157245 ], [ -71.876634755816553, 42.057519742273172 ], [ -71.873807157929321, 42.053906637383164 ], [ -71.868194891994932, 42.053924834835001 ], [ -71.865367933867034, 42.050311520124026 ], [ -71.868152926600871, 42.046680213509021 ], [ -71.873764552848598, 42.046662017755658 ], [ -71.876548905968406, 42.043030504768808 ], [ -71.882160207554904, 42.043011897116685 ], [ -71.884943921135189, 42.039380177830886 ], [ -71.890554897989276, 42.03936115832704 ], [ -71.893382800752022, 42.042973856317417 ], [ -71.890599411976751, 42.046605779410854 ], [ -71.89342763961713, 42.050218473138919 ], [ -71.890643936110806, 42.053850393756306 ], [ -71.88503168003588, 42.053869416843611 ] ] ], [ [ [ -71.848571803065127, 42.057608669569255 ], [ -71.851398130707466, 42.061222395298287 ], [ -71.84861154313316, 42.064853286272225 ], [ -71.842998303419265, 42.064870247605569 ], [ -71.840172291238503, 42.061256316406272 ], [ -71.834559367058887, 42.061272864094008 ], [ -71.831733994789616, 42.057658723207417 ], [ -71.826121386218716, 42.057674857295829 ], [ -71.823296653789498, 42.054060506794592 ], [ -71.826084214272129, 42.050430227634543 ], [ -71.831696183075664, 42.050414095011391 ], [ -71.834521231115303, 42.054028240083085 ], [ -71.840133515456145, 42.054011693907292 ], [ -71.842959203261429, 42.057625629343946 ], [ -71.848571803065127, 42.057608669569255 ] ] ], [ [ [ -71.960665558083079, 42.035477898361108 ], [ -71.957834166144579, 42.031866858921966 ], [ -71.960613067924385, 42.028233292403797 ], [ -71.96622303602328, 42.028210561721274 ], [ -71.969054741595826, 42.031821395345716 ], [ -71.966276165483976, 42.035455165467262 ], [ -71.960665558083079, 42.035477898361108 ] ] ], [ [ [ -72.028173091702101, 42.056920628462734 ], [ -72.025336914769312, 42.053311269574841 ], [ -72.02811289040379, 42.049676072884807 ], [ -72.025277040009286, 42.046066709126535 ], [ -72.028052702819195, 42.042431510500009 ], [ -72.033663889535859, 42.042405472404447 ], [ -72.036500052681717, 42.046014630007299 ], [ -72.033724716408116, 42.049650031860999 ], [ -72.036561206162773, 42.053259184598872 ], [ -72.033785557139822, 42.056894584510445 ], [ -72.036622373578538, 42.060503732325536 ], [ -72.033846411735738, 42.064139130237422 ], [ -72.036683554933745, 42.067748273071864 ], [ -72.042296972840276, 42.067721811829493 ], [ -72.0451347557605, 42.071330743466092 ], [ -72.042358807935202, 42.074966342504361 ], [ -72.045196917835867, 42.078575269050084 ], [ -72.042420657125007, 42.082210865967888 ], [ -72.03680595948164, 42.082237333162105 ], [ -72.034029058756119, 42.085872724729484 ], [ -72.028414034126797, 42.085898780398281 ], [ -72.025576550288392, 42.082289441570033 ], [ -72.019961838835769, 42.082315082783097 ], [ -72.017124995016047, 42.07870553274487 ], [ -72.01990254942092, 42.075070547602046 ], [ -72.017066032294593, 42.071460992514623 ], [ -72.019843273517409, 42.067826005210691 ], [ -72.017007083009247, 42.064216445131876 ], [ -72.011393964413656, 42.064241666263605 ], [ -72.008616396645238, 42.06787645030969 ], [ -72.00300295157659, 42.067901259960131 ], [ -72.000167713983899, 42.06429128277545 ], [ -71.994554573177425, 42.064315676104805 ], [ -71.991719970736156, 42.060705487165805 ], [ -71.994498195855414, 42.057071110845222 ], [ -72.00011069688594, 42.057046719942612 ], [ -72.002888277792394, 42.053412137088706 ], [ -72.008500443688945, 42.053387333015813 ], [ -72.011277385154742, 42.049752544831492 ], [ -72.01688922472853, 42.049727329370377 ], [ -72.019724762225977, 42.053336899258539 ], [ -72.016948147155432, 42.056971890711992 ], [ -72.019784011120635, 42.060581455724389 ], [ -72.025396803172569, 42.060555823158737 ], [ -72.028173091702101, 42.056920628462734 ] ] ], [ [ [ -72.045072607850514, 42.064086210728334 ], [ -72.042235151835385, 42.060477274058698 ], [ -72.045010474101062, 42.056841670952167 ], [ -72.050622925527449, 42.056814801346889 ], [ -72.053460694213896, 42.060423531826189 ], [ -72.050685698851225, 42.064059338100975 ], [ -72.045072607850514, 42.064086210728334 ] ] ], [ [ [ -71.944036116418772, 42.064522829056955 ], [ -71.94120437537704, 42.060911391447227 ], [ -71.935591511687377, 42.060932893501388 ], [ -71.932760410536375, 42.057321245646719 ], [ -71.935541858813352, 42.053688301464675 ], [ -71.941154082684918, 42.053666801482372 ], [ -71.943934891216387, 42.050033651251255 ], [ -71.949546789484529, 42.050011739514119 ], [ -71.952378518915822, 42.053622975889766 ], [ -71.949598036060337, 42.057256329754807 ], [ -71.952430091240231, 42.06086756161762 ], [ -71.949649294319201, 42.064500913082824 ], [ -71.944036116418772, 42.064522829056955 ] ] ], [ [ [ -71.960875638383101, 42.064456255367617 ], [ -71.958042943316485, 42.060845233842635 ], [ -71.96082310035014, 42.057211676370081 ], [ -71.966435626531293, 42.057188936841413 ], [ -71.969268635515249, 42.060799752573487 ], [ -71.966488804449298, 42.064433513627044 ], [ -71.960875638383101, 42.064456255367617 ] ] ], [ [ [ -71.9946673663881, 42.078804785420765 ], [ -71.991832111065989, 42.075194605972925 ], [ -71.994610963353537, 42.071560234335102 ], [ -72.000224744075965, 42.071535838571926 ], [ -72.003060308070303, 42.075145810812202 ], [ -72.000281787166543, 42.07878038721659 ], [ -71.9946673663881, 42.078804785420765 ] ] ], [ [ [ -71.96942918399337, 42.082533447703788 ], [ -71.966595196663476, 42.078922645997409 ], [ -71.969375655631495, 42.075288889823533 ], [ -71.974989775714377, 42.075265731812486 ], [ -71.977824077028316, 42.078876327716529 ], [ -71.975043944323986, 42.082510287433813 ], [ -71.96942918399337, 42.082533447703788 ] ] ], [ [ [ -72.020080458218047, 42.096804131052508 ], [ -72.017242960785694, 42.093194591286228 ], [ -72.02002114176662, 42.089559610638368 ], [ -72.025636493311239, 42.089533966542362 ], [ -72.028474304064289, 42.093143300211125 ], [ -72.02569645000068, 42.096778484073283 ], [ -72.020080458218047, 42.096804131052508 ] ] ], [ [ [ -72.003232456011531, 42.096879419649234 ], [ -72.000395912361114, 42.093269462588985 ], [ -72.003175060283297, 42.089634890772182 ], [ -72.008790425203983, 42.089610072753615 ], [ -72.011627282396375, 42.093219823762105 ], [ -72.008848461174807, 42.096854598840785 ], [ -72.003232456011531, 42.096879419649234 ] ] ], [ [ [ -71.944340069140083, 42.107990190110471 ], [ -71.94150637245852, 42.104378780823609 ], [ -71.944289381464074, 42.100745648562658 ], [ -71.949905760999059, 42.10072372199361 ], [ -71.952739772244868, 42.104334925566256 ], [ -71.949957089440161, 42.107968261422066 ], [ -71.944340069140083, 42.107990190110471 ] ] ], [ [ [ -71.99239358067716, 42.147639749403758 ], [ -71.986773064080836, 42.147663756847315 ], [ -71.983935181472049, 42.144053417171214 ], [ -71.986717501009537, 42.14041927585091 ], [ -71.992337376046606, 42.14039527076099 ], [ -71.995119054097685, 42.136760923048399 ], [ -72.000738600372486, 42.136736505058906 ], [ -72.003577105367327, 42.140346430197297 ], [ -72.00079576065022, 42.143980984142942 ], [ -71.995175573056613, 42.144005404637817 ], [ -71.99239358067716, 42.147639749403758 ] ] ], [ [ [ -71.944847582621406, 42.180435161908569 ], [ -71.942010620532812, 42.176823804450457 ], [ -71.944796779118391, 42.173190702762483 ], [ -71.950419572888592, 42.173168754993576 ], [ -71.953256850253467, 42.176779906792035 ], [ -71.95047101862076, 42.180413212018948 ], [ -71.944847582621406, 42.180435161908569 ] ] ], [ [ [ -71.945000062773502, 42.202168485630921 ], [ -71.942162119595324, 42.198557144849268 ], [ -71.944949224444983, 42.194924053458358 ], [ -71.950573945342754, 42.194902099326896 ], [ -71.953412204011372, 42.198513234465281 ], [ -71.95062542634065, 42.202146529378325 ], [ -71.945000062773502, 42.202168485630921 ] ] ], [ [ [ -71.945203532292055, 42.231146120941197 ], [ -71.942364279938786, 42.227534803205032 ], [ -71.945152647473776, 42.223901726351855 ], [ -71.950779939930257, 42.223879763735049 ], [ -71.953619508059745, 42.227490875849853 ], [ -71.950831468005518, 42.231124156202725 ], [ -71.945203532292055, 42.231146120941197 ] ] ], [ [ [ -71.859838013450258, 42.064818537827129 ], [ -71.85701104589954, 42.061205021878372 ], [ -71.85979699356497, 42.057573924334783 ], [ -71.865409584163856, 42.057556138875377 ], [ -71.868236866955783, 42.061169449307656 ], [ -71.86545124395623, 42.064800750715762 ], [ -71.859838013450258, 42.064818537827129 ] ] ], [ [ [ -71.683051106220489, 42.076105052886213 ], [ -71.680233691647203, 42.072487198319038 ], [ -71.683030233885148, 42.068860417899174 ], [ -71.688643868371443, 42.068851287529263 ], [ -71.691461600487997, 42.072468937239975 ], [ -71.688665380623618, 42.076095922177089 ], [ -71.683051106220489, 42.076105052886213 ] ] ], [ [ [ -71.851518351885431, 42.082956211171449 ], [ -71.848691050455542, 42.0793424984845 ], [ -71.851478269021754, 42.075711613041129 ], [ -71.857092464322918, 42.075694236410428 ], [ -71.859920081282652, 42.079307743617655 ], [ -71.85713318746005, 42.08293883293522 ], [ -71.851518351885431, 42.082956211171449 ] ] ], [ [ [ -71.927293990531027, 42.079076087475919 ], [ -71.924462552592757, 42.075464243036514 ], [ -71.927245269625416, 42.071831510030776 ], [ -71.932859098961231, 42.071810417799853 ], [ -71.935690851400494, 42.075422056549236 ], [ -71.932908460051593, 42.079054993219465 ], [ -71.927293990531027, 42.079076087475919 ] ] ], [ [ [ -71.90205175650209, 42.082789894928432 ], [ -71.899221588339813, 42.079177428970354 ], [ -71.902005911216804, 42.075545312368 ], [ -71.907620076909197, 42.075525457991084 ], [ -71.910450559939278, 42.079137718331019 ], [ -71.90766656245782, 42.082770038665956 ], [ -71.90205175650209, 42.082789894928432 ] ] ], [ [ [ -71.902281139839602, 42.119012695689221 ], [ -71.899449343943772, 42.115400253325497 ], [ -71.902235242238689, 42.111768150860698 ], [ -71.90785261070836, 42.11174828705483 ], [ -71.910684721828247, 42.115360523827746 ], [ -71.907899149303148, 42.118992829997232 ], [ -71.902281139839602, 42.119012695689221 ] ] ], [ [ [ -71.826307373128913, 42.093897899638876 ], [ -71.82348101916476, 42.090283570667914 ], [ -71.826270158780247, 42.086653305683363 ], [ -71.831885327879476, 42.086637165733187 ], [ -71.834711997811596, 42.090251289301996 ], [ -71.831923182725205, 42.093881758223091 ], [ -71.826307373128913, 42.093897899638876 ] ] ], [ [ [ -71.792645836784999, 42.101233559658901 ], [ -71.789821072322937, 42.097618404894561 ], [ -71.792612457825882, 42.093988965050038 ], [ -71.798228283671591, 42.093974475944634 ], [ -71.801053364614347, 42.097589425404813 ], [ -71.798262303279415, 42.101219069274507 ], [ -71.792645836784999, 42.101233559658901 ] ] ], [ [ [ -71.851839344163949, 42.140912723191192 ], [ -71.849009442684789, 42.13729904782457 ], [ -71.851799188077905, 42.133668186810183 ], [ -71.857418509657975, 42.13365079733272 ], [ -71.86024872723911, 42.13726426726344 ], [ -71.857459307187014, 42.140895332107483 ], [ -71.851839344163949, 42.140912723191192 ] ] ], [ [ [ -71.834979436954285, 42.140963242924265 ], [ -71.832150493242565, 42.137349151885182 ], [ -71.834941205203407, 42.133718701911327 ], [ -71.840560535801814, 42.133702139099668 ], [ -71.843389795836671, 42.137316024749076 ], [ -71.84059940899877, 42.140946678599768 ], [ -71.834979436954285, 42.140963242924265 ] ] ], [ [ [ -71.885427090693995, 42.119070639818041 ], [ -71.882596251238752, 42.115457781504674 ], [ -71.885383116081854, 42.111826089517905 ], [ -71.891000494876693, 42.111807052092445 ], [ -71.893831649777127, 42.115419704861097 ], [ -71.89104511048626, 42.119051600599832 ], [ -71.885427090693995, 42.119070639818041 ] ] ], [ [ [ -71.902510785023793, 42.155235299131121 ], [ -71.899677359521689, 42.151622881806517 ], [ -71.902464835017696, 42.147990794921157 ], [ -71.90808540991992, 42.147970921683523 ], [ -71.910919151002958, 42.151583133444632 ], [ -71.908132001651694, 42.155215424006798 ], [ -71.902510785023793, 42.155235299131121 ] ] ], [ [ [ -71.902924807641497, 42.22043544199294 ], [ -71.900088444118396, 42.216823073381931 ], [ -71.902878763079627, 42.2131910181755 ], [ -71.90850511879168, 42.213171127953458 ], [ -71.91134179853961, 42.216783291050213 ], [ -71.908551806399657, 42.220415549883171 ], [ -71.902924807641497, 42.22043544199294 ] ] ], [ [ [ -71.894642164073133, 42.245820180208419 ], [ -71.891805136442727, 42.24220762340483 ], [ -71.894597048004044, 42.238575787409971 ], [ -71.900225660269342, 42.238556304588037 ], [ -71.903063004486754, 42.242168655919663 ], [ -71.900271419900889, 42.245800695545107 ], [ -71.894642164073133, 42.245820180208419 ] ] ], [ [ [ -72.121451096809167, 42.125278129349923 ], [ -72.118606568109016, 42.12167111862383 ], [ -72.121380191677801, 42.118033696533146 ], [ -72.126998015476204, 42.118003082262874 ], [ -72.129842856448889, 42.121609886638986 ], [ -72.127069561399352, 42.125247511635152 ], [ -72.121451096809167, 42.125278129349923 ] ] ], [ [ [ -72.130274349621573, 42.165076304951057 ], [ -72.135896332986206, 42.165045254768131 ], [ -72.138743788317228, 42.168651811470717 ], [ -72.135968947713621, 42.172289624693882 ], [ -72.130346322608702, 42.17232067836995 ], [ -72.127570840191268, 42.1759582861105 ], [ -72.12194788596176, 42.175988927945113 ], [ -72.11910105601487, 42.17238195859241 ], [ -72.121876867483323, 42.168744553717573 ], [ -72.127499179896503, 42.168713915329562 ], [ -72.130274349621573, 42.165076304951057 ] ] ], [ [ [ -72.197897140308527, 42.179174158195607 ], [ -72.195125231612963, 42.182813395775362 ], [ -72.197976850436874, 42.186418469968494 ], [ -72.203600689873369, 42.186384100072509 ], [ -72.206452950779934, 42.18998896132036 ], [ -72.203681060360523, 42.193628398967832 ], [ -72.198056578767833, 42.19366277273172 ], [ -72.195204629799619, 42.190057704980049 ], [ -72.189580460218323, 42.190091663135838 ], [ -72.186729153409189, 42.186486382458902 ], [ -72.181105295915714, 42.186519925052437 ], [ -72.178254631195387, 42.182914431522946 ], [ -72.181027511828503, 42.179275601863786 ], [ -72.186650727306187, 42.179242063044349 ], [ -72.189422965996584, 42.175603028133061 ], [ -72.186572319106403, 42.171997734736351 ], [ -72.189344245848901, 42.16835869732018 ], [ -72.194966489611943, 42.168324750626375 ], [ -72.197817448376497, 42.17192983752858 ], [ -72.195045851552479, 42.175569077618938 ], [ -72.197897140308527, 42.179174158195607 ] ] ], [ [ [ -72.147362028319449, 42.186715389463501 ], [ -72.144513272493114, 42.183109057676091 ], [ -72.147288096368811, 42.179471044284369 ], [ -72.15291134662894, 42.179439159894464 ], [ -72.155760414992173, 42.183045285309262 ], [ -72.152985920607236, 42.186683501486414 ], [ -72.147362028319449, 42.186715389463501 ] ] ], [ [ [ -72.206210958974467, 42.168256030171001 ], [ -72.211833184476291, 42.16822125641032 ], [ -72.214685096681777, 42.171825923932424 ], [ -72.211914471782862, 42.175465571755005 ], [ -72.214766714196486, 42.179070232904344 ], [ -72.211995777649022, 42.18270987826255 ], [ -72.206372268427515, 42.18274465985111 ], [ -72.203520337735441, 42.17913979216717 ], [ -72.206291604494467, 42.175500349429448 ], [ -72.203440003940429, 42.171895475367371 ], [ -72.206210958974467, 42.168256030171001 ] ] ], [ [ [ -72.223490659835477, 42.20437232940958 ], [ -72.2206367839688, 42.200767900869579 ], [ -72.22340801351244, 42.197128058030728 ], [ -72.229032788313717, 42.197092441176309 ], [ -72.231886975889154, 42.20069666315235 ], [ -72.22911607700344, 42.204336708546585 ], [ -72.223490659835477, 42.20437232940958 ] ] ], [ [ [ -72.130562340182593, 42.194053745515994 ], [ -72.127714209870021, 42.190447001059766 ], [ -72.13049031788357, 42.186809398767991 ], [ -72.136114226908731, 42.186778338104702 ], [ -72.138962670051498, 42.190384876239293 ], [ -72.136186891387794, 42.194022681358646 ], [ -72.130562340182593, 42.194053745515994 ] ] ], [ [ [ -72.198136325307601, 42.200907066369638 ], [ -72.203761449203199, 42.200872688737569 ], [ -72.206533651558047, 42.197233253721606 ], [ -72.212158445085706, 42.197198464303831 ], [ -72.215011678582712, 42.20080310598707 ], [ -72.212239806668919, 42.2044427436064 ], [ -72.20661437076815, 42.204477536939322 ], [ -72.203841856407649, 42.208116969266051 ], [ -72.206695108416582, 42.21172181085776 ], [ -72.212321186837201, 42.211687013609414 ], [ -72.215175081439142, 42.215291642025363 ], [ -72.220801471858579, 42.215256428983466 ], [ -72.223656009123772, 42.218860844150967 ], [ -72.229282711465416, 42.218825215269717 ], [ -72.232137891464006, 42.222429417116111 ], [ -72.229366057250701, 42.2260694543914 ], [ -72.223738712101948, 42.226105087282249 ], [ -72.220966235007893, 42.229744919203362 ], [ -72.215338558967758, 42.229780140171037 ], [ -72.212484002954483, 42.226175525254305 ], [ -72.215256810866222, 42.222535895892591 ], [ -72.212402585596919, 42.218931274197253 ], [ -72.206775864509638, 42.218966075361422 ], [ -72.203922281980184, 42.215361240437694 ], [ -72.198295873038546, 42.21539562580724 ], [ -72.195522403932074, 42.219034849969546 ], [ -72.198375674242229, 42.222639891375628 ], [ -72.195601892842745, 42.226279112681553 ], [ -72.189974510630577, 42.226313089947261 ], [ -72.187121552686619, 42.222707842084262 ], [ -72.189895664539691, 42.219068823412627 ], [ -72.187043036975652, 42.215463568870895 ], [ -72.181416609952279, 42.215497126564102 ], [ -72.178564625063984, 42.211891658959402 ], [ -72.181338754777812, 42.208252840103874 ], [ -72.18696453919857, 42.208219286186036 ], [ -72.189738026382912, 42.204580261870639 ], [ -72.186886059349234, 42.200974994145362 ], [ -72.181260917384279, 42.201008544288079 ], [ -72.178409592732763, 42.197403063605037 ], [ -72.181183097765611, 42.193764239232408 ], [ -72.186807597421478, 42.193730692864442 ], [ -72.189659234304685, 42.197335967094524 ], [ -72.19528404611863, 42.197302005117393 ], [ -72.198136325307601, 42.200907066369638 ] ] ], [ [ [ -72.05377633957707, 42.096646118339613 ], [ -72.050936935258861, 42.09303741357693 ], [ -72.053713181721321, 42.089401615691507 ], [ -72.059328505200114, 42.089374319449554 ], [ -72.062168222396224, 42.092982818023273 ], [ -72.05939230328427, 42.096618819027753 ], [ -72.05377633957707, 42.096646118339613 ] ] ], [ [ [ -72.036928419844614, 42.096726363946317 ], [ -72.03408996885625, 42.093117241612575 ], [ -72.036867182683849, 42.089481852275149 ], [ -72.042482520414524, 42.089455382104646 ], [ -72.045321284502208, 42.093064298295126 ], [ -72.042544397808555, 42.096699890799229 ], [ -72.036928419844614, 42.096726363946317 ] ] ], [ [ [ -72.070689309476705, 42.103807880027787 ], [ -72.067848624485833, 42.10019959833857 ], [ -72.070624216101251, 42.096563394241691 ], [ -72.076240165113688, 42.096535268768193 ], [ -72.079081162831415, 42.100143344228186 ], [ -72.07630589885855, 42.103779751390775 ], [ -72.070689309476705, 42.103807880027787 ] ] ], [ [ [ -72.087338064973508, 42.081989216693934 ], [ -72.084497410019523, 42.078381336840231 ], [ -72.08727109631198, 42.074744718158783 ], [ -72.092885109974873, 42.074715776295868 ], [ -72.095726077222949, 42.078323449858551 ], [ -72.092952718562685, 42.081960271574985 ], [ -72.087338064973508, 42.081989216693934 ] ] ], [ [ [ -72.096610458658887, 42.172501210507491 ], [ -72.093833034712162, 42.176138001221318 ], [ -72.096678596717922, 42.179745595458328 ], [ -72.093900859563163, 42.183382383384 ], [ -72.088277231661024, 42.183411374117199 ], [ -72.085431982936299, 42.179803573664564 ], [ -72.088210048783807, 42.176166988694504 ], [ -72.08536512867822, 42.172559182194021 ], [ -72.079742456033173, 42.172587754468225 ], [ -72.076898177757116, 42.168979735776901 ], [ -72.079676258790968, 42.165343351012446 ], [ -72.085298289679457, 42.16531478195111 ], [ -72.088142881241779, 42.168922594441526 ], [ -72.093765225342935, 42.168893610228039 ], [ -72.096610458658887, 42.172501210507491 ] ] ], [ [ [ -72.045694724975021, 42.136531202335227 ], [ -72.042853996515547, 42.132922318598958 ], [ -72.045632449401879, 42.129286738136948 ], [ -72.051251303138898, 42.129259838299305 ], [ -72.054092344975487, 42.132868515899148 ], [ -72.0513142197467, 42.136504299472904 ], [ -72.045694724975021, 42.136531202335227 ] ] ], [ [ [ -72.045819318753431, 42.151020106037706 ], [ -72.042977934899056, 42.147411233582503 ], [ -72.045757014757257, 42.143775658340637 ], [ -72.051377150709868, 42.143748752453398 ], [ -72.054218848082769, 42.147357418782953 ], [ -72.051440096033346, 42.150993197125267 ], [ -72.045819318753431, 42.151020106037706 ] ] ], [ [ [ -72.06274587880894, 42.158182982539472 ], [ -72.068367283044594, 42.158155243644536 ], [ -72.07121059131164, 42.161763480338877 ], [ -72.06843218195398, 42.165399662088596 ], [ -72.062810136103138, 42.16542740410268 ], [ -72.060031085056707, 42.169063380045493 ], [ -72.054408711025687, 42.16909071007106 ], [ -72.051566029780858, 42.165482061081093 ], [ -72.054345408933884, 42.161846288200756 ], [ -72.059967141273944, 42.161818961247747 ], [ -72.06274587880894, 42.158182982539472 ] ] ], [ [ [ -72.071602177726859, 42.205229822673566 ], [ -72.068756898820908, 42.20162162215734 ], [ -72.071536876064371, 42.197985454839774 ], [ -72.07716180355952, 42.197957285051913 ], [ -72.080007396181287, 42.201565279414353 ], [ -72.077227747641018, 42.205201649718312 ], [ -72.071602177726859, 42.205229822673566 ] ] ], [ [ [ -72.113828893389254, 42.208633969776386 ], [ -72.110981059965923, 42.205026819074718 ], [ -72.113758765619167, 42.201389631089882 ], [ -72.119383975459783, 42.201359390942464 ], [ -72.122232122077293, 42.204966335378877 ], [ -72.119454745708921, 42.208603726227786 ], [ -72.113828893389254, 42.208633969776386 ] ] ], [ [ [ -72.096951304584593, 42.208723045220374 ], [ -72.094104427059861, 42.20511547573259 ], [ -72.096883104262687, 42.201478696517235 ], [ -72.102508329971727, 42.201449283877643 ], [ -72.105355520913534, 42.205056647145831 ], [ -72.102577172778155, 42.208693629273078 ], [ -72.096951304584593, 42.208723045220374 ] ] ], [ [ [ -72.072059697071381, 42.255940107825531 ], [ -72.069212121825615, 42.252331966120977 ], [ -72.0719943011146, 42.24869583049967 ], [ -72.077623728626918, 42.248667638534464 ], [ -72.080471620409739, 42.252275579340072 ], [ -72.077689768162287, 42.255911912929498 ], [ -72.072059697071381, 42.255940107825531 ] ] ], [ [ [ -72.246162780215954, 42.218716673199275 ], [ -72.240536097060442, 42.218753129793434 ], [ -72.237680605289512, 42.215149134520345 ], [ -72.232054233832699, 42.215185175230502 ], [ -72.229199384718498, 42.211580966616253 ], [ -72.231970595309932, 42.207940923870716 ], [ -72.237596324183173, 42.207904887216401 ], [ -72.240451484999596, 42.211508889251988 ], [ -72.246077525501434, 42.211472436760609 ], [ -72.24884776263103, 42.207831986336231 ], [ -72.254473480118691, 42.207795122975163 ], [ -72.257329600195106, 42.21139870546039 ], [ -72.254559689224891, 42.215039357795348 ], [ -72.248933328897891, 42.215076225435013 ], [ -72.246162780215954, 42.218716673199275 ] ] ], [ [ [ -72.15606013181845, 42.212022571646422 ], [ -72.153209744742455, 42.208416471757232 ], [ -72.155985176941556, 42.204778263890937 ], [ -72.16161066639927, 42.2047459531721 ], [ -72.164461366147194, 42.208351846684721 ], [ -72.161686263814403, 42.21199025729257 ], [ -72.15606013181845, 42.212022571646422 ] ] ], [ [ [ -72.223904174758843, 42.24059354448773 ], [ -72.221048644820982, 42.236989149813951 ], [ -72.223821433978173, 42.233349320766393 ], [ -72.229449422080904, 42.233313683865561 ], [ -72.232305264078434, 42.236917872002167 ], [ -72.229532805962563, 42.240557903576573 ], [ -72.223904174758843, 42.24059354448773 ] ] ], [ [ [ -72.216238941335831, 42.309465963933611 ], [ -72.213462377705156, 42.313105542315562 ], [ -72.216320904165528, 42.316710060101769 ], [ -72.213544027500987, 42.320349634846636 ], [ -72.207908292605978, 42.320384489212579 ], [ -72.205130771039109, 42.324023857675392 ], [ -72.199494704420047, 42.324058299383303 ], [ -72.196636804322623, 42.320453368912887 ], [ -72.199414657539805, 42.316814203064055 ], [ -72.196557089018938, 42.31320926518945 ], [ -72.199334628977738, 42.309570095657172 ], [ -72.204969405933241, 42.309535661379634 ], [ -72.207746301207877, 42.305896285596262 ], [ -72.204888751072602, 42.302291546715622 ], [ -72.207665333306949, 42.298652167358561 ], [ -72.213299134158731, 42.2986173242777 ], [ -72.216156997260555, 42.302221856792663 ], [ -72.213380746593202, 42.305861438753979 ], [ -72.216238941335831, 42.309465963933611 ] ] ], [ [ [ -72.173169263349706, 42.233657634279773 ], [ -72.170316930578835, 42.230051973579279 ], [ -72.173092328154695, 42.226413366108297 ], [ -72.178719728237567, 42.226380216661077 ], [ -72.181572373668459, 42.22998567095555 ], [ -72.178797306405428, 42.233624481103057 ], [ -72.173169263349706, 42.233657634279773 ] ] ], [ [ [ -72.164917187881528, 42.251817481522643 ], [ -72.162064510060745, 42.248211634398885 ], [ -72.164841176444639, 42.244573238824074 ], [ -72.170470193012775, 42.244540494080127 ], [ -72.173323186491345, 42.248146141227657 ], [ -72.17054684786676, 42.251784733249337 ], [ -72.164917187881528, 42.251817481522643 ] ] ], [ [ [ -72.157036020692018, 42.306197474466686 ], [ -72.154181344431137, 42.302591476156685 ], [ -72.15696085368667, 42.29895332378026 ], [ -72.162594708339554, 42.298920966965589 ], [ -72.165449698239826, 42.30252675904687 ], [ -72.162670519896949, 42.306165114171378 ], [ -72.157036020692018, 42.306197474466686 ] ] ], [ [ [ -72.123442903651224, 42.328118281060291 ], [ -72.120589152790927, 42.324511465311716 ], [ -72.123371555029266, 42.320874143223094 ], [ -72.129007377471325, 42.320843434056108 ], [ -72.131861442632072, 42.32445004368364 ], [ -72.129079371099508, 42.328087568599059 ], [ -72.123442903651224, 42.328118281060291 ] ] ], [ [ [ -72.224732539105091, 42.313035012171838 ], [ -72.221873699684579, 42.309430700765972 ], [ -72.224649618637429, 42.305790916227245 ], [ -72.230284045198005, 42.305755240543597 ], [ -72.233143197431147, 42.309359345543633 ], [ -72.230367610340267, 42.31299933263292 ], [ -72.224732539105091, 42.313035012171838 ] ] ], [ [ [ -72.250219078671321, 42.323738375136998 ], [ -72.247358304318354, 42.320134705457249 ], [ -72.250133227528636, 42.316494313364871 ], [ -72.255768604191431, 42.316457389171369 ], [ -72.258629696905103, 42.32006085278644 ], [ -72.255855100357337, 42.323701447023822 ], [ -72.250219078671321, 42.323738375136998 ] ] ], [ [ [ -72.24778619169949, 42.356354882437337 ], [ -72.250648629376983, 42.359958513622075 ], [ -72.247871827977107, 42.363598883114634 ], [ -72.250734598563881, 42.367202506433095 ], [ -72.247957483870906, 42.370842871948675 ], [ -72.242317269250364, 42.370879412021054 ], [ -72.239454813518705, 42.367275582460302 ], [ -72.233814912124217, 42.367311705740853 ], [ -72.230953102245579, 42.363707661892036 ], [ -72.233730880482767, 42.360067701151046 ], [ -72.239370136098216, 42.360031581774926 ], [ -72.242147268630333, 42.356391414607188 ], [ -72.24778619169949, 42.356354882437337 ] ] ], [ [ [ -71.725402295508331, 42.144853487722457 ], [ -71.722604826603572, 42.14848126122871 ], [ -71.716984155572717, 42.148492049056735 ], [ -71.71416159487012, 42.144875062853146 ], [ -71.71695938732482, 42.141247493715746 ], [ -71.722579416980977, 42.141236706413089 ], [ -71.725402295508331, 42.144853487722457 ] ] ], [ [ [ -71.632673891308784, 42.148620791859884 ], [ -71.62987095848986, 42.152246291878441 ], [ -71.624249941860327, 42.152252531950779 ], [ -71.621432499554913, 42.148633271993056 ], [ -71.62423575475718, 42.145007976597647 ], [ -71.629856129930317, 42.145001736536841 ], [ -71.632673891308784, 42.148620791859884 ] ] ], [ [ [ -71.691702056218261, 42.152159459000764 ], [ -71.688902339413772, 42.155786403022816 ], [ -71.683281016283672, 42.155795537458935 ], [ -71.680460051531597, 42.15217772753455 ], [ -71.683260091522698, 42.14855098796945 ], [ -71.688880773128076, 42.148541853871798 ], [ -71.691702056218261, 42.152159459000764 ] ] ], [ [ [ -71.869204939032969, 42.227793425154246 ], [ -71.866412047427758, 42.231424650098603 ], [ -71.860784058692857, 42.231442475231141 ], [ -71.857949604887338, 42.227829073765108 ], [ -71.860742822879757, 42.224198052557099 ], [ -71.866370168339486, 42.224180229078684 ], [ -71.869204939032969, 42.227793425154246 ] ] ], [ [ [ -71.861735513666133, 42.398060966496146 ], [ -71.867378309628236, 42.398043091409995 ], [ -71.870220930962574, 42.401656121180103 ], [ -71.867420438458865, 42.405287231582356 ], [ -71.861776997088199, 42.40530510890968 ], [ -71.858934693679117, 42.401691873593457 ], [ -71.861735513666133, 42.398060966496146 ] ] ], [ [ [ -71.936886471227169, 42.249289502260901 ], [ -71.934046879899867, 42.24567799081013 ], [ -71.936836522759918, 42.242045128976109 ], [ -71.942465429436083, 42.242023575083373 ], [ -71.94530533682979, 42.245634880949495 ], [ -71.942516021529997, 42.249267946292925 ], [ -71.936886471227169, 42.249289502260901 ] ] ], [ [ [ -71.89473244490712, 42.260308908569421 ], [ -71.891894757683019, 42.256696373450026 ], [ -71.894687295737725, 42.253064554956175 ], [ -71.900317194651834, 42.253045068258494 ], [ -71.903155197915922, 42.256657397631095 ], [ -71.900362986274857, 42.26028941944805 ], [ -71.89473244490712, 42.260308908569421 ] ] ], [ [ [ -71.920093877520586, 42.263841200707617 ], [ -71.917254589282308, 42.260229295516382 ], [ -71.920045831838948, 42.256596863310598 ], [ -71.925676035903933, 42.25657613304702 ], [ -71.928515639884878, 42.260187832425231 ], [ -71.925724724107141, 42.263820467879896 ], [ -71.920093877520586, 42.263841200707617 ] ] ], [ [ [ -71.937036390765954, 42.271022493293017 ], [ -71.934195817266897, 42.267411012574435 ], [ -71.936986406118862, 42.263778173897549 ], [ -71.942617241446186, 42.263756612743506 ], [ -71.94545813053719, 42.267367887608579 ], [ -71.942667868757908, 42.271000929481033 ], [ -71.937036390765954, 42.271022493293017 ] ] ], [ [ [ -71.987719549900106, 42.270818477994844 ], [ -71.984876102317273, 42.267208252350919 ], [ -71.987663781320094, 42.263574183643449 ], [ -71.993294580227271, 42.263550137527268 ], [ -71.99613834273481, 42.267160157180143 ], [ -71.993350991459451, 42.270794428940079 ], [ -71.987719549900106, 42.270818477994844 ] ] ], [ [ [ -72.027320386074393, 42.292377050775862 ], [ -72.021687051861832, 42.292402774664964 ], [ -72.018840707477025, 42.288793410509072 ], [ -72.021627381967974, 42.285158528337348 ], [ -72.01878136652158, 42.281549157533654 ], [ -72.021567725722534, 42.277914271451074 ], [ -72.027199771482984, 42.277888553024773 ], [ -72.029985486605256, 42.274253459936183 ], [ -72.035617203432054, 42.274227328646305 ], [ -72.038463849163833, 42.277836287667157 ], [ -72.035678463048882, 42.281471583882023 ], [ -72.030046102145732, 42.28149771794989 ], [ -72.027260071880789, 42.285132807179728 ], [ -72.030106731553275, 42.288741965462485 ], [ -72.027320386074393, 42.292377050775862 ] ] ], [ [ [ -72.022164902917922, 42.350356351282855 ], [ -72.019315924286374, 42.346747042397176 ], [ -72.022105123667984, 42.343112193592276 ], [ -72.02774297210911, 42.343086450576536 ], [ -72.030592266599811, 42.346695553632628 ], [ -72.027803396839502, 42.350330605533912 ], [ -72.022164902917922, 42.350356351282855 ] ] ], [ [ [ -71.912048231059757, 42.325448258225038 ], [ -71.909206642930442, 42.321836200052225 ], [ -71.912001057727124, 42.318204007552168 ], [ -71.917636733391362, 42.318183670000337 ], [ -71.920478637983933, 42.32179552242917 ], [ -71.91768455049808, 42.325427918153693 ], [ -71.912048231059757, 42.325448258225038 ] ] ], [ [ [ -71.895184503722959, 42.332751867034844 ], [ -71.892343548962188, 42.329139397451158 ], [ -71.895139251387405, 42.325507620188354 ], [ -71.900775581455335, 42.325488109242656 ], [ -71.903616852974025, 42.32910037313377 ], [ -71.900821477716008, 42.332732353663019 ], [ -71.895184503722959, 42.332751867034844 ] ] ], [ [ [ -71.937687230775651, 42.365197663149431 ], [ -71.934842399416908, 42.361586271423192 ], [ -71.937637097512578, 42.357953487090988 ], [ -71.943276298960384, 42.357931891363144 ], [ -71.946121446842866, 42.361543077306266 ], [ -71.943327076802987, 42.365176064760206 ], [ -71.937687230775651, 42.365197663149431 ] ] ], [ [ [ -71.886928450515398, 42.365379604079529 ], [ -71.884086503821436, 42.361766956689522 ], [ -71.886884118525046, 42.358135405473611 ], [ -71.892523352574472, 42.358116298382832 ], [ -71.895365616461788, 42.361728740127703 ], [ -71.892568329155552, 42.365360494608353 ], [ -71.886928450515398, 42.365379604079529 ] ] ], [ [ [ -71.92115366301563, 42.423213834057542 ], [ -71.918355138517896, 42.426846163729671 ], [ -71.912709790744643, 42.426866539100494 ], [ -71.909863613360415, 42.423254582276023 ], [ -71.912662466229051, 42.419622455748858 ], [ -71.918307168160325, 42.419602082901058 ], [ -71.92115366301563, 42.423213834057542 ] ] ], [ [ [ -71.980453711687332, 42.426603765139163 ], [ -71.986099012299107, 42.426580068047066 ], [ -71.988949687458813, 42.430190134223444 ], [ -71.986154745409209, 42.433824103338168 ], [ -71.980508798823564, 42.433847803328469 ], [ -71.97765844031079, 42.430237531305679 ], [ -71.980453711687332, 42.426603765139163 ] ] ], [ [ [ -72.046318263009496, 42.208975374648546 ], [ -72.043474254548485, 42.205366549633716 ], [ -72.046255845126339, 42.201730997578061 ], [ -72.051881115799418, 42.20170406748192 ], [ -72.05472543834567, 42.205312686414295 ], [ -72.051944176182516, 42.208948441525109 ], [ -72.046318263009496, 42.208975374648546 ] ] ], [ [ [ -72.05491564840473, 42.227045761652185 ], [ -72.052070340167546, 42.223437161449603 ], [ -72.054852230567889, 42.219801412723328 ], [ -72.060479100541016, 42.219774061182356 ], [ -72.063324722929423, 42.223382455293127 ], [ -72.060543161242435, 42.227018407036532 ], [ -72.05491564840473, 42.227045761652185 ] ] ], [ [ [ -72.029622049212151, 42.230787620138265 ], [ -72.026778012736685, 42.227178395496345 ], [ -72.029561517372059, 42.223543262562906 ], [ -72.035188730107492, 42.223517151185398 ], [ -72.038033081103919, 42.227126169806901 ], [ -72.035249904892936, 42.230761505826187 ], [ -72.029622049212151, 42.230787620138265 ] ] ], [ [ [ -72.086302438839923, 42.273979720219927 ], [ -72.080670765808918, 42.274008336869294 ], [ -72.077887970570856, 42.277644659646917 ], [ -72.072255967950852, 42.2776728635775 ], [ -72.06940740460827, 42.274064741718554 ], [ -72.07219052936172, 42.270428621950792 ], [ -72.069342295460913, 42.266820493418678 ], [ -72.07212510573693, 42.263184369994903 ], [ -72.077755820523635, 42.263156172087584 ], [ -72.080604368828276, 42.266764094592659 ], [ -72.086235397945245, 42.266735481001717 ], [ -72.089084590090337, 42.270343190791792 ], [ -72.086302438839923, 42.273979720219927 ] ] ], [ [ [ -72.098044508471759, 42.324630992178449 ], [ -72.095192362159779, 42.32102354380438 ], [ -72.097976070233798, 42.317386834318427 ], [ -72.103611594329465, 42.317357370305047 ], [ -72.10646405524264, 42.320964612624053 ], [ -72.103680677508152, 42.32460152501136 ], [ -72.098044508471759, 42.324630992178449 ] ] ], [ [ [ -72.038648657533628, 42.299569001669973 ], [ -72.035801024330553, 42.295960062733819 ], [ -72.038587040649972, 42.29232477430547 ], [ -72.04422036091475, 42.292298221724849 ], [ -72.047068309253319, 42.295906954747409 ], [ -72.044282622240758, 42.299542446264041 ], [ -72.038648657533628, 42.299569001669973 ] ] ], [ [ [ -72.047632141683835, 42.361104514059456 ], [ -72.04478122617455, 42.357495844374348 ], [ -72.04756943624885, 42.35386038636036 ], [ -72.053208231816939, 42.353833395014995 ], [ -72.056059462956355, 42.357441858809743 ], [ -72.053271582946834, 42.361077519840087 ], [ -72.047632141683835, 42.361104514059456 ] ] ], [ [ [ -72.022284502494415, 42.364844631745733 ], [ -72.019434864539249, 42.361235337257789 ], [ -72.022224695858498, 42.35760049737263 ], [ -72.027863835408354, 42.357574748890244 ], [ -72.030713789365805, 42.361183837559466 ], [ -72.027924287820426, 42.36481888052969 ], [ -72.022284502494415, 42.364844631745733 ] ] ], [ [ [ -72.082068618839145, 42.426134846871086 ], [ -72.079279204726731, 42.429771079405569 ], [ -72.073633644205742, 42.429799346638163 ], [ -72.070843582924894, 42.433435371354186 ], [ -72.065197691279494, 42.433463224839706 ], [ -72.062342508135501, 42.429855050639027 ], [ -72.065132900466608, 42.426219228834832 ], [ -72.062278048298708, 42.422611046736648 ], [ -72.065068124506482, 42.41897522001041 ], [ -72.070712721958074, 42.418947372464714 ], [ -72.073567890175184, 42.422555348675608 ], [ -72.079212803601862, 42.42252708445978 ], [ -72.082068618839145, 42.426134846871086 ] ] ], [ [ [ -72.106950284298421, 42.371673404906097 ], [ -72.10409550888339, 42.368066214020757 ], [ -72.106880775275769, 42.364429326651781 ], [ -72.112520486185531, 42.364399427327442 ], [ -72.115375576552097, 42.368006412170068 ], [ -72.112590641106664, 42.371643502379577 ], [ -72.106950284298421, 42.371673404906097 ] ] ], [ [ [ -72.098661158286987, 42.389827895084338 ], [ -72.095806036137887, 42.386220513410606 ], [ -72.098592578849633, 42.38258384218144 ], [ -72.104233912730692, 42.382554349775575 ], [ -72.107019809245287, 42.378917471208482 ], [ -72.112660812099975, 42.378887565479545 ], [ -72.115516564585192, 42.382494535115143 ], [ -72.121157882459926, 42.382464212861301 ], [ -72.124014281136866, 42.386070968754254 ], [ -72.121229046971166, 42.389708252952914 ], [ -72.115587082830714, 42.389738578456424 ], [ -72.112730999171021, 42.386131616511413 ], [ -72.107089350121882, 42.386161525443057 ], [ -72.104303138439263, 42.389798399522491 ], [ -72.107158906933648, 42.393405567493915 ], [ -72.104372380011696, 42.397042437027828 ], [ -72.098729753440125, 42.397071935745906 ], [ -72.095874300259169, 42.39346456177369 ], [ -72.098661158286987, 42.389827895084338 ] ] ], [ [ [ -72.140718959415651, 42.36424578264694 ], [ -72.137935646921974, 42.367883489833552 ], [ -72.132295637573719, 42.367914635246137 ], [ -72.129439586584539, 42.364308070129404 ], [ -72.132223230315347, 42.360670565714379 ], [ -72.137862593847501, 42.360639423644344 ], [ -72.140718959415651, 42.36424578264694 ] ] ], [ [ [ -72.132585432536075, 42.396890793262649 ], [ -72.129800214829373, 42.400528275732192 ], [ -72.124157289189398, 42.400559021150507 ], [ -72.121300227790528, 42.396952280802218 ], [ -72.124085776970645, 42.393315001102586 ], [ -72.129728056125572, 42.393284258981168 ], [ -72.132585432536075, 42.396890793262649 ] ] ], [ [ [ -72.124371924211957, 42.4222910063325 ], [ -72.121585114261464, 42.425928267457564 ], [ -72.11593991657017, 42.425958609213247 ], [ -72.113082175885452, 42.422351686592748 ], [ -72.115869317468835, 42.418714628241617 ], [ -72.121513868153471, 42.418684289736895 ], [ -72.124371924211957, 42.4222910063325 ] ] ], [ [ [ -72.073370718498893, 42.400823278680114 ], [ -72.070516542964597, 42.397215279141577 ], [ -72.073305024728, 42.393579230365532 ], [ -72.078947351260155, 42.393550978214428 ], [ -72.081801842480829, 42.397158771823662 ], [ -72.079013691532367, 42.400795023513197 ], [ -72.073370718498893, 42.400823278680114 ] ] ], [ [ [ -72.104510910770031, 42.411530474850217 ], [ -72.107367673034815, 42.415137619384964 ], [ -72.104580199966833, 42.418774474935347 ], [ -72.107437293642107, 42.422381611541674 ], [ -72.104649505049338, 42.426018462315177 ], [ -72.107506930211983, 42.429625590934968 ], [ -72.104718826023017, 42.433262436873733 ], [ -72.107576582749971, 42.436869557448858 ], [ -72.104788162893328, 42.440506398495053 ], [ -72.099141654693298, 42.440535916155788 ], [ -72.096284213708245, 42.436928589612435 ], [ -72.099072965131867, 42.433291951376731 ], [ -72.096215855639642, 42.429684616783312 ], [ -72.099004291318678, 42.426047973660694 ], [ -72.096147513242386, 42.422440631075297 ], [ -72.090502615184903, 42.422469725659283 ], [ -72.087646484123482, 42.418862169181189 ], [ -72.090434935394313, 42.415225724078098 ], [ -72.087579135523683, 42.411618159718792 ], [ -72.090367271116051, 42.407981709850212 ], [ -72.087511802359387, 42.404374137667823 ], [ -72.09029962234473, 42.400737683091577 ], [ -72.095942580024854, 42.400708597837621 ], [ -72.098798364314462, 42.404315964050291 ], [ -72.096010875440385, 42.407952621486494 ], [ -72.098866990915383, 42.411559979881496 ], [ -72.104510910770031, 42.411530474850217 ] ] ], [ [ [ -72.12451509625528, 42.436778932826108 ], [ -72.121727655491611, 42.44041618431681 ], [ -72.116081163341974, 42.440446532575201 ], [ -72.11322275930884, 42.436839626091214 ], [ -72.116010531859374, 42.433202577363097 ], [ -72.12165637670563, 42.433172232356192 ], [ -72.12451509625528, 42.436778932826108 ] ] ] ] } }
]
}
