{
"type": "FeatureCollection",
"name": "CMRPC_BikeTrails_251125",
"crs": { "type": "name", "properties": { "name": "urn:ogc:def:crs:OGC:1.3:CRS84" } },
"features": [
{ "type": "Feature", "properties": { "OBJECTID": 266, "LOCAL_NAME": "Wachusett Greenways", "SURFACE_TYPE": null, "Shape__Length": 2641.9335194747 }, "geometry": { "type": "MultiLineString", "coordinates": [ [ [ -71.985273147843813, 42.372254265454245 ], [ -71.984911446892397, 42.372992330112311 ], [ -71.984864517772664, 42.373117034188169 ], [ -71.984822603285934, 42.373222141239218 ], [ -71.984791198027494, 42.373300897562849 ], [ -71.984760976815949, 42.373376685137977 ], [ -71.984714510150326, 42.373520456194967 ], [ -71.984704453880582, 42.373569497650934 ], [ -71.984687176903705, 42.373653706874769 ], [ -71.984678934283181, 42.373726792783764 ], [ -71.984669643157034, 42.373786326569579 ], [ -71.984666107166731, 42.373845697463075 ], [ -71.984657646676467, 42.373937415747335 ], [ -71.984655126312859, 42.374074973279903 ], [ -71.984660583764864, 42.37423954995365 ], [ -71.98466666541556, 42.374422990426787 ], [ -71.984669705012337, 42.374514627839112 ], [ -71.984672715973545, 42.374597774754278 ], [ -71.984682242280812, 42.374860894186376 ], [ -71.984691957040951, 42.37512910573669 ], [ -71.984703637316599, 42.375451766497619 ], [ -71.984715284901114, 42.375719928453833 ], [ -71.984728707551383, 42.376028932566967 ], [ -71.984735561118853, 42.376186778134105 ], [ -71.984740560566109, 42.376351430479673 ], [ -71.984764679649714, 42.377145937030868 ], [ -71.984765811946815, 42.377293647820785 ], [ -71.984755352181324, 42.377393878577863 ], [ -71.984751183970502, 42.377477078194104 ], [ -71.984742768234199, 42.37757389004453 ], [ -71.984727392606374, 42.377658847423568 ], [ -71.984709761156779, 42.377748912629976 ], [ -71.984689171741934, 42.377806659175768 ], [ -71.984673991769725, 42.37786282002925 ], [ -71.984617905689404, 42.378014164114553 ], [ -71.984570703777464, 42.37812981667193 ], [ -71.984527251502712, 42.378212370560384 ], [ -71.984513277800303, 42.378239468636401 ], [ -71.984487548645717, 42.378289363772161 ], [ -71.984419633626516, 42.378399654945248 ], [ -71.984369139945386, 42.378476882607337 ], [ -71.984328840585476, 42.378543419633957 ], [ -71.984278993024745, 42.378613241472053 ], [ -71.984172491294245, 42.378732862529958 ], [ -71.984108734503096, 42.378807514346406 ], [ -71.984042806660185, 42.378870613773543 ], [ -71.983974559003968, 42.37893032613723 ], [ -71.983820319558077, 42.379056315529631 ], [ -71.983733308354374, 42.379124897053636 ], [ -71.983662719328748, 42.37917782460535 ], [ -71.983596649048138, 42.379222247914157 ], [ -71.983482683426786, 42.379292338885598 ], [ -71.983332238439118, 42.379382961894819 ], [ -71.983138244109199, 42.379493306518363 ], [ -71.982896650498304, 42.379607008812606 ], [ -71.982593716783683, 42.379745116301372 ], [ -71.982426110261571, 42.379786069247984 ], [ -71.982075620767731, 42.379857297995351 ], [ -71.98161303230799, 42.379939725499362 ], [ -71.981334551487151, 42.379962357344631 ], [ -71.981027034938933, 42.379974374898786 ], [ -71.980654072531607, 42.379946418651727 ], [ -71.980018107315232, 42.379881997047221 ], [ -71.978828539503411, 42.379734021469964 ], [ -71.978028100750151, 42.379646123995848 ], [ -71.976743692111455, 42.379493149798918 ], [ -71.976072187812093, 42.379418123153719 ], [ -71.97532967570362, 42.37933265006891 ], [ -71.974597999551705, 42.379244444644534 ], [ -71.974019865628378, 42.379169019929293 ], [ -71.973309948758029, 42.379086082377427 ], [ -71.972852139687049, 42.379034306008982 ], [ -71.972642071253858, 42.37901101991465 ], [ -71.972265359523675, 42.3789642692294 ], [ -71.971776470199529, 42.378917981869442 ], [ -71.971432575130521, 42.378903290827644 ], [ -71.9710981807753, 42.37890197772343 ], [ -71.97083049487064, 42.378916491387869 ], [ -71.970490571723275, 42.378950078935823 ], [ -71.97017972012307, 42.37899964379158 ], [ -71.969907733249727, 42.379067831744578 ], [ -71.969575522623742, 42.379165778953656 ], [ -71.969221881514642, 42.379301376142116 ], [ -71.968954949622315, 42.379417839763128 ], [ -71.968499018251933, 42.379619318612271 ], [ -71.967866286544947, 42.379892077362179 ], [ -71.966556801820488, 42.380458159708176 ], [ -71.965696380223278, 42.380824133994842 ], [ -71.964388601239747, 42.381380522629435 ], [ -71.964042311644462, 42.381534856722269 ], [ -71.963944819594232, 42.381564763949321 ], [ -71.963850788555106, 42.38157319163485 ], [ -71.963749494602681, 42.38157896566787 ], [ -71.963670074317008, 42.381606116966964 ], [ -71.963594140896987, 42.381614471507007 ], [ -71.963514544693908, 42.381617475052131 ], [ -71.96342757248938, 42.381601729199524 ], [ -71.963333580638164, 42.3816155211045 ], [ -71.962932729820409, 42.381732508940395 ], [ -71.962780993718582, 42.381883452609046 ] ] ] } },
{ "type": "Feature", "properties": { "OBJECTID": 267, "LOCAL_NAME": "Wachusett Greenways", "SURFACE_TYPE": null, "Shape__Length": 346.30391011128597 }, "geometry": { "type": "MultiLineString", "coordinates": [ [ [ -71.96075153764609, 42.38219402874352 ], [ -71.96068183947223, 42.382315813916385 ], [ -71.960636403281825, 42.382392733433981 ], [ -71.960595499789193, 42.382461108186668 ], [ -71.960563790915714, 42.382529446118006 ], [ -71.960553637584667, 42.382594263169622 ], [ -71.960553065347654, 42.38263006709483 ], [ -71.960552406451995, 42.382670978683457 ], [ -71.960549024336601, 42.382711965992868 ], [ -71.960525041001304, 42.382812322229853 ], [ -71.960493459215385, 42.382898977724821 ], [ -71.960441065674118, 42.382990444793577 ], [ -71.960411288740403, 42.383065500069932 ], [ -71.960384564772241, 42.383110558231806 ], [ -71.960319951504147, 42.383142732756099 ], [ -71.960256820987539, 42.383170416092874 ], [ -71.960097509847429, 42.383240283376047 ], [ -71.959951875711809, 42.38330415298141 ], [ -71.959767239149784, 42.383385127923134 ], [ -71.959607298263876, 42.383446358803909 ], [ -71.958833974283053, 42.383742389877014 ], [ -71.957828629631578, 42.384130486686821 ] ] ] } },
{ "type": "Feature", "properties": { "OBJECTID": 268, "LOCAL_NAME": "Wachusett Greenways", "SURFACE_TYPE": null, "Shape__Length": 1974.3292259672801 }, "geometry": { "type": "MultiLineString", "coordinates": [ [ [ -71.957828629631578, 42.384130486686821 ], [ -71.957149573739898, 42.384310544566731 ], [ -71.95700889952262, 42.384357747145387 ], [ -71.956799040947189, 42.384437387805583 ], [ -71.956551211835205, 42.384517184153829 ], [ -71.956209268296689, 42.384632730742041 ], [ -71.956036197130061, 42.384699359967826 ], [ -71.955777779560151, 42.384785626435459 ], [ -71.955347145515631, 42.38493658510528 ], [ -71.954662248475486, 42.385178934791718 ], [ -71.954296516716369, 42.38530583040329 ], [ -71.953659214155834, 42.385529976858813 ], [ -71.953239392283749, 42.385677986032242 ], [ -71.952636939480982, 42.385892659854264 ], [ -71.952198669097001, 42.386040419972957 ], [ -71.951995268617083, 42.38611520539736 ], [ -71.95179627013394, 42.386198011808894 ], [ -71.951644864882894, 42.386262940491356 ], [ -71.95144380415266, 42.386361837051375 ], [ -71.951328433843429, 42.38642903488433 ], [ -71.951129714344205, 42.38655204750777 ], [ -71.950974306144232, 42.386663633789503 ], [ -71.950805912349622, 42.386780092652877 ], [ -71.950697245531103, 42.386875412745852 ], [ -71.950609017464203, 42.3869770834185 ], [ -71.950406432745467, 42.387166370773137 ], [ -71.950247283736999, 42.387363213134556 ], [ -71.950085345471194, 42.387593840307566 ], [ -71.950019015576189, 42.38772437165786 ], [ -71.949944352057003, 42.387902870241284 ], [ -71.949856740574091, 42.388091389126934 ], [ -71.949797514013056, 42.388305530678473 ], [ -71.949748971968489, 42.388496307688484 ], [ -71.949734514272933, 42.388599298080933 ], [ -71.949717961056976, 42.388711944093679 ], [ -71.949704138579108, 42.388903391117353 ], [ -71.949704319498892, 42.389233906852084 ], [ -71.949720296615837, 42.389650399973156 ], [ -71.94971036604899, 42.390083888116656 ], [ -71.949702544450304, 42.390204543989235 ], [ -71.949681993524308, 42.39036545713649 ], [ -71.949595473584168, 42.39070821238397 ], [ -71.94952095750169, 42.390907935941975 ], [ -71.949433396569944, 42.391104497282356 ], [ -71.949377694537944, 42.391204431035128 ], [ -71.949284652075477, 42.391362087232359 ], [ -71.949211658451787, 42.391471740339185 ], [ -71.949164315645518, 42.391526607409766 ], [ -71.949052556880602, 42.391676620137254 ], [ -71.948914103631239, 42.391825934740496 ], [ -71.94881499882942, 42.391924428707746 ], [ -71.94867922424325, 42.392053626560347 ], [ -71.94856488222824, 42.392145744496332 ], [ -71.94850790889042, 42.392189553744636 ], [ -71.948436678583079, 42.392241295995397 ], [ -71.948339503159289, 42.392306008826878 ], [ -71.948261731615275, 42.392354563344725 ], [ -71.948175308816616, 42.392406364611325 ], [ -71.948062970839032, 42.392474352966651 ], [ -71.947948433448403, 42.392539133063472 ], [ -71.947810120863238, 42.392616870602943 ], [ -71.947690575357939, 42.39267958127342 ], [ -71.94753925894976, 42.392758977877492 ], [ -71.94740526324064, 42.392833480525056 ], [ -71.947258303430132, 42.392916076523981 ], [ -71.947071758073093, 42.393015715426408 ], [ -71.946842656328329, 42.393142055996819 ], [ -71.946717361827609, 42.39321974165113 ], [ -71.946572513767009, 42.393294289943896 ], [ -71.946440708846467, 42.393372000557058 ], [ -71.946272027738445, 42.39345146283717 ], [ -71.946150115213342, 42.393517555320592 ], [ -71.945862613919289, 42.393669854875625 ], [ -71.945562237701481, 42.393843107199515 ], [ -71.945334350194173, 42.393958183795519 ], [ -71.945027448789091, 42.394129855651514 ], [ -71.944667968004453, 42.39432183225383 ], [ -71.94454261717452, 42.394393080504898 ], [ -71.944261353116602, 42.394508361130939 ], [ -71.944075702370554, 42.394569322753583 ], [ -71.943849271801966, 42.39465791886628 ], [ -71.943412022815437, 42.394776688832401 ], [ -71.943164001048885, 42.394837151954839 ], [ -71.94293430495614, 42.394879853472716 ], [ -71.942628695781039, 42.39492767205536 ], [ -71.942441111376311, 42.394942867249775 ], [ -71.9421374244302, 42.394955295170739 ], [ -71.941738288196291, 42.394971301829585 ], [ -71.941469829667398, 42.394971193176374 ] ] ] } },
{ "type": "Feature", "properties": { "OBJECTID": 269, "LOCAL_NAME": "Grosvenor Reservoir Trail", "SURFACE_TYPE": null, "Shape__Length": 1396.8497358243899 }, "geometry": { "type": "MultiLineString", "coordinates": [ [ [ -71.944654709253072, 42.259025747474233 ], [ -71.944623744713425, 42.258981574013042 ], [ -71.944601422198375, 42.258946812217438 ], [ -71.944562443868378, 42.258897760383704 ], [ -71.944523429569713, 42.258844610474739 ], [ -71.944489968104747, 42.2587955372626 ], [ -71.944450946812225, 42.258740336454309 ], [ -71.944409091666827, 42.258674894793224 ], [ -71.944378405560144, 42.258627862609742 ], [ -71.94435046713609, 42.258578772486985 ], [ -71.944314200821609, 42.258523560971682 ], [ -71.944277891445736, 42.258462200508639 ], [ -71.94421864764395, 42.258414075038786 ], [ -71.94415558065198, 42.258357026967936 ], [ -71.944087648562117, 42.25829283392487 ], [ -71.943985847473016, 42.258210872758895 ], [ -71.943927653307739, 42.258160964072083 ], [ -71.943821081751906, 42.258086179546851 ], [ -71.943714334908577, 42.257986333729235 ], [ -71.943631971737204, 42.257925778493991 ], [ -71.943578622996981, 42.257879432337198 ], [ -71.943486535593323, 42.257808172981619 ], [ -71.943389558246537, 42.25772618815607 ], [ -71.94329735206162, 42.257637026483756 ], [ -71.943234261605312, 42.257576395669254 ], [ -71.943151641703167, 42.257480038533068 ], [ -71.94309790022831, 42.257376400769608 ], [ -71.943054139386007, 42.25732285902626 ], [ -71.942991155684439, 42.25727654976383 ], [ -71.942932961977235, 42.257226645069437 ], [ -71.942860336556038, 42.257180377421925 ], [ -71.942782890245283, 42.257134123813763 ], [ -71.94269105988883, 42.257098670775619 ], [ -71.942584817981398, 42.257070431552158 ], [ -71.94251713295553, 42.257042049073647 ], [ -71.942430100028403, 42.257002995016364 ], [ -71.942333099088771, 42.256917432462132 ], [ -71.942250532564955, 42.256828228315051 ], [ -71.942172461133978, 42.256692463577011 ], [ -71.942099312079733, 42.256570996533405 ], [ -71.942050562861652, 42.256492406329741 ], [ -71.941992245701371, 42.256424598105092 ], [ -71.941914501232375, 42.256335379655063 ], [ -71.941826989074499, 42.256228289801491 ], [ -71.941744379084398, 42.256131926201412 ], [ -71.94164760021107, 42.256078587836157 ], [ -71.941522030692624, 42.256043263606749 ], [ -71.941343416390922, 42.256004561676889 ], [ -71.941097224861778, 42.255951796041082 ], [ -71.940875158178272, 42.255902519593725 ], [ -71.940633832037491, 42.255856893538137 ], [ -71.940445365143148, 42.255786002387566 ], [ -71.940353550817917, 42.255754128846299 ], [ -71.940266547095135, 42.255718655364213 ], [ -71.940184307276667, 42.255675999805199 ], [ -71.940116630838773, 42.2556476113785 ], [ -71.940039286698251, 42.255615682131094 ], [ -71.939947554677943, 42.255594547725835 ], [ -71.939846211957544, 42.255577032382412 ], [ -71.9397206692922, 42.255545287509321 ], [ -71.939590380439782, 42.255524301342156 ], [ -71.939498654766467, 42.255503167454862 ], [ -71.939426207658542, 42.255481958829925 ], [ -71.939334351881897, 42.255442921782432 ], [ -71.939256933911537, 42.255400251615704 ], [ -71.93919412867146, 42.255379006865901 ], [ -71.939112064977138, 42.25536141714533 ], [ -71.93905904432556, 42.255361619861894 ], [ -71.938962721528867, 42.255372728750743 ], [ -71.938895368468465, 42.25539088970006 ], [ -71.93881360127034, 42.255416268537878 ], [ -71.938722272775252, 42.25545242451868 ], [ -71.938650117467887, 42.25547418599448 ], [ -71.938568455273952, 42.25551388635607 ], [ -71.938510961855414, 42.255564235051985 ], [ -71.938472850904972, 42.255628836319396 ], [ -71.938453987605968, 42.255689782665115 ], [ -71.938415802160122, 42.25574363901989 ], [ -71.938358382733682, 42.255804728027961 ], [ -71.93828163385713, 42.255858736027733 ], [ -71.938204886030761, 42.255912739469608 ], [ -71.938142458168713, 42.25594520327877 ], [ -71.93808011113633, 42.25599199334566 ], [ -71.938003387745766, 42.256049578882411 ], [ -71.937921866836902, 42.256110758683683 ], [ -71.937854685953297, 42.256153985632906 ], [ -71.937749139386099, 42.256226002081384 ], [ -71.937662630019233, 42.256262138838615 ], [ -71.937580885950766, 42.256291099025567 ], [ -71.937470419040537, 42.256348812764344 ], [ -71.937331086786102, 42.256413793766036 ], [ -71.937225390944846, 42.256464330750262 ], [ -71.937138800748883, 42.256489722242932 ], [ -71.937047420370064, 42.256518718725545 ], [ -71.936965701575218, 42.256551255297701 ], [ -71.936879240716976, 42.256594554123538 ], [ -71.936802538991614, 42.256655720186799 ], [ -71.936721091435373, 42.256727644015818 ], [ -71.936641997500999, 42.256792041267339 ], [ -71.936560530966489, 42.256860383627391 ], [ -71.936445463203853, 42.256950338569865 ], [ -71.936306522005225, 42.257072615108221 ], [ -71.936148394989957, 42.257209285530422 ], [ -71.935971209995586, 42.257378253687399 ], [ -71.935813180035041, 42.257529246259544 ], [ -71.935645659902889, 42.257701758645119 ], [ -71.935497222366919, 42.257845550633903 ], [ -71.93541099880099, 42.257924654463459 ], [ -71.935305667970582, 42.258028894309362 ], [ -71.935243402710938, 42.258086422260561 ], [ -71.93521974520371, 42.258150967624559 ], [ -71.935220237222993, 42.258222579814287 ], [ -71.93522077846157, 42.258301355562573 ], [ -71.935182902449611, 42.258401761822157 ], [ -71.935154552711595, 42.258484223958803 ], [ -71.935121325383363, 42.258559546222692 ], [ -71.9350640232324, 42.2586385410996 ], [ -71.934982717482285, 42.25873194804938 ], [ -71.934906282982652, 42.2588325002381 ], [ -71.934839367516844, 42.258915108320686 ], [ -71.934700074921878, 42.258987255065549 ], [ -71.934531830730478, 42.259055924356872 ], [ -71.934188869947207, 42.259654492416082 ], [ -71.934064352595982, 42.259773130190943 ], [ -71.933915882095647, 42.259913337851835 ], [ -71.933762711173785, 42.260071471974584 ], [ -71.93365132036061, 42.260215042329428 ], [ -71.933473838702668, 42.260371898474581 ] ] ] } },
{ "type": "Feature", "properties": { "OBJECTID": 273, "LOCAL_NAME": "Blackstone River Bikeway", "SURFACE_TYPE": null, "Shape__Length": 107.468780405817 }, "geometry": { "type": "MultiLineString", "coordinates": [ [ [ -71.774031448968174, 42.201474915772486 ], [ -71.774117248325851, 42.201516615823657 ], [ -71.774235248905867, 42.201564315955572 ], [ -71.774364049217169, 42.201610015760309 ], [ -71.774468648454075, 42.201641815786175 ], [ -71.774653648621538, 42.201681516191691 ], [ -71.774785149194742, 42.201717316439492 ], [ -71.774876348308311, 42.201751116264631 ], [ -71.774970148826625, 42.201792816317678 ], [ -71.775010449099511, 42.201830516606151 ], [ -71.775074348260915, 42.20185931655044 ], [ -71.775133248833512, 42.201876916867739 ], [ -71.775195248463746, 42.20187591649205 ] ] ] } },
{ "type": "Feature", "properties": { "OBJECTID": 274, "LOCAL_NAME": "Blackstone River Bikeway", "SURFACE_TYPE": "Paved", "Shape__Length": 141.102708916892 }, "geometry": { "type": "MultiLineString", "coordinates": [ [ [ -71.775195248463746, 42.20187591649205 ], [ -71.775351048990771, 42.201870316411956 ], [ -71.775469448789792, 42.201867117015652 ], [ -71.776903048528482, 42.201838817736693 ] ] ] } },
{ "type": "Feature", "properties": { "OBJECTID": 275, "LOCAL_NAME": "Blackstone River Bikeway", "SURFACE_TYPE": "Paved", "Shape__Length": 65.073096520039499 }, "geometry": { "type": "MultiLineString", "coordinates": [ [ [ -71.776903048528482, 42.201838817736693 ], [ -71.777019348840682, 42.201836517616783 ], [ -71.777051547940317, 42.201842517877509 ], [ -71.777400248839598, 42.202088818083297 ], [ -71.777504848364799, 42.202176317611261 ] ] ] } },
{ "type": "Feature", "properties": { "OBJECTID": 276, "LOCAL_NAME": "Blackstone River Bikeway", "SURFACE_TYPE": "Paved", "Shape__Length": 79.542893884408485 }, "geometry": { "type": "MultiLineString", "coordinates": [ [ [ -71.777504848364799, 42.202176317611261 ], [ -71.777816049019521, 42.202408718198498 ], [ -71.778014449357144, 42.202535918022029 ], [ -71.778186149418559, 42.202607417851766 ], [ -71.778240548937262, 42.202631517832913 ] ] ] } },
{ "type": "Feature", "properties": { "OBJECTID": 277, "LOCAL_NAME": "Blackstone River Bikeway", "SURFACE_TYPE": "Paved", "Shape__Length": 1657.4978532644102 }, "geometry": { "type": "MultiLineString", "coordinates": [ [ [ -71.778240548937262, 42.202631517832913 ], [ -71.77848384892566, 42.202734618263221 ], [ -71.778577749127905, 42.202814118302221 ], [ -71.779377049930858, 42.203600918812612 ], [ -71.779747149781642, 42.203914819051484 ], [ -71.780219249825819, 42.204296319198228 ], [ -71.780439249534908, 42.204528719248856 ], [ -71.780897850217983, 42.205116819658954 ], [ -71.781297551164428, 42.205665220237556 ], [ -71.781426251495134, 42.205909620005933 ], [ -71.781651551809304, 42.206293020152671 ], [ -71.78167835194624, 42.206334820629138 ], [ -71.782102151662571, 42.207099720843225 ], [ -71.782183379102577, 42.207262472886541 ], [ -71.782238952404413, 42.207373820802104 ], [ -71.782257752310002, 42.207449320539887 ], [ -71.782265752607714, 42.207510920831432 ], [ -71.78226315246043, 42.207582420904316 ], [ -71.78225775283515, 42.20764012069646 ], [ -71.782233652487392, 42.207715620610188 ], [ -71.782209453031896, 42.207773220783707 ], [ -71.782188538148063, 42.207812141330763 ], [ -71.782139852738766, 42.20788532035322 ], [ -71.782087652240222, 42.207939020769679 ], [ -71.782019552260053, 42.208000820718112 ], [ -71.781501353845186, 42.208476520733214 ], [ -71.781434352987233, 42.20854202060611 ], [ -71.78140485401012, 42.208589720275462 ], [ -71.781337753594187, 42.208738720534917 ], [ -71.781310953991223, 42.208822220709997 ], [ -71.781305553550141, 42.208977120665743 ], [ -71.781337627795793, 42.209048499681082 ], [ -71.781372653834325, 42.209163920039153 ], [ -71.781892955274685, 42.210169120856243 ], [ -71.782247054934402, 42.210717520823025 ], [ -71.782308755194023, 42.210810821263415 ], [ -71.782346254892929, 42.210860520667609 ], [ -71.782520655592293, 42.211023421241627 ], [ -71.782778056081995, 42.211321421082189 ], [ -71.782815655560825, 42.211383021284682 ], [ -71.782834456081289, 42.211434621244905 ], [ -71.782861256240096, 42.211492321793394 ], [ -71.782901455276928, 42.211557821104655 ], [ -71.782922955770857, 42.211627421496388 ], [ -71.782960455806332, 42.21176842114388 ], [ -71.782968556331724, 42.211835921728202 ], [ -71.782973856607029, 42.211887621571108 ], [ -71.782979256307613, 42.211965121354261 ], [ -71.78297655567485, 42.212026721826831 ], [ -71.782987356360664, 42.212263122016616 ], [ -71.782992655873727, 42.212354521927502 ], [ -71.783014156676913, 42.212481621491378 ], [ -71.783027556261644, 42.212551121188547 ], [ -71.783038257155908, 42.212598822031261 ], [ -71.783090077626355, 42.21271888920171 ], [ -71.783121456533337, 42.212809421691354 ], [ -71.783183156824023, 42.212932621830006 ], [ -71.783250156450848, 42.213047822205382 ], [ -71.783311857632114, 42.21315702154952 ], [ -71.783373557534517, 42.213238521928055 ], [ -71.784076258432762, 42.21422382232214 ], [ -71.784127258247707, 42.214297322508699 ], [ -71.784146057514775, 42.214349022170431 ], [ -71.784188958189816, 42.214448322749156 ], [ -71.784215757688969, 42.214498022807199 ], [ -71.784245258779237, 42.214547622535626 ], [ -71.78428285838126, 42.214599322426025 ], [ -71.784315058845593, 42.214641022434407 ], [ -71.784344558643895, 42.214694622215681 ], [ -71.784355258105492, 42.21476222247 ], [ -71.784374057986312, 42.214917122786851 ], [ -71.784374058900084, 42.215014522784919 ], [ -71.784280158698849, 42.215397922677795 ], [ -71.784239858476525, 42.215483322321354 ], [ -71.784207759091359, 42.215536922515234 ], [ -71.784148759417974, 42.215608422632528 ], [ -71.784073658715172, 42.21567802240385 ], [ -71.783961959529279, 42.215769222874279 ], [ -71.783920758964626, 42.215813022224019 ] ] ] } },
{ "type": "Feature", "properties": { "OBJECTID": 278, "LOCAL_NAME": "Blackstone River Bikeway", "SURFACE_TYPE": "Paved", "Shape__Length": 1754.6063995636503 }, "geometry": { "type": "MultiLineString", "coordinates": [ [ [ -71.783920758964626, 42.215813022224019 ], [ -71.783695459141668, 42.216005722487459 ], [ -71.783633759705154, 42.216093122166711 ], [ -71.78360155983728, 42.216160722242662 ], [ -71.783577359941944, 42.216202422248287 ], [ -71.783572059370826, 42.21626402191059 ], [ -71.783561259787206, 42.216313622329558 ], [ -71.783555959996676, 42.216361322111119 ], [ -71.783550559398577, 42.216413022215654 ], [ -71.783547859554176, 42.216490422181025 ], [ -71.78355865973883, 42.216556022650231 ], [ -71.783558660717773, 42.217001922450699 ], [ -71.783549000906248, 42.21706348245511 ], [ -71.783518567118421, 42.217253661539218 ], [ -71.783488860367385, 42.217563122580167 ], [ -71.78349426104306, 42.21773592268876 ], [ -71.783606862045445, 42.218496722626085 ], [ -71.783622961718194, 42.218540422559023 ], [ -71.783641762150353, 42.218576222806021 ], [ -71.783692761727877, 42.21861192276269 ], [ -71.783807162097276, 42.21864482264025 ], [ -71.783824161340362, 42.21864972240251 ], [ -71.783877861537334, 42.218669622377767 ], [ -71.783931462254642, 42.218685422566686 ], [ -71.783955562349746, 42.218711322458226 ], [ -71.783974361858967, 42.218760922589425 ], [ -71.783976686726561, 42.218784304164998 ], [ -71.784022662330756, 42.219156223292586 ], [ -71.784019961878116, 42.21918202292624 ], [ -71.783998462295742, 42.219195922875741 ], [ -71.783958262417158, 42.219217823315304 ], [ -71.78390136249466, 42.2192527231947 ], [ -71.783880462328568, 42.21926552326228 ], [ -71.783829562327611, 42.21930522311829 ], [ -71.783762462007061, 42.219382722859258 ], [ -71.78375176285661, 42.219416422663208 ], [ -71.783738362144391, 42.219456222434793 ], [ -71.78373026258889, 42.219525722895312 ], [ -71.783732961998979, 42.219577322828272 ], [ -71.783753991737825, 42.219625638136144 ], [ -71.783757162599002, 42.219632922799228 ], [ -71.783834862654714, 42.219774023360046 ], [ -71.783875162908615, 42.219829623105674 ], [ -71.783928763379734, 42.219867323308812 ], [ -71.783993162851843, 42.21990712329805 ], [ -71.784041463377235, 42.219928922702316 ], [ -71.784392762809645, 42.220034223557406 ], [ -71.784422263397033, 42.220046123668276 ], [ -71.785208163038533, 42.220262623619568 ], [ -71.785277962748054, 42.220306324012995 ], [ -71.785328863188141, 42.220346124391483 ], [ -71.785371763523386, 42.220393724205806 ], [ -71.785412063420935, 42.220433523892268 ], [ -71.785487163642628, 42.220508924355904 ], [ -71.785602463889404, 42.220634124367095 ], [ -71.785688263850247, 42.220735424266422 ], [ -71.78577946404431, 42.220828724016684 ], [ -71.785792863903112, 42.220852624462367 ], [ -71.785814364070461, 42.220876424609372 ], [ -71.785862663936641, 42.220928124303512 ], [ -71.785951163991896, 42.221033324618901 ], [ -71.786101363508337, 42.221174424858944 ], [ -71.786173764132741, 42.221257824537766 ], [ -71.786216663752455, 42.221305524868541 ], [ -71.786259664281744, 42.221341224716731 ], [ -71.786310563848062, 42.221377024587362 ], [ -71.786385663540827, 42.221420724588945 ], [ -71.786471463502522, 42.221464424846374 ], [ -71.786897963543126, 42.221655025451582 ], [ -71.78696776352642, 42.221688825019491 ], [ -71.787010664083368, 42.221722625184491 ], [ -71.787066963699971, 42.221758325687674 ], [ -71.787128664820457, 42.221817925750386 ], [ -71.787203764325213, 42.221921225649908 ], [ -71.787265464598065, 42.222032425929704 ], [ -71.787297664682129, 42.222096025070996 ], [ -71.787343264620887, 42.222237025303471 ], [ -71.787348564528941, 42.222284725691203 ], [ -71.78736196416321, 42.22235032554368 ], [ -71.787367364175651, 42.222397925744787 ], [ -71.787372765363017, 42.222521125752948 ], [ -71.787375464887077, 42.222602525794372 ], [ -71.787359364921073, 42.222713725394485 ], [ -71.787348564581308, 42.22275152577587 ], [ -71.787335164979538, 42.222823025808111 ], [ -71.787314006037008, 42.222901232751049 ], [ -71.787276165045014, 42.22300182529515 ], [ -71.787246665715415, 42.223091125989185 ], [ -71.787155465733008, 42.223335425987315 ], [ -71.786924766508733, 42.224018725597247 ], [ -71.786801466058904, 42.224473525536503 ], [ -71.786764616962444, 42.224636048500464 ], [ -71.78672096636528, 42.224840925426641 ], [ -71.786667266803619, 42.225123025242041 ], [ -71.78661366704516, 42.225454625504348 ], [ -71.786586867551421, 42.225693025554754 ], [ -71.786568068099825, 42.226002825247313 ], [ -71.78656266802065, 42.226276925773334 ], [ -71.786565368316701, 42.226479525221052 ], [ -71.786581468644982, 42.226678125353985 ], [ -71.786613668900557, 42.226888725999068 ], [ -71.786669969191649, 42.22713492583879 ], [ -71.786691468478622, 42.227182625373942 ], [ -71.78672636898132, 42.227234325713042 ], [ -71.786755869489653, 42.227283925607416 ], [ -71.786814869016482, 42.227337525689407 ], [ -71.786884569097353, 42.227407026344629 ], [ -71.7869677693282, 42.227468626322079 ], [ -71.787037469690787, 42.227518326415236 ], [ -71.78710446950177, 42.227562026366769 ], [ -71.787185769482022, 42.227613726652883 ], [ -71.787258169244893, 42.227663725963382 ], [ -71.787373169352321, 42.22777652669658 ], [ -71.787636770235451, 42.228059426540661 ], [ -71.787925969318408, 42.228353126485601 ], [ -71.787762570234406, 42.228424426403556 ], [ -71.787620869678733, 42.228462227099264 ], [ -71.787508369925035, 42.228476926424982 ], [ -71.787435670161528, 42.22848202685185 ], [ -71.787389469706653, 42.22848292668575 ], [ -71.787346370111081, 42.228480826117284 ], [ -71.787298370082723, 42.228473026245155 ], [ -71.787255870414555, 42.228458426071576 ], [ -71.787207969445546, 42.228436925933387 ], [ -71.787164969610231, 42.228415126317422 ], [ -71.787120570042646, 42.228382226692695 ], [ -71.787096469688564, 42.228354426047261 ], [ -71.787077670279658, 42.228320725929869 ], [ -71.787061569391199, 42.228286926329943 ], [ -71.787050869422785, 42.228221425996566 ], [ -71.787042870257253, 42.228187625942155 ], [ -71.787040253839308, 42.228177495920704 ], [ -71.787029369596638, 42.228145925938293 ], [ -71.787018669653236, 42.228104226132814 ], [ -71.78699986990749, 42.228070426068207 ], [ -71.786975769091754, 42.228044625881068 ], [ -71.786786169847517, 42.22786822614254 ] ] ] } },
{ "type": "Feature", "properties": { "OBJECTID": 279, "LOCAL_NAME": "Blackstone River Bikeway", "SURFACE_TYPE": "Paved", "Shape__Length": 41.333190659035694 }, "geometry": { "type": "MultiLineString", "coordinates": [ [ [ -71.782332858474064, 42.215314421677448 ], [ -71.782579659378399, 42.215431621597212 ], [ -71.782635959719201, 42.215461421859438 ], [ -71.782692258795066, 42.215483321881294 ], [ -71.782753958911798, 42.215515121877566 ] ] ] } },
{ "type": "Feature", "properties": { "OBJECTID": 280, "LOCAL_NAME": "Blackstone River Bikeway", "SURFACE_TYPE": "Paved", "Shape__Length": 18.779764663446201 }, "geometry": { "type": "MultiLineString", "coordinates": [ [ [ -71.782753958911798, 42.215515121877566 ], [ -71.782804958833623, 42.215554821413484 ], [ -71.782861259517489, 42.215592521780096 ], [ -71.782912259257259, 42.215636222243944 ] ] ] } },
{ "type": "Feature", "properties": { "OBJECTID": 281, "LOCAL_NAME": "Blackstone River Bikeway", "SURFACE_TYPE": "Paved", "Shape__Length": 32.8010248484104 }, "geometry": { "type": "MultiLineString", "coordinates": [ [ [ -71.782912259257259, 42.215636222243944 ], [ -71.78295245966315, 42.215674021671717 ], [ -71.782984659035165, 42.215717721634448 ], [ -71.783030258800224, 42.215757421779848 ], [ -71.783078559766693, 42.215811022325127 ], [ -71.783137559579984, 42.21587862237805 ] ] ] } },
{ "type": "Feature", "properties": { "OBJECTID": 282, "LOCAL_NAME": "Blackstone River Bikeway", "SURFACE_TYPE": "Paved", "Shape__Length": 18.527726401430098 }, "geometry": { "type": "MultiLineString", "coordinates": [ [ [ -71.783137559579984, 42.21587862237805 ], [ -71.78316165922152, 42.215928322126715 ], [ -71.783188460058241, 42.215975921985709 ], [ -71.783220660078413, 42.216033521756579 ] ] ] } },
{ "type": "Feature", "properties": { "OBJECTID": 283, "LOCAL_NAME": "Blackstone River Bikeway", "SURFACE_TYPE": "Paved", "Shape__Length": 9.9366442157097197 }, "geometry": { "type": "MultiLineString", "coordinates": [ [ [ -71.783220660078413, 42.216033521756579 ], [ -71.783239459701008, 42.216075321746757 ], [ -71.783263560087988, 42.216117022221653 ] ] ] } },
{ "type": "Feature", "properties": { "OBJECTID": 284, "LOCAL_NAME": "Blackstone River Bikeway", "SURFACE_TYPE": "Paved", "Shape__Length": 161.85283145429202 }, "geometry": { "type": "MultiLineString", "coordinates": [ [ [ -71.783263560087988, 42.216117022221653 ], [ -71.783274359874341, 42.216166622422996 ], [ -71.783285059595926, 42.216216321903971 ], [ -71.783303860351708, 42.216426921787395 ], [ -71.783399260203709, 42.217025622452091 ], [ -71.783427160495961, 42.217257222039109 ], [ -71.783464760388597, 42.217503522212667 ], [ -71.783488860367385, 42.217563122580167 ] ] ] } },
{ "type": "Feature", "properties": { "OBJECTID": 285, "LOCAL_NAME": "Blackstone River Bikeway", "SURFACE_TYPE": "Paved", "Shape__Length": 465.96731803168501 }, "geometry": { "type": "MultiLineString", "coordinates": [ [ [ -71.782654758189764, 42.214347021867091 ], [ -71.781991267990463, 42.214070483505509 ], [ -71.78191715819159, 42.214041121007945 ], [ -71.781866158038014, 42.214011320878129 ], [ -71.781809858139894, 42.21398152113462 ], [ -71.78177495850349, 42.213951721042768 ], [ -71.781732058307739, 42.213909920545049 ], [ -71.781697157557488, 42.213872221114627 ], [ -71.781678358431265, 42.213828521205578 ], [ -71.781656957875697, 42.213798721257191 ], [ -71.781662258060138, 42.213747020567666 ], [ -71.781664958038832, 42.21370732108555 ], [ -71.781681057197062, 42.213665620640604 ], [ -71.781705258154261, 42.213643720626379 ], [ -71.781726658250008, 42.213615920549969 ], [ -71.781756158148568, 42.213588121291821 ], [ -71.781831257788156, 42.213544421325203 ], [ -71.781868857066527, 42.213534521013521 ], [ -71.781946657830758, 42.213520620892787 ], [ -71.782008357114265, 42.213520621454343 ], [ -71.782045857116401, 42.21352462121127 ], [ -71.782107557702915, 42.213538521599205 ], [ -71.782225557150142, 42.213578221448927 ], [ -71.782281858025868, 42.213602021323275 ], [ -71.782330158157322, 42.213635821686381 ], [ -71.782483057121425, 42.213721221567845 ], [ -71.782611757291733, 42.213790821879613 ], [ -71.782705657921809, 42.213862321896734 ], [ -71.782906857773511, 42.214021221454409 ], [ -71.783177757799862, 42.21429532159415 ], [ -71.783526458466696, 42.214633022160314 ], [ -71.783604258000082, 42.214718522314726 ], [ -71.783671258164077, 42.214817822045298 ], [ -71.7837436588553, 42.214939021920834 ], [ -71.783800058038992, 42.215024422692515 ], [ -71.783829558999358, 42.215095922554596 ], [ -71.783853658881313, 42.215157522457389 ], [ -71.783880459399654, 42.215236921997963 ], [ -71.783899258498707, 42.215316422351705 ], [ -71.783920759434423, 42.215411822687102 ], [ -71.783938129339802, 42.215517246479827 ], [ -71.7839467843406, 42.215622212864325 ], [ -71.783957377114447, 42.215702827381769 ], [ -71.783961959529279, 42.215769222874279 ] ] ] } },
{ "type": "Feature", "properties": { "OBJECTID": 291, "LOCAL_NAME": "Grand Trunk Trail", "SURFACE_TYPE": null, "Shape__Length": 2278.7347172407699 }, "geometry": { "type": "MultiLineString", "coordinates": [ [ [ -72.082528111210394, 42.083077325505919 ], [ -72.082353950992129, 42.082936193691403 ], [ -72.082274272174075, 42.082822110965026 ], [ -72.082367635081312, 42.082049410755758 ], [ -72.082298091105002, 42.081911416396615 ], [ -72.082146254331235, 42.081783787545696 ], [ -72.081235331620562, 42.081728508209501 ], [ -72.080771134532597, 42.081676214997167 ], [ -72.080726919172221, 42.081669220335144 ], [ -72.080706466355679, 42.08163117821713 ], [ -72.080700700819463, 42.081544119662496 ], [ -72.081154371969603, 42.080498584121877 ], [ -72.081155735602152, 42.080495452096109 ], [ -72.080763483946612, 42.079802275370817 ], [ -72.080228785304584, 42.078872775251092 ], [ -72.079886039545954, 42.07832986717694 ], [ -72.079764862915695, 42.078108547326401 ], [ -72.07965247796443, 42.077918884933837 ], [ -72.079565982997124, 42.077767140899837 ], [ -72.07945389448281, 42.0776091870217 ], [ -72.07935031407996, 42.077451185469208 ], [ -72.079238226625947, 42.077293227771882 ], [ -72.07912625535009, 42.077147954362466 ], [ -72.079016976559416, 42.077011500525913 ], [ -72.078853684132838, 42.076840851771244 ], [ -72.078709455696639, 42.0767141342616 ], [ -72.078596519604233, 42.076608114031124 ], [ -72.078530525309873, 42.076534294138078 ], [ -72.078402105244663, 42.076435302653252 ], [ -72.078275882776452, 42.07629622818591 ], [ -72.0781474714925, 42.076214440199799 ], [ -72.077985437408259, 42.076106043739443 ], [ -72.07782584581193, 42.076000257431282 ], [ -72.07757413866949, 42.075874924642399 ], [ -72.077411455901611, 42.075767950494225 ], [ -72.077223355939537, 42.075673785681232 ], [ -72.077035140117474, 42.07556693525791 ], [ -72.076841307296007, 42.075472263915373 ], [ -72.076694441778002, 42.075396532106616 ], [ -72.076522517329693, 42.0753023953922 ], [ -72.076363084550323, 42.075212824203568 ], [ -72.076216172183337, 42.075132463337297 ], [ -72.076075420491506, 42.075045116097996 ], [ -72.07595338775937, 42.074964626074298 ], [ -72.07583757872348, 42.074884109112382 ], [ -72.075746759800509, 42.074815045694713 ], [ -72.075631035239098, 42.074743793569375 ], [ -72.075509086402732, 42.074672572623726 ], [ -72.075409000987648, 42.074610511611084 ], [ -72.075227540648868, 42.074493247773304 ], [ -72.075099234705917, 42.074405836792288 ], [ -72.074952137061032, 42.074304616908101 ], [ -72.074842716634564, 42.074242602294206 ], [ -72.074636282240988, 42.074113873682684 ], [ -72.074429694783191, 42.073968923919836 ], [ -72.074310798781184, 42.073890734805254 ], [ -72.074104303798151, 42.073755053965442 ], [ -72.073954390686339, 42.07368629002643 ], [ -72.073801140959958, 42.073592055600486 ], [ -72.073682378004364, 42.07352776832586 ], [ -72.073532297330445, 42.073440464734418 ], [ -72.073444818598588, 42.073396875183619 ], [ -72.073244858999288, 42.073295917948968 ], [ -72.07307609871232, 42.073206392523652 ], [ -72.072926235824696, 42.073142260178628 ], [ -72.072710660899929, 42.073034428600657 ], [ -72.072535789327901, 42.072956517724762 ], [ -72.072354658140313, 42.072874005600816 ], [ -72.072195460838188, 42.072809918981413 ], [ -72.072027043099112, 42.072757462086052 ], [ -72.071855411026831, 42.072693437141361 ], [ -72.071758729756439, 42.072663799944173 ], [ -72.071602853563903, 42.072622864538772 ], [ -72.071465720694022, 42.072591110713134 ], [ -72.071322369665396, 42.072559386862366 ], [ -72.071113293319613, 42.07248164545674 ], [ -72.070985469949463, 42.072447520809895 ], [ -72.070863829447248, 42.07240873650025 ], [ -72.070750885335926, 42.072383586764822 ], [ -72.07063145533904, 42.072352475646028 ], [ -72.070528993260069, 42.0723149422831 ], [ -72.070401169229356, 42.072296555051231 ], [ -72.070213885374343, 42.072291149805189 ], [ -72.070052186396566, 42.072291955269989 ], [ -72.069873536480273, 42.072299183347248 ], [ -72.069737477963088, 42.072312542084454 ], [ -72.069627071946229, 42.072338454377594 ], [ -72.069525178850853, 42.072364329606323 ], [ -72.069355256811946, 42.072396876209829 ], [ -72.069196914375709, 42.072421671512174 ], [ -72.069075690058597, 42.07242922588199 ], [ -72.068926634967255, 42.072455458403525 ], [ -72.068802423454187, 42.072476930484676 ], [ -72.068668880807721, 42.072498448792246 ], [ -72.06849797724054, 42.072515519336164 ], [ -72.068323961989492, 42.072532601473974 ], [ -72.06813744915334, 42.072542797408516 ], [ -72.067963537313545, 42.072571466844877 ], [ -72.067767729809233, 42.072586341481973 ], [ -72.067615506188687, 42.072605636433458 ], [ -72.06744144907799, 42.07261808425158 ], [ -72.067304649272089, 42.072623394668184 ], [ -72.067143033519656, 42.072635784867202 ], [ -72.066996986514553, 42.072650411604194 ], [ -72.066850842136049, 42.072653453878644 ], [ -72.066757640772877, 42.072665500184151 ], [ -72.066661437194455, 42.072689149636609 ], [ -72.066527749955185, 42.072694444614037 ], [ -72.066406482291981, 42.072697363184709 ], [ -72.066241671950223, 42.072700492549387 ], [ -72.066160995651799, 42.07272174636978 ], [ -72.066021295213261, 42.072750243615403 ], [ -72.065897204796499, 42.072785619587648 ], [ -72.065760569546654, 42.072809463674332 ], [ -72.065564973095491, 42.072847506608653 ], [ -72.065459541994542, 42.072882785399152 ], [ -72.065354234520143, 42.072931971131055 ], [ -72.065283073073644, 42.072974032052514 ], [ -72.065208681110093, 42.073002205734177 ], [ -72.065134247872763, 42.073025746388694 ], [ -72.0650784695558, 42.073049190394045 ], [ -72.065022696071225, 42.073072638849858 ], [ -72.064966860736021, 42.07308913600977 ], [ -72.06491096357621, 42.073098682774095 ], [ -72.064867564839162, 42.073115114001048 ], [ -72.064786995393177, 42.073147954676628 ], [ -72.06471519108851, 42.073194982922274 ], [ -72.064619957665712, 42.073250738512783 ], [ -72.064533957425596, 42.073382619574289 ], [ -72.064448299517807, 42.073459623677991 ], [ -72.064403106309072, 42.073462907716952 ], [ -72.064353716917779, 42.073457024395189 ], [ -72.064250297657338, 42.073393675421364 ] ] ] } },
{ "type": "Feature", "properties": { "OBJECTID": 292, "LOCAL_NAME": "Grand Trunk Trail", "SURFACE_TYPE": null, "Shape__Length": 1113.5688277075601 }, "geometry": { "type": "MultiLineString", "coordinates": [ [ [ -72.064250297657338, 42.073393675421364 ], [ -72.063985853977641, 42.07359010088885 ], [ -72.063667279521326, 42.073765247038246 ], [ -72.063494051219891, 42.073877854557402 ], [ -72.063137373762146, 42.074224790044084 ], [ -72.062777144180032, 42.074644013518927 ], [ -72.062544886003366, 42.074951174726934 ], [ -72.062309626423072, 42.075391909285855 ], [ -72.062169600041372, 42.075808776542097 ], [ -72.062038006582299, 42.076341975468985 ], [ -72.061962442668047, 42.076851043572333 ], [ -72.061643190480396, 42.078416959007072 ], [ -72.061591648159293, 42.078729980173719 ], [ -72.061487711557717, 42.079028833885971 ], [ -72.061341002127463, 42.079329479155412 ], [ -72.061098050088049, 42.079724007731969 ], [ -72.060776777444147, 42.080171268236292 ], [ -72.060512186636302, 42.080504734752175 ], [ -72.060246803969619, 42.08074803675126 ], [ -72.060038734009254, 42.080919902570919 ], [ -72.05985478039284, 42.081077377789342 ], [ -72.059643211761795, 42.081440348283628 ], [ -72.059596000476304, 42.081901647485637 ], [ -72.059529084803842, 42.082032546186987 ], [ -72.059400090176794, 42.082315146600585 ], [ -72.059348018372077, 42.082437592236964 ] ] ] } },
{ "type": "Feature", "properties": { "OBJECTID": 293, "LOCAL_NAME": "Heritage Trail", "SURFACE_TYPE": null, "Shape__Length": 1368.7315721386501 }, "geometry": { "type": "MultiLineString", "coordinates": [ [ [ -72.060102900876814, 42.071857104732651 ], [ -72.06009569452975, 42.072006187791708 ], [ -72.060081919773779, 42.072054303067901 ], [ -72.060054355548189, 42.072090057440853 ], [ -72.059839934287908, 42.07230966545518 ], [ -72.059525384023374, 42.072654308345115 ], [ -72.059156029243127, 42.073087952577986 ], [ -72.058833781540372, 42.073462207458071 ], [ -72.058770994388766, 42.073545333206418 ], [ -72.058569355310865, 42.073855398012263 ], [ -72.058503283108607, 42.073924530257464 ], [ -72.058465319195662, 42.073980304643833 ], [ -72.0584531198527, 42.074049460298419 ], [ -72.058434206673866, 42.074408631146952 ], [ -72.058189242118971, 42.074881699886745 ], [ -72.058189490852598, 42.074910011841673 ], [ -72.058223514910836, 42.07493815907857 ], [ -72.058259298473772, 42.075037680723192 ], [ -72.058259785105406, 42.075221110254766 ], [ -72.058280819677023, 42.075315986913964 ], [ -72.058363052731096, 42.075440814855682 ], [ -72.058444413630397, 42.075680452751662 ], [ -72.058462752214723, 42.075734464139828 ], [ -72.058507060257227, 42.075971757292244 ], [ -72.058582089022892, 42.076100371963754 ], [ -72.05865774699663, 42.076301334375103 ], [ -72.05877801994427, 42.076452035042465 ], [ -72.05885360867704, 42.076552131959133 ], [ -72.058978025124489, 42.076653773070987 ], [ -72.059075481331462, 42.076747576776441 ], [ -72.059198972262209, 42.076864946702436 ], [ -72.059322554469503, 42.076993319170867 ], [ -72.059338991420731, 42.077122353784823 ], [ -72.059340431681861, 42.077285947607429 ], [ -72.059314419163158, 42.077449671071889 ], [ -72.059225480520539, 42.077685401873552 ], [ -72.059185620288261, 42.077783908912359 ], [ -72.059136753581242, 42.077969842942068 ], [ -72.059101539085248, 42.078041623012147 ], [ -72.059048648603166, 42.078140193641119 ], [ -72.059017981724651, 42.078173115080141 ], [ -72.059000753429444, 42.07821589448865 ], [ -72.059018295258298, 42.078272752956181 ], [ -72.059091414310103, 42.078371801157708 ], [ -72.059139306749984, 42.078445604413737 ], [ -72.059210023801882, 42.078520508910394 ], [ -72.059262537755274, 42.078563948803335 ], [ -72.059301977866255, 42.078602593390826 ], [ -72.059317004954821, 42.07864378638763 ], [ -72.059337128075015, 42.078709229588299 ], [ -72.059344338766422, 42.078788081699386 ], [ -72.059334424500619, 42.078832904311497 ], [ -72.059313297352901, 42.078881161607498 ], [ -72.05923360809247, 42.078979176287035 ], [ -72.059128612020629, 42.079081638882904 ], [ -72.059054337610831, 42.079157251605771 ], [ -72.058959299300142, 42.079280303117976 ], [ -72.058885546389888, 42.079415383674736 ], [ -72.05877176614608, 42.079630763277891 ], [ -72.05867905763327, 42.079833907767544 ], [ -72.058582067014484, 42.080009473894009 ], [ -72.058473885110075, 42.08019404666188 ], [ -72.058367968681608, 42.080399798787369 ], [ -72.058335243084599, 42.080471880666686 ], [ -72.05828453345751, 42.080545851837357 ], [ -72.058232791022533, 42.080591012482657 ], [ -72.058146982129401, 42.080652113256271 ], [ -72.057996333634833, 42.080751160862597 ], [ -72.057904172402274, 42.080831713754073 ], [ -72.057799246925129, 42.080942670388751 ], [ -72.057650284380685, 42.081047774937325 ], [ -72.057580759392522, 42.081108801350233 ], [ -72.057527469903945, 42.081162464857407 ], [ -72.057486948064835, 42.08120168855443 ], [ -72.057464461075469, 42.081223454958987 ], [ -72.057465518480328, 42.081262282579331 ], [ -72.057466871235448, 42.081312042547729 ], [ -72.05746756348141, 42.081390930984455 ], [ -72.05749897224031, 42.081442970106295 ], [ -72.05752849867936, 42.081465884131923 ], [ -72.057571084232166, 42.081491163672304 ], [ -72.057621843756863, 42.081520046174482 ], [ -72.057873731928254, 42.081677745039045 ], [ -72.058409284720923, 42.08207739072656 ], [ -72.058690468498312, 42.082373980624524 ], [ -72.059097971707274, 42.082413405128186 ] ] ] } },
{ "type": "Feature", "properties": { "OBJECTID": 294, "LOCAL_NAME": "Heritage Trail", "SURFACE_TYPE": null, "Shape__Length": 0.018767258723638901 }, "geometry": { "type": "MultiLineString", "coordinates": [ [ [ -72.059097971707274, 42.082413405128186 ], [ -72.059098196697832, 42.082413426537947 ] ] ] } },
{ "type": "Feature", "properties": { "OBJECTID": 295, "LOCAL_NAME": "Grand Trunk Trail", "SURFACE_TYPE": null, "Shape__Length": 20.844085501887601 }, "geometry": { "type": "MultiLineString", "coordinates": [ [ [ -72.059098196697832, 42.082413426537947 ], [ -72.059348018372077, 42.082437592236964 ] ] ] } },
{ "type": "Feature", "properties": { "OBJECTID": 296, "LOCAL_NAME": "Grand Trunk Trail", "SURFACE_TYPE": null, "Shape__Length": 682.98107736531404 }, "geometry": { "type": "MultiLineString", "coordinates": [ [ [ -72.059348018372077, 42.082437592236964 ], [ -72.059442513429715, 42.082403507096004 ], [ -72.059555461953039, 42.082460724771877 ], [ -72.059665706497128, 42.082650822131569 ], [ -72.059707457082652, 42.082988569596829 ], [ -72.05971604983003, 42.083083843474505 ], [ -72.05967423656206, 42.08317936830074 ], [ -72.059588692477973, 42.083217397496 ], [ -72.059442492845307, 42.083281598072269 ], [ -72.058924785040588, 42.083494982250421 ], [ -72.058353301466425, 42.083766396071844 ], [ -72.058304010596132, 42.083893727303739 ], [ -72.057769545133851, 42.083965659181018 ], [ -72.057287819164543, 42.083861132624641 ], [ -72.056786146061654, 42.08369315476029 ], [ -72.056521629045676, 42.083596230542284 ], [ -72.05564789087579, 42.083420910195152 ], [ -72.055164875263898, 42.083405810398325 ], [ -72.054717098493455, 42.083339328028984 ], [ -72.054249466739677, 42.083226233785275 ], [ -72.053819176582991, 42.08306343895368 ], [ -72.053366707475959, 42.082847857202047 ], [ -72.05332349676533, 42.082823702757857 ] ] ] } },
{ "type": "Feature", "properties": { "OBJECTID": 297, "LOCAL_NAME": "Grand Trunk Trail", "SURFACE_TYPE": null, "Shape__Length": 0.65695486907397205 }, "geometry": { "type": "MultiLineString", "coordinates": [ [ [ -72.05332349676533, 42.082823702757857 ], [ -72.05331714596754, 42.082820152785786 ] ] ] } },
{ "type": "Feature", "properties": { "OBJECTID": 298, "LOCAL_NAME": "Grand Trunk Trail", "SURFACE_TYPE": null, "Shape__Length": 397.25344774544101 }, "geometry": { "type": "MultiLineString", "coordinates": [ [ [ -72.05331714596754, 42.082820152785786 ], [ -72.052907652533548, 42.082591223671763 ], [ -72.0524257058198, 42.082329637047955 ], [ -72.052042070430304, 42.082101907171747 ], [ -72.051618230888252, 42.081919376168251 ], [ -72.051185311463144, 42.08182129549774 ], [ -72.050763968104533, 42.081774929994118 ], [ -72.050265096348127, 42.081737939088676 ], [ -72.04893340711169, 42.081781621402307 ] ] ] } },
{ "type": "Feature", "properties": { "OBJECTID": 299, "LOCAL_NAME": "Heritage Trail", "SURFACE_TYPE": null, "Shape__Length": 996.30494532130706 }, "geometry": { "type": "MultiLineString", "coordinates": [ [ [ -72.057571084232166, 42.081491163672304 ], [ -72.057127213959845, 42.081645221073863 ], [ -72.057193455542588, 42.081914560894738 ], [ -72.057196098836229, 42.082215934794348 ], [ -72.056867802593715, 42.082415811585555 ], [ -72.056071899693961, 42.082713133450206 ], [ -72.055806642537988, 42.082817528208857 ], [ -72.055508541607225, 42.082818975189987 ], [ -72.054900103730603, 42.082639509159897 ], [ -72.054419215179422, 42.082435626129488 ], [ -72.053991499990673, 42.082223554435885 ], [ -72.053328733641877, 42.081917444861169 ], [ -72.052943603964323, 42.081705164317498 ], [ -72.052474135931774, 42.081588462260505 ], [ -72.051973074767034, 42.081511568096538 ], [ -72.051278802797853, 42.081253180920498 ], [ -72.050797942436262, 42.081049287115 ], [ -72.050285138772253, 42.080845540360563 ], [ -72.049836081526692, 42.080625622876873 ], [ -72.049632228358945, 42.080444184007725 ], [ -72.049566982079114, 42.080285875509993 ], [ -72.049851126929113, 42.079903809362492 ], [ -72.050041657629336, 42.079775995844081 ], [ -72.049602222997365, 42.079437066901356 ], [ -72.049322186219598, 42.079207157650103 ] ] ] } },
{ "type": "Feature", "properties": { "OBJECTID": 300, "LOCAL_NAME": "Southern New England Trunkline Trail", "SURFACE_TYPE": null, "Shape__Length": 18.7919599470093 }, "geometry": { "type": "MultiLineString", "coordinates": [ [ [ -71.739081547909493, 42.047224188189844 ], [ -71.738903866155397, 42.047329478148882 ] ] ] } },
{ "type": "Feature", "properties": { "OBJECTID": 301, "LOCAL_NAME": "Douglas State Forest Trails", "SURFACE_TYPE": "Gravel", "Shape__Length": 789.07707828381001 }, "geometry": { "type": "MultiLineString", "coordinates": [ [ [ -71.775513947126925, 42.028150097570574 ], [ -71.775498095642376, 42.0281300808061 ], [ -71.775443985543959, 42.028102122513431 ], [ -71.775372277199097, 42.028100263160226 ], [ -71.775185805466506, 42.028128494574595 ], [ -71.774865414356611, 42.0281884999483 ], [ -71.774365523997176, 42.028262226871441 ], [ -71.773658258126417, 42.02827171850835 ], [ -71.772890692909925, 42.028280246775594 ], [ -71.772688651350293, 42.028270688215017 ], [ -71.772531469567511, 42.028254328407606 ], [ -71.772306897341508, 42.028224741805907 ], [ -71.772166618039336, 42.028201323139314 ], [ -71.772098200225528, 42.028192673482891 ], [ -71.771857668869288, 42.02814548732065 ], [ -71.771686949493002, 42.028112424919925 ], [ -71.771420138844931, 42.028051160518885 ], [ -71.77125557769655, 42.028009697142956 ], [ -71.771062301356665, 42.027949913169451 ], [ -71.770901601325846, 42.027888905575061 ], [ -71.77047768467348, 42.027700285104686 ], [ -71.770282367218684, 42.027602526733865 ], [ -71.77021001987849, 42.027560383791091 ], [ -71.769999878644853, 42.027441695677091 ], [ -71.769946388395354, 42.027409987035163 ], [ -71.769669115668748, 42.02721640128442 ], [ -71.769572782614361, 42.027144096573721 ], [ -71.76923430365575, 42.02683827518608 ], [ -71.768919860374695, 42.026476227998927 ], [ -71.768712095750729, 42.026201010564407 ], [ -71.768435046934627, 42.025765998366438 ], [ -71.768052720328214, 42.025129346683428 ] ] ] } },
{ "type": "Feature", "properties": { "OBJECTID": 302, "LOCAL_NAME": "Douglas State Forest Trails", "SURFACE_TYPE": "Gravel", "Shape__Length": 754.56936920544103 }, "geometry": { "type": "MultiLineString", "coordinates": [ [ [ -71.787856101041072, 42.033939370196336 ], [ -71.78643808868992, 42.033931805003213 ], [ -71.785868888404522, 42.033990844269233 ], [ -71.784961095948816, 42.034231583116238 ], [ -71.784850296633309, 42.034294236097544 ], [ -71.783690456133471, 42.034589775326147 ], [ -71.78229446854543, 42.034974293287505 ], [ -71.781083002841115, 42.035325912570634 ], [ -71.780730503080974, 42.035435947459824 ], [ -71.779215052549233, 42.035865616017063 ] ] ] } },
{ "type": "Feature", "properties": { "OBJECTID": 303, "LOCAL_NAME": "Douglas State Forest Trails", "SURFACE_TYPE": null, "Shape__Length": 1165.84660393072 }, "geometry": { "type": "MultiLineString", "coordinates": [ [ [ -71.779215052549233, 42.035865616017063 ], [ -71.77859231121316, 42.036037138376891 ], [ -71.776111938672742, 42.036717543827834 ], [ -71.77602364148639, 42.036733898138976 ], [ -71.775813917998519, 42.036777512065747 ], [ -71.775382939682174, 42.036840138800393 ], [ -71.775141735206489, 42.036854008235231 ], [ -71.774670647497189, 42.03689355417692 ], [ -71.774184923452864, 42.036895186903905 ], [ -71.773954846181397, 42.036877581206994 ], [ -71.77372337545205, 42.036849347243248 ], [ -71.772973705666757, 42.036734161299854 ], [ -71.772735337388227, 42.036687351713816 ], [ -71.771926818439937, 42.036498356642262 ], [ -71.771561124511408, 42.036406402031609 ], [ -71.770099277387502, 42.036067601884184 ], [ -71.769155313994816, 42.035876952425035 ], [ -71.768746764166806, 42.035801399224574 ], [ -71.768409341933292, 42.035756135045261 ], [ -71.768311016244951, 42.035744380520519 ], [ -71.76812349143303, 42.035734857210876 ], [ -71.767890000230665, 42.035725363843078 ], [ -71.767674552083605, 42.035735908809826 ], [ -71.767454628939348, 42.035749811275601 ], [ -71.767261726582348, 42.03578373031575 ], [ -71.767001523746032, 42.035827846685471 ], [ -71.766714511606054, 42.035902146541432 ], [ -71.766552788690248, 42.035965347938742 ], [ -71.76626179809854, 42.036073889303594 ], [ -71.766091606648004, 42.036171343136502 ], [ -71.765971384686551, 42.036246439583472 ], [ -71.76582704857681, 42.036383506076803 ] ] ] } },
{ "type": "Feature", "properties": { "OBJECTID": 340, "LOCAL_NAME": "Leominster State Forest Trails", "SURFACE_TYPE": "Processed Gravel", "Shape__Length": 123.335622872524 }, "geometry": { "type": "MultiLineString", "coordinates": [ [ [ -71.82804607436394, 42.507734315261835 ], [ -71.828077605591773, 42.507626822899581 ], [ -71.828113492623913, 42.50748650668443 ], [ -71.828137235113857, 42.507300194300463 ], [ -71.828111061969594, 42.507158076883471 ], [ -71.828115053361387, 42.506905886330834 ], [ -71.828177180511389, 42.506842167042159 ], [ -71.828212041663008, 42.506790079184412 ], [ -71.8281961879064, 42.5067439126436 ], [ -71.828141119002041, 42.506663198085981 ] ] ] } },
{ "type": "Feature", "properties": { "OBJECTID": 341, "LOCAL_NAME": "Leominster State Forest Trails", "SURFACE_TYPE": "Processed Gravel", "Shape__Length": 688.14809999383101 }, "geometry": { "type": "MultiLineString", "coordinates": [ [ [ -71.828141119002041, 42.506663198085981 ], [ -71.8282273170732, 42.505972658110274 ], [ -71.828405631393366, 42.505732424085409 ], [ -71.82857604690885, 42.505474883346125 ], [ -71.828573868633796, 42.505384192835137 ], [ -71.827149301478443, 42.505109612829408 ], [ -71.827015126481186, 42.50509804185689 ], [ -71.826904611054985, 42.505077739606492 ], [ -71.826706193519556, 42.505009549107001 ], [ -71.826353623394624, 42.504921892095567 ], [ -71.826148132982965, 42.504904381408124 ], [ -71.825870770230964, 42.504878704846398 ], [ -71.825469924270848, 42.504793895873007 ], [ -71.825081432270949, 42.50473392820966 ], [ -71.824702274761762, 42.504705595682253 ], [ -71.824543343707717, 42.504674735269944 ], [ -71.8243528834399, 42.504633826540768 ], [ -71.82428237442214, 42.504631880544295 ], [ -71.824190314074372, 42.504643390865532 ], [ -71.824136575110558, 42.50463729336262 ], [ -71.824029263591768, 42.504594408244763 ], [ -71.82369250360874, 42.504489058224607 ], [ -71.823386599861209, 42.504440160937207 ], [ -71.822921665492487, 42.504373616161182 ], [ -71.822548692796801, 42.504358828715915 ], [ -71.822215522851891, 42.504357499186305 ] ] ] } },
{ "type": "Feature", "properties": { "OBJECTID": 343, "LOCAL_NAME": "Mass Central Rail Trail", "SURFACE_TYPE": null, "Shape__Length": 961.94031155215009 }, "geometry": { "type": "MultiLineString", "coordinates": [ [ [ -72.068380681849519, 42.391476150877629 ], [ -72.067772959852505, 42.391513906241812 ], [ -72.066836053497397, 42.391595753606225 ], [ -72.064908184349392, 42.391539038798385 ], [ -72.064602256599841, 42.391446764464852 ], [ -72.064880538969277, 42.390943425698453 ], [ -72.06446294668936, 42.390846182202267 ], [ -72.063745644464021, 42.390518724596902 ], [ -72.062783233552878, 42.390242110033824 ], [ -72.06194705722767, 42.39006720150963 ], [ -72.061270252148503, 42.389973692526965 ], [ -72.060592965659964, 42.38996044635909 ], [ -72.059864380907285, 42.390035703951348 ], [ -72.059358433040842, 42.390043682730372 ], [ -72.059292664427574, 42.389999589368493 ], [ -72.059237816579483, 42.389867748362441 ], [ -72.059400400333985, 42.389740086436063 ], [ -72.05865275799863, 42.389463885674878 ] ] ] } },
{ "type": "Feature", "properties": { "OBJECTID": 345, "LOCAL_NAME": "Mass Central Rail Trail", "SURFACE_TYPE": null, "Shape__Length": 305.90057872625505 }, "geometry": { "type": "MultiLineString", "coordinates": [ [ [ -72.058652723883313, 42.389463873236501 ], [ -72.056596431538324, 42.389016592281507 ], [ -72.055044850386054, 42.38882930052786 ] ] ] } },
{ "type": "Feature", "properties": { "OBJECTID": 346, "LOCAL_NAME": "Mass Central Rail Trail", "SURFACE_TYPE": null, "Shape__Length": 664.88573555699998 }, "geometry": { "type": "MultiLineString", "coordinates": [ [ [ -72.055044850386054, 42.38882930052786 ], [ -72.053597988647866, 42.389031520102563 ], [ -72.052183513678798, 42.389184613657321 ], [ -72.050396832175849, 42.389219697409388 ], [ -72.050223468429294, 42.389312265211558 ], [ -72.050050783974442, 42.389490237234924 ], [ -72.048436582925021, 42.389743836484733 ], [ -72.047485788210764, 42.389916896235356 ], [ -72.047245150327797, 42.389958554075747 ] ] ] } },
{ "type": "Feature", "properties": { "OBJECTID": 347, "LOCAL_NAME": "Mass Central Rail Trail", "SURFACE_TYPE": null, "Shape__Length": 49.2595018677615 }, "geometry": { "type": "MultiLineString", "coordinates": [ [ [ -72.047245150327797, 42.389958554075747 ], [ -72.046650916960914, 42.390009792029446 ] ] ] } },
{ "type": "Feature", "properties": { "OBJECTID": 348, "LOCAL_NAME": "Mass Central Rail Trail", "SURFACE_TYPE": null, "Shape__Length": 49.111901168719697 }, "geometry": { "type": "MultiLineString", "coordinates": [ [ [ -72.046650916960914, 42.390009792029446 ], [ -72.046211617781097, 42.390047666715837 ], [ -72.046059344005926, 42.390029715742706 ] ] ] } },
{ "type": "Feature", "properties": { "OBJECTID": 349, "LOCAL_NAME": "Wachusett Greenways", "SURFACE_TYPE": null, "Shape__Length": 1281.5420146268 }, "geometry": { "type": "MultiLineString", "coordinates": [ [ [ -72.046059344005926, 42.390029715742706 ], [ -72.045458393926339, 42.389958870544241 ], [ -72.044519829666115, 42.389783824038794 ], [ -72.043701188830383, 42.389496786206131 ], [ -72.043245750861473, 42.389252487137234 ], [ -72.042486108389312, 42.388785107941345 ], [ -72.041058139071239, 42.387940493076933 ], [ -72.040207644130646, 42.387451584248105 ], [ -72.039387138024608, 42.386940015920622 ], [ -72.038444822790879, 42.386317042967462 ], [ -72.037807077264176, 42.385961597564389 ], [ -72.037349967947904, 42.385537785173653 ], [ -72.036983943783227, 42.38513605486532 ], [ -72.036647902566372, 42.384734739896828 ], [ -72.036221552349801, 42.384355795759475 ], [ -72.035705462579813, 42.384089236935573 ], [ -72.035068124983383, 42.383778228940507 ], [ -72.034248844229836, 42.383401098997403 ], [ -72.034042089772498, 42.383311584411537 ], [ -72.033834987283896, 42.383278878426751 ] ] ] } },
{ "type": "Feature", "properties": { "OBJECTID": 350, "LOCAL_NAME": "Wachusett Greenways", "SURFACE_TYPE": null, "Shape__Length": 370.69538625876004 }, "geometry": { "type": "MultiLineString", "coordinates": [ [ [ -72.024669480171298, 42.373621945532769 ], [ -72.024530786168953, 42.373656927796262 ], [ -72.024400152714108, 42.373666111325292 ], [ -72.024291031658819, 42.373676427346474 ], [ -72.023956904331754, 42.373687763060275 ], [ -72.023725341309188, 42.373697405545414 ], [ -72.023493738789625, 42.373702137558979 ], [ -72.023243879214178, 42.373699596787269 ], [ -72.022831791402965, 42.373687973534793 ], [ -72.022475955636025, 42.373676098699775 ], [ -72.022262422436597, 42.37366479840766 ], [ -72.02191148300804, 42.373644307222762 ], [ -72.021679598864296, 42.373635199397491 ], [ -72.021595337909204, 42.373629791767279 ], [ -72.021525736963525, 42.373636611971548 ], [ -72.021413494095754, 42.373649017286446 ], [ -72.021289443249685, 42.373654488853468 ], [ -72.02116035175861, 42.373650164558491 ], [ -72.020867007812981, 42.373615157610921 ], [ -72.020507711442932, 42.373561110155613 ], [ -72.020209598638772, 42.373491072109111 ] ] ] } },
{ "type": "Feature", "properties": { "OBJECTID": 351, "LOCAL_NAME": "Wachusett Greenways", "SURFACE_TYPE": null, "Shape__Length": 695.96099400933008 }, "geometry": { "type": "MultiLineString", "coordinates": [ [ [ -72.020209598638772, 42.373491072109111 ], [ -72.0176444958541, 42.372774654831446 ], [ -72.013589065012226, 42.371653803027947 ], [ -72.0132966100456, 42.371590368694008 ], [ -72.013042528999549, 42.37154901673005 ], [ -72.012744716117936, 42.371497740809154 ], [ -72.012476014841511, 42.37145648968481 ], [ -72.012253125025993, 42.371399287832858 ] ] ] } },
{ "type": "Feature", "properties": { "OBJECTID": 352, "LOCAL_NAME": "Wachusett Greenways", "SURFACE_TYPE": null, "Shape__Length": 2018.9795589185201 }, "geometry": { "type": "MultiLineString", "coordinates": [ [ [ -72.012253125025993, 42.371399287832858 ], [ -72.011941947853074, 42.371255848122686 ], [ -72.011460892122031, 42.371077627771207 ], [ -72.010269212502706, 42.370717116732926 ], [ -72.009325001408342, 42.370454569310809 ], [ -72.008102657445292, 42.370111955112506 ], [ -72.004188468243001, 42.36900890088117 ], [ -72.003209905118311, 42.368728675055351 ], [ -72.002193670742642, 42.368448600924125 ], [ -72.000919943730153, 42.368095970681104 ], [ -72.000024086879634, 42.367873783703743 ], [ -71.999701442921577, 42.367793892269013 ], [ -71.999389174353013, 42.367726664266094 ], [ -71.999179917032421, 42.367689465961611 ], [ -71.99892266142308, 42.36764739603494 ], [ -71.997077500363858, 42.367411067204621 ], [ -71.996004444158629, 42.367266269066597 ], [ -71.995551956143402, 42.367227573006822 ], [ -71.995233223229278, 42.367208627040682 ], [ -71.994976255326165, 42.367202108519677 ], [ -71.994534931216322, 42.367235568184746 ], [ -71.993908545575579, 42.367341336349661 ], [ -71.992040885541385, 42.367693757161192 ], [ -71.991221060112309, 42.367836886983483 ], [ -71.990675941233306, 42.367936902183772 ], [ -71.990492442741029, 42.367975841749534 ], [ -71.990361339917541, 42.368009372908496 ], [ -71.990299679684767, 42.368009635742567 ], [ -71.990216231135548, 42.368012309645039 ], [ -71.990118089197907, 42.368005324765782 ], [ -71.990005179567817, 42.368023589213216 ], [ -71.98986851295976, 42.368069897911717 ], [ -71.989674219005011, 42.368195199202844 ], [ -71.98912877513429, 42.368552021399218 ] ] ] } },
{ "type": "Feature", "properties": { "OBJECTID": 353, "LOCAL_NAME": "Wachusett Greenways", "SURFACE_TYPE": null, "Shape__Length": 527.40755268145404 }, "geometry": { "type": "MultiLineString", "coordinates": [ [ [ -71.98912877513429, 42.368552021399218 ], [ -71.988999324593763, 42.368648287839392 ], [ -71.988853607585128, 42.368767347464079 ], [ -71.988653316024042, 42.368939062592347 ], [ -71.988333288723226, 42.369202548948593 ], [ -71.988214940245172, 42.36947488643159 ], [ -71.988137633657217, 42.369636370771659 ], [ -71.988077931260591, 42.369704582427929 ], [ -71.987824809916205, 42.369919047154049 ], [ -71.987344628233174, 42.370264368977018 ], [ -71.986997921623527, 42.370465828373739 ], [ -71.986734999760699, 42.37066693763051 ], [ -71.986385218539084, 42.370946073370625 ], [ -71.986111996676058, 42.371170520587093 ], [ -71.985989893392201, 42.371296276565118 ], [ -71.985732725552239, 42.371565311145382 ], [ -71.985475988977839, 42.371890653655115 ], [ -71.985330741990268, 42.3720718428049 ], [ -71.985273147843813, 42.372254265454245 ] ] ] } },
{ "type": "Feature", "properties": { "OBJECTID": 4306, "LOCAL_NAME": "Wachusett Greenways", "SURFACE_TYPE": null, "Shape__Length": 214.73646689260701 }, "geometry": { "type": "MultiLineString", "coordinates": [ [ [ -72.032216408093817, 42.381832654634742 ], [ -72.032707731581297, 42.382316957243781 ], [ -72.033023307899938, 42.382726872813379 ], [ -72.033312062210413, 42.383040491759523 ], [ -72.033465146542369, 42.383178126731735 ], [ -72.033746240168938, 42.383278541178406 ], [ -72.033834987283896, 42.383278878426751 ] ] ] } },
{ "type": "Feature", "properties": { "OBJECTID": 4307, "LOCAL_NAME": "Wachusett Greenways", "SURFACE_TYPE": null, "Shape__Length": 1857.6466525041801 }, "geometry": { "type": "MultiLineString", "coordinates": [ [ [ -71.919185964509538, 42.397300498002544 ], [ -71.917633339664803, 42.396684902168239 ], [ -71.916282044097727, 42.396147002290874 ], [ -71.91558884697011, 42.395810103078105 ], [ -71.914930747842476, 42.395324103791921 ], [ -71.913561851238057, 42.393950305403273 ], [ -71.910525856736385, 42.390956309900595 ], [ -71.90969225707255, 42.38998421179528 ], [ -71.90922725733904, 42.38918061274439 ], [ -71.908744655987107, 42.388150115108303 ], [ -71.907902253280241, 42.385680918684209 ], [ -71.907858352434033, 42.385104019730626 ], [ -71.907938249302291, 42.384280821098095 ], [ -71.908076756089272, 42.383834200518471 ] ] ] } },
{ "type": "Feature", "properties": { "OBJECTID": 4308, "LOCAL_NAME": "Wachusett Greenways", "SURFACE_TYPE": null, "Shape__Length": 208.36096337704001 }, "geometry": { "type": "MultiLineString", "coordinates": [ [ [ -71.908076756089272, 42.383834200518471 ], [ -71.908211246068433, 42.383400522025013 ], [ -71.908259043771707, 42.382798623501756 ], [ -71.908108242926204, 42.381978325009101 ] ] ] } },
{ "type": "Feature", "properties": { "OBJECTID": 4326, "LOCAL_NAME": null, "SURFACE_TYPE": null, "Shape__Length": 464.14842967675105 }, "geometry": { "type": "MultiLineString", "coordinates": [ [ [ -71.818115468567683, 42.266358362104356 ], [ -71.817750910710572, 42.267068442810348 ], [ -71.817579251256575, 42.267378082661608 ], [ -71.817504149377001, 42.267536871968403 ], [ -71.817429049545822, 42.267695661214596 ], [ -71.81736467665074, 42.267910025151082 ], [ -71.817300305459355, 42.268235540171226 ], [ -71.817235934411343, 42.26857693283597 ], [ -71.817137488976201, 42.268923408080212 ], [ -71.817066462876411, 42.269149898302736 ], [ -71.816983813238693, 42.269335090446013 ], [ -71.816817516640498, 42.269656671090509 ], [ -71.816645856001273, 42.269910724815411 ], [ -71.816501960623768, 42.270104275411583 ], [ -71.816409855080266, 42.270315808931912 ] ] ] } },
{ "type": "Feature", "properties": { "OBJECTID": 5271, "LOCAL_NAME": null, "SURFACE_TYPE": null, "Shape__Length": 1958.0264198926802 }, "geometry": { "type": "MultiLineString", "coordinates": [ [ [ -71.620456969304101, 42.080790444509788 ], [ -71.620388792345395, 42.081782104521771 ], [ -71.62038997949584, 42.082408369279776 ], [ -71.61962179753931, 42.083713897389032 ], [ -71.619412993195525, 42.084444759682576 ], [ -71.619625336491097, 42.085592690992819 ], [ -71.620118236107004, 42.086896893849847 ], [ -71.621735489554894, 42.089922131890589 ], [ -71.622091040347513, 42.092635568128017 ], [ -71.622306977693682, 42.095610096280886 ], [ -71.622590492370151, 42.097279832136593 ], [ -71.623431894157605, 42.097539869697307 ] ] ] } },
{ "type": "Feature", "properties": { "OBJECTID": 4685, "LOCAL_NAME": "Grand Trunk Trail", "SURFACE_TYPE": null, "Shape__Length": 27.989947655899599 }, "geometry": { "type": "MultiLineString", "coordinates": [ [ [ -72.066993166467896, 42.072638878182254 ], [ -72.066664786450687, 42.072699254749622 ] ] ] } },
{ "type": "Feature", "properties": { "OBJECTID": 4375, "LOCAL_NAME": "Mass Central Rail Trail", "SURFACE_TYPE": null, "Shape__Length": 3315.2101350405901 }, "geometry": { "type": "MultiLineString", "coordinates": [ [ [ -71.853466736878573, 42.38190690113322 ], [ -71.853336630082808, 42.381946042523843 ], [ -71.853249821383102, 42.381959192089333 ], [ -71.853163157856443, 42.38199810536473 ], [ -71.853033089788738, 42.38204359326722 ], [ -71.852937845615003, 42.382101857215076 ], [ -71.852859868834059, 42.382140744513073 ], [ -71.852781604261963, 42.38212810149966 ], [ -71.852737949252045, 42.382089588113551 ], [ -71.852642020524968, 42.382025468917043 ], [ -71.852563649537188, 42.381993502466209 ], [ -71.852502869648291, 42.382000130200325 ], [ -71.852424713099637, 42.382006811129081 ], [ -71.852398900798065, 42.382051978925951 ], [ -71.852381811503335, 42.382103561506199 ], [ -71.852364938906049, 42.382193790648614 ], [ -71.852330653625771, 42.382277632504746 ], [ -71.852287643970143, 42.382355059557113 ], [ -71.852227115039483, 42.382406775107128 ], [ -71.852096758326056, 42.382400732590973 ], [ -71.852000865665076, 42.382343055159446 ], [ -71.851896178413313, 42.382266080031769 ], [ -71.851817986822283, 42.382266319149409 ], [ -71.85177494068752, 42.38233730461566 ], [ -71.85177555029361, 42.382446804726364 ], [ -71.851828395455414, 42.382575467830428 ], [ -71.851759071173262, 42.382607886412295 ], [ -71.851602541350573, 42.382582599737738 ], [ -71.851532534875247, 42.382492636190101 ], [ -71.851401569090328, 42.382377092775187 ], [ -71.851193377581382, 42.382435700169637 ], [ -71.851037672658009, 42.382558559402256 ], [ -71.850917076091562, 42.382745724583877 ], [ -71.850587356923711, 42.382824025066036 ], [ -71.850439801256229, 42.382850239692623 ], [ -71.850291711048783, 42.382779835906746 ], [ -71.850186596783544, 42.382625566092784 ], [ -71.850011871309576, 42.382452183449004 ], [ -71.84990665125332, 42.382278588280165 ], [ -71.849749375487065, 42.382118035168617 ], [ -71.849626815714259, 42.381950933946285 ], [ -71.849513017361559, 42.381796689883842 ], [ -71.849286879706483, 42.381752286977559 ], [ -71.849095637854305, 42.381733543773223 ], [ -71.848852552112561, 42.381766487690292 ], [ -71.84866138142786, 42.381760625657478 ], [ -71.848470102997339, 42.38173544002013 ], [ -71.848157371046966, 42.381742828265196 ], [ -71.847766341696769, 42.381731127832595 ], [ -71.847357829695781, 42.381700156140852 ], [ -71.846975558568474, 42.381701309588287 ], [ -71.846619281608184, 42.381689500450364 ], [ -71.846080451117572, 42.381658916748236 ], [ -71.845706692284594, 42.381627833756454 ], [ -71.845358962207143, 42.38159022992113 ], [ -71.845028855284212, 42.381597661815476 ], [ -71.84468998973307, 42.381592235994724 ], [ -71.844446515994463, 42.381554317921847 ], [ -71.844237759278016, 42.381509853965746 ], [ -71.844055346983765, 42.381516840184531 ], [ -71.843873041033078, 42.381543150306868 ], [ -71.843708180330424, 42.381582291033858 ], [ -71.843595621773503, 42.381653481060923 ], [ -71.843526923434055, 42.381801835367021 ], [ -71.843519110621997, 42.381962890865829 ], [ -71.843581082289973, 42.382175267310672 ], [ -71.84359089150216, 42.382381358892516 ], [ -71.843670030426509, 42.382555036792688 ], [ -71.843662287951886, 42.382728974167115 ], [ -71.843680750930616, 42.382928598366732 ], [ -71.843602872535371, 42.382986802675191 ], [ -71.843560272024163, 42.383141520513654 ], [ -71.843430859927352, 42.383309379580879 ], [ -71.843257865743936, 42.38345160431944 ], [ -71.843075727553227, 42.383510118352262 ], [ -71.842936961819049, 42.38355562163111 ], [ -71.84274644896314, 42.383672131800814 ], [ -71.842581686798923, 42.383730594184016 ], [ -71.84246015649704, 42.383750279565454 ], [ -71.842234470382422, 42.383789598265089 ], [ -71.842121907462314, 42.383860786812406 ], [ -71.842026544703572, 42.383899718423052 ], [ -71.841800893849026, 42.383945477663346 ], [ -71.841688468288581, 42.384042430470835 ], [ -71.841541359972567, 42.384152369119512 ], [ -71.841419966553318, 42.384197818086605 ], [ -71.841358974575158, 42.384165792457281 ], [ -71.841228510917688, 42.38414041434325 ], [ -71.841072087046555, 42.384134437534556 ], [ -71.84095934718961, 42.384173418864329 ], [ -71.840864088711555, 42.384231672792581 ], [ -71.840769073245625, 42.384335014610713 ], [ -71.840673917328857, 42.384412591669552 ], [ -71.84058755522986, 42.384509466212485 ], [ -71.840457472978557, 42.384554939875748 ], [ -71.840344419714839, 42.384535950741252 ], [ -71.840248570421153, 42.384484704032481 ], [ -71.840230776845345, 42.384407461370124 ], [ -71.840177988385904, 42.384285233482736 ], [ -71.840177329447087, 42.384162851459102 ], [ -71.840193907780986, 42.384014653373512 ], [ -71.84020183334772, 42.383872921463279 ], [ -71.840062231480999, 42.38376383315844 ], [ -71.839939660631643, 42.383590280272713 ], [ -71.839756272018292, 42.383416907754516 ], [ -71.839573127959866, 42.383288623816654 ], [ -71.839268453224363, 42.383180020699086 ], [ -71.839102616204997, 42.383038801075521 ], [ -71.838962881055707, 42.382903946717775 ], [ -71.838849071188108, 42.382743249838654 ], [ -71.838630832031939, 42.382550654535443 ], [ -71.838578462415995, 42.382505719949613 ], [ -71.838560878523793, 42.382467123587702 ], [ -71.838612731495559, 42.382415440791583 ], [ -71.838759771790961, 42.3822926239447 ], [ -71.838854719597137, 42.382176401834855 ], [ -71.838975798748393, 42.382072984761535 ], [ -71.839044888248139, 42.381995485875663 ], [ -71.839070675477856, 42.38194387967178 ], [ -71.839096324386276, 42.381866508762187 ], [ -71.839104563276067, 42.381782747656828 ], [ -71.839068912557522, 42.381615379972629 ], [ -71.838971997447089, 42.381364455949871 ], [ -71.838927589989012, 42.381184231000091 ], [ -71.838909523761288, 42.381055458661656 ], [ -71.838882803974883, 42.380933153308312 ], [ -71.838812644680146, 42.380810975873437 ], [ -71.838733901103438, 42.380708147276373 ], [ -71.838628956499036, 42.380579630627224 ], [ -71.838584895739629, 42.380463817733528 ], [ -71.838601581599434, 42.380334943053519 ], [ -71.838626781652138, 42.380173836688023 ], [ -71.838634675725629, 42.380025664256891 ], [ -71.83867669801532, 42.379761448780606 ], [ -71.838658529132033, 42.379613353050509 ], [ -71.838553241358127, 42.379420424063461 ], [ -71.838465502649015, 42.379259650875838 ], [ -71.838473499285413, 42.379130801740473 ], [ -71.838437610213276, 42.378918344826694 ], [ -71.838349906981435, 42.378764012036513 ], [ -71.838132200097547, 42.37866803307972 ], [ -71.83793180069334, 42.378559120763533 ], [ -71.837792283306129, 42.378462910575962 ], [ -71.837617878569233, 42.378341038374295 ], [ -71.837417618672092, 42.378257889876458 ], [ -71.837182506174045, 42.378155518657913 ], [ -71.837025960025713, 42.378123770710431 ], [ -71.83694753183299, 42.378078911680902 ], [ -71.836834044783771, 42.377976183483021 ], [ -71.836833083329836, 42.377795830401297 ], [ -71.836910583765203, 42.377666777832182 ], [ -71.836823263689126, 42.377583297508899 ], [ -71.836701055694505, 42.377474153194647 ], [ -71.836700334891958, 42.377338888142518 ], [ -71.836673483652959, 42.377190817439683 ], [ -71.836550969114754, 42.377023702982491 ], [ -71.836446035040183, 42.376895184230023 ], [ -71.836201796005085, 42.376709100770448 ], [ -71.836287948490977, 42.376573582696125 ], [ -71.83638275509216, 42.376431596839851 ], [ -71.836425470292681, 42.376296205647584 ], [ -71.836494350796869, 42.37618006063704 ], [ -71.836545891545711, 42.376070408716238 ], [ -71.836528070539501, 42.375986723920285 ], [ -71.836440890464374, 42.375929007111438 ], [ -71.836301449704038, 42.375845678774908 ], [ -71.83603221587623, 42.375859347591444 ], [ -71.835754157540464, 42.375847277292692 ], [ -71.835528017776412, 42.375796406758305 ], [ -71.8352411698081, 42.375765036325106 ], [ -71.835092906880206, 42.375655966192873 ], [ -71.834822615511044, 42.375469956554049 ], [ -71.834561217766847, 42.3753225676748 ], [ -71.834334876337465, 42.375233047220995 ], [ -71.834090922372098, 42.375098489596972 ], [ -71.833751650218517, 42.375009295887153 ], [ -71.833360392013319, 42.37494601786738 ], [ -71.833099645002306, 42.37492100797742 ], [ -71.832908564307203, 42.374928002576446 ], [ -71.832621925012049, 42.374935272276986 ], [ -71.832369764049801, 42.37489091227841 ], [ -71.832152079531426, 42.37479492191239 ], [ -71.832064565358593, 42.374672790345862 ], [ -71.83202907383415, 42.374531184048742 ], [ -71.83186330942091, 42.374396396011129 ], [ -71.831740982057966, 42.37426148158616 ], [ -71.831479799213028, 42.374152732342402 ], [ -71.831400670415107, 42.373972605195604 ], [ -71.83139975827055, 42.373798693313034 ], [ -71.831295008842588, 42.373702375034377 ], [ -71.831146453721729, 42.373535329728782 ], [ -71.831006991447126, 42.373445553510216 ], [ -71.83096318695614, 42.373374824704342 ], [ -71.830901401112953, 42.373188205781425 ], [ -71.83089200563451, 42.373052965543337 ], [ -71.830873855654232, 42.372904868354077 ], [ -71.8307952034435, 42.372814916958632 ], [ -71.830673516151762, 42.372674153095865 ] ] ] } },
{ "type": "Feature", "properties": { "OBJECTID": 4376, "LOCAL_NAME": "Mass Central Rail Trail", "SURFACE_TYPE": null, "Shape__Length": 2329.9932517342299 }, "geometry": { "type": "MultiLineString", "coordinates": [ [ [ -71.830660318011866, 42.372681033169648 ], [ -71.830541803563506, 42.373065219490975 ], [ -71.830537305969983, 42.373464819539336 ], [ -71.830702407832007, 42.373978818824412 ], [ -71.83090280961035, 42.374479817966254 ], [ -71.831345111738742, 42.375202817348054 ], [ -71.833426420842628, 42.378696113757172 ], [ -71.833815623400795, 42.379453912344452 ], [ -71.833986525098396, 42.379898212322566 ], [ -71.834016026033936, 42.38025101211872 ], [ -71.833980728715488, 42.38073011119284 ], [ -71.833886331565054, 42.38110461076721 ], [ -71.833638734254976, 42.381618609970339 ], [ -71.833385137101956, 42.382010509338933 ], [ -71.833060840152982, 42.382363309282823 ], [ -71.832671743074599, 42.382668208128692 ], [ -71.832176146991955, 42.3829830083166 ], [ -71.831520450730395, 42.383230307463826 ], [ -71.830940253810169, 42.383397607480426 ], [ -71.830312957480729, 42.383491706643476 ], [ -71.829666759698085, 42.383512607129816 ], [ -71.829011061692242, 42.383449806998392 ], [ -71.827808265835756, 42.383174607303253 ], [ -71.826926168278277, 42.382993406994288 ], [ -71.826360169148558, 42.38292020692446 ], [ -71.825747271862696, 42.382924606771731 ], [ -71.825152974960744, 42.383015206526508 ], [ -71.824610477368822, 42.383161505886029 ], [ -71.823544484425113, 42.38353430602848 ], [ -71.823016187203876, 42.383666705310979 ], [ -71.822671787930673, 42.38370510524031 ], [ -71.822091690452169, 42.383712005315076 ], [ -71.821412392837942, 42.383659805329899 ], [ -71.819912398165812, 42.383367105242833 ], [ -71.819556417925895, 42.383321819227625 ] ] ] } },
{ "type": "Feature", "properties": { "OBJECTID": 4377, "LOCAL_NAME": "Mass Central Rail Trail", "SURFACE_TYPE": null, "Shape__Length": 153.89784593138 }, "geometry": { "type": "MultiLineString", "coordinates": [ [ [ -71.819556417925895, 42.383321819227625 ], [ -71.819337000091821, 42.383293904875188 ], [ -71.818959600571688, 42.383290405280597 ], [ -71.818200204101089, 42.383335705081471 ], [ -71.817719005894176, 42.383363604759573 ], [ -71.817694741617302, 42.38336375998594 ] ] ] } },
{ "type": "Feature", "properties": { "OBJECTID": 4378, "LOCAL_NAME": "Mass Central Rail Trail", "SURFACE_TYPE": null, "Shape__Length": 142.47941523371199 }, "geometry": { "type": "MultiLineString", "coordinates": [ [ [ -71.817694741617302, 42.38336375998594 ], [ -71.817171908478869, 42.383367104690024 ], [ -71.816747410461502, 42.383401904876045 ], [ -71.816148313809748, 42.383485603952558 ], [ -71.815985742931119, 42.383523952258571 ] ] ] } },
{ "type": "Feature", "properties": { "OBJECTID": 4379, "LOCAL_NAME": "Mass Central Rail Trail", "SURFACE_TYPE": null, "Shape__Length": 53.676502822129798 }, "geometry": { "type": "MultiLineString", "coordinates": [ [ [ -71.815985742931119, 42.383523952258571 ], [ -71.815587016309351, 42.383618003938224 ], [ -71.81537070176995, 42.38368297595958 ] ] ] } },
{ "type": "Feature", "properties": { "OBJECTID": 4380, "LOCAL_NAME": "Mass Central Rail Trail", "SURFACE_TYPE": null, "Shape__Length": 65.0064214879486 }, "geometry": { "type": "MultiLineString", "coordinates": [ [ [ -71.81537070176995, 42.38368297595958 ], [ -71.814879520282787, 42.383830503917785 ], [ -71.814646513526029, 42.383915088703205 ] ] ] } },
{ "type": "Feature", "properties": { "OBJECTID": 4381, "LOCAL_NAME": "Mass Central Rail Trail", "SURFACE_TYPE": null, "Shape__Length": 30.541297406953799 }, "geometry": { "type": "MultiLineString", "coordinates": [ [ [ -71.814646513526029, 42.383915088703205 ], [ -71.814313423476051, 42.384036003507134 ] ] ] } },
{ "type": "Feature", "properties": { "OBJECTID": 4382, "LOCAL_NAME": "Mass Central Rail Trail", "SURFACE_TYPE": null, "Shape__Length": 305.29161981040102 }, "geometry": { "type": "MultiLineString", "coordinates": [ [ [ -71.814313423476051, 42.384036003507134 ], [ -71.813247430840192, 42.384509902870136 ], [ -71.811189695625117, 42.385515219246862 ] ] ] } },
{ "type": "Feature", "properties": { "OBJECTID": 4383, "LOCAL_NAME": "Mass Central Rail Trail", "SURFACE_TYPE": null, "Shape__Length": 278.77274963621596 }, "geometry": { "type": "MultiLineString", "coordinates": [ [ [ -71.811189695625117, 42.385515219246862 ], [ -71.810837046434543, 42.385687500749945 ], [ -71.808357209260649, 42.386889761807723 ] ] ] } },
{ "type": "Feature", "properties": { "OBJECTID": 4384, "LOCAL_NAME": "Mass Central Rail Trail", "SURFACE_TYPE": null, "Shape__Length": 150.30825285754401 }, "geometry": { "type": "MultiLineString", "coordinates": [ [ [ -71.808357209260649, 42.386889761807723 ], [ -71.808091865760488, 42.387018398425809 ], [ -71.807365470427328, 42.387307598029281 ], [ -71.806841873222751, 42.38745039845066 ], [ -71.806719107800348, 42.387471038716207 ] ] ] } },
{ "type": "Feature", "properties": { "OBJECTID": 4385, "LOCAL_NAME": "Mass Central Rail Trail", "SURFACE_TYPE": null, "Shape__Length": 38.292911788606496 }, "geometry": { "type": "MultiLineString", "coordinates": [ [ [ -71.806719107800348, 42.387471038716207 ], [ -71.806265590251485, 42.387547288429751 ] ] ] } },
{ "type": "Feature", "properties": { "OBJECTID": 4386, "LOCAL_NAME": "Mass Central Rail Trail", "SURFACE_TYPE": null, "Shape__Length": 80.002235955134893 }, "geometry": { "type": "MultiLineString", "coordinates": [ [ [ -71.806265590251485, 42.387547288429751 ], [ -71.806157875925535, 42.387565397866481 ], [ -71.805304180528466, 42.387648998073338 ] ] ] } },
{ "type": "Feature", "properties": { "OBJECTID": 4387, "LOCAL_NAME": "Mass Central Rail Trail", "SURFACE_TYPE": null, "Shape__Length": 184.37841648851801 }, "geometry": { "type": "MultiLineString", "coordinates": [ [ [ -71.805304180528466, 42.387648998073338 ], [ -71.803792286986805, 42.387738197333022 ], [ -71.803439088470185, 42.387762697636084 ], [ -71.803075854620687, 42.387805117197942 ] ] ] } },
{ "type": "Feature", "properties": { "OBJECTID": 4388, "LOCAL_NAME": "Mass Central Rail Trail", "SURFACE_TYPE": null, "Shape__Length": 663.93857063361202 }, "geometry": { "type": "MultiLineString", "coordinates": [ [ [ -71.803075854620687, 42.387805117197942 ], [ -71.802847391584351, 42.387831797049095 ], [ -71.802623992969842, 42.387849697127152 ], [ -71.802074795192482, 42.387843496830214 ], [ -71.801595896493595, 42.3878439967989 ], [ -71.801074698585637, 42.387802596722061 ], [ -71.800738399224201, 42.387740496363151 ], [ -71.800410700837162, 42.387654597146017 ], [ -71.799849701852892, 42.387543496932935 ], [ -71.798898605133857, 42.387361496518771 ], [ -71.798282907587733, 42.387265496951777 ], [ -71.797838108390948, 42.387154297223866 ], [ -71.797318109870389, 42.387027997097306 ], [ -71.796880210860621, 42.386962296557833 ], [ -71.796383512371676, 42.386932097008092 ], [ -71.796047713963588, 42.386931096978188 ], [ -71.79560601555832, 42.386946796332623 ], [ -71.795181618514533, 42.386991296291178 ] ] ] } },
{ "type": "Feature", "properties": { "OBJECTID": 4390, "LOCAL_NAME": "Depot Rail Trail", "SURFACE_TYPE": null, "Shape__Length": 2728.44428381957 }, "geometry": { "type": "MultiLineString", "coordinates": [ [ [ -72.012727494217629, 42.220294134696232 ], [ -72.011152609910937, 42.220867333238616 ], [ -72.010208475740399, 42.221153366233821 ], [ -72.009350172214567, 42.221502960204958 ], [ -72.008706444175274, 42.222043237933214 ], [ -72.008019802478458, 42.222774193715573 ], [ -72.006946924075933, 42.224045401018984 ], [ -72.006517772745184, 42.224553876314204 ], [ -72.005831130298617, 42.225094127846397 ], [ -72.005187403946366, 42.225729711104748 ], [ -72.004543677407156, 42.226460624633759 ], [ -72.003685374077776, 42.227350420614371 ], [ -72.003084561966034, 42.227922426103191 ], [ -72.002569580641378, 42.228335537616566 ], [ -72.001882937298717, 42.228653313835231 ], [ -72.001110465103622, 42.229034644305166 ], [ -72.000337991793174, 42.229320640082669 ], [ -71.999951754678861, 42.22973374255551 ], [ -71.999479687989137, 42.230496384702114 ], [ -71.999308028846485, 42.231703883281476 ], [ -71.999393863001501, 42.233832838772663 ], [ -71.999222203169893, 42.234500107497034 ], [ -71.998664305318286, 42.235294466804788 ], [ -71.997891831057913, 42.236279457378068 ], [ -71.997591423565311, 42.236756061190604 ], [ -71.997248102278633, 42.237296206309018 ], [ -71.997143013356904, 42.23790603170751 ], [ -71.997205188928788, 42.238344712409102 ], [ -71.997548513516037, 42.239552061807672 ], [ -71.997726474916277, 42.240052983405555 ] ] ] } },
{ "type": "Feature", "properties": { "OBJECTID": 4686, "LOCAL_NAME": "Southern New England Trunkline Trail", "SURFACE_TYPE": "Gravel/Packed Stone Dust", "Shape__Length": 18773.268585072503 }, "geometry": { "type": "MultiLineString", "coordinates": [ [ [ -71.80036978167513, 42.011704790665213 ], [ -71.800092635464011, 42.011936450576101 ], [ -71.799824588130775, 42.012194860175228 ], [ -71.799594685463518, 42.012405004725281 ], [ -71.799471744353681, 42.01255389601625 ], [ -71.79921277809359, 42.01283570893677 ], [ -71.799105099233273, 42.012953873677162 ], [ -71.798938234363959, 42.013233859457962 ], [ -71.798850687160595, 42.013317374946581 ], [ -71.79882220836555, 42.013378232958843 ], [ -71.798578839295772, 42.013648044448402 ], [ -71.797950450385812, 42.014548336494506 ], [ -71.797431678428467, 42.015318013333044 ], [ -71.797200352373238, 42.015641292978721 ], [ -71.79687899729575, 42.016051600228103 ], [ -71.796546398687866, 42.016569308076122 ], [ -71.796185873512044, 42.017107007208061 ], [ -71.795798939227126, 42.017625425242095 ], [ -71.795560783107419, 42.017933337749362 ], [ -71.795089421826418, 42.018507608714351 ], [ -71.794667264874278, 42.018888169522867 ], [ -71.794403925231151, 42.019103425092702 ], [ -71.793880629720164, 42.019499697593922 ], [ -71.793492068121651, 42.019728207052061 ], [ -71.793137904393205, 42.019954172675142 ], [ -71.792268603940485, 42.020317109687078 ], [ -71.788906285478475, 42.021878311359757 ], [ -71.786796833907459, 42.022862147283341 ], [ -71.785955804445464, 42.023254379012869 ], [ -71.78404928438971, 42.024147380422619 ], [ -71.777092317085945, 42.027396649846168 ], [ -71.77681819391924, 42.027533203991567 ], [ -71.776617032930815, 42.027626003900167 ], [ -71.775846646726407, 42.027981396592679 ], [ -71.775513947126925, 42.028150097570574 ], [ -71.774279627068026, 42.02871201049868 ], [ -71.770060635537007, 42.030714978778128 ], [ -71.767458443864513, 42.031894349265933 ], [ -71.766552215581513, 42.032350735751095 ], [ -71.764048693389014, 42.03350762103247 ], [ -71.762788162906148, 42.034088650228718 ], [ -71.761555700626189, 42.034668008550788 ], [ -71.757484218268885, 42.036568582779601 ], [ -71.75545997431783, 42.037545024254506 ], [ -71.754499771894942, 42.038067148509292 ], [ -71.754173020104588, 42.038266685690203 ], [ -71.751042160078185, 42.04013328682349 ], [ -71.749473498092613, 42.041046696181787 ], [ -71.746993069131136, 42.04254799480222 ], [ -71.746240102535168, 42.043002033405315 ], [ -71.745589835147371, 42.043376011149178 ], [ -71.744725401721169, 42.043899720018047 ], [ -71.744070215272984, 42.044289567005713 ], [ -71.743056246504864, 42.044899501119836 ], [ -71.740273895611693, 42.046538782972682 ], [ -71.73922812721581, 42.047116920231872 ], [ -71.73890295781996, 42.047363873591266 ], [ -71.738765122303889, 42.047445277052347 ], [ -71.738212945681013, 42.04773060835258 ], [ -71.737387072782369, 42.048237339119559 ], [ -71.736572171714215, 42.048710917066849 ], [ -71.736342500427867, 42.048837213620587 ], [ -71.735622112861094, 42.049247112257561 ], [ -71.733275952830724, 42.050339615059144 ], [ -71.731913922991652, 42.050973973199419 ], [ -71.731748809571187, 42.051053326616845 ], [ -71.730707612309871, 42.051533429017816 ], [ -71.730442380075488, 42.051662875351035 ], [ -71.728936338512284, 42.052349911651355 ], [ -71.727186096401212, 42.053236465916392 ], [ -71.726206494445279, 42.053851101040429 ], [ -71.725639371285354, 42.054206923496082 ], [ -71.724267784808973, 42.055114042731546 ], [ -71.724060312895517, 42.055274629179173 ], [ -71.723738843174829, 42.055529341081076 ], [ -71.72231645559522, 42.056715729941551 ], [ -71.721706872339553, 42.057262485000429 ], [ -71.721449694238444, 42.057481228885578 ], [ -71.72071941400398, 42.058116140363339 ], [ -71.720485158048689, 42.05831496119513 ], [ -71.71960663983117, 42.059073462215871 ], [ -71.718898711845583, 42.059570302993215 ], [ -71.718272137716852, 42.059958291784916 ], [ -71.717675436735803, 42.060240165102186 ], [ -71.717044467171561, 42.06054451765791 ], [ -71.716465707856372, 42.060768981607595 ], [ -71.715678375518749, 42.061037757203401 ], [ -71.714751217788603, 42.061272780326398 ], [ -71.714622616620488, 42.061305377944088 ], [ -71.713757345126538, 42.061433491502335 ], [ -71.713105397844899, 42.061498446180821 ], [ -71.712297339860712, 42.061526024766437 ], [ -71.711591598347994, 42.061549867233047 ], [ -71.710686383167868, 42.0615060814484 ], [ -71.710271884727305, 42.061451788119037 ], [ -71.709819639250895, 42.061387586976863 ], [ -71.705108222680892, 42.060786194677803 ], [ -71.702748275483216, 42.060479674008498 ], [ -71.700929260791384, 42.060239285824309 ], [ -71.700080123391643, 42.060104797733132 ], [ -71.698619368504936, 42.059794279220604 ], [ -71.697995078392097, 42.059637247299314 ], [ -71.697651487651271, 42.059536123221442 ], [ -71.69455678356384, 42.058625239486524 ], [ -71.692843156890916, 42.058147131515156 ], [ -71.69058445299595, 42.057478925723203 ], [ -71.689638964997741, 42.057187977415893 ], [ -71.688986814064876, 42.057002051172873 ], [ -71.684968944025599, 42.055846185429132 ], [ -71.680963858957639, 42.054681715327447 ], [ -71.680218459833512, 42.054472122763251 ], [ -71.680030168773726, 42.054417560961561 ], [ -71.679083187655053, 42.054150255180268 ], [ -71.678543935313513, 42.054018283160325 ], [ -71.675869319957386, 42.053542924242173 ], [ -71.675212016616214, 42.053421598999158 ], [ -71.668100726243679, 42.052113182148375 ], [ -71.667650790131759, 42.05203938567491 ], [ -71.667277172699144, 42.051951389127623 ], [ -71.666712439602946, 42.05179410045853 ], [ -71.666339324376395, 42.051665699723614 ], [ -71.664161249109128, 42.050781588338317 ], [ -71.662549920981817, 42.050082975328237 ], [ -71.661319366444204, 42.049496420614012 ], [ -71.660685394822011, 42.049194066353188 ], [ -71.659924667554989, 42.048831251859944 ], [ -71.657940950581164, 42.047894811682561 ], [ -71.657002736968835, 42.047438555825515 ], [ -71.656607144510389, 42.047251540280996 ], [ -71.655396658196665, 42.046712442510184 ], [ -71.654819142342873, 42.046501353167756 ], [ -71.653694033670533, 42.046167669991782 ], [ -71.653006046843927, 42.045994307094027 ], [ -71.652373273188857, 42.04584463141817 ], [ -71.651176916320509, 42.045646090285139 ], [ -71.650782692763713, 42.045596455429077 ], [ -71.645685998149304, 42.044911513924369 ], [ -71.644560006810735, 42.044753649087788 ], [ -71.642934293156671, 42.044528611854538 ], [ -71.641655674129041, 42.044296325509883 ], [ -71.639855119176033, 42.043910085886516 ], [ -71.638679026307486, 42.043642944684414 ], [ -71.636984583304312, 42.043273313928211 ], [ -71.635479757287442, 42.04291380846994 ], [ -71.634734873665906, 42.042697292119698 ], [ -71.633940855090671, 42.042369348273489 ], [ -71.633342065604154, 42.042075956849992 ], [ -71.632802660449869, 42.041776167476932 ], [ -71.63243668329028, 42.041566800421023 ], [ -71.632109844235046, 42.04131334465162 ], [ -71.631897746669679, 42.041151082761715 ], [ -71.631749435169681, 42.041029392113558 ], [ -71.631196718647118, 42.04057587600029 ], [ -71.630619241813292, 42.039958954487005 ], [ -71.629197689875085, 42.038099394423199 ], [ -71.628556962588817, 42.037288622312666 ], [ -71.628240939286542, 42.036968371326196 ], [ -71.627718174791752, 42.03647247750925 ], [ -71.62710626957508, 42.035941894705338 ], [ -71.626572630700991, 42.035554236183067 ], [ -71.623138148211069, 42.032768139157412 ], [ -71.621732140553775, 42.031726090210292 ], [ -71.620453947131651, 42.030959009517979 ], [ -71.61959218105612, 42.03055273610201 ], [ -71.61821575947738, 42.030020004262852 ], [ -71.614966220543153, 42.028852744538071 ], [ -71.614742845038919, 42.028754676280712 ], [ -71.611729894214761, 42.027265563668536 ], [ -71.611672693401772, 42.027180664738175 ], [ -71.611666993685049, 42.027057564802369 ], [ -71.611735593667319, 42.026976964972235 ], [ -71.611754494201179, 42.026939264987604 ], [ -71.61176189358487, 42.026895764659116 ], [ -71.611739894193263, 42.026860464542878 ], [ -71.611660845832816, 42.02678933504108 ] ] ] } },
{ "type": "Feature", "properties": { "OBJECTID": 4687, "LOCAL_NAME": "Southern New England Trunkline Trail", "SURFACE_TYPE": "Gravel", "Shape__Length": 3671.31467108475 }, "geometry": { "type": "MultiLineString", "coordinates": [ [ [ -71.608559630063297, 42.026874873004502 ], [ -71.607468689743271, 42.026735281303544 ], [ -71.606771188933422, 42.026714484052071 ], [ -71.606073687700061, 42.026740187212681 ], [ -71.605415887997438, 42.02682458951606 ], [ -71.604054386438577, 42.027006194054358 ], [ -71.602549685640142, 42.027401198231168 ], [ -71.60070778386482, 42.028143403710807 ], [ -71.599043383124723, 42.028739308252469 ], [ -71.5984044828365, 42.028913809867291 ], [ -71.597699681923913, 42.029017912889344 ], [ -71.596677481614847, 42.029066916657115 ], [ -71.595593380028802, 42.029020920150998 ], [ -71.594797879757124, 42.028938323670403 ], [ -71.594072377869921, 42.028788326539505 ], [ -71.593293377865066, 42.028561730045183 ], [ -71.592530776347928, 42.028313733940358 ], [ -71.591792974864305, 42.028007538080232 ], [ -71.591042774885324, 42.02761254173587 ], [ -71.588775770377154, 42.026412353739495 ], [ -71.586702468268939, 42.025355964678411 ], [ -71.585325765535231, 42.024795672170356 ], [ -71.584282964318191, 42.02441287706899 ], [ -71.582884968179926, 42.023999625156435 ], [ -71.582332343972197, 42.023796845720135 ], [ -71.581602713959541, 42.023548286575121 ], [ -71.580821952611686, 42.023301045683077 ], [ -71.579644459447522, 42.022939965823369 ], [ -71.576616545908607, 42.02193762970704 ], [ -71.575768187855999, 42.021627567759872 ], [ -71.574096433809174, 42.021087411897334 ], [ -71.57375000665634, 42.020984831353559 ], [ -71.573113270086353, 42.020798120185958 ], [ -71.572677249855332, 42.020695807353555 ], [ -71.571357827129532, 42.020476818184285 ], [ -71.569727851532122, 42.020332488899371 ], [ -71.569366247209118, 42.020299292690289 ], [ -71.567642931848908, 42.020194236842677 ] ] ] } },
{ "type": "Feature", "properties": { "OBJECTID": 4688, "LOCAL_NAME": "Southern New England Trunkline Trail", "SURFACE_TYPE": "Paved", "Shape__Length": 85.388556393582391 }, "geometry": { "type": "MultiLineString", "coordinates": [ [ [ -71.567642931848908, 42.020194236842677 ], [ -71.566621370179107, 42.020090516669725 ] ] ] } },
{ "type": "Feature", "properties": { "OBJECTID": 4689, "LOCAL_NAME": "Southern New England Trunkline Trail", "SURFACE_TYPE": null, "Shape__Length": 1328.7828254409001 }, "geometry": { "type": "MultiLineString", "coordinates": [ [ [ -71.566621370179107, 42.020090516669725 ], [ -71.566322042932626, 42.020076634063834 ], [ -71.56601645627579, 42.020040340644059 ], [ -71.564063220562232, 42.019886561967589 ], [ -71.563726995234077, 42.019855679877828 ], [ -71.562775682531196, 42.019794895512419 ], [ -71.559054573992128, 42.019500887331169 ], [ -71.558203971787151, 42.01944306463492 ], [ -71.558135271591794, 42.019431845742176 ], [ -71.55806498176517, 42.019414550407497 ], [ -71.557179871935787, 42.019339334406425 ], [ -71.555676775931545, 42.019230593845052 ], [ -71.555515526955205, 42.019218784923773 ], [ -71.55394359741365, 42.019102974174004 ], [ -71.553744106316557, 42.019091235855583 ], [ -71.553455677393686, 42.019087558358613 ], [ -71.552560240350218, 42.018988021544075 ], [ -71.551249273279652, 42.018883376865929 ], [ -71.550668025647937, 42.018879627145331 ] ] ] } },
{ "type": "Feature", "properties": { "OBJECTID": 4690, "LOCAL_NAME": "Southern New England Trunkline Trail", "SURFACE_TYPE": null, "Shape__Length": 46.748794935484696 }, "geometry": { "type": "MultiLineString", "coordinates": [ [ [ -71.550668025647937, 42.018879627145331 ], [ -71.550106925222494, 42.018833929196113 ] ] ] } },
{ "type": "Feature", "properties": { "OBJECTID": 4691, "LOCAL_NAME": "Southern New England Trunkline Trail", "SURFACE_TYPE": null, "Shape__Length": 275.73818132253001 }, "geometry": { "type": "MultiLineString", "coordinates": [ [ [ -71.550106925222494, 42.018833929196113 ], [ -71.548523524467228, 42.018702335634487 ], [ -71.54680282192092, 42.018530842926211 ] ] ] } },
{ "type": "Feature", "properties": { "OBJECTID": 4692, "LOCAL_NAME": "Southern New England Trunkline Trail", "SURFACE_TYPE": null, "Shape__Length": 74.090178478122198 }, "geometry": { "type": "MultiLineString", "coordinates": [ [ [ -71.54680282192092, 42.018530842926211 ], [ -71.545922721275488, 42.018411446926152 ] ] ] } },
{ "type": "Feature", "properties": { "OBJECTID": 4693, "LOCAL_NAME": "Southern New England Trunkline Trail", "SURFACE_TYPE": null, "Shape__Length": 827.86372350972601 }, "geometry": { "type": "MultiLineString", "coordinates": [ [ [ -71.545922721275488, 42.018411446926152 ], [ -71.545521964763836, 42.018354801619545 ], [ -71.545100236675466, 42.018282553379478 ], [ -71.544560924531865, 42.018170330347061 ], [ -71.544031519250709, 42.018031556555421 ], [ -71.542492972224494, 42.017546414098881 ], [ -71.542312000898846, 42.017484425007055 ], [ -71.538809512541249, 42.016268522301914 ], [ -71.53857307831278, 42.016189993793461 ], [ -71.538125782898433, 42.016059128030406 ], [ -71.537863787651844, 42.015968696237508 ], [ -71.537566642411264, 42.015856835125817 ], [ -71.53732380667779, 42.01575210211891 ], [ -71.536898850044167, 42.015573582424331 ], [ -71.536737535388298, 42.015530511088784 ] ] ] } },
{ "type": "Feature", "properties": { "OBJECTID": 4694, "LOCAL_NAME": "Southern New England Trunkline Trail", "SURFACE_TYPE": "'Other'", "Shape__Length": 1875.1187316175499 }, "geometry": { "type": "MultiLineString", "coordinates": [ [ [ -71.524874265667876, 42.018235442347013 ], [ -71.524172013844478, 42.018566303046477 ], [ -71.52140604465275, 42.019935012259666 ], [ -71.521317882278424, 42.019959803373794 ], [ -71.521242493974327, 42.019973156942612 ], [ -71.521139534248121, 42.020036343375772 ], [ -71.520978033410344, 42.020129473873638 ], [ -71.520786380853792, 42.020204785066518 ], [ -71.519929907772394, 42.020640249916802 ], [ -71.519780068400351, 42.020721416689497 ], [ -71.519557761721131, 42.020802789532006 ], [ -71.519246610832326, 42.02094285068479 ], [ -71.519179533572967, 42.020978593492849 ], [ -71.519004866872294, 42.021125206472043 ], [ -71.51893040904227, 42.021171587751297 ], [ -71.518822831866146, 42.021227898870272 ], [ -71.517303464330595, 42.022008584128649 ], [ -71.51662826671371, 42.022335618992052 ], [ -71.516476132046122, 42.022425389777588 ], [ -71.515876360675492, 42.02270504910431 ], [ -71.515538390056435, 42.022868332370656 ], [ -71.515241022631017, 42.023023060470706 ], [ -71.515217586863969, 42.023047693920304 ], [ -71.515135623100733, 42.023133842972229 ], [ -71.51507100874808, 42.023172417249043 ], [ -71.515011042440264, 42.023198177411388 ], [ -71.514943620934488, 42.023212652049509 ], [ -71.514832751527962, 42.023223732824462 ], [ -71.514785820509445, 42.023237512280083 ], [ -71.513832292870219, 42.023737880153845 ], [ -71.512567281808316, 42.024366910933452 ], [ -71.511099860946686, 42.025089621809059 ], [ -71.510992750342837, 42.025157193059691 ], [ -71.510696421400041, 42.025269407464215 ], [ -71.509433902264107, 42.025886968117462 ], [ -71.509233279756657, 42.025997515616062 ], [ -71.509124930782804, 42.026076451830569 ], [ -71.509008378172112, 42.026133791591867 ], [ -71.508930502066661, 42.026155216758319 ], [ -71.508735157151676, 42.026257157626894 ], [ -71.508608942320905, 42.026331272632554 ], [ -71.507858933836971, 42.0267114949364 ], [ -71.50665762755132, 42.027357707413621 ], [ -71.506130882341182, 42.02762346470675 ] ] ] } },
{ "type": "Feature", "properties": { "OBJECTID": 4403, "LOCAL_NAME": "Wachusett Greenways", "SURFACE_TYPE": null, "Shape__Length": 783.22233865566898 }, "geometry": { "type": "MultiLineString", "coordinates": [ [ [ -72.024669480171298, 42.373621945532769 ], [ -72.025287473284152, 42.373635848678639 ], [ -72.026564200812757, 42.37378644363173 ], [ -72.027025539292978, 42.373897408128713 ], [ -72.027529792465955, 42.374135188791037 ], [ -72.0283022664903, 42.374705858712304 ], [ -72.028774333776425, 42.375133857425077 ], [ -72.029160570874538, 42.375649037989888 ], [ -72.029482434546097, 42.376283099830147 ], [ -72.029675552956817, 42.377416471239329 ], [ -72.029793569416199, 42.378082218106066 ], [ -72.029922291715792, 42.378459536344103 ] ] ] } },
{ "type": "Feature", "properties": { "OBJECTID": 4404, "LOCAL_NAME": "Wachusett Greenways", "SURFACE_TYPE": null, "Shape__Length": 435.938489224102 }, "geometry": { "type": "MultiLineString", "coordinates": [ [ [ -72.029922291715792, 42.378459536344103 ], [ -72.03011742810294, 42.379060828599691 ], [ -72.03027836003379, 42.379560126754406 ], [ -72.030439292230682, 42.380178298895835 ], [ -72.030610952653348, 42.380622111677454 ], [ -72.03094354524282, 42.380915342701861 ], [ -72.031404884414428, 42.381208572279697 ], [ -72.031726748217608, 42.381485951480791 ], [ -72.032216408093817, 42.381832654634742 ] ] ] } },
{ "type": "Feature", "properties": { "OBJECTID": 4791, "LOCAL_NAME": "Mass Central Rail Trail", "SURFACE_TYPE": null, "Shape__Length": 1763.1385348757201 }, "geometry": { "type": "MultiLineString", "coordinates": [ [ [ -72.176390866105706, 42.322225345229803 ], [ -72.175507168597619, 42.323462444125504 ], [ -72.172819975681108, 42.327371141188074 ], [ -72.17220567698736, 42.328214439782542 ], [ -72.171415979141713, 42.329065839639384 ], [ -72.169781784558936, 42.330395638606319 ], [ -72.168103588742355, 42.331676838289127 ], [ -72.167300791077977, 42.332258937253641 ], [ -72.165460296644198, 42.333444437004744 ], [ -72.163560129215057, 42.334666027549488 ] ] ] } },
{ "type": "Feature", "properties": { "OBJECTID": 4792, "LOCAL_NAME": "Mass Central Rail Trail", "SURFACE_TYPE": null, "Shape__Length": 1857.8812388699 }, "geometry": { "type": "MultiLineString", "coordinates": [ [ [ -72.163560129215057, 42.334666027549488 ], [ -72.153169831472951, 42.341339233706705 ], [ -72.152289233967792, 42.341901733380737 ], [ -72.14662885022932, 42.34553603166448 ], [ -72.146510949676525, 42.345610431559102 ] ] ] } },
{ "type": "Feature", "properties": { "OBJECTID": 4793, "LOCAL_NAME": "Mass Central Rail Trail", "SURFACE_TYPE": "Paved", "Shape__Length": 781.44791070091799 }, "geometry": { "type": "MultiLineString", "coordinates": [ [ [ -72.146510949676525, 42.345610431559102 ], [ -72.14159226475158, 42.348798029228412 ], [ -72.139345870568647, 42.350219528936698 ] ] ] } },
{ "type": "Feature", "properties": { "OBJECTID": 4243, "LOCAL_NAME": null, "SURFACE_TYPE": null, "Shape__Length": 1425.5611564788001 }, "geometry": { "type": "MultiLineString", "coordinates": [ [ [ -72.044225259918747, 42.404922983736206 ], [ -72.044261584926389, 42.404931252125031 ], [ -72.044281180753913, 42.40493678353149 ], [ -72.044392531608239, 42.404972832741528 ], [ -72.044499385459986, 42.405016213439623 ], [ -72.044553123363585, 42.4050407170227 ], [ -72.044654531714698, 42.405090880887371 ], [ -72.044748035800751, 42.405148393296919 ], [ -72.044771721547221, 42.40516572330781 ], [ -72.044856557390375, 42.405230591481825 ], [ -72.044935548057111, 42.405299991399431 ], [ -72.045004703096865, 42.405373373890193 ], [ -72.045056950374089, 42.405445711062193 ], [ -72.045102470426869, 42.405529899921717 ], [ -72.045137388296979, 42.405616387897048 ], [ -72.045155500389043, 42.405692260981212 ], [ -72.04516596070394, 42.40578223906892 ], [ -72.045177746375487, 42.40587221537681 ], [ -72.045189594380005, 42.405925610091728 ], [ -72.045212752578394, 42.406013840881236 ], [ -72.045229839543239, 42.40610266670766 ], [ -72.045234155897305, 42.406184796392679 ], [ -72.045232843010993, 42.406274830241841 ], [ -72.045234196495826, 42.406365413234724 ], [ -72.045235720786351, 42.406387914044934 ], [ -72.045243898800692, 42.406477902924642 ], [ -72.045254161410142, 42.406567323748654 ], [ -72.045264428863248, 42.406657302723872 ], [ -72.045267509199732, 42.406684856662906 ], [ -72.045280433417489, 42.406774827548176 ], [ -72.045292213329745, 42.406864236672519 ], [ -72.045296217546863, 42.406954245314928 ], [ -72.045282358631809, 42.407042088780514 ], [ -72.045259595387009, 42.407131661564307 ], [ -72.045252581611095, 42.407220597947187 ], [ -72.045269255958559, 42.407305485151369 ], [ -72.045298107216496, 42.407393126246404 ], [ -72.045330752303116, 42.407480749356047 ], [ -72.045358470332872, 42.407568958480979 ], [ -72.045360430923736, 42.407576264006117 ], [ -72.045380173997643, 42.407665073592781 ], [ -72.045397458395541, 42.407754456603918 ], [ -72.045414552125564, 42.407843277836299 ], [ -72.045434302647635, 42.407932087373531 ], [ -72.045451359009377, 42.40799502648288 ], [ -72.0454779282544, 42.408082679237019 ], [ -72.045505449961027, 42.408170326568701 ], [ -72.04553107787217, 42.408258544646898 ], [ -72.045551120301511, 42.408337225468664 ], [ -72.045571815065713, 42.408426030497623 ], [ -72.045592704247738, 42.408514833699314 ], [ -72.04561605589565, 42.408603063443806 ], [ -72.045637162737179, 42.408673861707065 ], [ -72.045666582444198, 42.408760937313851 ], [ -72.045698458572247, 42.408848002164888 ], [ -72.045709130524969, 42.408874395627542 ], [ -72.045749533501478, 42.408959170219887 ], [ -72.045784067842689, 42.409045659761048 ], [ -72.045792929776624, 42.409082189101454 ], [ -72.045805091079174, 42.409171596321286 ], [ -72.045819527796453, 42.409260997248296 ], [ -72.045823068922871, 42.409275606479341 ], [ -72.045846801409823, 42.40936383435789 ], [ -72.045873752007921, 42.409451484288724 ], [ -72.045904304619469, 42.409538555348966 ], [ -72.045932426461476, 42.409607070460154 ], [ -72.045971883854307, 42.409692411226374 ], [ -72.046011528403909, 42.409777184810977 ], [ -72.046034734016914, 42.409826589469453 ], [ -72.046075903377684, 42.409911360297194 ], [ -72.046108541128476, 42.409997858725006 ], [ -72.046116678561972, 42.410149181350107 ], [ -72.046129025268058, 42.410259970293595 ], [ -72.046135900418804, 42.410374723041031 ], [ -72.046102098107411, 42.410504860201911 ], [ -72.046105067635764, 42.410650578752652 ], [ -72.046173910743491, 42.410797114571714 ], [ -72.046217317404469, 42.410877933271323 ], [ -72.046263785588224, 42.410960987233331 ], [ -72.046307601921157, 42.411044620041871 ], [ -72.046316302759564, 42.411063146206018 ], [ -72.04635576765385, 42.411148486782558 ], [ -72.046392756761065, 42.41123383549666 ], [ -72.046427486386463, 42.41132032388137 ], [ -72.046481163740225, 42.411491125740255 ], [ -72.046464399847196, 42.411615554395468 ], [ -72.046452860150708, 42.411642054133516 ], [ -72.046404972388657, 42.411724435121982 ], [ -72.046353670713742, 42.411806828692903 ], [ -72.046326737586583, 42.411853097004503 ], [ -72.046278663595103, 42.41193547521744 ], [ -72.046231924612286, 42.412018971527147 ], [ -72.046151860849136, 42.41217802744633 ], [ -72.046144136848582, 42.412206199775966 ], [ -72.046129720333738, 42.412295733011817 ], [ -72.046115688892229, 42.412385264416606 ], [ -72.046110561010295, 42.412407234971461 ], [ -72.04608778606972, 42.412495682501024 ], [ -72.046061972676995, 42.412583583562601 ], [ -72.046057727946987, 42.41259767153867 ], [ -72.046029059500782, 42.412685022557774 ], [ -72.04599886748646, 42.412772377193932 ], [ -72.045970006928556, 42.412859729105207 ], [ -72.045945143253363, 42.412947624726016 ], [ -72.045934353921581, 42.412995504385108 ], [ -72.045917848542487, 42.413084484805644 ], [ -72.045904763061159, 42.413174016180093 ], [ -72.045892435593984, 42.413263539454427 ], [ -72.045890294959364, 42.413279304574104 ], [ -72.045878539672302, 42.41336882603099 ], [ -72.045867543651582, 42.413458342983411 ], [ -72.045857685955028, 42.413547854534151 ], [ -72.045848592391508, 42.413637924235239 ], [ -72.045876551949931, 42.413863991522241 ], [ -72.045957091536437, 42.414111188434156 ], [ -72.046285408308805, 42.414670618975649 ], [ -72.04648357656005, 42.414909941440122 ], [ -72.046582855131931, 42.415040572023216 ], [ -72.046847793784352, 42.415075889422361 ], [ -72.047122231353754, 42.415067270438939 ], [ -72.047210502025663, 42.415088796132082 ], [ -72.047280354452752, 42.415219566009199 ], [ -72.047350840600927, 42.415422918182927 ], [ -72.047352482699608, 42.415612533475532 ], [ -72.047188071152178, 42.415874961850733 ], [ -72.047052340613718, 42.416072541295769 ], [ -72.046887242221231, 42.416233688798393 ], [ -72.046760360238835, 42.416292250010926 ], [ -72.046480652774804, 42.416415678330239 ] ] ] } },
{ "type": "Feature", "properties": { "OBJECTID": 4244, "LOCAL_NAME": null, "SURFACE_TYPE": null, "Shape__Length": 146.92352009761501 }, "geometry": { "type": "MultiLineString", "coordinates": [ [ [ -72.047452720377137, 42.420632258330237 ], [ -72.047394454380836, 42.42061228086515 ], [ -72.047279318719745, 42.420580755754031 ], [ -72.047166825841373, 42.420547531737292 ], [ -72.04713919097675, 42.420535281508528 ], [ -72.046982277783826, 42.420415052684461 ], [ -72.046841867608009, 42.420293057219709 ], [ -72.046715045697027, 42.420183374129302 ], [ -72.046616628370643, 42.420130948123024 ], [ -72.04651255535849, 42.420083614773354 ], [ -72.046490825875765, 42.420073591559614 ], [ -72.04638751364935, 42.42002569180886 ], [ -72.046285896529241, 42.419976659468418 ], [ -72.046283230782549, 42.41997554766656 ], [ -72.046186123925452, 42.419921427944686 ], [ -72.046090905370733, 42.419865612053613 ], [ -72.046051789112383, 42.419842726978843 ] ] ] } },
{ "type": "Feature", "properties": { "OBJECTID": 4245, "LOCAL_NAME": null, "SURFACE_TYPE": null, "Shape__Length": 10.3972412211125 }, "geometry": { "type": "MultiLineString", "coordinates": [ [ [ -72.045822780915174, 42.419684012968283 ], [ -72.045757537401499, 42.41960385957362 ] ] ] } },
{ "type": "Feature", "properties": { "OBJECTID": 4246, "LOCAL_NAME": "Douglas State Forest Trails", "SURFACE_TYPE": null, "Shape__Length": 381.44103762153901 }, "geometry": { "type": "MultiLineString", "coordinates": [ [ [ -71.769441887673935, 42.022097843052059 ], [ -71.76932181968624, 42.022213484062981 ], [ -71.769227608485608, 42.022331313101468 ], [ -71.769156340553977, 42.022432203170204 ], [ -71.769107911145483, 42.022534732072451 ], [ -71.769073693561296, 42.022651857052367 ], [ -71.769040235253485, 42.022770102050863 ], [ -71.769028789261029, 42.022918686054403 ], [ -71.769020867967228, 42.023143224821354 ], [ -71.769015842721885, 42.023337933173615 ], [ -71.769040881859453, 42.023636108397767 ], [ -71.769082195428481, 42.024037227410382 ], [ -71.769092157854615, 42.024206015847788 ], [ -71.769085583450206, 42.024301692795099 ], [ -71.769085021867468, 42.024303381344154 ], [ -71.769083928555389, 42.024312386364883 ], [ -71.769060339949434, 42.02440078722686 ], [ -71.769041869765204, 42.024449785491882 ], [ -71.769017563631891, 42.024501614631546 ], [ -71.768981199198379, 42.024558532913787 ], [ -71.768959806906295, 42.024586154186721 ], [ -71.76892001847537, 42.02463464076429 ], [ -71.768867041465825, 42.024688786332298 ], [ -71.768799527558286, 42.024740712511282 ], [ -71.768720535824485, 42.024801109863894 ], [ -71.768606462704568, 42.024862152285081 ], [ -71.768411408774611, 42.024960520819398 ], [ -71.768196516954873, 42.025050494911831 ], [ -71.768077659814153, 42.025110644986164 ] ] ] } },
{ "type": "Feature", "properties": { "OBJECTID": 5182, "LOCAL_NAME": null, "SURFACE_TYPE": null, "Shape__Length": 14.928188941060499 }, "geometry": { "type": "MultiLineString", "coordinates": [ [ [ -72.030100386258965, 42.378434511458728 ], [ -72.029922291715792, 42.378459536344103 ] ] ] } },
{ "type": "Feature", "properties": { "OBJECTID": 3225, "LOCAL_NAME": "Wachusett Greenways", "SURFACE_TYPE": null, "Shape__Length": 162.806007221822 }, "geometry": { "type": "MultiLineString", "coordinates": [ [ [ -71.962780993718582, 42.381883452609046 ], [ -71.962617663778047, 42.381934495718298 ], [ -71.962344532723193, 42.382025058561936 ], [ -71.962062035559384, 42.382106093737207 ], [ -71.961689948761574, 42.382208871326391 ], [ -71.961474813415748, 42.382264876881344 ], [ -71.961330039592639, 42.382290215305609 ], [ -71.961253969235187, 42.382292769207915 ], [ -71.961154304502614, 42.382285853902488 ], [ -71.961056270360729, 42.382268241991049 ], [ -71.960957266956584, 42.38224726051115 ], [ -71.960915455693055, 42.3822378579857 ] ] ] } },
{ "type": "Feature", "properties": { "OBJECTID": 2416, "LOCAL_NAME": "Douglas State Forest Trails", "SURFACE_TYPE": null, "Shape__Length": 54.983769693720092 }, "geometry": { "type": "MultiLineString", "coordinates": [ [ [ -71.768077659814153, 42.025110644986164 ], [ -71.7680457085212, 42.025126812472365 ], [ -71.767944823961258, 42.02518388614719 ], [ -71.767876356289634, 42.025233002264251 ], [ -71.767807205986017, 42.025300686639852 ], [ -71.76772652090834, 42.025405539485668 ], [ -71.7676714072077, 42.025491202105378 ] ] ] } },
{ "type": "Feature", "properties": { "OBJECTID": 2447, "LOCAL_NAME": null, "SURFACE_TYPE": null, "Shape__Length": 205.63568119588902 }, "geometry": { "type": "MultiLineString", "coordinates": [ [ [ -71.802687076817506, 42.262293969908754 ], [ -71.802302173501374, 42.262118295790216 ], [ -71.802203989582125, 42.262074103567137 ], [ -71.801075404312854, 42.261566146211536 ], [ -71.800561514897851, 42.261327315912325 ] ] ] } },
{ "type": "Feature", "properties": { "OBJECTID": 3303, "LOCAL_NAME": "Leominster State Forest Trails", "SURFACE_TYPE": "Gravel", "Shape__Length": 1306.80159954443 }, "geometry": { "type": "MultiLineString", "coordinates": [ [ [ -71.829099809997615, 42.507088426982698 ], [ -71.829005441590368, 42.507212949922575 ], [ -71.82888819993363, 42.507323044909846 ], [ -71.828751459960159, 42.507389180323422 ], [ -71.828631390080758, 42.507419256210461 ], [ -71.828450592948883, 42.507456565703343 ], [ -71.828383330649046, 42.507490021622282 ], [ -71.82829452445894, 42.507571446612786 ], [ -71.82804607436394, 42.507734315261835 ], [ -71.82796377578947, 42.507998493069216 ], [ -71.827949590150155, 42.508087938226595 ], [ -71.82794096936054, 42.508244148139575 ], [ -71.827937751276821, 42.508417089135541 ], [ -71.827966683399751, 42.508559062756113 ], [ -71.828003699907342, 42.508726395022215 ], [ -71.828187219766761, 42.509473809700417 ], [ -71.828221376850152, 42.50958724661222 ], [ -71.828279620755339, 42.509721904032254 ], [ -71.828386021269836, 42.50989545098205 ], [ -71.828415216613777, 42.509976970985399 ], [ -71.828425158488045, 42.510044353395138 ], [ -71.828420768662482, 42.5101224211963 ], [ -71.828283857579578, 42.510537922845636 ], [ -71.828245807107194, 42.510598346162716 ], [ -71.828192883256008, 42.510651414460256 ], [ -71.828140880060005, 42.510708632064805 ], [ -71.827830749858421, 42.510908793860075 ], [ -71.827758381566156, 42.510961977568748 ], [ -71.827657269261465, 42.51107115026327 ], [ -71.827510568841674, 42.511328261730867 ], [ -71.827441952922285, 42.51141466999529 ], [ -71.82725521870853, 42.511519866942812 ], [ -71.827093455907232, 42.511573913453184 ], [ -71.826999435920769, 42.511613058398432 ], [ -71.826903875644945, 42.511680740150616 ], [ -71.826781535549927, 42.511808929708145 ], [ -71.826651933966247, 42.511902684451663 ], [ -71.825975831367742, 42.512438306896229 ], [ -71.825898987605171, 42.512506538931568 ], [ -71.825799192820782, 42.512610145370637 ], [ -71.825138159989052, 42.51352804884322 ], [ -71.825071924598973, 42.513650182509444 ], [ -71.825007418761771, 42.513786648624965 ], [ -71.824935342490548, 42.513964768060248 ], [ -71.82476158517288, 42.514595396949751 ], [ -71.824722260539119, 42.514804544638068 ], [ -71.824695221611051, 42.514890789027163 ], [ -71.824645320872563, 42.514964177423508 ], [ -71.824556112444427, 42.515052731335963 ], [ -71.824433069038491, 42.515159183728876 ], [ -71.823736076667515, 42.515730134670541 ], [ -71.823573782534439, 42.515835950037776 ], [ -71.823216551843245, 42.516051866761131 ], [ -71.82293863394402, 42.516076732716463 ], [ -71.822727622664473, 42.516083602892031 ], [ -71.822552299152548, 42.516082578477544 ], [ -71.822346264424525, 42.516087918911786 ], [ -71.821888886003322, 42.516088531688261 ] ] ] } },
{ "type": "Feature", "properties": { "OBJECTID": 3305, "LOCAL_NAME": "Leominster State Forest Trails", "SURFACE_TYPE": "Processed Gravel", "Shape__Length": 1364.84286489956 }, "geometry": { "type": "MultiLineString", "coordinates": [ [ [ -71.832357442192816, 42.497148217486171 ], [ -71.832299158940216, 42.497252021872804 ], [ -71.832280449190534, 42.497366408048755 ], [ -71.832289171265586, 42.497799893774165 ], [ -71.832251066096504, 42.498013134182699 ], [ -71.832179703610677, 42.498166064315321 ], [ -71.832097337485465, 42.498274493263743 ], [ -71.831984545638775, 42.498400368486614 ], [ -71.831951496448681, 42.498467805346507 ], [ -71.831913673723861, 42.498620357803333 ], [ -71.832045256630821, 42.499194920193624 ], [ -71.832099699626866, 42.499406564116242 ], [ -71.832151485550455, 42.499540290640617 ], [ -71.83227618206999, 42.499683853777746 ], [ -71.832327712821709, 42.499832761019363 ], [ -71.832356985817739, 42.499928472545037 ], [ -71.832421181547701, 42.500283084239896 ], [ -71.832460061188641, 42.500382315876948 ], [ -71.83251828698225, 42.500513422744881 ], [ -71.832648451043212, 42.500647869862817 ], [ -71.832793843014912, 42.500723440451807 ], [ -71.832941522042915, 42.500760558962256 ], [ -71.833004057959215, 42.500799406040954 ], [ -71.833057116958642, 42.50085956784541 ], [ -71.833081444841241, 42.500926909353367 ], [ -71.833122265722153, 42.501122772752737 ], [ -71.833204429983851, 42.501438273593834 ], [ -71.833233595064414, 42.501593487319042 ], [ -71.83328937290355, 42.501737902969261 ], [ -71.833311637953216, 42.501845167569755 ], [ -71.833295779661839, 42.502016503544105 ], [ -71.833261673496921, 42.502141752543999 ], [ -71.83325641978071, 42.502285276050216 ], [ -71.833257317332055, 42.502455575971233 ], [ -71.833253046216029, 42.502554931151884 ], [ -71.833282320478631, 42.502650642337649 ], [ -71.833346013853344, 42.502725639095999 ], [ -71.833417397540586, 42.502806361681131 ], [ -71.83349469538166, 42.50291612544595 ], [ -71.833556803227765, 42.503007813744496 ], [ -71.833601134988299, 42.503096763580039 ], [ -71.833593486208912, 42.50314409036406 ], [ -71.833566209831048, 42.503225662825812 ], [ -71.833545573063361, 42.503441548067933 ], [ -71.833598403671857, 42.503594418196307 ], [ -71.833673547286779, 42.503727545092886 ], [ -71.833710366421172, 42.503806041289046 ], [ -71.833715573161086, 42.503884081654142 ], [ -71.833654925628991, 42.504023227318775 ], [ -71.833616435102186, 42.504178850040283 ], [ -71.833612407790241, 42.504324327983987 ], [ -71.833607649492293, 42.504510439099391 ], [ -71.833591820822662, 42.504659460368259 ], [ -71.833536506930088, 42.504822963915288 ], [ -71.833523084628368, 42.504853892191001 ], [ -71.833399778775231, 42.504921002594642 ], [ -71.833256452663164, 42.505020759860585 ], [ -71.833165797473228, 42.50510617314049 ], [ -71.833062638241927, 42.505229946188393 ], [ -71.832959780149423, 42.50533912609221 ], [ -71.832860714732405, 42.505391796964275 ], [ -71.832740742222867, 42.505430266324545 ], [ -71.832554017089265, 42.505484024494756 ], [ -71.832381695033831, 42.505541288717588 ], [ -71.832313203313106, 42.505570844311556 ], [ -71.832223850637149, 42.505616251306122 ], [ -71.832128042956171, 42.505634267776941 ], [ -71.831998892739477, 42.505649936931896 ], [ -71.831751067827739, 42.50566178842287 ], [ -71.831667943931905, 42.505678168255429 ], [ -71.831587172283463, 42.505709940060548 ], [ -71.831406300311301, 42.505832916054615 ], [ -71.831309581278603, 42.505920459972337 ], [ -71.83116693190189, 42.50599693665724 ], [ -71.831132275285569, 42.506010862287283 ], [ -71.830974689259449, 42.506066889222616 ], [ -71.830802271365812, 42.506106411892212 ], [ -71.830639368966601, 42.506131714546143 ], [ -71.830399819968918, 42.506171429167203 ], [ -71.83017667811356, 42.506237969688755 ], [ -71.829977299908009, 42.506345191614876 ], [ -71.829824283122846, 42.50643945645767 ], [ -71.829650929889141, 42.506554285178403 ], [ -71.829490085496388, 42.506682971450324 ], [ -71.829310936936309, 42.506825359395748 ], [ -71.829182939843221, 42.506962394828264 ], [ -71.829099809997615, 42.507088426982698 ] ] ] } },
{ "type": "Feature", "properties": { "OBJECTID": 3310, "LOCAL_NAME": "Leominster State Forest Trails", "SURFACE_TYPE": "Processed Gravel", "Shape__Length": 443.855195830529 }, "geometry": { "type": "MultiLineString", "coordinates": [ [ [ -71.832363223399796, 42.497154035358555 ], [ -71.832215068025477, 42.497047564597771 ], [ -71.832086094019786, 42.497005061727208 ], [ -71.831885982239697, 42.496981462771338 ], [ -71.831593470015875, 42.496971660183227 ], [ -71.831184835621499, 42.497002891992167 ], [ -71.830883901475943, 42.497034374938394 ], [ -71.830678015230944, 42.497047900727054 ], [ -71.83016659694195, 42.497108259827293 ], [ -71.829807759452294, 42.497106881825566 ], [ -71.829547822368696, 42.497064088247143 ], [ -71.829417011686814, 42.497013381833746 ], [ -71.829302571093905, 42.496967854469816 ], [ -71.829023077188367, 42.496861944782673 ], [ -71.828859745310922, 42.496768885414269 ], [ -71.828730505122209, 42.49668597706242 ], [ -71.828503851673403, 42.496476363679541 ], [ -71.828348653411638, 42.49624652012983 ], [ -71.828189019042313, 42.495973780189416 ], [ -71.828121216122852, 42.495842698225196 ], [ -71.828056770490235, 42.495685555109731 ] ] ] } },
{ "type": "Feature", "properties": { "OBJECTID": 3311, "LOCAL_NAME": "Leominster State Forest Trails", "SURFACE_TYPE": "Processed Gravel", "Shape__Length": 776.12434320295711 }, "geometry": { "type": "MultiLineString", "coordinates": [ [ [ -71.828056770490235, 42.495685555109731 ], [ -71.827700326445949, 42.494956086860775 ], [ -71.827703108496308, 42.494706999317174 ], [ -71.827714495283857, 42.494421275745914 ], [ -71.82815981222349, 42.493043315059346 ], [ -71.828435955113292, 42.492244906259764 ], [ -71.828632728209286, 42.491878148587404 ], [ -71.828675375086917, 42.491782231729538 ], [ -71.828770365925166, 42.4916116577227 ], [ -71.82897149044841, 42.491362070490226 ], [ -71.829392557826154, 42.490884855962342 ], [ -71.8294665568841, 42.490663405793214 ], [ -71.829502864631678, 42.490500284654694 ], [ -71.829488722333181, 42.490257368686279 ], [ -71.829452894428798, 42.490116007695264 ], [ -71.829385168536319, 42.489994315724829 ], [ -71.828885839097495, 42.489695780423865 ], [ -71.828792374061095, 42.489635540973566 ], [ -71.828683698751149, 42.489559283374696 ], [ -71.828557763413201, 42.489451542537005 ], [ -71.828439648491226, 42.489314347215725 ] ] ] } },
{ "type": "Feature", "properties": { "OBJECTID": 3312, "LOCAL_NAME": "Wachusett Greenways", "SURFACE_TYPE": null, "Shape__Length": 231.15385392322702 }, "geometry": { "type": "MultiLineString", "coordinates": [ [ [ -71.907848412385405, 42.383838866063378 ], [ -71.907688674425927, 42.383794089462384 ], [ -71.90760892380888, 42.383790325247567 ], [ -71.907504079626321, 42.383790696622839 ], [ -71.907351219286426, 42.383796095830668 ], [ -71.907287908618201, 42.383801178779969 ], [ -71.907180809247834, 42.38379022329088 ], [ -71.907031047010292, 42.383768889834016 ], [ -71.906937106153947, 42.383765986506475 ], [ -71.906766769174197, 42.383771447647888 ], [ -71.90655386308174, 42.38378110482865 ], [ -71.906135729440749, 42.38380444037309 ], [ -71.905886875031527, 42.383827992118839 ], [ -71.905708957465862, 42.38384400093188 ], [ -71.905484153946006, 42.383870703511029 ], [ -71.905388211698337, 42.38389695080366 ], [ -71.905279407933065, 42.383960487988524 ], [ -71.905146402017294, 42.384048706897744 ] ] ] } },
{ "type": "Feature", "properties": { "OBJECTID": 3958, "LOCAL_NAME": null, "SURFACE_TYPE": null, "Shape__Length": 603.75439413081904 }, "geometry": { "type": "MultiLineString", "coordinates": [ [ [ -72.047744344671457, 42.084537444496291 ], [ -72.04754779646666, 42.0853098648969 ], [ -72.047517826529159, 42.085403982497802 ], [ -72.047487665509678, 42.085498097401647 ], [ -72.047458077334056, 42.085592775872506 ], [ -72.047431088675594, 42.08568237567048 ], [ -72.047404663199671, 42.085771977269324 ], [ -72.04737578651249, 42.085861586079197 ], [ -72.047330354659408, 42.085980536995621 ], [ -72.047280563032643, 42.086098378802568 ], [ -72.047230968275343, 42.086216225045995 ], [ -72.047053748330782, 42.0866903141386 ], [ -72.046860118355866, 42.087167298475968 ], [ -72.046831114317825, 42.087242276254003 ], [ -72.046802104167952, 42.087317254052792 ], [ -72.046774047619039, 42.087392231790353 ], [ -72.046744923847143, 42.087475650832907 ], [ -72.046717124729582, 42.087559068042545 ], [ -72.046690644150544, 42.087642474445936 ], [ -72.046664765494455, 42.087729819670194 ], [ -72.046640402433482, 42.087817719464603 ], [ -72.046615854379112, 42.087905620135686 ], [ -72.046421661941324, 42.088800696815319 ], [ -72.046173541176515, 42.089838966051104 ] ] ] } },
{ "type": "Feature", "properties": { "OBJECTID": 3322, "LOCAL_NAME": null, "SURFACE_TYPE": null, "Shape__Length": 256.72314260885202 }, "geometry": { "type": "MultiLineString", "coordinates": [ [ [ -72.050425274446965, 42.419597749493214 ], [ -72.050383872667695, 42.419602653235259 ], [ -72.050156523648909, 42.419657191634272 ], [ -72.049877283262219, 42.419726611571001 ], [ -72.049641431014464, 42.419786255456408 ], [ -72.049417839720547, 42.419879603635692 ], [ -72.049189814929846, 42.41998816119527 ], [ -72.048974222993976, 42.420128731570344 ], [ -72.04890984472722, 42.420170117569043 ], [ -72.048832053485469, 42.420285272712526 ], [ -72.048704098205718, 42.420504762987598 ], [ -72.048630838419697, 42.420595143116238 ], [ -72.048569138385858, 42.420661269416783 ], [ -72.048415218772845, 42.42073290095729 ], [ -72.048252176712509, 42.420782067777772 ], [ -72.048090365239602, 42.420797464316976 ], [ -72.048016837336036, 42.42079106586776 ], [ -72.047965143561342, 42.420785121612987 ] ] ] } },
{ "type": "Feature", "properties": { "OBJECTID": 3328, "LOCAL_NAME": "Leominster State Forest Trails", "SURFACE_TYPE": "Gravel", "Shape__Length": 275.94026484518201 }, "geometry": { "type": "MultiLineString", "coordinates": [ [ [ -71.842158436985756, 42.51461339383669 ], [ -71.84182446959862, 42.514639035269646 ], [ -71.840438911253997, 42.514717641996086 ], [ -71.840328667030661, 42.514728612075885 ], [ -71.840208812440864, 42.514736061629975 ], [ -71.840115433036857, 42.514735772725054 ], [ -71.840018781338827, 42.514724148452494 ], [ -71.839930102300045, 42.514698209128092 ], [ -71.839797701349113, 42.514624760120697 ], [ -71.839511821958808, 42.514449340805335 ], [ -71.83936812206241, 42.514369969429204 ], [ -71.839255193244782, 42.514325045391779 ], [ -71.839146541111759, 42.51428860071551 ], [ -71.839001988283613, 42.5142576504145 ] ] ] } },
{ "type": "Feature", "properties": { "OBJECTID": 3732, "LOCAL_NAME": "Wachusett Greenways", "SURFACE_TYPE": null, "Shape__Length": 14.362910254536899 }, "geometry": { "type": "MultiLineString", "coordinates": [ [ [ -71.960915455693055, 42.3822378579857 ], [ -71.960825933619063, 42.38221683840991 ], [ -71.96075153764609, 42.38219402874352 ] ] ] } },
{ "type": "Feature", "properties": { "OBJECTID": 2522, "LOCAL_NAME": null, "SURFACE_TYPE": null, "Shape__Length": 486.18151778651605 }, "geometry": { "type": "MultiLineString", "coordinates": [ [ [ -71.815271533508465, 42.266094277510277 ], [ -71.815270987826423, 42.266099339600295 ], [ -71.815270445433001, 42.266103845295234 ], [ -71.815143191895558, 42.26713447731548 ], [ -71.815095231874722, 42.267430020100207 ], [ -71.815047274213029, 42.267726126428634 ], [ -71.815000073648932, 42.268022224340619 ], [ -71.814904888963028, 42.268648198778202 ], [ -71.814813302447419, 42.269274157793355 ], [ -71.814721722979968, 42.269900678422502 ], [ -71.814618923606858, 42.270443954550636 ] ] ] } },
{ "type": "Feature", "properties": { "OBJECTID": 2527, "LOCAL_NAME": "Ware River Rail Trail", "SURFACE_TYPE": null, "Shape__Length": 159.10939948123101 }, "geometry": { "type": "MultiLineString", "coordinates": [ [ [ -72.052193218156958, 42.394706747843593 ], [ -72.052255490147317, 42.394477774857108 ], [ -72.052359514374231, 42.394246220132452 ], [ -72.052508381511487, 42.393997775733794 ], [ -72.052686708806547, 42.393811121359427 ], [ -72.053065998758115, 42.393454378084996 ] ] ] } },
{ "type": "Feature", "properties": { "OBJECTID": 2533, "LOCAL_NAME": null, "SURFACE_TYPE": null, "Shape__Length": 205.63568119588902 }, "geometry": { "type": "MultiLineString", "coordinates": [ [ [ -71.800561514897851, 42.261327315912325 ], [ -71.801075404312854, 42.261566146211536 ], [ -71.802203989582125, 42.262074103567137 ], [ -71.802302173501374, 42.262118295790216 ], [ -71.802687076817506, 42.262293969908754 ] ] ] } },
{ "type": "Feature", "properties": { "OBJECTID": 3975, "LOCAL_NAME": null, "SURFACE_TYPE": null, "Shape__Length": 401.59085516842202 }, "geometry": { "type": "MultiLineString", "coordinates": [ [ [ -71.800545519164956, 42.262654905163018 ], [ -71.799850921373633, 42.262384646720086 ], [ -71.800561517326159, 42.261327316806252 ], [ -71.802687080457815, 42.262293970799476 ] ] ] } },
{ "type": "Feature", "properties": { "OBJECTID": 3101, "LOCAL_NAME": "Mass Central Rail Trail", "SURFACE_TYPE": null, "Shape__Length": 61.2362957209995 }, "geometry": { "type": "MultiLineString", "coordinates": [ [ [ -72.047387604516487, 42.389769090324393 ], [ -72.046919673275553, 42.389904105572079 ], [ -72.046693255224469, 42.389966515639934 ] ] ] } },
{ "type": "Feature", "properties": { "OBJECTID": 3536, "LOCAL_NAME": "Leominster State Forest Trails", "SURFACE_TYPE": "Processed Gravel", "Shape__Length": 75.928044736690993 }, "geometry": { "type": "MultiLineString", "coordinates": [ [ [ -71.858151001299632, 42.511603753542545 ], [ -71.858088474061645, 42.511519967890003 ], [ -71.858040262300491, 42.511450280680769 ], [ -71.857951253131802, 42.511369352677505 ], [ -71.857851149388196, 42.511301970014834 ], [ -71.857746700502076, 42.511243375496861 ], [ -71.857682985432902, 42.511210564618615 ], [ -71.857582564982721, 42.51118002007621 ], [ -71.857495613194772, 42.511151586175906 ] ] ] } },
{ "type": "Feature", "properties": { "OBJECTID": 3537, "LOCAL_NAME": "Leominster State Forest Trails", "SURFACE_TYPE": "Processed Gravel", "Shape__Length": 153.05196451062901 }, "geometry": { "type": "MultiLineString", "coordinates": [ [ [ -71.858573352323944, 42.51004562357263 ], [ -71.858305157170378, 42.51047287058072 ], [ -71.858191349793955, 42.510587780354328 ], [ -71.858039604756001, 42.510733617151729 ], [ -71.857836211401604, 42.510886436190738 ], [ -71.857495613194772, 42.511151586175906 ] ] ] } },
{ "type": "Feature", "properties": { "OBJECTID": 3538, "LOCAL_NAME": "Leominster State Forest Trails", "SURFACE_TYPE": "Processed Gravel", "Shape__Length": 106.823360887437 }, "geometry": { "type": "MultiLineString", "coordinates": [ [ [ -71.857495613194772, 42.511151586175906 ], [ -71.857262377730592, 42.511292617013659 ], [ -71.857037632830242, 42.511406848509928 ], [ -71.856863411148964, 42.5114664903872 ], [ -71.856376490707788, 42.511628630377231 ] ] ] } },
{ "type": "Feature", "properties": { "OBJECTID": 3539, "LOCAL_NAME": "Leominster State Forest Trails", "SURFACE_TYPE": "Processed Gravel", "Shape__Length": 344.93147289300498 }, "geometry": { "type": "MultiLineString", "coordinates": [ [ [ -71.856376490707788, 42.511628630377231 ], [ -71.856111810207508, 42.511720510548848 ], [ -71.855768202496378, 42.511816045684697 ], [ -71.855116487172239, 42.512001712734516 ], [ -71.854910611840012, 42.512069681945761 ], [ -71.853836129404144, 42.512397161836077 ], [ -71.853346506183854, 42.512569118076733 ], [ -71.852523453375028, 42.512856070402087 ] ] ] } },
{ "type": "Feature", "properties": { "OBJECTID": 3540, "LOCAL_NAME": "Leominster State Forest Trails", "SURFACE_TYPE": "Processed Gravel", "Shape__Length": 895.40439007723705 }, "geometry": { "type": "MultiLineString", "coordinates": [ [ [ -71.852523453375028, 42.512856070402087 ], [ -71.85179349646593, 42.513107458224418 ], [ -71.851469427897825, 42.513199009254599 ], [ -71.851312412253947, 42.513244040378666 ], [ -71.849743448109336, 42.513702469937208 ], [ -71.849118449399171, 42.513879531565507 ], [ -71.847677656305876, 42.51433176049413 ], [ -71.847415095824687, 42.514409443340874 ], [ -71.84698897991909, 42.514538454227925 ], [ -71.846739934824171, 42.514599518545559 ], [ -71.846576997405762, 42.51462129584251 ], [ -71.84643828426654, 42.51461845750061 ], [ -71.845986697459111, 42.514545014728824 ], [ -71.845372150797843, 42.514419131061665 ], [ -71.845247384315783, 42.51440531236743 ], [ -71.844988301513951, 42.514384800724059 ], [ -71.84475816654296, 42.514396132885146 ], [ -71.844226404456208, 42.514500612472389 ], [ -71.844130549278816, 42.514511543222305 ], [ -71.843953089257113, 42.514508524975064 ], [ -71.843542209440486, 42.514509473837926 ], [ -71.842939620355011, 42.514546471466502 ], [ -71.842625576333646, 42.51457752586569 ], [ -71.842158436985756, 42.51461339383669 ] ] ] } },
{ "type": "Feature", "properties": { "OBJECTID": 7473, "LOCAL_NAME": null, "SURFACE_TYPE": null, "Shape__Length": 93.993565389263793 }, "geometry": { "type": "MultiLineString", "coordinates": [ [ [ -72.193995364548186, 42.212514590365863 ], [ -72.194052151508373, 42.212550820282324 ], [ -72.194108759455489, 42.21258761846611 ], [ -72.194167983934378, 42.212621583635666 ], [ -72.194212892020772, 42.212644383905783 ], [ -72.194258916389799, 42.212665489271522 ], [ -72.19430699414265, 42.212683766838367 ], [ -72.194343259343498, 42.212694799748348 ], [ -72.194380449520963, 42.212704144318856 ], [ -72.194417645715248, 42.212713484339268 ], [ -72.194406310477234, 42.212732683307685 ], [ -72.194355764730645, 42.212816835811651 ], [ -72.194306725317148, 42.212900973772356 ], [ -72.194276510420735, 42.212955607196371 ], [ -72.194261449266634, 42.212982839893584 ], [ -72.194217122707514, 42.213065267461161 ], [ -72.194172987328116, 42.213147689351132 ] ] ] } },
{ "type": "Feature", "properties": { "OBJECTID": 7475, "LOCAL_NAME": null, "SURFACE_TYPE": null, "Shape__Length": 620.204796979511 }, "geometry": { "type": "MultiLineString", "coordinates": [ [ [ -71.810419210613219, 42.245601401559959 ], [ -71.810406773097768, 42.245690339471338 ], [ -71.810356370591649, 42.246185082038053 ], [ -71.810332878540535, 42.246413599877869 ], [ -71.810278334218282, 42.246951117143233 ], [ -71.810259000362564, 42.247140797124104 ], [ -71.810182080492652, 42.247903450155391 ], [ -71.810151055424527, 42.248140990378332 ], [ -71.810082796643684, 42.248663350851601 ], [ -71.810050706225567, 42.248798484173179 ], [ -71.809997236489849, 42.248937611327136 ], [ -71.809818054137452, 42.249273458512249 ], [ -71.809489945977177, 42.24985785428467 ], [ -71.809476356270977, 42.249882773534779 ], [ -71.809161536415047, 42.250460253488527 ], [ -71.808867103555315, 42.251002916791641 ] ] ] } },
{ "type": "Feature", "properties": { "OBJECTID": 7570, "LOCAL_NAME": null, "SURFACE_TYPE": null, "Shape__Length": 35.528554051463004 }, "geometry": { "type": "MultiLineString", "coordinates": [ [ [ -71.797564541373006, 42.255404851266306 ], [ -71.797632758499589, 42.25533489927885 ], [ -71.79780486881603, 42.255139538585084 ] ] ] } },
{ "type": "Feature", "properties": { "OBJECTID": 7571, "LOCAL_NAME": null, "SURFACE_TYPE": null, "Shape__Length": 12.741104985439801 }, "geometry": { "type": "MultiLineString", "coordinates": [ [ [ -71.79780486881603, 42.255139538585084 ], [ -71.797876012450516, 42.255037732462554 ] ] ] } },
{ "type": "Feature", "properties": { "OBJECTID": 7577, "LOCAL_NAME": null, "SURFACE_TYPE": null, "Shape__Length": 57.091811968092202 }, "geometry": { "type": "MultiLineString", "coordinates": [ [ [ -71.800463538747337, 42.251397708033174 ], [ -71.800712710896562, 42.250918206235291 ] ] ] } },
{ "type": "Feature", "properties": { "OBJECTID": 7578, "LOCAL_NAME": null, "SURFACE_TYPE": null, "Shape__Length": 135.704757548674 }, "geometry": { "type": "MultiLineString", "coordinates": [ [ [ -71.800712710896562, 42.250918206235291 ], [ -71.800969679473766, 42.250446565568879 ], [ -71.801253486061597, 42.249765529427201 ] ] ] } },
{ "type": "Feature", "properties": { "OBJECTID": 7579, "LOCAL_NAME": null, "SURFACE_TYPE": null, "Shape__Length": 33.285757434223996 }, "geometry": { "type": "MultiLineString", "coordinates": [ [ [ -71.801253486061597, 42.249765529427201 ], [ -71.801371054856801, 42.249478870976859 ] ] ] } },
{ "type": "Feature", "properties": { "OBJECTID": 7580, "LOCAL_NAME": null, "SURFACE_TYPE": null, "Shape__Length": 40.928770978371702 }, "geometry": { "type": "MultiLineString", "coordinates": [ [ [ -71.801371054856801, 42.249478870976859 ], [ -71.801514303021506, 42.249126094114693 ] ] ] } },
{ "type": "Feature", "properties": { "OBJECTID": 7581, "LOCAL_NAME": null, "SURFACE_TYPE": null, "Shape__Length": 42.198020229626898 }, "geometry": { "type": "MultiLineString", "coordinates": [ [ [ -71.801514303021506, 42.249126094114693 ], [ -71.801667271331794, 42.248763583526433 ] ] ] } },
{ "type": "Feature", "properties": { "OBJECTID": 7582, "LOCAL_NAME": null, "SURFACE_TYPE": null, "Shape__Length": 45.258220856989098 }, "geometry": { "type": "MultiLineString", "coordinates": [ [ [ -71.801667271331794, 42.248763583526433 ], [ -71.801831331163825, 42.248374783460967 ] ] ] } },
{ "type": "Feature", "properties": { "OBJECTID": 7583, "LOCAL_NAME": null, "SURFACE_TYPE": null, "Shape__Length": 161.05312963562699 }, "geometry": { "type": "MultiLineString", "coordinates": [ [ [ -71.797925877362559, 42.255318946729759 ], [ -71.797938859855009, 42.255430035574925 ], [ -71.797946112252575, 42.255646089324493 ], [ -71.797938093148815, 42.255836589786632 ], [ -71.797921493091152, 42.256131482738276 ], [ -71.797921584009117, 42.256170617740423 ], [ -71.797921679196392, 42.256211946767706 ], [ -71.797955974334329, 42.25665863366865 ], [ -71.797963118403146, 42.256767211380826 ] ] ] } },
{ "type": "Feature", "properties": { "OBJECTID": 7584, "LOCAL_NAME": null, "SURFACE_TYPE": null, "Shape__Length": 32.346147257440101 }, "geometry": { "type": "MultiLineString", "coordinates": [ [ [ -71.797963118403146, 42.256767211380826 ], [ -71.797982283865778, 42.257058074480241 ] ] ] } },
{ "type": "Feature", "properties": { "OBJECTID": 7585, "LOCAL_NAME": null, "SURFACE_TYPE": null, "Shape__Length": 40.124761053618698 }, "geometry": { "type": "MultiLineString", "coordinates": [ [ [ -71.797982283865778, 42.257058074480241 ], [ -71.79801106136614, 42.257418683328076 ] ] ] } },
{ "type": "Feature", "properties": { "OBJECTID": 7586, "LOCAL_NAME": null, "SURFACE_TYPE": null, "Shape__Length": 78.823066807831196 }, "geometry": { "type": "MultiLineString", "coordinates": [ [ [ -71.79801106136614, 42.257418683328076 ], [ -71.798043527496731, 42.257798411288803 ], [ -71.79807044820727, 42.258126951634921 ] ] ] } },
{ "type": "Feature", "properties": { "OBJECTID": 7587, "LOCAL_NAME": null, "SURFACE_TYPE": null, "Shape__Length": 41.817509192203204 }, "geometry": { "type": "MultiLineString", "coordinates": [ [ [ -71.79807044820727, 42.258126951634921 ], [ -71.798101004672858, 42.258502748365288 ] ] ] } },
{ "type": "Feature", "properties": { "OBJECTID": 7588, "LOCAL_NAME": null, "SURFACE_TYPE": null, "Shape__Length": 36.191821481278296 }, "geometry": { "type": "MultiLineString", "coordinates": [ [ [ -71.798101004672858, 42.258502748365288 ], [ -71.798103807714142, 42.258535377031947 ], [ -71.798106397748867, 42.258601771170731 ], [ -71.798128101570484, 42.258827913866313 ] ] ] } },
{ "type": "Feature", "properties": { "OBJECTID": 7589, "LOCAL_NAME": null, "SURFACE_TYPE": null, "Shape__Length": 60.702741709087796 }, "geometry": { "type": "MultiLineString", "coordinates": [ [ [ -71.798128101570484, 42.258827913866313 ], [ -71.798167731877683, 42.259240826224335 ], [ -71.798180665977881, 42.259373021759608 ] ] ] } },
{ "type": "Feature", "properties": { "OBJECTID": 7590, "LOCAL_NAME": null, "SURFACE_TYPE": null, "Shape__Length": 248.20692279194301 }, "geometry": { "type": "MultiLineString", "coordinates": [ [ [ -71.818256598410485, 42.2663724507278 ], [ -71.81747231384152, 42.266294156532098 ], [ -71.816875837685814, 42.266240663632736 ], [ -71.815271533508465, 42.266094277510277 ] ] ] } },
{ "type": "Feature", "properties": { "OBJECTID": 7591, "LOCAL_NAME": null, "SURFACE_TYPE": null, "Shape__Length": 329.82820223110502 }, "geometry": { "type": "MultiLineString", "coordinates": [ [ [ -71.800656528873787, 42.267934023178839 ], [ -71.800338331174515, 42.268763511631903 ], [ -71.80027401856195, 42.268939358913407 ], [ -71.799992479604796, 42.269655457553093 ], [ -71.799771088621071, 42.270226690559895 ], [ -71.799554178100379, 42.27078831058774 ] ] ] } },
{ "type": "Feature", "properties": { "OBJECTID": 5744, "LOCAL_NAME": null, "SURFACE_TYPE": null, "Shape__Length": 283.706169347583 }, "geometry": { "type": "MultiLineString", "coordinates": [ [ [ -72.14443959295717, 42.233978238463166 ], [ -72.14443471118031, 42.233979490325758 ], [ -72.144343576547527, 42.234008695567567 ], [ -72.144254570151617, 42.234042399436198 ], [ -72.144166326194338, 42.234077224366303 ], [ -72.144048696369211, 42.234125710088193 ], [ -72.143932985530938, 42.234175877538227 ], [ -72.143816694226373, 42.234226048126772 ], [ -72.143667012400527, 42.234287101797968 ], [ -72.143516756266237, 42.234347582281814 ], [ -72.143366881243963, 42.23440863664041 ], [ -72.143220415777279, 42.234470229893788 ], [ -72.143074343446003, 42.234532387961949 ], [ -72.14292768993738, 42.234593414683808 ], [ -72.142765375486192, 42.234660723198708 ], [ -72.142602483918395, 42.234726350197995 ], [ -72.142437675933891, 42.234789163360965 ], [ -72.142286966670099, 42.234842342186823 ], [ -72.142134710250559, 42.234893270545626 ], [ -72.141980921719892, 42.234941399146678 ], [ -72.141887112081704, 42.234968941871948 ], [ -72.141792734822971, 42.234995354180747 ], [ -72.141698157908962, 42.23502120032083 ], [ -72.141543736640273, 42.235063136708604 ], [ -72.141388342284529, 42.235103394711459 ], [ -72.141365256464027, 42.235108655612031 ] ] ] } },
{ "type": "Feature", "properties": { "OBJECTID": 5745, "LOCAL_NAME": null, "SURFACE_TYPE": null, "Shape__Length": 451.88717084968403 }, "geometry": { "type": "MultiLineString", "coordinates": [ [ [ -71.995904369387389, 42.243661094977568 ], [ -71.995080611505969, 42.2438339373536 ], [ -71.995007656924471, 42.243849448348406 ], [ -71.994934699827752, 42.243864952104872 ], [ -71.994860760393152, 42.243877091063574 ], [ -71.994822353247713, 42.243880632778449 ], [ -71.994783755562892, 42.243883049905676 ], [ -71.99474533962244, 42.24388546623679 ], [ -71.994663015744862, 42.243889755321881 ], [ -71.994580498971558, 42.243892928786138 ], [ -71.994497958076082, 42.243894409699557 ], [ -71.994401228760793, 42.243895951649371 ], [ -71.994304296797665, 42.243896368994243 ], [ -71.994207542227073, 42.243896227297355 ], [ -71.994128983222538, 42.243897123606729 ], [ -71.994050601611093, 42.243897460902652 ], [ -71.993971844387389, 42.243897799761065 ], [ -71.993504421855832, 42.243877302751933 ], [ -71.993179841252726, 42.243867442533364 ], [ -71.993088583201938, 42.243866709084706 ], [ -71.992997320747151, 42.243865409283266 ], [ -71.992907047203289, 42.243869738444737 ], [ -71.992819850903544, 42.243880243103057 ], [ -71.99273344078172, 42.243895243202992 ], [ -71.992652972787184, 42.243918663611076 ], [ -71.992571127910836, 42.24396121169206 ], [ -71.992497142451867, 42.244014423562902 ], [ -71.992423344159178, 42.244068191878114 ], [ -71.991876295429577, 42.244471744724009 ], [ -71.991238623640058, 42.24495895290265 ], [ -71.991197032131751, 42.244991209105812 ], [ -71.991155442927692, 42.245023455380142 ], [ -71.991112515331949, 42.245055152768856 ] ] ] } },
{ "type": "Feature", "properties": { "OBJECTID": 5746, "LOCAL_NAME": "Quinsigamond Bridge Bikeway", "SURFACE_TYPE": null, "Shape__Length": 350.01736120519502 }, "geometry": { "type": "MultiLineString", "coordinates": [ [ [ -71.758951211262527, 42.274023685608228 ], [ -71.758876024147668, 42.274031759661909 ], [ -71.758777306806977, 42.274042695596798 ], [ -71.75867896747701, 42.274054180677695 ], [ -71.758593936255522, 42.274065083839112 ], [ -71.758508892893644, 42.274075989665675 ], [ -71.758423863501164, 42.274087354549714 ], [ -71.758329955809316, 42.274100565137758 ], [ -71.758236059836733, 42.274113686493067 ], [ -71.758141413148451, 42.274124063549614 ], [ -71.758044278242451, 42.27413042088461 ], [ -71.757854084928184, 42.274144857431985 ], [ -71.757329060903032, 42.274175339248551 ], [ -71.756685806285304, 42.274206082868815 ], [ -71.755564495024061, 42.274265994557126 ], [ -71.755181025650359, 42.274293864835045 ], [ -71.754994147311891, 42.274306640835761 ], [ -71.754730359707153, 42.274324529709389 ] ] ] } },
{ "type": "Feature", "properties": { "OBJECTID": 5747, "LOCAL_NAME": "Quinsigamond Bridge Bikeway", "SURFACE_TYPE": null, "Shape__Length": 0.0044102154142399907 }, "geometry": { "type": "MultiLineString", "coordinates": [ [ [ -71.754730359707153, 42.274324529709389 ], [ -71.754730306379216, 42.274324532528532 ] ] ] } },
{ "type": "Feature", "properties": { "OBJECTID": 5748, "LOCAL_NAME": "Quinsigamond Bridge Bikeway", "SURFACE_TYPE": null, "Shape__Length": 219.99063903461001 }, "geometry": { "type": "MultiLineString", "coordinates": [ [ [ -71.754730306379216, 42.274324532528532 ], [ -71.754620301089361, 42.274331083856261 ], [ -71.754511416792894, 42.274336952870584 ], [ -71.754463504558103, 42.274339309740547 ], [ -71.754306706949961, 42.274346976328111 ], [ -71.754147843745955, 42.274342007090048 ], [ -71.75398434226048, 42.274343926160775 ], [ -71.753822937950758, 42.274345840365662 ], [ -71.753627997028246, 42.274349385896272 ], [ -71.753326129364112, 42.274348493461375 ], [ -71.753030572278192, 42.274355366708484 ], [ -71.752646981823318, 42.274362440914231 ], [ -71.752462508375416, 42.27436440393317 ], [ -71.752066416280613, 42.274388627332115 ] ] ] } },
{ "type": "Feature", "properties": { "OBJECTID": 5757, "LOCAL_NAME": "Quinsigamond Bridge Bikeway", "SURFACE_TYPE": null, "Shape__Length": 156.84145304315302 }, "geometry": { "type": "MultiLineString", "coordinates": [ [ [ -71.752127658689432, 42.27453464638274 ], [ -71.752282546943263, 42.274521928191561 ], [ -71.752437257790419, 42.274510335553209 ], [ -71.752592351132648, 42.274500432624542 ], [ -71.752747830400125, 42.274492771278915 ], [ -71.75290331624754, 42.274487370355786 ], [ -71.753058798737214, 42.274480833954108 ], [ -71.753227728172618, 42.274472025063623 ], [ -71.753396646618384, 42.274463207846125 ], [ -71.753565572480412, 42.27445383307937 ], [ -71.753730514689934, 42.274445032248671 ], [ -71.753895456674087, 42.274436790266392 ], [ -71.75402348008069, 42.274429953116083 ] ] ] } },
{ "type": "Feature", "properties": { "OBJECTID": 5758, "LOCAL_NAME": "Quinsigamond Bridge Bikeway", "SURFACE_TYPE": null, "Shape__Length": 59.329791672631202 }, "geometry": { "type": "MultiLineString", "coordinates": [ [ [ -71.75402348008069, 42.274429953116083 ], [ -71.754060409671339, 42.274427980835171 ], [ -71.754215508299183, 42.274419201974418 ], [ -71.754370784011371, 42.27440985442415 ], [ -71.75452038982769, 42.274401079209632 ], [ -71.754525879060296, 42.274400508864701 ], [ -71.754740444525467, 42.274387734362847 ] ] ] } },
{ "type": "Feature", "properties": { "OBJECTID": 5759, "LOCAL_NAME": "Quinsigamond Bridge Bikeway", "SURFACE_TYPE": null, "Shape__Length": 0.0076236474210183702 }, "geometry": { "type": "MultiLineString", "coordinates": [ [ [ -71.754740444525467, 42.274387734362847 ], [ -71.7547405366345, 42.274387728756842 ] ] ] } },
{ "type": "Feature", "properties": { "OBJECTID": 5760, "LOCAL_NAME": "Quinsigamond Bridge Bikeway", "SURFACE_TYPE": null, "Shape__Length": 0.055766029085815301 }, "geometry": { "type": "MultiLineString", "coordinates": [ [ [ -71.7547405366345, 42.274387728756842 ], [ -71.754741210487722, 42.274387688549943 ] ] ] } },
{ "type": "Feature", "properties": { "OBJECTID": 5761, "LOCAL_NAME": "Quinsigamond Bridge Bikeway", "SURFACE_TYPE": null, "Shape__Length": 288.31742027699602 }, "geometry": { "type": "MultiLineString", "coordinates": [ [ [ -71.754741210487722, 42.274387688549943 ], [ -71.754956450894483, 42.274373661634264 ], [ -71.755171791772767, 42.274360823385258 ], [ -71.755422286689978, 42.274347356503426 ], [ -71.755672920501212, 42.274334987129265 ], [ -71.755923405952799, 42.274322526608366 ], [ -71.756181177431785, 42.274309582040601 ], [ -71.756438944190435, 42.274296096725919 ], [ -71.75669672194492, 42.274282061626216 ], [ -71.756973344137947, 42.274266246226034 ], [ -71.757249958897361, 42.274249232779766 ], [ -71.757526699760547, 42.274232857595813 ], [ -71.757802337190526, 42.274217042405326 ], [ -71.757889370108344, 42.274212363598799 ], [ -71.758078099528447, 42.274201865483981 ], [ -71.758226525879024, 42.274193938870475 ] ] ] } },
{ "type": "Feature", "properties": { "OBJECTID": 5762, "LOCAL_NAME": "Quinsigamond Bridge Bikeway", "SURFACE_TYPE": null, "Shape__Length": 56.568209548005299 }, "geometry": { "type": "MultiLineString", "coordinates": [ [ [ -71.758226525879024, 42.274193938870475 ], [ -71.758353876908274, 42.274187138015328 ], [ -71.758503904298735, 42.274181218708527 ], [ -71.758653695721122, 42.274176298167383 ], [ -71.758802720552097, 42.274165349862358 ], [ -71.758866309031092, 42.274157877281411 ], [ -71.758909225931191, 42.274151535209299 ] ] ] } },
{ "type": "Feature", "properties": { "OBJECTID": 5763, "LOCAL_NAME": "Quinsigamond Bridge Bikeway", "SURFACE_TYPE": null, "Shape__Length": 0.063777739063093211 }, "geometry": { "type": "MultiLineString", "coordinates": [ [ [ -71.758909225931191, 42.274151535209299 ], [ -71.758909984345095, 42.274151423663866 ] ] ] } },
{ "type": "Feature", "properties": { "OBJECTID": 5775, "LOCAL_NAME": null, "SURFACE_TYPE": "Paved", "Shape__Length": 281.65835372207897 }, "geometry": { "type": "MultiLineString", "coordinates": [ [ [ -71.530360299760645, 42.012890630630125 ], [ -71.530423700164633, 42.012904429961431 ], [ -71.530443900112004, 42.012909230456046 ], [ -71.530472299930139, 42.012919229925018 ], [ -71.530503400460333, 42.012934329914756 ], [ -71.530528000038331, 42.012949829602775 ], [ -71.53055010081566, 42.012965829645175 ], [ -71.53056840071504, 42.012988529155649 ], [ -71.530591300039703, 42.01302062954074 ], [ -71.530607900119534, 42.013055828761253 ], [ -71.530610200492347, 42.01307942843659 ], [ -71.530609400579053, 42.013113028898211 ], [ -71.530597601033506, 42.013143828725646 ], [ -71.530574600543105, 42.013190029002693 ], [ -71.530547200977423, 42.013214228250092 ], [ -71.530508700325768, 42.013240628198254 ], [ -71.530451700826021, 42.013262628729926 ], [ -71.530389500027511, 42.013276428647558 ], [ -71.530309500904565, 42.013294029104323 ], [ -71.530260699711036, 42.01331052903106 ], [ -71.53022880027325, 42.013324229784466 ], [ -71.530187400185198, 42.013354529722648 ], [ -71.530155499784513, 42.013381529201389 ], [ -71.530117799760816, 42.013421629094616 ], [ -71.530045900051078, 42.013503029847378 ], [ -71.529915600583848, 42.01367742925629 ], [ -71.529861600477162, 42.013763329475594 ], [ -71.529802300520998, 42.013852429035865 ], [ -71.52974750032395, 42.01393712927365 ], [ -71.52967130056031, 42.014057628562618 ], [ -71.529576499992189, 42.014207228583601 ], [ -71.529558700455155, 42.014237528391853 ], [ -71.529542400780286, 42.014266128884898 ], [ -71.529526100394861, 42.014295828676161 ], [ -71.529483201142682, 42.014386028465424 ], [ -71.529455100358589, 42.014446527951762 ], [ -71.529419501131173, 42.014541228345614 ], [ -71.529386200783989, 42.014670427792133 ], [ -71.529357201288377, 42.014772127391126 ], [ -71.529344001154271, 42.01482032718377 ], [ -71.529335901200881, 42.014859227059794 ], [ -71.529332901337185, 42.01489382654114 ], [ -71.529332601708063, 42.014929927065843 ], [ -71.529338700816922, 42.014968626970763 ], [ -71.52935190106318, 42.015004126159674 ] ] ] } },
{ "type": "Feature", "properties": { "OBJECTID": 5382, "LOCAL_NAME": null, "SURFACE_TYPE": null, "Shape__Length": 664.21300496745005 }, "geometry": { "type": "MultiLineString", "coordinates": [ [ [ -72.049456289533694, 42.128008392500014 ], [ -72.049439845129683, 42.128096813443314 ], [ -72.04942454850233, 42.128185236981075 ], [ -72.049412847476432, 42.128274201480586 ], [ -72.049406907543485, 42.128373267150678 ], [ -72.049405309477862, 42.128472311995807 ], [ -72.049401637287247, 42.128571933999503 ], [ -72.049392544725379, 42.128680009159929 ], [ -72.049381208761034, 42.128788671292639 ], [ -72.049369855754776, 42.128896766291021 ], [ -72.049356995730022, 42.129026251538804 ], [ -72.049344128403575, 42.12915517860781 ], [ -72.049331068643724, 42.129284097591999 ], [ -72.049318180596686, 42.129411900229897 ], [ -72.049304925945961, 42.129539135607871 ], [ -72.049290718186114, 42.129666934661394 ], [ -72.049279849244314, 42.129763773091128 ], [ -72.049268211057267, 42.129860056997011 ], [ -72.049253918046205, 42.129956911838057 ], [ -72.049236754545902, 42.130047586113818 ], [ -72.049216944743961, 42.130138840285035 ], [ -72.049194489794132, 42.130228991613436 ], [ -72.049161461493554, 42.130343933101145 ], [ -72.049124475680756, 42.130458895346983 ], [ -72.04908462697891, 42.130572762083865 ], [ -72.049046207140506, 42.130677043263745 ], [ -72.049005351287533, 42.130780777893101 ], [ -72.048963721230677, 42.130884516215467 ], [ -72.048908749418032, 42.131017579419009 ], [ -72.048851878483504, 42.131150652591124 ], [ -72.048792360864169, 42.131282610286711 ], [ -72.048738353909286, 42.131397103814706 ], [ -72.048682265215547, 42.131511607284502 ], [ -72.048622948123821, 42.131625001662549 ], [ -72.04855871156613, 42.131737275233732 ], [ -72.048491276947189, 42.131849014871285 ], [ -72.048423244688365, 42.131960208121157 ], [ -72.04833323663442, 42.13210805120783 ], [ -72.048242098728309, 42.132255368426229 ], [ -72.048148664544442, 42.132401553125177 ], [ -72.048074225400569, 42.132513326012734 ], [ -72.047998265591048, 42.132623980700899 ], [ -72.047923234428239, 42.132734630894184 ], [ -72.047850853067672, 42.132845268363887 ], [ -72.047779052104246, 42.132955912013045 ], [ -72.047707432094327, 42.133066528639269 ], [ -72.047638426907341, 42.133173215351192 ], [ -72.047548541026714, 42.133313196348709 ], [ -72.047295563481811, 42.133688646477175 ] ] ] } },
{ "type": "Feature", "properties": { "OBJECTID": 5383, "LOCAL_NAME": null, "SURFACE_TYPE": null, "Shape__Length": 103.13806679515801 }, "geometry": { "type": "MultiLineString", "coordinates": [ [ [ -72.047295563481811, 42.133688646477175 ], [ -72.047022855159156, 42.134093373746353 ], [ -72.04694617208537, 42.134209100943444 ], [ -72.046888907541458, 42.134297157170082 ], [ -72.046831454092825, 42.134384646155134 ], [ -72.046769517744764, 42.134469753504412 ], [ -72.046732196640207, 42.134516938204797 ] ] ] } },
{ "type": "Feature", "properties": { "OBJECTID": 5384, "LOCAL_NAME": null, "SURFACE_TYPE": null, "Shape__Length": 74.597244167853404 }, "geometry": { "type": "MultiLineString", "coordinates": [ [ [ -72.046732196640207, 42.134516938204797 ], [ -72.046721577046029, 42.134530926098563 ], [ -72.046671248196091, 42.134590238266306 ], [ -72.046621306527442, 42.13464957377311 ], [ -72.046538657495219, 42.134754065029547 ], [ -72.046457543205364, 42.134859682427319 ], [ -72.046374144841039, 42.13496416903017 ], [ -72.046279461075443, 42.135074344588361 ], [ -72.046264935924768, 42.135091340178128 ] ] ] } },
{ "type": "Feature", "properties": { "OBJECTID": 5385, "LOCAL_NAME": null, "SURFACE_TYPE": null, "Shape__Length": 2001.9740542297902 }, "geometry": { "type": "MultiLineString", "coordinates": [ [ [ -72.046264935924768, 42.135091340178128 ], [ -72.046084202059447, 42.135291923493448 ], [ -72.045977139908103, 42.135412862795569 ], [ -72.045869687788723, 42.135533794848079 ], [ -72.045760339854723, 42.13565361040547 ], [ -72.045628273162976, 42.135791540786393 ], [ -72.04549336580564, 42.1359283591135 ], [ -72.045359788339638, 42.13606516284279 ], [ -72.045298904728241, 42.136129610623861 ], [ -72.045238221665741, 42.13619348030111 ], [ -72.045177919534609, 42.136257915344451 ], [ -72.045052801895736, 42.136391311187914 ], [ -72.044928258241484, 42.136525262368174 ], [ -72.044803721428494, 42.136658662369307 ], [ -72.044690786698482, 42.136779619342512 ], [ -72.04457804628376, 42.136900575276464 ], [ -72.044465484460702, 42.137021530246507 ], [ -72.044322778094028, 42.137174699203307 ], [ -72.044180245267597, 42.13732730804233 ], [ -72.044040196196576, 42.13748158673171 ], [ -72.043891186490612, 42.137650549049923 ], [ -72.043745033023228, 42.137821182140328 ], [ -72.043603429336613, 42.137993485181404 ], [ -72.043488445838918, 42.138141451727122 ], [ -72.043376508966006, 42.138290547129785 ], [ -72.043266287832736, 42.13844074169544 ], [ -72.04315868642685, 42.138589249104733 ], [ -72.0430524137888, 42.138738867426341 ], [ -72.042948226063828, 42.138889041174792 ], [ -72.042860477908818, 42.139016629431701 ], [ -72.042774436199565, 42.13914420863307 ], [ -72.042691430325917, 42.139273467818988 ], [ -72.042614473478139, 42.139402688390035 ], [ -72.042540743683475, 42.139533028048128 ], [ -72.042466996641892, 42.139662800524668 ], [ -72.042405712424355, 42.13976888013331 ], [ -72.042344633651425, 42.139874959634284 ], [ -72.042285240853971, 42.139981587528105 ], [ -72.042213257285368, 42.14011810400018 ], [ -72.042143929772564, 42.140255734175391 ], [ -72.042076870074524, 42.140393918986128 ], [ -72.042003748437921, 42.140551823673313 ], [ -72.041933088049063, 42.140710274875318 ], [ -72.041862993512666, 42.140868732355528 ], [ -72.041781205372089, 42.141053120728905 ], [ -72.041699992716957, 42.141236957110799 ], [ -72.041618767417887, 42.141420784484048 ], [ -72.041557199533685, 42.141560618519151 ], [ -72.041495451287872, 42.141700471375863 ], [ -72.041433308325338, 42.14183974894501 ], [ -72.04134072351728, 42.142042196492866 ], [ -72.041246988955507, 42.142244655690135 ], [ -72.041153817529207, 42.142446545830786 ], [ -72.041046223002496, 42.142685075617464 ], [ -72.040939184213016, 42.142923611670106 ], [ -72.04083196316121, 42.143162148470232 ], [ -72.040691707569081, 42.143472291653744 ], [ -72.040551060024782, 42.143781887288441 ], [ -72.040411745363159, 42.144092034650598 ], [ -72.040299531240038, 42.144345783092469 ], [ -72.040188084321315, 42.144600086001034 ], [ -72.040076463688479, 42.144853841301504 ], [ -72.039944231964625, 42.145153815964406 ], [ -72.039811434101409, 42.145454370236358 ], [ -72.039676937690601, 42.145754365122848 ], [ -72.03957876087506, 42.145969215209163 ], [ -72.039479648407891, 42.146183520401692 ], [ -72.039380525421848, 42.146398374751833 ], [ -72.039001801412397, 42.147256032994328 ], [ -72.038587443578834, 42.148194329203072 ], [ -72.038266134342621, 42.1489138556108 ], [ -72.037957577330133, 42.149600125813826 ], [ -72.037758670602074, 42.15004279036232 ], [ -72.037271606431347, 42.15117217614511 ], [ -72.037262879358906, 42.151191907364037 ], [ -72.037062504003643, 42.151640762724718 ] ] ] } },
{ "type": "Feature", "properties": { "OBJECTID": 5386, "LOCAL_NAME": null, "SURFACE_TYPE": null, "Shape__Length": 254.62622869618602 }, "geometry": { "type": "MultiLineString", "coordinates": [ [ [ -72.049216944743961, 42.130138840285035 ], [ -72.049252845505663, 42.130050885234418 ], [ -72.049288942171529, 42.129963496444383 ], [ -72.049323148272904, 42.12987554949391 ], [ -72.049339948717886, 42.1298293176174 ], [ -72.049356359768922, 42.129783096608648 ], [ -72.049372210821801, 42.12973632007315 ], [ -72.049404026019914, 42.129634879492308 ], [ -72.049433757139084, 42.129532880782747 ], [ -72.049463872855981, 42.129430890122499 ], [ -72.049500645540988, 42.129312545295655 ], [ -72.049538367581519, 42.129194763112991 ], [ -72.049577406480168, 42.129076963793665 ], [ -72.049610797265672, 42.128981700905015 ], [ -72.049645120512466, 42.128886442534238 ], [ -72.049679642008556, 42.128791742309922 ], [ -72.049706917379936, 42.128712272748771 ], [ -72.049734016108346, 42.128633363137382 ], [ -72.04976376457563, 42.128554431798875 ], [ -72.049791076380217, 42.128500280444577 ], [ -72.049819515334931, 42.128446123673349 ], [ -72.049837565109812, 42.128390892237285 ], [ -72.049839967510025, 42.128341361213657 ], [ -72.049834803689038, 42.128291309195831 ], [ -72.049825111750096, 42.128241837120157 ], [ -72.049813572025997, 42.128195750179565 ], [ -72.049798055703661, 42.1281496823227 ], [ -72.049777629263133, 42.128105331564008 ], [ -72.049742169830552, 42.128046970755875 ], [ -72.049697845633531, 42.127991479535957 ], [ -72.049644680854058, 42.127941648826145 ] ] ] } },
{ "type": "Feature", "properties": { "OBJECTID": 5389, "LOCAL_NAME": null, "SURFACE_TYPE": null, "Shape__Length": 196.149994637113 }, "geometry": { "type": "MultiLineString", "coordinates": [ [ [ -71.953292793844426, 42.376989665218794 ], [ -71.953349570154529, 42.376969176067199 ], [ -71.953511529234731, 42.376907209368284 ], [ -71.953673674144994, 42.37684580168429 ], [ -71.953835832084351, 42.376784391917823 ], [ -71.953997591880039, 42.376721859034859 ], [ -71.954157836462002, 42.376658206546502 ], [ -71.954318065783809, 42.376593995715815 ], [ -71.954478294716182, 42.376529775658526 ], [ -71.954638535459168, 42.376465554428982 ], [ -71.954798765033829, 42.376401344722012 ], [ -71.954959186040938, 42.376337122328984 ], [ -71.95503693835991, 42.376305871991114 ], [ -71.955119427094814, 42.376272910325177 ], [ -71.955279653188825, 42.376208689152399 ], [ -71.955396563618621, 42.376162086768865 ] ] ] } },
{ "type": "Feature", "properties": { "OBJECTID": 5436, "LOCAL_NAME": null, "SURFACE_TYPE": null, "Shape__Length": 106.53938123522201 }, "geometry": { "type": "MultiLineString", "coordinates": [ [ [ -72.006188462807074, 42.125468324287496 ], [ -72.006114319319479, 42.12571808536228 ], [ -72.005966812250648, 42.126131765003166 ], [ -72.005845412656342, 42.126382713253214 ], [ -72.005841236896956, 42.126390814904212 ] ] ] } },
{ "type": "Feature", "properties": { "OBJECTID": 5437, "LOCAL_NAME": null, "SURFACE_TYPE": null, "Shape__Length": 120.87664799454001 }, "geometry": { "type": "MultiLineString", "coordinates": [ [ [ -72.005841236896956, 42.126390814904212 ], [ -72.005767806097566, 42.126533293997802 ], [ -72.005528796035904, 42.127036294985373 ], [ -72.005422388441616, 42.127250549135987 ], [ -72.005341478284237, 42.127413474229897 ] ] ] } },
{ "type": "Feature", "properties": { "OBJECTID": 5454, "LOCAL_NAME": null, "SURFACE_TYPE": null, "Shape__Length": 28.716097044779001 }, "geometry": { "type": "MultiLineString", "coordinates": [ [ [ -72.194172990921842, 42.213147685728011 ], [ -72.194120914403186, 42.213144623678609 ], [ -72.194026834387856, 42.213142383843135 ], [ -72.193932797233501, 42.213142952721221 ], [ -72.193825531153635, 42.213146410583562 ] ] ] } },
{ "type": "Feature", "properties": { "OBJECTID": 6228, "LOCAL_NAME": null, "SURFACE_TYPE": null, "Shape__Length": 1101.6611339860501 }, "geometry": { "type": "MultiLineString", "coordinates": [ [ [ -71.940493332532256, 42.37914885893197 ], [ -71.940637684860548, 42.379145488267532 ], [ -71.940818779645468, 42.379131290267878 ], [ -71.940906168456294, 42.379118586389119 ], [ -71.940997522549608, 42.379105289261794 ], [ -71.941175083057288, 42.379075350164356 ], [ -71.941353427955917, 42.379048213970712 ], [ -71.941532758291345, 42.379025019666322 ], [ -71.941712454037486, 42.379001831781444 ], [ -71.941891975255828, 42.37897975163601 ], [ -71.942072078937088, 42.378959370510138 ], [ -71.94225278070607, 42.37894292014726 ], [ -71.942434064566498, 42.37892984513055 ], [ -71.94261144382159, 42.378919277738241 ], [ -71.942615753871394, 42.37891901807992 ], [ -71.942797254289189, 42.378909316825208 ], [ -71.942978954060379, 42.378900173593266 ], [ -71.94316108545587, 42.378898913106823 ], [ -71.943343205859193, 42.378897644271781 ], [ -71.943525336032238, 42.378896384113609 ], [ -71.943707483471741, 42.378895681777138 ], [ -71.943889614776623, 42.378894411134688 ], [ -71.944071746150087, 42.378893151007063 ], [ -71.944253877446712, 42.378891880688229 ], [ -71.944436012722804, 42.378891177245173 ], [ -71.944618159896791, 42.378892166003538 ], [ -71.944753608679221, 42.37889331700174 ], [ -71.94480030007503, 42.378893712677282 ], [ -71.944982446054055, 42.378894701763812 ], [ -71.94516460531301, 42.378895678806892 ], [ -71.945346756455478, 42.378897226373695 ], [ -71.945528903597619, 42.378898204687459 ], [ -71.945711062670128, 42.378900874302232 ], [ -71.945893027486662, 42.378903545281766 ], [ -71.946075182658277, 42.378905657058773 ], [ -71.946257147503886, 42.378908327462376 ], [ -71.946439298696689, 42.378909871498777 ], [ -71.946621441955614, 42.378910290821516 ], [ -71.94680358520425, 42.378910708055386 ], [ -71.946985708540879, 42.378908308086174 ], [ -71.947167607194814, 42.37889972284286 ], [ -71.947348500378965, 42.378884958063196 ], [ -71.947528793286082, 42.378865684004921 ], [ -71.947708116891462, 42.378841921912965 ], [ -71.947886069996727, 42.378813093569946 ], [ -71.947991784563555, 42.37879242645991 ], [ -71.948062272238133, 42.378778648588444 ], [ -71.948236347429486, 42.378739140316732 ], [ -71.94840907623373, 42.378696270861674 ], [ -71.948580267031176, 42.378650590150258 ], [ -71.948749726914755, 42.378600412707414 ], [ -71.948916683112714, 42.378546869613231 ], [ -71.949082484097801, 42.378491080071143 ], [ -71.949247715822878, 42.378434167154573 ], [ -71.949412175505074, 42.378376131658065 ], [ -71.94943979998375, 42.378365895535886 ], [ -71.949575300626023, 42.378316417606044 ], [ -71.949738799356112, 42.378256692857519 ], [ -71.949902104723051, 42.378196969531096 ], [ -71.950065407010541, 42.378136686005519 ], [ -71.950208101897317, 42.378084928466798 ], [ -71.950228722746019, 42.378076970273661 ], [ -71.950393566240251, 42.378020057217725 ], [ -71.950558977691912, 42.377963141699524 ], [ -71.950724406181649, 42.37790678405193 ], [ -71.950889822299047, 42.37785043521604 ], [ -71.951055238058075, 42.37779407713905 ], [ -71.951220662895963, 42.377737160609804 ], [ -71.951386076915057, 42.377680811063236 ], [ -71.951550334352731, 42.377622205199366 ], [ -71.951714215158844, 42.377563611381362 ], [ -71.951878103744306, 42.377504449217199 ], [ -71.95204198387195, 42.377445845027999 ], [ -71.952205859769066, 42.377386691445835 ], [ -71.952369933561755, 42.377328086024505 ], [ -71.952533235269527, 42.377268358947354 ], [ -71.952637107281916, 42.377230371496331 ], [ -71.952696546434595, 42.377208638801619 ], [ -71.952859661392509, 42.377148352914674 ], [ -71.953023143084764, 42.377088623527584 ], [ -71.95318627120146, 42.377028904301909 ], [ -71.953292793844426, 42.376989665218794 ] ] ] } },
{ "type": "Feature", "properties": { "OBJECTID": 6229, "LOCAL_NAME": null, "SURFACE_TYPE": null, "Shape__Length": 196.149994637113 }, "geometry": { "type": "MultiLineString", "coordinates": [ [ [ -71.953292793844426, 42.376989665218794 ], [ -71.953349570154529, 42.376969176067199 ], [ -71.953511529234731, 42.376907209368284 ], [ -71.953673674144994, 42.37684580168429 ], [ -71.953835832084351, 42.376784391917823 ], [ -71.953997591880039, 42.376721859034859 ], [ -71.954157836462002, 42.376658206546502 ], [ -71.954318065783809, 42.376593995715815 ], [ -71.954478294716182, 42.376529775658526 ], [ -71.954638535459168, 42.376465554428982 ], [ -71.954798765033829, 42.376401344722012 ], [ -71.954959186040938, 42.376337122328984 ], [ -71.95503693835991, 42.376305871991114 ], [ -71.955119427094814, 42.376272910325177 ], [ -71.955279653188825, 42.376208689152399 ], [ -71.955396563618621, 42.376162086768865 ] ] ] } },
{ "type": "Feature", "properties": { "OBJECTID": 6230, "LOCAL_NAME": null, "SURFACE_TYPE": null, "Shape__Length": 1174.0000434564399 }, "geometry": { "type": "MultiLineString", "coordinates": [ [ [ -71.955396563618621, 42.376162086768865 ], [ -71.955439880230614, 42.376144475853131 ], [ -71.955600123124199, 42.376080822243829 ], [ -71.955640599652298, 42.37606490693441 ], [ -71.955892244962641, 42.375968813679087 ], [ -71.956011241728632, 42.375922210500036 ], [ -71.956084836452533, 42.375893776717263 ], [ -71.956246592969208, 42.375831240655955 ], [ -71.956408169913587, 42.375769271357619 ], [ -71.956569166482367, 42.375706170673197 ], [ -71.956730346135515, 42.37564307803742 ], [ -71.956891343277007, 42.3755799768957 ], [ -71.957052340163017, 42.375516884530484 ], [ -71.957127261458183, 42.375487327549202 ], [ -71.957213336734824, 42.375453792839394 ], [ -71.957374334128588, 42.375390691014502 ], [ -71.957516203382966, 42.375333895016198 ], [ -71.957534749966399, 42.37532646501684 ], [ -71.957694791587983, 42.375262250185337 ], [ -71.957855012516248, 42.37519802541258 ], [ -71.958015048166601, 42.375133242974591 ], [ -71.958175087599329, 42.375069027477224 ], [ -71.958335114507236, 42.375004803702382 ], [ -71.958495149178859, 42.374940020593982 ], [ -71.958655762332825, 42.37487635941234 ], [ -71.95881617806981, 42.37481214151434 ], [ -71.958976789369473, 42.37474848078795 ], [ -71.95913720729601, 42.37468482060698 ], [ -71.959297808237253, 42.374621159469548 ], [ -71.959458406427402, 42.374557498116772 ], [ -71.959618823386592, 42.374493837261745 ], [ -71.959780009001946, 42.37443073218688 ], [ -71.95994119556282, 42.374367634082653 ], [ -71.960102372514768, 42.374305094866934 ], [ -71.960263557161909, 42.374241988211914 ], [ -71.960424927739041, 42.374179447765485 ], [ -71.960586297997722, 42.374116907091917 ], [ -71.960748048460644, 42.374054932748109 ], [ -71.960909810669932, 42.373992947324368 ], [ -71.961071741400133, 42.373930970898861 ], [ -71.961233503055055, 42.373868995821518 ], [ -71.961395252173332, 42.373807009761521 ], [ -71.961557013123183, 42.37374502432484 ], [ -71.961718575485335, 42.3736824902807 ], [ -71.961880323659599, 42.373620504436616 ], [ -71.962042068653318, 42.373557960197914 ], [ -71.962203252399576, 42.373495417984635 ], [ -71.962364040292329, 42.373431751775719 ], [ -71.962523877967342, 42.373367530082085 ], [ -71.962682754715161, 42.373301621289919 ], [ -71.962841052184586, 42.373234579344768 ], [ -71.962986492495745, 42.37317266654415 ], [ -71.962999166058964, 42.373167547821581 ], [ -71.963155934155239, 42.373098837059814 ], [ -71.963311547023196, 42.373028438194808 ], [ -71.96346564169184, 42.372956360796088 ], [ -71.963617816227867, 42.372882599287152 ], [ -71.963768457405521, 42.372806584035096 ], [ -71.963918329300299, 42.372730022510169 ], [ -71.964067832429976, 42.372652894193642 ], [ -71.964215792996271, 42.372574080265053 ], [ -71.964359743242255, 42.372491348976084 ], [ -71.964503702818703, 42.372408616566091 ], [ -71.964647469042148, 42.372325893756802 ], [ -71.964791416873936, 42.372243152025419 ], [ -71.964935365610017, 42.372160419110159 ], [ -71.965079117351763, 42.3720776958111 ], [ -71.965221926656582, 42.371993831875393 ], [ -71.965363768242952, 42.371908857118271 ], [ -71.965506576870084, 42.371825003629354 ], [ -71.965651295668906, 42.371743391146374 ], [ -71.965799628577855, 42.371664582644833 ], [ -71.96595026964232, 42.371589132575991 ], [ -71.966102826505775, 42.371515365285063 ], [ -71.966257663218826, 42.371444407349294 ], [ -71.966414616559135, 42.371375691339942 ], [ -71.966573484259555, 42.37130977624723 ], [ -71.966733700763896, 42.371245538998487 ], [ -71.966897144331341, 42.371182980067353 ], [ -71.967059675061677, 42.371124927847383 ], [ -71.967227370490136, 42.371072480317359 ], [ -71.96739774974121, 42.371025082154205 ], [ -71.967570822117708, 42.370982180531861 ], [ -71.967744943842789, 42.37094444653453 ] ] ] } },
{ "type": "Feature", "properties": { "OBJECTID": 5498, "LOCAL_NAME": null, "SURFACE_TYPE": null, "Shape__Length": 654.91680486311907 }, "geometry": { "type": "MultiLineString", "coordinates": [ [ [ -72.187359247360703, 42.213657421392227 ], [ -72.187391398957701, 42.213646566065592 ], [ -72.187603714232978, 42.213575519437718 ], [ -72.187952034862192, 42.213481713891348 ], [ -72.188022442419154, 42.213465534860731 ], [ -72.188393365510223, 42.213380028552002 ], [ -72.188880352711109, 42.2132825699249 ], [ -72.189252183474963, 42.213211686735079 ], [ -72.189394309413814, 42.213195075930628 ], [ -72.189640342639848, 42.213178966660152 ], [ -72.189783785716855, 42.213179796868971 ], [ -72.189920142789376, 42.213189664773473 ], [ -72.1900731651575, 42.213200556788046 ], [ -72.190252081551165, 42.213225931363446 ], [ -72.19028088660265, 42.213229692508861 ], [ -72.190383608951109, 42.213243704819597 ], [ -72.190544978186509, 42.213273686220603 ], [ -72.190649651204694, 42.213293315453676 ], [ -72.19078002212332, 42.213309410890176 ], [ -72.19088026176864, 42.213321186866729 ], [ -72.190921378638151, 42.213326566335702 ], [ -72.191106874806707, 42.213331076075718 ], [ -72.191537098776649, 42.21330315694874 ], [ -72.19162992415194, 42.213295844819271 ], [ -72.192246913094152, 42.213249924564536 ], [ -72.192385270395249, 42.213242057952243 ], [ -72.192804254875099, 42.213218425381079 ], [ -72.192957250452977, 42.213210189668381 ], [ -72.193110256801916, 42.213201945583371 ], [ -72.193263052146847, 42.213192018940028 ], [ -72.193332819163217, 42.213185970196299 ], [ -72.193495400047624, 42.213171482417806 ], [ -72.193611669108819, 42.213161776115122 ], [ -72.193718500763538, 42.213153810394139 ], [ -72.193825531153635, 42.213146410583562 ], [ -72.193820748448474, 42.213124498309192 ], [ -72.193815773093064, 42.213102578196334 ], [ -72.193810616184052, 42.213080668184631 ], [ -72.193798026740112, 42.213036852919799 ], [ -72.193784496391672, 42.212993601552427 ], [ -72.19377418251797, 42.212949772522229 ], [ -72.193769722224445, 42.212922789400544 ], [ -72.193766392987783, 42.212895241229695 ], [ -72.193767240812406, 42.212868793217858 ], [ -72.193775972553027, 42.212836661419345 ], [ -72.193790577995571, 42.212805619517269 ], [ -72.19380726649689, 42.212774574018056 ], [ -72.193843013617879, 42.212720895826642 ], [ -72.193885408540524, 42.21266943815786 ], [ -72.193925906760938, 42.212617423833443 ], [ -72.193956672530277, 42.212575596255967 ], [ -72.193986292484126, 42.212533209289681 ], [ -72.193995364528476, 42.212514588565305 ], [ -72.194006828380992, 42.212489760854865 ], [ -72.194008720113857, 42.212437980053572 ], [ -72.194009299701648, 42.212422220655924 ], [ -72.193997446137899, 42.212376150114181 ], [ -72.193991120018296, 42.212351429127381 ], [ -72.193978256715127, 42.21230029579646 ], [ -72.193973316993464, 42.212280634416395 ], [ -72.193967581605889, 42.21224128028382 ], [ -72.193961858325792, 42.212201925177162 ] ] ] } },
{ "type": "Feature", "properties": { "OBJECTID": 6292, "LOCAL_NAME": null, "SURFACE_TYPE": null, "Shape__Length": 1989.7052964464001 }, "geometry": { "type": "MultiLineString", "coordinates": [ [ [ -71.967744943842789, 42.37094444653453 ], [ -71.967745459014878, 42.370944334604708 ], [ -71.967921631479499, 42.370910415522658 ], [ -71.967950810161781, 42.370905795392076 ], [ -71.968099156362314, 42.370880443830544 ], [ -71.96827805395472, 42.370855515990257 ], [ -71.968458328565816, 42.370836208162316 ], [ -71.968638984042173, 42.37081915912264 ], [ -71.968656617486232, 42.370817962825498 ], [ -71.968944239109163, 42.370796532412818 ], [ -71.969602462506771, 42.370788779549819 ], [ -71.969729382218986, 42.370788261363089 ], [ -71.96991150349514, 42.370788643815416 ], [ -71.97009361440702, 42.370789591402641 ], [ -71.970275734468402, 42.370789972383022 ], [ -71.97045767664622, 42.370790921884243 ], [ -71.970639982979037, 42.370791859704703 ], [ -71.970821925094, 42.370792798726924 ], [ -71.971004046376265, 42.370793177648956 ], [ -71.971186165246124, 42.370793558093105 ], [ -71.971368278151928, 42.370792812013022 ], [ -71.971550392847661, 42.370792631918476 ], [ -71.971732505746502, 42.370791885261781 ], [ -71.971914616213027, 42.370791138326709 ], [ -71.972096733337125, 42.370790958257452 ], [ -71.972278839561255, 42.370789643581681 ], [ -71.972460948212557, 42.370788329507846 ], [ -71.972643054482106, 42.370787022357817 ], [ -71.972825158938534, 42.370785148645673 ], [ -71.973007265137554, 42.370783833716906 ], [ -71.973189369567308, 42.370781958527921 ], [ -71.973293313504527, 42.370780973637132 ], [ -71.973475416703607, 42.370779098000298 ], [ -71.973502729275083, 42.370778428302565 ], [ -71.973821623036343, 42.370777672524859 ], [ -71.974005822864598, 42.370776913672849 ], [ -71.974277278429824, 42.370775794813824 ], [ -71.97477369719175, 42.37076980380408 ], [ -71.975260482016395, 42.370769486258375 ], [ -71.975716137308268, 42.370767602847728 ], [ -71.976152025654301, 42.370760729929302 ], [ -71.976354749392812, 42.370751455839169 ], [ -71.97657435238996, 42.37074098520371 ], [ -71.976962560706198, 42.370725862930044 ], [ -71.977307002777522, 42.370691798824943 ], [ -71.977313068942578, 42.370691215476114 ], [ -71.977647703322035, 42.370615552705281 ], [ -71.977983504853142, 42.370542134828028 ], [ -71.978356256448123, 42.370414545012018 ], [ -71.978712589061544, 42.370274077058262 ], [ -71.979018349729628, 42.370118628020798 ], [ -71.979402230932578, 42.369882396525028 ], [ -71.979737120695518, 42.36963961498406 ], [ -71.979984866075142, 42.369389876747789 ], [ -71.979989756660345, 42.369384788615783 ], [ -71.980228852342705, 42.369119888147793 ], [ -71.980458520701447, 42.368837030660067 ], [ -71.980699280196191, 42.36851698041643 ], [ -71.981040174791829, 42.368044028967773 ], [ -71.981453898840684, 42.367494814233538 ], [ -71.981526664892613, 42.36738422421589 ], [ -71.981883389657852, 42.366898257670293 ], [ -71.98229887575161, 42.366384476714508 ], [ -71.982584455557173, 42.365998404264005 ], [ -71.982606048844247, 42.36596905515745 ], [ -71.982943369277336, 42.365529316270127 ], [ -71.983381246335014, 42.36496761286854 ], [ -71.983791942362444, 42.364424577902611 ], [ -71.983903879588311, 42.364279502458878 ], [ -71.984064855283677, 42.36407175751166 ], [ -71.984196334954774, 42.363901276162522 ], [ -71.984560429815929, 42.363417528581728 ], [ -71.984820543457076, 42.36305405575218 ], [ -71.985139161517722, 42.362628451384133 ], [ -71.985307236033904, 42.362407171190412 ], [ -71.985395545500808, 42.362293939036114 ], [ -71.985545400518717, 42.362101759824604 ] ] ] } },
{ "type": "Feature", "properties": { "OBJECTID": 6001, "LOCAL_NAME": null, "SURFACE_TYPE": null, "Shape__Length": 2.5691223899389497 }, "geometry": { "type": "MultiLineString", "coordinates": [ [ [ -72.135111472974444, 42.111796688762318 ], [ -72.135082186350289, 42.111803310250416 ], [ -72.135081749641827, 42.111803411710149 ] ] ] } },
{ "type": "Feature", "properties": { "OBJECTID": 6002, "LOCAL_NAME": null, "SURFACE_TYPE": null, "Shape__Length": 0.25620993345301801 }, "geometry": { "type": "MultiLineString", "coordinates": [ [ [ -72.135081749641827, 42.111803411710149 ], [ -72.135078791586309, 42.111804097070376 ] ] ] } },
{ "type": "Feature", "properties": { "OBJECTID": 6003, "LOCAL_NAME": null, "SURFACE_TYPE": null, "Shape__Length": 723.13463077582412 }, "geometry": { "type": "MultiLineString", "coordinates": [ [ [ -72.135078791586309, 42.111804097070376 ], [ -72.134837844251265, 42.111859972285522 ], [ -72.134699845845645, 42.1118894311698 ], [ -72.134561645857502, 42.111918332789038 ], [ -72.134422861839141, 42.111945552927573 ], [ -72.134265020253039, 42.111975122102628 ], [ -72.134106394291734, 42.112002443635454 ], [ -72.133947581343762, 42.112029216771454 ], [ -72.133808763050595, 42.112053052850577 ], [ -72.133669741236247, 42.11207577075627 ], [ -72.133530536691595, 42.112098484101281 ], [ -72.133352272787945, 42.112125912312216 ], [ -72.133173794475567, 42.11215222590095 ], [ -72.132994753740249, 42.112176840664496 ], [ -72.132848320555027, 42.112195098600189 ], [ -72.132701491572249, 42.112212233101793 ], [ -72.132554853461684, 42.112229357357016 ], [ -72.132391051715288, 42.112248268847047 ], [ -72.132227045207259, 42.112266055799722 ], [ -72.132062835235999, 42.112282726310177 ], [ -72.13192162368567, 42.112294751755925 ], [ -72.131780028555966, 42.112305661813537 ], [ -72.131638438707583, 42.112316013452059 ], [ -72.131488336583502, 42.112326411849779 ], [ -72.131388187805683, 42.112333338448082 ], [ -72.131338039660932, 42.112336803021279 ], [ -72.131187750423322, 42.112346633937598 ], [ -72.130988562651822, 42.112360111264053 ], [ -72.130789173372875, 42.112373031138866 ], [ -72.130589773867612, 42.112384807282865 ], [ -72.130420949523909, 42.112393622812775 ], [ -72.130251921641445, 42.112401306578256 ], [ -72.130083098051244, 42.112408988069845 ], [ -72.129867241913402, 42.112419737059469 ], [ -72.129651599385483, 42.112431060689048 ], [ -72.129435943301857, 42.112442365979838 ], [ -72.129232759881432, 42.112453053128938 ], [ -72.129095276584238, 42.112460560975293 ], [ -72.1290297620818, 42.112464297112346 ], [ -72.128826573168226, 42.112475541784889 ], [ -72.128650389082367, 42.112484954225565 ], [ -72.128474399515682, 42.112494355423784 ], [ -72.128298223275507, 42.112504326394031 ], [ -72.128102798845887, 42.112517210833218 ], [ -72.127907187694191, 42.112530663180166 ], [ -72.127711771129228, 42.112544114126145 ], [ -72.127519562828525, 42.112556988945677 ], [ -72.127327532634084, 42.112569295248832 ], [ -72.127270705070856, 42.112573550914988 ], [ -72.127135517648853, 42.112582169264556 ], [ -72.126900262288672, 42.112598645140622 ], [ -72.126665201574113, 42.112615129371591 ], [ -72.126429944760829, 42.11263160428831 ], [ -72.126426389907706, 42.11263186772532 ] ] ] } },
{ "type": "Feature", "properties": { "OBJECTID": 6935, "LOCAL_NAME": null, "SURFACE_TYPE": null, "Shape__Length": 106.22675829939301 }, "geometry": { "type": "MultiLineString", "coordinates": [ [ [ -72.048538057454351, 42.128318909720996 ], [ -72.048646937051544, 42.128321200072577 ], [ -72.048755432055856, 42.128323492163005 ], [ -72.048859303989019, 42.12833762593764 ], [ -72.048946833395135, 42.128363090355457 ], [ -72.049030668560462, 42.128398142104317 ], [ -72.0491049242016, 42.128440550454179 ], [ -72.04915554010978, 42.128480260325183 ], [ -72.049200334125572, 42.128525064286642 ], [ -72.049237598363376, 42.128572716087213 ], [ -72.049265845406367, 42.128626601834284 ], [ -72.049285240754969, 42.128683904483573 ], [ -72.049305199747195, 42.128741205326939 ], [ -72.049326627914155, 42.128792869308313 ], [ -72.049348246077301, 42.128845100487602 ], [ -72.049369855754776, 42.128896766291021 ] ] ] } },
{ "type": "Feature", "properties": { "OBJECTID": 6936, "LOCAL_NAME": null, "SURFACE_TYPE": null, "Shape__Length": 106.26519801456401 }, "geometry": { "type": "MultiLineString", "coordinates": [ [ [ -72.049837565109812, 42.128390892237285 ], [ -72.049863928650495, 42.128337311727634 ], [ -72.049890298118413, 42.128283163969826 ], [ -72.049919889576486, 42.128230687972028 ], [ -72.049964883634104, 42.12816688919817 ], [ -72.050015179824172, 42.128104748581109 ], [ -72.050067565880184, 42.128043722428274 ], [ -72.050111532508296, 42.127992869086825 ], [ -72.050156829429852, 42.127942008438701 ], [ -72.050205736609072, 42.127893943088544 ], [ -72.050266153640408, 42.127843567983597 ], [ -72.050331132803663, 42.127796550798863 ], [ -72.050398195815248, 42.127750651688146 ], [ -72.05046097783422, 42.127711522043306 ], [ -72.050525656236061, 42.127673508672707 ], [ -72.050590149510981, 42.127635495254481 ] ] ] } },
{ "type": "Feature", "properties": { "OBJECTID": 6403, "LOCAL_NAME": null, "SURFACE_TYPE": null, "Shape__Length": 91.249081575237085 }, "geometry": { "type": "MultiLineString", "coordinates": [ [ [ -72.02639308287992, 42.073319172536593 ], [ -72.02635272313826, 42.073301918491637 ], [ -72.026314039282425, 42.073281280437428 ], [ -72.026275166658223, 42.073261192447795 ], [ -72.0262057792673, 42.073227757592051 ], [ -72.026136209067715, 42.073195440861269 ], [ -72.026067013798937, 42.073161986131424 ], [ -72.026000461649403, 42.073127971804062 ], [ -72.025934466555654, 42.07309394497468 ], [ -72.025868476646721, 42.07305936797367 ], [ -72.025568037119598, 42.072895868930864 ], [ -72.025486866011306, 42.072851780864056 ] ] ] } },
{ "type": "Feature", "properties": { "OBJECTID": 6404, "LOCAL_NAME": null, "SURFACE_TYPE": null, "Shape__Length": 274.42143588142102 }, "geometry": { "type": "MultiLineString", "coordinates": [ [ [ -72.025486866011306, 42.072851780864056 ], [ -72.024813957707849, 42.072362309263532 ], [ -72.024496841019214, 42.072135156667052 ], [ -72.024461652093336, 42.072107209189966 ], [ -72.024362525831776, 42.072028136919478 ], [ -72.02430875133048, 42.07197833226747 ], [ -72.024247553799, 42.071922395137612 ], [ -72.024187258931164, 42.07186439205389 ], [ -72.024119537362964, 42.07179819380697 ], [ -72.024054550430876, 42.071727877431478 ], [ -72.023989554785189, 42.071658245320243 ], [ -72.023864172122089, 42.071517583267237 ], [ -72.023368241401826, 42.070965878761605 ] ] ] } },
{ "type": "Feature", "properties": { "OBJECTID": 6405, "LOCAL_NAME": null, "SURFACE_TYPE": null, "Shape__Length": 536.98159370657902 }, "geometry": { "type": "MultiLineString", "coordinates": [ [ [ -72.023368241401826, 42.070965878761605 ], [ -72.023288378322007, 42.070877794167018 ], [ -72.023190968679344, 42.070782253851739 ], [ -72.023094534891811, 42.070692192086987 ], [ -72.02300469564257, 42.070606106636035 ], [ -72.022909718464149, 42.070537332089849 ], [ -72.02281043124998, 42.070471942638534 ], [ -72.022707776662898, 42.070409953773257 ], [ -72.022591686590658, 42.070345209889737 ], [ -72.022471304471438, 42.070284419084487 ], [ -72.022347555544556, 42.070228712454643 ], [ -72.022207184772299, 42.070173639747537 ], [ -72.022062714766633, 42.070124221719659 ], [ -72.021916024734381, 42.070079307249628 ], [ -72.021781851664031, 42.070041652621093 ], [ -72.021645996957815, 42.070006826277485 ], [ -72.021508686795627, 42.069977064536268 ], [ -72.021353980912579, 42.069946258246446 ], [ -72.02119744600482, 42.06992108632533 ], [ -72.021040040907678, 42.069906047019039 ], [ -72.02088804829252, 42.06990561344837 ], [ -72.020735377441511, 42.069915311628343 ], [ -72.02058271398019, 42.069924442354363 ], [ -72.020511605158433, 42.069933769214082 ], [ -72.020422034968107, 42.069947690700076 ], [ -72.020243605798555, 42.069969876070182 ], [ -72.020092727195191, 42.069990261327455 ], [ -72.019946648879497, 42.070020185326598 ], [ -72.019710970572376, 42.070061772140178 ], [ -72.019596893155892, 42.07008029697711 ], [ -72.019582304347438, 42.070082650081631 ], [ -72.019521663616317, 42.070092451000122 ], [ -72.019339018422329, 42.070130985426452 ], [ -72.019214795888757, 42.070154616747757 ], [ -72.019068701354357, 42.07018398238327 ], [ -72.018943214991495, 42.070215496246284 ], [ -72.018821855992272, 42.070244749405653 ], [ -72.01863788949197, 42.070305230970064 ], [ -72.018472802614539, 42.070366184924147 ], [ -72.018307649537547, 42.070420395365403 ], [ -72.018149346707688, 42.07047907627112 ], [ -72.018034852733763, 42.070516166512711 ], [ -72.017913134021086, 42.070547663086629 ], [ -72.017783868877288, 42.070579759087217 ], [ -72.017697159666398, 42.070596474561192 ], [ -72.017531466180642, 42.070629295060911 ] ] ] } },
{ "type": "Feature", "properties": { "OBJECTID": 6406, "LOCAL_NAME": null, "SURFACE_TYPE": null, "Shape__Length": 85.703574320304796 }, "geometry": { "type": "MultiLineString", "coordinates": [ [ [ -72.025486866011306, 42.072851780864056 ], [ -72.025700189470385, 42.073075330749049 ], [ -72.025753181900811, 42.073136985963565 ], [ -72.025806381053684, 42.073198638403149 ], [ -72.025857686652458, 42.073260870335623 ], [ -72.025920657274554, 42.073341043812945 ], [ -72.025980628479488, 42.073422357369196 ], [ -72.02603248484742, 42.073505968952126 ] ] ] } },
{ "type": "Feature", "properties": { "OBJECTID": 5618, "LOCAL_NAME": null, "SURFACE_TYPE": null, "Shape__Length": 9525.3876815952008 }, "geometry": { "type": "MultiLineString", "coordinates": [ [ [ -72.052193218156958, 42.394706747843593 ], [ -72.052145556299308, 42.394907107936852 ], [ -72.052095970548422, 42.395116962666656 ], [ -72.052091790784772, 42.395374240952293 ], [ -72.05213873308459, 42.395702403878865 ], [ -72.05219434554219, 42.39599869817571 ], [ -72.052279099353385, 42.396319864359981 ], [ -72.052443039615113, 42.396876468998578 ], [ -72.052489278184467, 42.397092771606786 ], [ -72.052554128923646, 42.397342572746581 ], [ -72.052584956684939, 42.397560378954772 ], [ -72.052709745941158, 42.398049284002326 ], [ -72.052888915031772, 42.398784465913025 ], [ -72.053072334265252, 42.399545828972229 ], [ -72.053148313381769, 42.39988747749014 ], [ -72.053378876303981, 42.400673386469052 ], [ -72.053722615361991, 42.402858103882849 ], [ -72.053797458397, 42.403330176319223 ], [ -72.053846188639213, 42.40375632288454 ], [ -72.053871086173686, 42.40403013410436 ], [ -72.053906835640873, 42.404442050107548 ], [ -72.054079050604926, 42.406195334958987 ], [ -72.054109245779443, 42.406492742173953 ], [ -72.054145781742321, 42.406810564321084 ], [ -72.054151823470292, 42.406949883265625 ], [ -72.054119485448041, 42.407110824607685 ], [ -72.054027228008081, 42.40758648007214 ], [ -72.053878586342577, 42.408230337928671 ], [ -72.05366723381033, 42.408870924850341 ], [ -72.053501550229441, 42.40958840916749 ], [ -72.053377236494299, 42.410074936743079 ], [ -72.053340417293015, 42.410275202116757 ], [ -72.053342335650512, 42.410494337563968 ], [ -72.053396849597078, 42.41084661263244 ], [ -72.053414711379006, 42.411418209414833 ], [ -72.054015336163715, 42.415398035699589 ], [ -72.054050480121091, 42.415636087067277 ], [ -72.054013597180997, 42.415829207137627 ], [ -72.053891298802242, 42.416179950303572 ], [ -72.053749712946328, 42.416530786093752 ], [ -72.053589024633894, 42.416903151998753 ], [ -72.053190053802737, 42.417598233494964 ], [ -72.052763767937051, 42.418479241469676 ], [ -72.052630252003596, 42.418651386494588 ], [ -72.052554474502585, 42.418808962213816 ], [ -72.052271834167797, 42.41957494247675 ], [ -72.052219699229013, 42.419771112159289 ], [ -72.052154063598451, 42.419985806866158 ], [ -72.052146291686014, 42.420200224887139 ], [ -72.052138833076953, 42.420450370913848 ], [ -72.052112646417129, 42.42076492024335 ], [ -72.052144139608743, 42.421057756264666 ], [ -72.052186213414117, 42.421457730941604 ], [ -72.05232020846168, 42.422443236749778 ], [ -72.052463167072702, 42.423350092839662 ], [ -72.052517137696682, 42.424007266578471 ], [ -72.052623349974922, 42.42431451094162 ], [ -72.052723048486328, 42.4246856245489 ], [ -72.052597032775864, 42.424981597566784 ], [ -72.052290937901077, 42.426745745706711 ], [ -72.05222996642371, 42.427127158779065 ], [ -72.052235233668839, 42.427300622210971 ], [ -72.052260960534028, 42.427485103264004 ], [ -72.052303855926439, 42.427794557293311 ], [ -72.052370136898389, 42.428020529457399 ], [ -72.052626080133095, 42.428793451020361 ], [ -72.053021804652772, 42.429922999473447 ], [ -72.053350473224398, 42.430737254586958 ], [ -72.053764855975288, 42.431852815473867 ], [ -72.053957698759419, 42.432301489574556 ], [ -72.054035865416196, 42.432506561010477 ], [ -72.054089446965676, 42.432658155223898 ], [ -72.054163907744893, 42.43289897381154 ], [ -72.054181107366745, 42.433026923463842 ], [ -72.054349928207031, 42.433577245110634 ], [ -72.05451260373539, 42.433976637112217 ], [ -72.054954910843009, 42.434910629683003 ], [ -72.055211309817068, 42.435161290072806 ], [ -72.056501266804773, 42.437041602143474 ], [ -72.056969353558088, 42.437611017189006 ], [ -72.057016293186734, 42.437673674636805 ], [ -72.057042690647251, 42.437749770881823 ], [ -72.057101454172766, 42.437849530118669 ], [ -72.057090354986642, 42.438049671776568 ], [ -72.057116878712492, 42.438140059319906 ], [ -72.057182074442139, 42.438239787387261 ], [ -72.0576322695849, 42.4389664974494 ], [ -72.057873007741577, 42.439279754716246 ], [ -72.058048675921384, 42.439507575265502 ], [ -72.058418301225657, 42.439848789631476 ], [ -72.058677456550498, 42.440061912382262 ], [ -72.059246844889884, 42.440445031394098 ], [ -72.059457277173507, 42.440602808491569 ], [ -72.059644593733893, 42.440692414104213 ], [ -72.059928765667877, 42.440824424269699 ], [ -72.060128863067774, 42.440904438398093 ], [ -72.060322910445919, 42.441027358296161 ], [ -72.060530242837714, 42.441197852351181 ], [ -72.060640468923452, 42.441297360125688 ], [ -72.060743925043411, 42.441358787461041 ], [ -72.060873022544769, 42.4414105630661 ], [ -72.061092248712797, 42.441471427053571 ], [ -72.061203497022092, 42.441504828143707 ], [ -72.061284474776414, 42.441569937747857 ], [ -72.061333558124844, 42.441664978591497 ], [ -72.061423581742417, 42.441843189225949 ], [ -72.061562822233881, 42.442131326879775 ], [ -72.061675176175896, 42.442303147161965 ], [ -72.061789238405325, 42.442399776733254 ], [ -72.061959832978118, 42.442488506767013 ], [ -72.062125198257604, 42.4425677344272 ], [ -72.062283473340571, 42.442717503585939 ], [ -72.062522878194486, 42.442894835294666 ], [ -72.06272286862314, 42.44303391902276 ], [ -72.062901557921663, 42.443164531375636 ], [ -72.0630067085782, 42.443271207193028 ], [ -72.063143001161436, 42.443407744109749 ], [ -72.063291762437743, 42.443644262412626 ], [ -72.064694045746847, 42.445757247459078 ], [ -72.065349189931027, 42.446728267111098 ], [ -72.065855152246357, 42.44755947904369 ], [ -72.06609860395362, 42.447808391454927 ], [ -72.066345474295204, 42.44843840465078 ], [ -72.066867651178654, 42.449281441951314 ], [ -72.067308258709687, 42.449993868456644 ], [ -72.067568341695349, 42.45030224550154 ], [ -72.067940891186339, 42.450598157632498 ], [ -72.068702188021177, 42.45120180805224 ], [ -72.069161446817333, 42.451481566497613 ], [ -72.069537247536559, 42.451779839518494 ], [ -72.069783538355182, 42.451983472172387 ], [ -72.070075761931932, 42.452286920232439 ], [ -72.07086873858286, 42.453188148042784 ], [ -72.07177688166739, 42.454194797219444 ], [ -72.072166202112555, 42.454562071815431 ], [ -72.072872270281536, 42.455273157591279 ], [ -72.074423271751712, 42.45692686874807 ], [ -72.075141508595138, 42.457673212912333 ], [ -72.076035753550187, 42.458728727527244 ], [ -72.076247121729224, 42.458977778663105 ], [ -72.076596397158056, 42.459357148206422 ], [ -72.07686602050758, 42.459820285638749 ], [ -72.077289696452283, 42.460419613892441 ], [ -72.077444017981662, 42.460585579539156 ], [ -72.07764920714051, 42.461037127393766 ], [ -72.077854726132927, 42.461524403323679 ], [ -72.078059921278268, 42.461975950340438 ], [ -72.078186114399202, 42.462582722847692 ], [ -72.078402670126806, 42.463278762871319 ], [ -72.078522581522748, 42.463725973736508 ], [ -72.078629627115916, 42.464173248159319 ], [ -72.078815541279866, 42.464801157944784 ], [ -72.079001283212889, 42.465410011201314 ], [ -72.079042859013782, 42.465733751641551 ], [ -72.079188864924078, 42.466218941737175 ], [ -72.079360786340956, 42.466723057378886 ], [ -72.079466793881068, 42.467056002027086 ], [ -72.079520540626049, 42.4673034574393 ], [ -72.07950985824813, 42.467541709326476 ], [ -72.079474487221916, 42.467894420195236 ], [ -72.07943999000409, 42.468342405322609 ], [ -72.079302978199877, 42.468838546606975 ], [ -72.079014681735444, 42.469678452361038 ], [ -72.078884880474632, 42.470230131490773 ], [ -72.07876254457463, 42.470573755710163 ], [ -72.078659910162074, 42.47096015092653 ], [ -72.078584789571536, 42.471189198521188 ], [ -72.078577297511444, 42.471425051917464 ], [ -72.078618197295114, 42.471674954111627 ], [ -72.078658966440798, 42.471910565097566 ], [ -72.07875863113307, 42.4722530694265 ], [ -72.078887909221351, 42.472666884023042 ], [ -72.079016468251893, 42.473002096527857 ], [ -72.079154090521726, 42.473272950520204 ], [ -72.079437027426579, 42.473958115555178 ] ] ] } },
{ "type": "Feature", "properties": { "OBJECTID": 5622, "LOCAL_NAME": "Southern New England Trunkline Trail", "SURFACE_TYPE": "Paved/Natural Surface", "Shape__Length": 5753.7966521364906 }, "geometry": { "type": "MultiLineString", "coordinates": [ [ [ -71.506130882341182, 42.02762346470675 ], [ -71.505693256318636, 42.027822170241954 ], [ -71.505158797540702, 42.028040739161959 ], [ -71.505054373795758, 42.028113920017205 ], [ -71.503083866277564, 42.029096974330038 ], [ -71.501782893480637, 42.029748420555094 ], [ -71.501594955239099, 42.029852476487605 ], [ -71.500773319462525, 42.030264181832784 ], [ -71.500716990555659, 42.030330958668479 ], [ -71.500605939841648, 42.030363435375897 ], [ -71.498554390721424, 42.031362178175293 ], [ -71.494982039779643, 42.033145670851546 ], [ -71.494863327636622, 42.033221144336956 ], [ -71.493861730461035, 42.033712704830442 ], [ -71.493053305044469, 42.034107432170742 ], [ -71.493010903875941, 42.034117373672544 ], [ -71.492511995042889, 42.034332507137904 ], [ -71.492476205650064, 42.034342510097211 ], [ -71.492417519202419, 42.034338331403276 ], [ -71.492391207366936, 42.034370851199121 ], [ -71.492272652344809, 42.034440877728279 ], [ -71.490970178571175, 42.035149688228614 ], [ -71.487149993576665, 42.037258457780268 ], [ -71.486983029084712, 42.037350679858633 ], [ -71.486507930921761, 42.037708603793391 ], [ -71.486208144733411, 42.037938680211006 ], [ -71.485999882394026, 42.038111257944145 ], [ -71.485062976558595, 42.038753453468097 ], [ -71.483220659595816, 42.040049360031041 ], [ -71.482400289355667, 42.040642808880349 ], [ -71.482001888690803, 42.040930040368224 ], [ -71.4817672765883, 42.041130965498446 ], [ -71.481370869765357, 42.041407050873936 ], [ -71.48109296809244, 42.041600597488575 ], [ -71.479472356734135, 42.04273423676554 ], [ -71.479185528328159, 42.042946592087574 ], [ -71.478799597793412, 42.043247348285959 ], [ -71.47843678919304, 42.043487076360464 ], [ -71.477974678873906, 42.043779821380419 ], [ -71.477474138802947, 42.04422945553803 ], [ -71.477252183989052, 42.044396583757752 ], [ -71.477033954503298, 42.044549687043833 ], [ -71.476205416078628, 42.045157686453194 ], [ -71.475798160618538, 42.045442415742279 ], [ -71.475442357411211, 42.045683893171713 ], [ -71.475341507864599, 42.045750482827948 ], [ -71.475270461065264, 42.045781210841312 ], [ -71.475208588863751, 42.045791444926579 ], [ -71.475112346322888, 42.045794839842749 ], [ -71.474969230431682, 42.045794842807418 ], [ -71.474913772571426, 42.046110726397401 ], [ -71.474771668180466, 42.046159574608403 ], [ -71.474597211742648, 42.046273681735968 ], [ -71.47451728568177, 42.046353345309889 ], [ -71.473955940555456, 42.046749705212179 ], [ -71.473735511197745, 42.046958360642407 ], [ -71.4729150129251, 42.047539970109995 ], [ -71.472530181998593, 42.047812752000979 ], [ -71.472405903808948, 42.04788588237502 ], [ -71.472118964228386, 42.048054730585847 ], [ -71.470884239546905, 42.048961409718601 ], [ -71.469303756923495, 42.050064898266477 ], [ -71.468567765400607, 42.050603402316234 ], [ -71.466701956541925, 42.051968501679077 ], [ -71.466361680742423, 42.052179037200446 ], [ -71.465584498917949, 42.052769742044454 ], [ -71.462793068284086, 42.054757804767981 ], [ -71.462517806264188, 42.054985832390919 ], [ -71.462262008973084, 42.055134630157148 ], [ -71.462206171761537, 42.055183862979163 ], [ -71.462127687157661, 42.055260837126134 ], [ -71.462090469261753, 42.055284531195639 ], [ -71.461969083316973, 42.055335132252488 ], [ -71.461854332699573, 42.055370323667638 ], [ -71.461635028801197, 42.055584472218918 ], [ -71.458532393680628, 42.057762082899586 ], [ -71.458271231739843, 42.057911814189239 ], [ -71.457519847241372, 42.058291899536798 ], [ -71.456488287287584, 42.0586535764402 ], [ -71.455288631692341, 42.058958097105595 ], [ -71.454459444805892, 42.059100030817909 ], [ -71.453784149044338, 42.059204038002534 ], [ -71.45332408943986, 42.059223256743074 ], [ -71.452401009620672, 42.059224284451389 ] ] ] } },
{ "type": "Feature", "properties": { "OBJECTID": 5623, "LOCAL_NAME": "Douglas State Forest Trails", "SURFACE_TYPE": "Gravel", "Shape__Length": 2313.5429171105397 }, "geometry": { "type": "MultiLineString", "coordinates": [ [ [ -71.780989580872529, 42.039677618605829 ], [ -71.780925253421287, 42.039325391437977 ], [ -71.780888834156073, 42.039211688611466 ], [ -71.780820942353159, 42.039088023426714 ], [ -71.780766549280685, 42.038971018146285 ], [ -71.780694213076401, 42.03885740341471 ], [ -71.780626397104783, 42.038750471527273 ], [ -71.780509077075052, 42.03861688599337 ], [ -71.780423302452519, 42.038509998025994 ], [ -71.780364465693793, 42.038403043966056 ], [ -71.780323557570966, 42.038289352854527 ], [ -71.780278145659224, 42.038172325322869 ], [ -71.780255136703929, 42.038045202358333 ], [ -71.780245626034102, 42.037924740296084 ], [ -71.780258563567017, 42.03780422232763 ], [ -71.780262537526937, 42.037687074661619 ], [ -71.78027101414844, 42.037573261600699 ], [ -71.78027042395756, 42.037439389709867 ], [ -71.780265403673866, 42.037318916636742 ], [ -71.780246914876713, 42.037198476563759 ], [ -71.780214972393082, 42.037081415989313 ], [ -71.780178672476154, 42.036994487649203 ], [ -71.780047313198111, 42.036730410109598 ], [ -71.7799658541025, 42.036583349122083 ], [ -71.779848362676461, 42.036409602114716 ], [ -71.779767170764046, 42.036322783473175 ], [ -71.779713047049782, 42.036266020150187 ], [ -71.779649989516656, 42.03621931826958 ], [ -71.779528377275355, 42.03612925174113 ], [ -71.779429315896493, 42.036062557579825 ], [ -71.779325706880599, 42.035982486473536 ], [ -71.779249064045217, 42.035909043418968 ], [ -71.779215052549233, 42.035865616017063 ], [ -71.779152751475451, 42.03579353430213 ], [ -71.779120316807393, 42.035752728397064 ], [ -71.779087769434753, 42.035707422888507 ], [ -71.778896629463418, 42.035394492792385 ], [ -71.778875102569984, 42.035346127122622 ], [ -71.778853238947988, 42.035301658915174 ], [ -71.778847389200223, 42.035241438131223 ], [ -71.778855226790952, 42.035167010016394 ], [ -71.778868445325003, 42.035110081177294 ], [ -71.778890642961031, 42.035053131341265 ], [ -71.77891276714233, 42.034979447170585 ], [ -71.778925999064285, 42.034925865732632 ], [ -71.778934670225937, 42.034874374287384 ], [ -71.778916419171722, 42.034788669181353 ], [ -71.778852261531881, 42.034490959099003 ], [ -71.778622134309956, 42.033950192272187 ], [ -71.778254269853875, 42.033257437116276 ], [ -71.778213573850252, 42.033190599876043 ], [ -71.778149912722043, 42.033116225958921 ], [ -71.778105011611601, 42.03307887404879 ], [ -71.778050933567869, 42.03304621716763 ], [ -71.777998103399838, 42.03301390745758 ], [ -71.777941678931853, 42.032995325751529 ], [ -71.777744507438797, 42.032935932543808 ], [ -71.777619654840535, 42.032884135150582 ], [ -71.77757014286874, 42.032854133748359 ], [ -71.777432971840142, 42.032739912564075 ], [ -71.777325624782819, 42.032655723373722 ], [ -71.777228238437161, 42.032574521555368 ], [ -71.777146685744071, 42.032517132038741 ], [ -71.777043274968449, 42.032480567028443 ], [ -71.776910080358121, 42.032447380072377 ], [ -71.776377132023313, 42.032288562833052 ], [ -71.776079033111827, 42.032205810163404 ], [ -71.775997980176115, 42.032195873440529 ], [ -71.775872857067654, 42.032206311302019 ], [ -71.775805777583301, 42.032228343114618 ], [ -71.775695628895335, 42.032276321016376 ], [ -71.77559704177969, 42.032316720747609 ], [ -71.775493864253946, 42.032333702954936 ], [ -71.775336715189269, 42.032327388326451 ], [ -71.775251348957397, 42.03231085930851 ], [ -71.775197364273112, 42.03228421418909 ], [ -71.774637299842624, 42.031924247420022 ], [ -71.774466860240452, 42.031858255151874 ], [ -71.774306594014803, 42.031841227213953 ], [ -71.774086583588627, 42.031831714190908 ], [ -71.77392781007012, 42.031837366965547 ], [ -71.773839971183548, 42.031899241218952 ], [ -71.773735456933068, 42.031996143205291 ], [ -71.773624384669276, 42.032172687237143 ], [ -71.773577030324162, 42.032306200335192 ], [ -71.77353158220096, 42.032462345051648 ], [ -71.773403232695671, 42.032643281491218 ], [ -71.773327133083271, 42.032693665121727 ], [ -71.773183752913056, 42.032757597403716 ], [ -71.772650617946482, 42.033009881904583 ], [ -71.772619294290024, 42.033033384169045 ], [ -71.772574560344566, 42.033070305453769 ], [ -71.772520861846502, 42.03311059552469 ], [ -71.772232073602837, 42.033414433868572 ], [ -71.771999705881299, 42.033622232822587 ], [ -71.771891373183593, 42.033693954427456 ], [ -71.771751423096646, 42.033744975856628 ], [ -71.771612456353083, 42.033792162056962 ], [ -71.771500310710849, 42.033812508489021 ], [ -71.771033643524461, 42.033863818007653 ], [ -71.770629653751243, 42.033874815229133 ], [ -71.770532318872895, 42.033891545934999 ], [ -71.77039189383963, 42.033940007169939 ], [ -71.770055711780174, 42.034036819401727 ], [ -71.769790705898231, 42.034098410063521 ], [ -71.769513063897989, 42.034168625374697 ], [ -71.769410023566763, 42.034219070761083 ], [ -71.769333946053436, 42.034276145640113 ], [ -71.768871212309364, 42.034599386448733 ], [ -71.768778728906938, 42.034654813196482 ], [ -71.768548018458105, 42.03478580000727 ], [ -71.767824311700551, 42.035054794410563 ], [ -71.767502195639992, 42.035165398881695 ], [ -71.766670595061001, 42.035427233914426 ], [ -71.766490594192291, 42.035503275187878 ], [ -71.76640641059933, 42.035544920865938 ], [ -71.766331831527779, 42.035590831503619 ], [ -71.766274554569236, 42.035648136045232 ], [ -71.766181047257845, 42.035752691553391 ], [ -71.76602327376871, 42.035984824272937 ], [ -71.76582704857681, 42.036383506076803 ], [ -71.765824500446143, 42.036380078127941 ], [ -71.765578352540928, 42.036644030780458 ], [ -71.765129455178638, 42.036991752804703 ], [ -71.764812178824172, 42.037265376155275 ], [ -71.764445501694496, 42.037617639898919 ], [ -71.764236854736268, 42.037879263752842 ], [ -71.764125545691869, 42.037989898093208 ], [ -71.764041317813266, 42.037991221589387 ] ] ] } },
{ "type": "Feature", "properties": { "OBJECTID": 5625, "LOCAL_NAME": null, "SURFACE_TYPE": "Paved", "Shape__Length": 696.77170340820305 }, "geometry": { "type": "MultiLineString", "coordinates": [ [ [ -71.803890487364924, 42.248023044507768 ], [ -71.80399788788317, 42.248252644144195 ], [ -71.804028187551793, 42.248355844222935 ], [ -71.804077188463879, 42.248545644628457 ], [ -71.804224587855614, 42.248862645058594 ], [ -71.804268588908869, 42.248956844432293 ], [ -71.804833390728419, 42.250164845638068 ], [ -71.805064892942241, 42.250661744931129 ], [ -71.805490898312101, 42.251576044610147 ], [ -71.805631100345309, 42.251876944575166 ], [ -71.805884203064679, 42.252420043975626 ], [ -71.805906304270664, 42.252461344136634 ], [ -71.805924904097111, 42.252496043594178 ], [ -71.805954604440544, 42.252529743851603 ], [ -71.805994904621201, 42.25255914392244 ], [ -71.806046504395994, 42.252581844423801 ], [ -71.806093204856779, 42.252592043746105 ], [ -71.806143404474824, 42.252596844507764 ], [ -71.806197404981049, 42.252595744430963 ], [ -71.806706504804438, 42.25257234479929 ], [ -71.806785604497009, 42.252573644246787 ], [ -71.806863004714756, 42.252581344834383 ], [ -71.806946204122099, 42.252596644635233 ], [ -71.807023404481924, 42.252618845030987 ], [ -71.807119704362549, 42.252654944500129 ], [ -71.807420304847739, 42.252766444992822 ], [ -71.807464305884025, 42.252773445003896 ], [ -71.807515105312845, 42.252772945276568 ], [ -71.807542405017145, 42.252767045416164 ], [ -71.807570004765068, 42.252761044812061 ], [ -71.807620105652234, 42.252739745404917 ], [ -71.807664105404385, 42.252705344902864 ], [ -71.807685666514175, 42.252677412856777 ], [ -71.807708104310734, 42.252648345876281 ], [ -71.807732475023883, 42.252616047925891 ], [ -71.807765904041403, 42.25257174536253 ] ] ] } },
{ "type": "Feature", "properties": { "OBJECTID": 5626, "LOCAL_NAME": null, "SURFACE_TYPE": "Paved", "Shape__Length": 365.21883089882505 }, "geometry": { "type": "MultiLineString", "coordinates": [ [ [ -71.807520106295726, 42.252961444554963 ], [ -71.807351808366221, 42.253194844876631 ], [ -71.807218809302128, 42.25336604401938 ], [ -71.807102009812283, 42.253510043847079 ], [ -71.806975810345619, 42.253658743948527 ], [ -71.806941810833095, 42.253691843524415 ], [ -71.806907311239655, 42.253704543561412 ], [ -71.806866310691831, 42.253708643257788 ], [ -71.806829510463032, 42.25370024361618 ], [ -71.806802310879505, 42.253686143707817 ], [ -71.806702409541586, 42.253568843565802 ], [ -71.806528508210363, 42.253353344042353 ], [ -71.806355307516199, 42.253141143791737 ], [ -71.806276107159789, 42.253037044112801 ], [ -71.806252606968727, 42.253003243680141 ], [ -71.806198706658293, 42.252907643764225 ], [ -71.806179206092764, 42.252879444241657 ], [ -71.806067005007733, 42.252739944238883 ], [ -71.806078104706486, 42.252705443853934 ], [ -71.80610270450822, 42.252700543665213 ], [ -71.806154105229226, 42.252697844397204 ], [ -71.806317904690601, 42.25268964433284 ], [ -71.806458905228553, 42.252671844619258 ], [ -71.806610704682839, 42.252653844846009 ], [ -71.806701404270342, 42.252646644232108 ], [ -71.806783905223895, 42.25264784456779 ], [ -71.806854204361215, 42.252655845023789 ], [ -71.806926004516981, 42.252671744286367 ], [ -71.806987105091508, 42.252688845198655 ], [ -71.807317805718199, 42.252812644667721 ], [ -71.80744680598545, 42.252860344993465 ], [ -71.807483705474993, 42.252873544588049 ], [ -71.807501406546535, 42.25287994516767 ], [ -71.807520605907499, 42.252904145226779 ], [ -71.807520106295726, 42.252961444554963 ] ] ] } },
{ "type": "Feature", "properties": { "OBJECTID": 5627, "LOCAL_NAME": null, "SURFACE_TYPE": "Paved", "Shape__Length": 684.94183889748808 }, "geometry": { "type": "MultiLineString", "coordinates": [ [ [ -71.806723712792703, 42.253997443408778 ], [ -71.806766611845887, 42.253931442868712 ], [ -71.80678361147973, 42.253899343077435 ], [ -71.806783711831173, 42.253879543347658 ], [ -71.806771911636432, 42.253855742948041 ], [ -71.806740911130348, 42.25380954297345 ], [ -71.806665910645265, 42.253685143129374 ], [ -71.806632910259609, 42.253631843273439 ], [ -71.806600109865059, 42.253585543629583 ], [ -71.80646070902111, 42.253410043292341 ], [ -71.806288908341656, 42.253197143274086 ], [ -71.806173206949339, 42.253049443753184 ], [ -71.806073206845468, 42.252941343514685 ], [ -71.805975205408402, 42.252815943941336 ], [ -71.805894404963027, 42.252713543528579 ], [ -71.80587230503987, 42.252678543684716 ], [ -71.805860504913241, 42.252655643490137 ], [ -71.805809403690759, 42.252556543657128 ], [ -71.805621002155789, 42.252162544020607 ], [ -71.805583501011313, 42.252083044401147 ], [ -71.805524700248313, 42.251958244156484 ], [ -71.805259097297736, 42.25139044492056 ], [ -71.805193296422104, 42.251246144522298 ], [ -71.80497169438587, 42.250768445226264 ], [ -71.804873392337626, 42.250556845020569 ], [ -71.804445789354304, 42.249637044897867 ], [ -71.804205689232063, 42.249123145220537 ], [ -71.804136888057613, 42.248974944595744 ], [ -71.804044987986529, 42.248780444781055 ], [ -71.804005388269587, 42.248696544861552 ], [ -71.803971388039159, 42.248621444092016 ], [ -71.803816088012098, 42.248278043879303 ] ] ] } }
]
}
