{
"type": "FeatureCollection",
"name": "communityboundaries",
"crs": { "type": "name", "properties": { "name": "urn:ogc:def:crs:OGC:1.3:CRS84" } },
"features": [
{ "type": "Feature", "properties": { "TOWN": "OXFORD" }, "geometry": { "type": "MultiPolygon", "coordinates": [ [ [ [ -71.831505122702154, 42.164253192849934 ], [ -71.825960727067113, 42.165820069262764 ], [ -71.82548632152799, 42.159920542390182 ], [ -71.834486369997279, 42.157256608203561 ], [ -71.834106104981089, 42.154990258672818 ], [ -71.830472665142523, 42.156084687025526 ], [ -71.824853556612524, 42.155332144002706 ], [ -71.829587845579766, 42.144866976679587 ], [ -71.831943400651653, 42.143775380110164 ], [ -71.829531319324389, 42.129390668867003 ], [ -71.817953626261456, 42.133265512601746 ], [ -71.797177686477752, 42.099171866756521 ], [ -71.809218689976021, 42.095363830591523 ], [ -71.811322243463337, 42.098874811827237 ], [ -71.830064711871273, 42.092777964889372 ], [ -71.881506071739125, 42.075896055903534 ], [ -71.891140039916067, 42.072732626859398 ], [ -71.895114555382435, 42.094248123977685 ], [ -71.90922925004017, 42.091273186070268 ], [ -71.911890789881042, 42.101311723572259 ], [ -71.899489831350422, 42.104114450321319 ], [ -71.903669955157753, 42.125104683883372 ], [ -71.916967882201362, 42.190862817216491 ], [ -71.895136887281808, 42.192425890451062 ], [ -71.87580290035271, 42.170120351107805 ], [ -71.858097097355824, 42.160706356577435 ], [ -71.834924906866718, 42.159828624392262 ], [ -71.831505122702154, 42.164253192849934 ] ] ] ] } },
{ "type": "Feature", "properties": { "TOWN": "WORCESTER" }, "geometry": { "type": "MultiPolygon", "coordinates": [ [ [ [ -71.768268236033279, 42.311259898633324 ], [ -71.758543039150311, 42.296221279989339 ], [ -71.751279731142219, 42.254494376727258 ], [ -71.746079832027732, 42.243838767772445 ], [ -71.731238048371722, 42.241286206444386 ], [ -71.733429796770807, 42.237974955535456 ], [ -71.797141141147804, 42.210039714036746 ], [ -71.803835453409803, 42.220926475331069 ], [ -71.80675208537447, 42.223898652015649 ], [ -71.810035467717569, 42.231262729229073 ], [ -71.856633164522336, 42.226675663386345 ], [ -71.884044191999322, 42.281252774460725 ], [ -71.875388639308184, 42.286544536242708 ], [ -71.802043574471014, 42.331345408915915 ], [ -71.785895960276605, 42.341186950016933 ], [ -71.779721007730302, 42.32896219171284 ], [ -71.768268236033279, 42.311259898633324 ] ] ] ] } },
{ "type": "Feature", "properties": { "TOWN": "WEST BROOKFIELD" }, "geometry": { "type": "MultiPolygon", "coordinates": [ [ [ [ -72.134785053704022, 42.281148427492617 ], [ -72.117351285039689, 42.278820538334678 ], [ -72.125037915917432, 42.263473467116327 ], [ -72.11329307664333, 42.252431910779187 ], [ -72.117382043333635, 42.242770945184695 ], [ -72.111251388424392, 42.238582044972468 ], [ -72.112765270118473, 42.233218291208978 ], [ -72.118793285844546, 42.230946109508913 ], [ -72.11986556064798, 42.213940940814709 ], [ -72.120385291952829, 42.214068499131166 ], [ -72.120904729563577, 42.214252417373473 ], [ -72.12134043045144, 42.214431204797201 ], [ -72.12181421628631, 42.214615366193904 ], [ -72.122249966365786, 42.214810986091507 ], [ -72.122563672962016, 42.21497341429972 ], [ -72.122892751400869, 42.215147012320045 ], [ -72.123168434032664, 42.215309735369296 ], [ -72.123467107934374, 42.215494841069976 ], [ -72.123742959192398, 42.215674398006477 ], [ -72.123988414335358, 42.2158542096509 ], [ -72.124272335092471, 42.216090352206571 ], [ -72.124525803300855, 42.216320987763844 ], [ -72.12666228383894, 42.218352186669208 ], [ -72.128384180634512, 42.220017922513605 ], [ -72.129843859319777, 42.221237968495736 ], [ -72.142257946426753, 42.197452398524412 ], [ -72.139699781730485, 42.179536056201144 ], [ -72.147210905456419, 42.18147230478948 ], [ -72.153902549853854, 42.20718305047 ], [ -72.170098046394401, 42.232579820567402 ], [ -72.170607703118677, 42.233288195044373 ], [ -72.170840987420192, 42.233386408152917 ], [ -72.171127869195033, 42.233477734923589 ], [ -72.171193762089885, 42.233533710272177 ], [ -72.171200659323205, 42.233590120699553 ], [ -72.17106244019223, 42.233785940808033 ], [ -72.171059149129448, 42.233806937770524 ], [ -72.171087448910427, 42.233825139032305 ], [ -72.171161783302466, 42.233843071054565 ], [ -72.171239510713747, 42.233861073215067 ], [ -72.171275457746233, 42.233914972847707 ], [ -72.171283176313736, 42.233991725947114 ], [ -72.171262679862437, 42.234046856079004 ], [ -72.17128757724204, 42.234075521035678 ], [ -72.171329968109646, 42.234085806926352 ], [ -72.171390267294427, 42.23411687571086 ], [ -72.171432991067562, 42.234158581173929 ], [ -72.171433674009478, 42.234188738272145 ], [ -72.171359387710837, 42.234198266243325 ], [ -72.171321093551356, 42.234243056663928 ], [ -72.171304054936016, 42.234292944651294 ], [ -72.17137190807253, 42.234373757567099 ], [ -72.171603131534127, 42.234574258809801 ], [ -72.171797250820347, 42.234588788332211 ], [ -72.171895373236922, 42.234530592673885 ], [ -72.171966046653296, 42.234545934653781 ], [ -72.172019736378175, 42.234616296249662 ], [ -72.172108698695439, 42.234699686106943 ], [ -72.172222356651304, 42.234769786400499 ], [ -72.172462770199914, 42.234831220959876 ], [ -72.172565535038771, 42.234890850873455 ], [ -72.17271408605454, 42.234926713658403 ], [ -72.172834215294174, 42.234944376140881 ], [ -72.172975117104883, 42.234933016051215 ], [ -72.173159774166621, 42.235060320229223 ], [ -72.173320535586242, 42.235253308426294 ], [ -72.173615703439893, 42.235484761959292 ], [ -72.173885184922085, 42.235624711866855 ], [ -72.17408206350845, 42.235750232170012 ], [ -72.174159518708052, 42.235890408897305 ], [ -72.174186517859496, 42.236013955778063 ], [ -72.174253425679566, 42.23623315343643 ], [ -72.174366688414054, 42.236459191275884 ], [ -72.174507876184336, 42.236702081126907 ], [ -72.174874202809804, 42.236833806655937 ], [ -72.175230153374358, 42.236855751687521 ], [ -72.175604493209008, 42.236863812293244 ], [ -72.175697236932393, 42.236914765200886 ], [ -72.175739681248288, 42.236986631802999 ], [ -72.175809161236586, 42.237003328955012 ], [ -72.175887189991357, 42.236958213005593 ], [ -72.175976572117463, 42.236909788935435 ], [ -72.176228158606136, 42.236870402788625 ], [ -72.176381004604835, 42.236910737201413 ], [ -72.176515068958096, 42.23691678948213 ], [ -72.176666779074864, 42.236850711069799 ], [ -72.176754527739092, 42.236853614896653 ], [ -72.176847697353566, 42.236921670660792 ], [ -72.176959246328991, 42.236986286707769 ], [ -72.177051463234434, 42.236965125108696 ], [ -72.177167284311707, 42.236998654324971 ], [ -72.177205006471155, 42.237070638291385 ], [ -72.177298397216333, 42.237159309970401 ], [ -72.177446970975723, 42.237230549542581 ], [ -72.177655146692516, 42.23726704434273 ], [ -72.177678800437164, 42.23731498235103 ], [ -72.177606403295215, 42.237456131601796 ], [ -72.177519927199157, 42.237583678887617 ], [ -72.177497998133347, 42.237697070000749 ], [ -72.177504594953248, 42.237872145449877 ], [ -72.177585339886051, 42.238081085740184 ], [ -72.177748361753842, 42.238200227262482 ], [ -72.177808955896722, 42.238258210848493 ], [ -72.177805674138895, 42.238381845678653 ], [ -72.177825054898037, 42.23846069023967 ], [ -72.177882037434955, 42.238611429207708 ], [ -72.178018345876907, 42.238826883478694 ], [ -72.178283154246685, 42.238969461683425 ], [ -72.178422598933068, 42.239047596470272 ], [ -72.178460468308955, 42.23913308410598 ], [ -72.178341655803138, 42.239250649389113 ], [ -72.178319543579818, 42.23934684539207 ], [ -72.17829744259501, 42.239432777550412 ], [ -72.178196540588246, 42.239491805341999 ], [ -72.178174711539697, 42.239625813532143 ], [ -72.178235703478833, 42.239811371412294 ], [ -72.178332304594065, 42.240108900003506 ], [ -72.17839021858002, 42.240335080898234 ], [ -72.178420829567628, 42.240602658301157 ], [ -72.178492730002986, 42.240856306566975 ], [ -72.17853174089629, 42.241048296521114 ], [ -72.178589657416069, 42.24127456730286 ], [ -72.178642695247163, 42.241463863311253 ], [ -72.178733844455977, 42.241749719439753 ], [ -72.178773045073768, 42.242004551232533 ], [ -72.178682622484914, 42.242193885271199 ], [ -72.178684351253963, 42.242355304292062 ], [ -72.178749785390579, 42.242423522510585 ], [ -72.178875720153684, 42.242529196718515 ], [ -72.178965352889819, 42.242707202014422 ], [ -72.179010248247991, 42.242950565805067 ], [ -72.179047543310546, 42.243050011720833 ], [ -72.179097388228698, 42.243065472582217 ], [ -72.179126533337424, 42.243094110698543 ], [ -72.179133349498869, 42.243130893875545 ], [ -72.179118429785589, 42.243197246468704 ], [ -72.179142968717215, 42.243327469092058 ], [ -72.179168235825685, 42.243356040111443 ], [ -72.179175907476903, 42.243382194324845 ], [ -72.179186296800324, 42.243413194238748 ], [ -72.179172149534566, 42.243461175526988 ], [ -72.179118238683401, 42.24360905866174 ], [ -72.179129029334973, 42.243756648967597 ], [ -72.179209503002042, 42.243927775699106 ], [ -72.179302712144505, 42.244009604275597 ], [ -72.179321618756575, 42.244043884985075 ], [ -72.179308089376178, 42.244081688896152 ], [ -72.179192863252609, 42.244161509846059 ], [ -72.179166041500338, 42.244202723619644 ], [ -72.179189782507024, 42.244247149472599 ], [ -72.179296962582882, 42.244332316630143 ], [ -72.179357785027264, 42.244410915583614 ], [ -72.179280595924553, 42.244534987769164 ], [ -72.179258457762558, 42.244617498991701 ], [ -72.179277536744934, 42.244679148719207 ], [ -72.179347211406935, 42.244713128946188 ], [ -72.17952679389488, 42.24465714572716 ], [ -72.179647530048044, 42.244718193484438 ], [ -72.179722618447897, 42.244827589087386 ], [ -72.179737693845709, 42.244933918820067 ], [ -72.179673580888505, 42.244989218634466 ], [ -72.179679436613611, 42.24510586673005 ], [ -72.179558317858536, 42.245201298627002 ], [ -72.179501546270373, 42.245319758037624 ], [ -72.179507071544563, 42.245405616804966 ], [ -72.179437456134224, 42.245501553934751 ], [ -72.17942067194808, 42.245529653551408 ], [ -72.179448426124267, 42.245564061925457 ], [ -72.179509095982127, 42.245594404008187 ], [ -72.179537688729965, 42.245673103628064 ], [ -72.179593478291906, 42.245700323405593 ], [ -72.179653344534003, 42.245689615126487 ], [ -72.179722762664838, 42.245699557836978 ], [ -72.179737028025443, 42.245730354670862 ], [ -72.17966892458243, 42.245854283240597 ], [ -72.179563224891155, 42.245896144218754 ], [ -72.179470627067474, 42.245882917382104 ], [ -72.179416184966954, 42.245958777338295 ], [ -72.179403233877736, 42.246061851735213 ], [ -72.179445677399613, 42.246143980669757 ], [ -72.179567797429044, 42.246254718524199 ], [ -72.181126226935078, 42.24607414808554 ], [ -72.182162337417012, 42.247971382232357 ], [ -72.182506686490029, 42.25138797146171 ], [ -72.211076830675708, 42.251252266578248 ], [ -72.211212988337223, 42.252132844747877 ], [ -72.211457483432312, 42.25241898460817 ], [ -72.211101763802731, 42.25567722568757 ], [ -72.216090865464565, 42.256196763184462 ], [ -72.217818377398544, 42.270179940338366 ], [ -72.212779114551012, 42.269804835559356 ], [ -72.212043206465552, 42.282651628577035 ], [ -72.207109735646583, 42.285246048157603 ], [ -72.203956879660552, 42.288879127239611 ], [ -72.203281829292735, 42.291181872357427 ], [ -72.210798596211532, 42.294479126390982 ], [ -72.169044148269506, 42.297851216044378 ], [ -72.170446895576333, 42.294034696438921 ], [ -72.170544240351404, 42.291523592329469 ], [ -72.164741220698176, 42.291356911473322 ], [ -72.164743983438569, 42.29178184530619 ], [ -72.161738524300262, 42.291876356359026 ], [ -72.161541300402135, 42.288354100225632 ], [ -72.144948944373212, 42.291220631155561 ], [ -72.145691026763373, 42.277159630479481 ], [ -72.134785053704022, 42.281148427492617 ] ] ] ] } },
{ "type": "Feature", "properties": { "TOWN": "DUDLEY" }, "geometry": { "type": "MultiPolygon", "coordinates": [ [ [ [ -71.881506071739125, 42.075896055903534 ], [ -71.879461352953413, 42.069445833328302 ], [ -71.878979302754402, 42.067758041932429 ], [ -71.8790643548829, 42.067391143806432 ], [ -71.879098940427141, 42.066950225151828 ], [ -71.878984635350491, 42.066565440314207 ], [ -71.878854810813124, 42.066272811021541 ], [ -71.87882654675667, 42.066152889889082 ], [ -71.8788413347107, 42.066018871048172 ], [ -71.879283848455032, 42.064527260243501 ], [ -71.879610168662268, 42.063895043074993 ], [ -71.879821083198848, 42.063745877922962 ], [ -71.880218944127492, 42.063642458705715 ], [ -71.880641425054804, 42.063474042009801 ], [ -71.881038401794328, 42.063203520555277 ], [ -71.881429956588391, 42.063076979467212 ], [ -71.881771368741099, 42.0628901917839 ], [ -71.88204365067233, 42.062620082704818 ], [ -71.882104794191804, 42.062420364132848 ], [ -71.882140286153842, 42.062114041372659 ], [ -71.882132329021601, 42.061835594030079 ], [ -71.881797252695449, 42.06096428683518 ], [ -71.881581160326945, 42.060268957754595 ], [ -71.881617247493026, 42.060041412504461 ], [ -71.881895940366476, 42.059794600957922 ], [ -71.882068964493357, 42.059575871928644 ], [ -71.88224193219331, 42.059347959385306 ], [ -71.882358794100512, 42.059092323626537 ], [ -71.882325669992824, 42.058767592951277 ], [ -71.882118204512281, 42.058562379000328 ], [ -71.881688912253239, 42.058495836334188 ], [ -71.881333938789865, 42.058492518133036 ], [ -71.881028516537256, 42.05845175992372 ], [ -71.880766541165656, 42.058383035947571 ], [ -71.880510597915531, 42.058272425676641 ], [ -71.880248411203922, 42.058147970403091 ], [ -71.880073154792314, 42.058014042397936 ], [ -71.879928911465868, 42.057833553804521 ], [ -71.879883467822495, 42.057527410251723 ], [ -71.880101836025972, 42.056547569221024 ], [ -71.880388213051418, 42.055507179001481 ], [ -71.880361604789599, 42.055219519860749 ], [ -71.880241309236268, 42.054881213019264 ], [ -71.880055188828905, 42.054484602811023 ], [ -71.880025279339904, 42.054291039718002 ], [ -71.880079791139039, 42.053911906904624 ], [ -71.880172061806633, 42.053725950912941 ], [ -71.880387713604776, 42.053344751827886 ], [ -71.880713214699981, 42.052587206131662 ], [ -71.88073696009404, 42.052396885909367 ], [ -71.880511513272182, 42.052170210754433 ], [ -71.88044795859976, 42.051966315690166 ], [ -71.880471787555223, 42.051789860422865 ], [ -71.880495793232342, 42.051622768064128 ], [ -71.880581972436829, 42.051469334096339 ], [ -71.88092321357027, 42.051264002048569 ], [ -71.881246396825404, 42.051170100853312 ], [ -71.881632134243574, 42.051113174034811 ], [ -71.881881238966955, 42.051135571573532 ], [ -71.882149466645274, 42.051204182035228 ], [ -71.882448173466415, 42.051198592237888 ], [ -71.882840190949295, 42.051141550318384 ], [ -71.883175645234928, 42.051019782176766 ], [ -71.883423779241397, 42.050861211805298 ], [ -71.88372172771497, 42.050730294256269 ], [ -71.883970503751669, 42.050678410512859 ], [ -71.884188590408925, 42.05070549883925 ], [ -71.884431954705562, 42.050797506182008 ], [ -71.884849329769565, 42.050819241715885 ], [ -71.885441093040257, 42.050872980597191 ], [ -71.886089470828324, 42.051019260152962 ], [ -71.88643224360348, 42.051069152101661 ], [ -71.886848964409523, 42.051002829552559 ], [ -71.887202427489328, 42.050765025203582 ], [ -71.887480264874014, 42.050388103624094 ], [ -71.887559254263749, 42.05004912906255 ], [ -71.887538153900152, 42.049659354314343 ], [ -71.887436517583993, 42.04933485667987 ], [ -71.88739059169842, 42.048954529450974 ], [ -71.887425322497663, 42.048508924696854 ], [ -71.887458404649792, 42.047812761447503 ], [ -71.887404848211816, 42.04719107938292 ], [ -71.887234022062174, 42.046750852216555 ], [ -71.886996320793529, 42.046575280303827 ], [ -71.886808966726591, 42.04645526860908 ], [ -71.88662142819382, 42.046344530713874 ], [ -71.886396912811861, 42.046271011333111 ], [ -71.886333916848287, 42.04614130530085 ], [ -71.886332760594598, 42.045951067772009 ], [ -71.886560556616061, 42.045551268448285 ], [ -71.886796473393176, 42.04543441747294 ], [ -71.886938476369693, 42.045248287541433 ], [ -71.886999361962054, 42.045011472714158 ], [ -71.887041735392842, 42.044848908348527 ], [ -71.887040802354235, 42.044695673934619 ], [ -71.886977532237097, 42.044501054769313 ], [ -71.887072826319255, 42.044281590043369 ], [ -71.887218219572873, 42.0441568513275 ], [ -71.887285658585853, 42.043984928520459 ], [ -71.887278226527201, 42.043776165212847 ], [ -71.887295441658267, 42.043548681454858 ], [ -71.887311731871463, 42.043149596311217 ], [ -71.887407297655244, 42.042499588461759 ], [ -71.887509290846708, 42.041854150425792 ], [ -71.887943580853118, 42.040599767122785 ], [ -71.888454060316263, 42.039581822308556 ], [ -71.888602524945455, 42.039428260429986 ], [ -71.88863933338591, 42.039344493891299 ], [ -71.888694323573418, 42.03917261240791 ], [ -71.888773285201765, 42.038852183520966 ], [ -71.889028167125772, 42.037793238466804 ], [ -71.889173373384637, 42.037068871809346 ], [ -71.889226364110357, 42.036590701384505 ], [ -71.889298272367071, 42.036144968771247 ], [ -71.889345848213878, 42.035768915147415 ], [ -71.889313468031361, 42.035569510146729 ], [ -71.889268847930367, 42.035402649042496 ], [ -71.889142290109689, 42.035068873672103 ], [ -71.888952687559097, 42.034596210100524 ], [ -71.888888846522889, 42.034327315690604 ], [ -71.888736735233053, 42.033882434784367 ], [ -71.8885415390112, 42.033520981441477 ], [ -71.88835330614053, 42.033271056196057 ], [ -71.888096027487464, 42.032947086919791 ], [ -71.887807723530372, 42.032604765298522 ], [ -71.887563652309865, 42.032405987288108 ], [ -71.887475479531673, 42.032225317751283 ], [ -71.887530269145515, 42.032021025112229 ], [ -71.887610131787227, 42.03184887963485 ], [ -71.887727395978686, 42.031690832680205 ], [ -71.887838188272852, 42.031481578211604 ], [ -71.887832117599146, 42.03123868711539 ], [ -71.887829276377843, 42.031050075553885 ], [ -71.887689221231099, 42.030698427464323 ], [ -71.887385855039469, 42.03037929452509 ], [ -71.887139262291683, 42.030161436928232 ], [ -71.886945245461604, 42.029990398678656 ], [ -71.886782328759509, 42.029809981427903 ], [ -71.886731298669673, 42.029619912164087 ], [ -71.886797932664706, 42.029317982905773 ], [ -71.886883877101837, 42.02911358513127 ], [ -71.887050189850882, 42.028820591969087 ], [ -71.887098783027611, 42.028630185652098 ], [ -71.88704069067694, 42.028291674319519 ], [ -71.886216087887348, 42.026749118133665 ], [ -71.885983234347577, 42.026364738707052 ], [ -71.88580117081564, 42.026091559564229 ], [ -71.885668821804785, 42.025832167759162 ], [ -71.885448802753729, 42.025452425714285 ], [ -71.885261055429183, 42.025276681683195 ], [ -71.884992455693023, 42.025129120112176 ], [ -71.884662241241116, 42.025055953220807 ], [ -71.884348774253354, 42.025036479410879 ], [ -71.884032418443255, 42.024858554549134 ], [ -71.883949076236277, 42.024394618912133 ], [ -71.90337231206432, 42.024584895634604 ], [ -71.963150006066016, 42.026224213834134 ], [ -71.987528652210017, 42.026882603726825 ], [ -71.993125954628468, 42.02693549678412 ], [ -71.994698003866688, 42.031024205249935 ], [ -71.98904468595191, 42.044585209304103 ], [ -71.988494605865853, 42.050273953561081 ], [ -71.988246052907954, 42.054510951280648 ], [ -71.988413806433371, 42.055117697057533 ], [ -71.988743805148971, 42.055629393724715 ], [ -71.989218447486294, 42.056113280771299 ], [ -71.989747876882461, 42.056650951983727 ], [ -71.990458945624923, 42.057241862986906 ], [ -71.991023265705266, 42.057617407026129 ], [ -71.991571510896364, 42.05781943117443 ], [ -71.993331861980479, 42.065378877836878 ], [ -71.992843483411477, 42.072561929603268 ], [ -71.90922925004017, 42.091273186070268 ], [ -71.895114555382435, 42.094248123977685 ], [ -71.891140039916067, 42.072732626859398 ], [ -71.881506071739125, 42.075896055903534 ] ] ] ] } },
{ "type": "Feature", "properties": { "TOWN": "UPTON" }, "geometry": { "type": "MultiPolygon", "coordinates": [ [ [ [ -71.599318658924361, 42.225959233358353 ], [ -71.602222012903511, 42.218101551204889 ], [ -71.58291140029236, 42.19555976428893 ], [ -71.571433102602654, 42.19466043996934 ], [ -71.571663816025591, 42.19429342146573 ], [ -71.571858137014246, 42.193972971093714 ], [ -71.571999471926276, 42.193692167129605 ], [ -71.572069843171789, 42.193398173164951 ], [ -71.572174888294441, 42.192721527469843 ], [ -71.556782493433644, 42.192450290461927 ], [ -71.55642077067094, 42.192077112751434 ], [ -71.556244268196011, 42.191821062769129 ], [ -71.556179985712703, 42.191552983422355 ], [ -71.556131716222595, 42.191320638298684 ], [ -71.556131494563232, 42.191070443547147 ], [ -71.556066082887313, 42.190893025412862 ], [ -71.556131082835051, 42.190605706092327 ], [ -71.556050784796952, 42.1904329768238 ], [ -71.55601055432291, 42.190254285877792 ], [ -71.555858166124764, 42.190016139508643 ], [ -71.555817941613114, 42.189843300466791 ], [ -71.555849808213623, 42.189599032016254 ], [ -71.555881543024228, 42.189342879576095 ], [ -71.555953470279462, 42.189086707472718 ], [ -71.555881211986488, 42.188967542302819 ], [ -71.555849151831922, 42.188854389524522 ], [ -71.555929058042366, 42.188723265989083 ], [ -71.556073237218484, 42.188717253421856 ], [ -71.556233475215834, 42.188663516579183 ], [ -71.556196337277129, 42.188558559168641 ], [ -71.556105065359347, 42.18843130071172 ], [ -71.556093106204727, 42.188323810061668 ], [ -71.556313210272151, 42.188204771572401 ], [ -71.556425275329858, 42.188163032215847 ], [ -71.556537398723563, 42.188186834985672 ], [ -71.556673511972818, 42.188097367293636 ], [ -71.556697364647249, 42.187966270945644 ], [ -71.556609190261497, 42.187918688413021 ], [ -71.556344948590947, 42.188091587507287 ], [ -71.556240857211009, 42.187978470261619 ], [ -71.556204443385923, 42.187870541476784 ], [ -71.556280652973442, 42.18766865544243 ], [ -71.556376583520489, 42.187454155353223 ], [ -71.556432380182358, 42.18730512721686 ], [ -71.556448247541041, 42.187043040317576 ], [ -71.556416123619812, 42.186858313362286 ], [ -71.556447865360056, 42.186614044676318 ], [ -71.556696047986861, 42.186494811492302 ], [ -71.556800123539503, 42.186321991139145 ], [ -71.556799893935093, 42.186065854153725 ], [ -71.556983997374118, 42.185904877911447 ], [ -71.557056077198354, 42.185827415662551 ], [ -71.557056028882172, 42.18577375743623 ], [ -71.556935745335153, 42.185690448988808 ], [ -71.556887819845102, 42.185839383471979 ], [ -71.556799680311855, 42.185827543212113 ], [ -71.556599496011614, 42.185875268596952 ], [ -71.556455318049927, 42.185875339817414 ], [ -71.556263144241228, 42.185946918775649 ], [ -71.55609477571339, 42.185833832947061 ], [ -71.555943676257158, 42.185672572046627 ], [ -71.555661969962458, 42.18552424892966 ], [ -71.555485608693502, 42.185405134037971 ], [ -71.555421429783024, 42.185244370444096 ], [ -71.555485353100977, 42.185113254871453 ], [ -71.555605329611794, 42.184988054055573 ], [ -71.555509029648917, 42.184779589868953 ], [ -71.555341042997114, 42.184821445453977 ], [ -71.5552689035203, 42.184970390986472 ], [ -71.555180744719252, 42.184934691375297 ], [ -71.555196678848517, 42.184743998811051 ], [ -71.555196569913022, 42.184618946312234 ], [ -71.555172412783548, 42.184541531616219 ], [ -71.555068249656856, 42.184476039492161 ], [ -71.555132074463117, 42.184231755631629 ], [ -71.555204113075831, 42.184106578304231 ], [ -71.555468356941603, 42.183951597797368 ], [ -71.555444079756541, 42.183737066530249 ], [ -71.555435907814996, 42.183528469471341 ], [ -71.555643876315898, 42.18325449526521 ], [ -71.555715839425844, 42.183045859207141 ], [ -71.555725324444566, 42.18281951750248 ], [ -71.555923757620917, 42.182718046153056 ], [ -71.555995872034401, 42.182682358737523 ], [ -71.555939794270216, 42.182646643994651 ], [ -71.555819554837385, 42.182605018521606 ], [ -71.555738361938637, 42.182503413481292 ], [ -71.555663249460181, 42.18243331615853 ], [ -71.555545445336534, 42.182407354549284 ], [ -71.555510807876317, 42.182387654643783 ], [ -71.555497357417451, 42.182371725740474 ], [ -71.555497331790832, 42.182342465784927 ], [ -71.555510362466535, 42.182293752870045 ], [ -71.555527736696092, 42.182228832324128 ], [ -71.555573812012327, 42.18217812268319 ], [ -71.555641235372079, 42.182176919513502 ], [ -71.555684855795491, 42.182225514854494 ], [ -71.555670956091404, 42.182249379747255 ], [ -71.555658751937685, 42.182274234150739 ], [ -71.55568091354175, 42.182285117078514 ], [ -71.555732977996342, 42.182300126850009 ], [ -71.555824575274187, 42.182257947838103 ], [ -71.555885696526857, 42.182248104655066 ], [ -71.555916180930907, 42.182225402030546 ], [ -71.555929358135998, 42.182205948964068 ], [ -71.555929326509343, 42.182170116771168 ], [ -71.555905700239776, 42.182145549944373 ], [ -71.555864879148444, 42.182114329239994 ], [ -71.555806986939004, 42.182079425591695 ], [ -71.555719699144404, 42.182066413688531 ], [ -71.555536281569061, 42.182034091828186 ], [ -71.555339909046197, 42.181998444806894 ], [ -71.555160841073615, 42.181956306898563 ], [ -71.555086652280039, 42.181972548166918 ], [ -71.555038711411783, 42.181966179062933 ], [ -71.554907728143547, 42.181956428659575 ], [ -71.554837747942912, 42.181940256703683 ], [ -71.554816043617265, 42.181897952687734 ], [ -71.554641449560705, 42.181849419646902 ], [ -71.554318304239175, 42.181771697000841 ], [ -71.554082611947592, 42.181758844251611 ], [ -71.553960498981979, 42.181788071855884 ], [ -71.553820840221022, 42.181824780132089 ], [ -71.55375454725079, 42.181588480775694 ], [ -71.553688704880287, 42.181454816137453 ], [ -71.553646538783198, 42.181405859229315 ], [ -71.553592283296112, 42.181375004136861 ], [ -71.553298758553268, 42.181249998628267 ], [ -71.55310089610208, 42.181165371776608 ], [ -71.552928730377516, 42.181121696657094 ], [ -71.552867098069626, 42.18109858727292 ], [ -71.552825160075926, 42.181031803880195 ], [ -71.552769176118304, 42.180814135520635 ], [ -71.552603054072463, 42.180612813385437 ], [ -71.552548927028241, 42.18044349053325 ], [ -71.552600404838458, 42.180046161408193 ], [ -71.552590548849793, 42.179984314849499 ], [ -71.552548513013932, 42.179944270507818 ], [ -71.55248859578316, 42.179944298019819 ], [ -71.552422674275434, 42.180002308023532 ], [ -71.552368820253392, 42.180015657237298 ], [ -71.552308884522816, 42.179993357050279 ], [ -71.552099014557086, 42.179873081793517 ], [ -71.552008997813985, 42.179775079327733 ], [ -71.551912889446726, 42.179480902648763 ], [ -71.551846785492998, 42.179315996377582 ], [ -71.55175517312621, 42.17918954472394 ], [ -71.551732858861726, 42.179137787160791 ], [ -71.551717200544104, 42.179084225969035 ], [ -71.551714746980238, 42.179044163411447 ], [ -71.551750529306389, 42.178839057258443 ], [ -71.551738348646126, 42.178745520854896 ], [ -71.55168733469435, 42.178678110914262 ], [ -71.551660423769917, 42.178629686546898 ], [ -71.551666428613629, 42.178571704050988 ], [ -71.551690354960257, 42.178522626496751 ], [ -71.551738104805125, 42.178446889068248 ], [ -71.551834014560143, 42.178353213687124 ], [ -71.551941914466326, 42.178268445820592 ], [ -71.552013710814776, 42.178143630603302 ], [ -71.552055536211469, 42.17807671874251 ], [ -71.552162259847066, 42.17803435567248 ], [ -71.552217302388925, 42.177996427616918 ], [ -71.552243520673343, 42.177938615914158 ], [ -71.552283015934535, 42.177688672551454 ], [ -71.552276455899403, 42.177659775684447 ], [ -71.552277771598753, 42.177640688567152 ], [ -71.552291319815353, 42.177630598930811 ], [ -71.552355213725235, 42.177611843305023 ], [ -71.552391251997562, 42.177573383676723 ], [ -71.552401632881171, 42.177538807117692 ], [ -71.552455825556009, 42.17749844850308 ], [ -71.55249196885751, 42.177440812246729 ], [ -71.552515671235, 42.177414872512124 ], [ -71.552525469959335, 42.177408205737414 ], [ -71.55254410990652, 42.177407927082541 ], [ -71.552562760831748, 42.177420882938328 ], [ -71.552636611818244, 42.177440745764997 ], [ -71.552671355350839, 42.177446761828278 ], [ -71.552695934286945, 42.177456113702412 ], [ -71.552703703246806, 42.177483029313329 ], [ -71.552714133451559, 42.177507963020709 ], [ -71.55273993256165, 42.177529018318914 ], [ -71.552778069330387, 42.17753989444487 ], [ -71.552807129211871, 42.177552125210731 ], [ -71.552828574744851, 42.177577774066627 ], [ -71.552844449281395, 42.177599644201834 ], [ -71.552870260415716, 42.177635014352084 ], [ -71.55293120282488, 42.177705660290755 ], [ -71.552957013373629, 42.177740220144656 ], [ -71.552980291729327, 42.17778630509968 ], [ -71.553006450925068, 42.177803488848845 ], [ -71.553029334196097, 42.177811310914677 ], [ -71.553052697942704, 42.177814721247074 ], [ -71.553119148462301, 42.177813610034164 ], [ -71.553161639010639, 42.177819802411996 ], [ -71.553196389905068, 42.177834281201854 ], [ -71.553382623369046, 42.177920353840562 ], [ -71.553526988105901, 42.178019500235088 ], [ -71.553560674553509, 42.178063239400394 ], [ -71.5535785123881, 42.178116169115569 ], [ -71.553575051435416, 42.178174420619413 ], [ -71.553599900818028, 42.178216813450426 ], [ -71.553621336382804, 42.178230037920116 ], [ -71.553660444039451, 42.178243254095982 ], [ -71.553781485703794, 42.178243197243518 ], [ -71.553945230242732, 42.178213950173962 ], [ -71.554076891935125, 42.178176885369837 ], [ -71.55410532301336, 42.178160846453963 ], [ -71.554130248719574, 42.178150481126089 ], [ -71.55416230878464, 42.178131829587237 ], [ -71.554197874565872, 42.178107954595667 ], [ -71.554236957377782, 42.178092090660499 ], [ -71.554290464453516, 42.178099987979628 ], [ -71.554324256535068, 42.17812509050917 ], [ -71.554365187851133, 42.178147578744323 ], [ -71.554404404208853, 42.17814629966729 ], [ -71.554457782340478, 42.178144923804297 ], [ -71.554692701000192, 42.178118342678424 ], [ -71.554824387138424, 42.178110266899132 ], [ -71.554899072028078, 42.178112931998946 ], [ -71.554963068499717, 42.178073197710894 ], [ -71.555012989558577, 42.177993676572235 ], [ -71.555030679176269, 42.177874557397885 ], [ -71.555066078865863, 42.177660087139408 ], [ -71.555080196866641, 42.1776097531571 ], [ -71.555115759738939, 42.177583266987661 ], [ -71.555158480105518, 42.1775753236886 ], [ -71.555243936896147, 42.177577893337158 ], [ -71.555329249621451, 42.17755408398402 ], [ -71.555368441207705, 42.177524895058056 ], [ -71.555389802857519, 42.177453400304344 ], [ -71.555382612941415, 42.1773978548161 ], [ -71.555364780725583, 42.177352848076097 ], [ -71.555382552749577, 42.177328981324301 ], [ -71.555421641714403, 42.177321039684841 ], [ -71.555548873672137, 42.177342675374526 ], [ -71.555581921841195, 42.177347520980064 ], [ -71.555621006051254, 42.17733417743014 ], [ -71.555636964035301, 42.177312202166505 ], [ -71.555649424818782, 42.177304993644803 ], [ -71.555670853621763, 42.177310385061844 ], [ -71.555706816000296, 42.177325762810426 ], [ -71.555734911591884, 42.177342044688828 ], [ -71.555741950518708, 42.177363198484272 ], [ -71.555745726042261, 42.177389665683847 ], [ -71.555777696935309, 42.177408196431493 ], [ -71.555813280416203, 42.177405568182074 ], [ -71.555847399432864, 42.177389345993866 ], [ -71.555838161122693, 42.177344785284291 ], [ -71.555852411065587, 42.177307595628037 ], [ -71.555902242088536, 42.177265166801973 ], [ -71.555944957453164, 42.177251911397263 ], [ -71.555984062684388, 42.177262515892153 ], [ -71.556097998585699, 42.177304774521417 ], [ -71.556153220130213, 42.177335627971772 ], [ -71.556179863840114, 42.177352450638544 ], [ -71.556187990201039, 42.177371263073276 ], [ -71.556196008460191, 42.177404660541612 ], [ -71.556226415956004, 42.177434445775809 ], [ -71.556261887744739, 42.177442351039488 ], [ -71.556283223751919, 42.177479433210635 ], [ -71.556336663709786, 42.177548280423522 ], [ -71.556415140245676, 42.17759586800976 ], [ -71.556443603590168, 42.177617011193043 ], [ -71.556468435818587, 42.177638246192608 ], [ -71.556461436645449, 42.177662017764177 ], [ -71.556425874290653, 42.177688504351138 ], [ -71.556407998026117, 42.177730917648127 ], [ -71.556376064429756, 42.177754701507432 ], [ -71.556372445060774, 42.177768027841047 ], [ -71.55638322946308, 42.177781257044842 ], [ -71.556404294084658, 42.177785208012359 ], [ -71.556454401441982, 42.177781221940634 ], [ -71.556511295345587, 42.177786505660862 ], [ -71.556547004708435, 42.177789098905059 ], [ -71.55656469554917, 42.177810247382709 ], [ -71.556560359613925, 42.177834377765606 ], [ -71.556554095938864, 42.177868502513611 ], [ -71.556564782980985, 42.177908200786121 ], [ -71.556596752042736, 42.177924120414033 ], [ -71.556643234704083, 42.177927338512639 ], [ -71.556696603823198, 42.177916148260842 ], [ -71.556732196980903, 42.177924053318762 ], [ -71.556781847528896, 42.177950497721113 ], [ -71.556871085685543, 42.177984845132137 ], [ -71.556903066746301, 42.178013999187407 ], [ -71.556970155068356, 42.178048987752611 ], [ -71.557049147338034, 42.178130426203545 ], [ -71.557074127120401, 42.178180650894745 ], [ -71.55710139667427, 42.178219710625832 ], [ -71.557127592387886, 42.178275966757163 ], [ -71.557188172964956, 42.178342109078237 ], [ -71.557284320884563, 42.178387076338801 ], [ -71.557394744804981, 42.178424203682965 ], [ -71.557473099726153, 42.1784690896801 ], [ -71.557487750392824, 42.178474124039703 ], [ -71.557522855217229, 42.178476987376449 ], [ -71.557550319348067, 42.178463288891429 ], [ -71.557576205912312, 42.178445179687806 ], [ -71.557661635137492, 42.178416056731379 ], [ -71.557695158113191, 42.178409827708421 ], [ -71.557729278254911, 42.178394775362122 ], [ -71.557759643947392, 42.178377384102212 ], [ -71.557795804361675, 42.178343244189669 ], [ -71.557828835395966, 42.178328552486661 ], [ -71.557885838857942, 42.178320600951636 ], [ -71.557912461638438, 42.178313565079613 ], [ -71.557946352517675, 42.178312647610255 ], [ -71.557966574155643, 42.178321010224039 ], [ -71.55801404875335, 42.178349615932675 ], [ -71.558063816426284, 42.178370837937301 ], [ -71.558092413841408, 42.178405215160275 ], [ -71.558117387374722, 42.178447606952581 ], [ -71.558137026085063, 42.178480188100274 ], [ -71.558149262738439, 42.178492606122497 ], [ -71.558174335402796, 42.178511049675983 ], [ -71.558193953824585, 42.178521483263197 ], [ -71.558249168675616, 42.178542792446748 ], [ -71.558264062746986, 42.17854917704431 ], [ -71.558291918528496, 42.178566628816434 ], [ -71.558302114820506, 42.178597864285329 ], [ -71.55833464971866, 42.178701653135498 ], [ -71.558352469747234, 42.178730723973999 ], [ -71.558395207570641, 42.178741325793233 ], [ -71.558630165935924, 42.178757051028988 ], [ -71.558697838611479, 42.178767639953911 ], [ -71.558758495759037, 42.178783544255566 ], [ -71.558801122416725, 42.178804679576338 ], [ -71.558815308897678, 42.178831051288363 ], [ -71.558833233175363, 42.178841755729117 ], [ -71.558854534200066, 42.178839043850978 ], [ -71.558875825520602, 42.17882588840893 ], [ -71.558947082698879, 42.17878605813199 ], [ -71.558998397425881, 42.178778108975941 ], [ -71.559045597276565, 42.178770792135886 ], [ -71.559270997917807, 42.17879120258965 ], [ -71.559335896110568, 42.178811785986973 ], [ -71.559370640860251, 42.17881761995924 ], [ -71.559399933460071, 42.178817874846445 ], [ -71.55943745071913, 42.178811463179258 ], [ -71.559470377555613, 42.178814867236028 ], [ -71.559655541666316, 42.178910113381882 ], [ -71.559755182493859, 42.178933919527253 ], [ -71.559815706446216, 42.17893649879111 ], [ -71.559901120243055, 42.1788914387365 ], [ -71.559961596629606, 42.178843780798815 ], [ -71.559981562131128, 42.178836837966671 ], [ -71.560011456119852, 42.178833040999315 ], [ -71.560050560616659, 42.178841123247174 ], [ -71.560079028206303, 42.178864876415616 ], [ -71.560106637075023, 42.178876565909711 ], [ -71.560128915454342, 42.178883396539128 ], [ -71.560152508219801, 42.178872220326369 ], [ -71.560178759986741, 42.178856901296321 ], [ -71.560242751334883, 42.178814463143475 ], [ -71.560264168367553, 42.178806529159587 ], [ -71.560278335419511, 42.178811833509776 ], [ -71.560331758122317, 42.178856820718586 ], [ -71.560395938534157, 42.178885866784 ], [ -71.560412160082791, 42.178887748865193 ], [ -71.560438671737742, 42.178891156031199 ], [ -71.560451276772909, 42.178908525303555 ], [ -71.560457824943185, 42.178920946084872 ], [ -71.560474303880355, 42.178938853491893 ], [ -71.560499000001101, 42.178942351634333 ], [ -71.560538343187361, 42.178946742329586 ], [ -71.560588225641737, 42.178960040473335 ], [ -71.560637981733251, 42.178967756756848 ], [ -71.560755406255495, 42.178981019011218 ], [ -71.560936965745555, 42.178975610643072 ], [ -71.561040311020747, 42.178949086518834 ], [ -71.561122125932414, 42.178938509245214 ], [ -71.561182634647849, 42.178925242386462 ], [ -71.56124311767303, 42.178885416442206 ], [ -71.561292858635412, 42.178877467101664 ], [ -71.561364165698294, 42.178890663398192 ], [ -71.561378332861011, 42.17889596761254 ], [ -71.56140690413261, 42.178901264095359 ], [ -71.561424689762049, 42.178893331843625 ], [ -71.561460255769205, 42.17887206549041 ], [ -71.561478234126056, 42.178813265759942 ], [ -71.561485111027977, 42.178790034134153 ], [ -71.56148072449497, 42.178760146286081 ], [ -71.561471746468982, 42.178738633763416 ], [ -71.561463611992522, 42.178713249465027 ], [ -71.56147726133085, 42.178683892110627 ], [ -71.561499159976208, 42.178673526806854 ], [ -71.561559696606025, 42.178689339662149 ], [ -71.561609568657289, 42.178691923709728 ], [ -71.561655904817215, 42.178668130634144 ], [ -71.561719915678509, 42.178646938898154 ], [ -71.561755502151954, 42.178646919696007 ], [ -71.56176748728258, 42.178648893902789 ], [ -71.561787452174087, 42.178641590632928 ], [ -71.56179785962722, 42.178639334243641 ], [ -71.561806926745405, 42.178627985472566 ], [ -71.561823018006265, 42.178620414196729 ], [ -71.561845176316581, 42.178628144865456 ], [ -71.561880057358124, 42.178649463291734 ], [ -71.56191408294643, 42.178662409311315 ], [ -71.561951240692338, 42.17866004839891 ], [ -71.56197615466003, 42.178638787651451 ], [ -71.562004586678796, 42.178625537728045 ], [ -71.562018738330238, 42.178614996461292 ], [ -71.562025982721465, 42.178596446201333 ], [ -71.562018663181021, 42.178538200278311 ], [ -71.561979450149948, 42.1784192008828 ], [ -71.561958071595612, 42.178342326204806 ], [ -71.561954341947072, 42.178241673849172 ], [ -71.561919517496705, 42.17815418281355 ], [ -71.561834459591026, 42.177817153681048 ], [ -71.561757236602404, 42.177445638458039 ], [ -71.561704156935008, 42.177131189647177 ], [ -71.561655729472349, 42.176870396626818 ], [ -71.56163130213443, 42.176769125173976 ], [ -71.561626914621769, 42.176738156952737 ], [ -71.56164698350382, 42.176713927863297 ], [ -71.561684480452854, 42.176688158851597 ], [ -71.561722911573952, 42.176627367353383 ], [ -71.561780494605273, 42.176595195286481 ], [ -71.561809273850841, 42.176566549955915 ], [ -71.561852843741988, 42.176562475023395 ], [ -71.561890960919285, 42.176552280931723 ], [ -71.561914909026626, 42.17653435184986 ], [ -71.561948547229164, 42.176523619978177 ], [ -71.561972481400346, 42.176491466029368 ], [ -71.561986832568962, 42.176437889943557 ], [ -71.56196763863997, 42.17636641590569 ], [ -71.56199638625813, 42.176305629556545 ], [ -71.561996347861779, 42.176266376158367 ], [ -71.561972219331921, 42.176223444550118 ], [ -71.561967418579812, 42.176141339080132 ], [ -71.561939339401221, 42.176019092486172 ], [ -71.561943167899969, 42.175973354776154 ], [ -71.561986353835522, 42.175948392858245 ], [ -71.562029553570611, 42.175937565749351 ], [ -71.562031091633258, 42.175901372540601 ], [ -71.5619622870597, 42.175844690433436 ], [ -71.561880555649694, 42.175812593681826 ], [ -71.561861414401747, 42.175794777938577 ], [ -71.561866103471203, 42.175762634412706 ], [ -71.561904544321877, 42.175712556501303 ], [ -71.561947618165448, 42.175573075495905 ], [ -71.56198118612312, 42.175491039265289 ], [ -71.561985861109676, 42.175444580844776 ], [ -71.561933043880558, 42.175398153563115 ], [ -71.561875406201452, 42.175373156192535 ], [ -71.561880098660708, 42.175344523862826 ], [ -71.561908877381995, 42.175315968531315 ], [ -71.561932932153837, 42.175283814518302 ], [ -71.561937731627594, 42.175240867231707 ], [ -71.561923282964756, 42.175194419164207 ], [ -71.561870348469313, 42.175151593147405 ], [ -71.56184149671914, 42.175105242888627 ], [ -71.561846271818879, 42.175037267056616 ], [ -71.561855753406959, 42.174955063812895 ], [ -71.561846121858721, 42.174883584566992 ], [ -71.561817128314502, 42.174815807046777 ], [ -71.561772799188859, 42.174784770367069 ], [ -71.561749894617265, 42.174755072569241 ], [ -71.561736663479479, 42.174715736250874 ], [ -71.561778498938736, 42.174547806219849 ], [ -71.561845661704339, 42.174412003475865 ], [ -71.561857090817838, 42.174341143051983 ], [ -71.56187436320306, 42.17430476126485 ], [ -71.561915002796141, 42.174276199510039 ], [ -71.561965577617698, 42.174258346025361 ], [ -71.562156861208379, 42.174185587386539 ], [ -71.562195945710272, 42.174175932846254 ], [ -71.562252349894024, 42.174178332997201 ], [ -71.562301867981148, 42.174193791338375 ], [ -71.562359348557905, 42.174183046352269 ], [ -71.562445745659744, 42.174161571889549 ], [ -71.562517818352802, 42.174097160493822 ], [ -71.562541677320155, 42.173990010785296 ], [ -71.56251845290646, 42.173881536349278 ], [ -71.562517564646939, 42.173839942598093 ], [ -71.562529744507785, 42.173794830502239 ], [ -71.562551130773301, 42.173757726113621 ], [ -71.5625798837617, 42.173704142051314 ], [ -71.562581286645241, 42.173653994118169 ], [ -71.562578100679644, 42.17361438230084 ], [ -71.562563525817524, 42.173440180635794 ], [ -71.562565177526878, 42.173396874907063 ], [ -71.562586914822148, 42.173347706186789 ], [ -71.562665834991435, 42.173232423525 ], [ -71.562689742803457, 42.173175240851059 ], [ -71.562670542037267, 42.173096654460643 ], [ -71.562610077872307, 42.173026553556568 ], [ -71.562574308725459, 42.172960940655116 ], [ -71.562559814264134, 42.172868036767113 ], [ -71.562577542416491, 42.172803745056932 ], [ -71.562569252300179, 42.172742978780498 ], [ -71.56257888892776, 42.172696517599391 ], [ -71.562626906507901, 42.172664350312488 ], [ -71.562645986963815, 42.172621395156668 ], [ -71.562674749950887, 42.172578524723342 ], [ -71.562722785033074, 42.172564183491232 ], [ -71.562774355754797, 42.172575859210014 ], [ -71.562833307414962, 42.172585550173181 ], [ -71.562947178502696, 42.172566401030032 ], [ -71.562977426816929, 42.172556931142815 ], [ -71.562999419615238, 42.172521897037136 ], [ -71.563030128746462, 42.172489018864539 ], [ -71.563082983581396, 42.172453247485869 ], [ -71.563159791728665, 42.172406749189392 ], [ -71.563198119176988, 42.17236738454379 ], [ -71.563217316685382, 42.172320918022592 ], [ -71.563246043576683, 42.172242395249924 ], [ -71.563229995831207, 42.172170469479255 ], [ -71.56321711357694, 42.172117268371508 ], [ -71.563245850976458, 42.172049369229896 ], [ -71.563265055542431, 42.172010105161704 ], [ -71.563269857461705, 42.171970759026479 ], [ -71.563212176040494, 42.171899306425516 ], [ -71.563168797664176, 42.171849363269352 ], [ -71.563019863938251, 42.171781562161996 ], [ -71.562827612695997, 42.171724498333177 ], [ -71.562741197832054, 42.171724545765969 ], [ -71.562669157139155, 42.171695955449486 ], [ -71.562596942491226, 42.171613706797118 ], [ -71.562419180586005, 42.171521072167266 ], [ -71.562368674621737, 42.171483556853588 ], [ -71.562327854553629, 42.17144963747387 ], [ -71.56230493508528, 42.171403824257645 ], [ -71.562265235267887, 42.171278162806274 ], [ -71.562024668781461, 42.170945989626873 ], [ -71.561942942470353, 42.170788840037865 ], [ -71.561880342279508, 42.170635191244386 ], [ -71.561812025947475, 42.170452645595283 ], [ -71.561793101005321, 42.170406740080573 ], [ -71.561760004835122, 42.170349408295799 ], [ -71.561710215921835, 42.170301178626566 ], [ -71.561563052504468, 42.17018160691385 ], [ -71.561460350636381, 42.170107836838618 ], [ -71.561423515940547, 42.170063741501409 ], [ -71.561403507569025, 42.170023418415894 ], [ -71.561346470783008, 42.169863734259238 ], [ -71.56132234861127, 42.169824403704595 ], [ -71.56120703904547, 42.1697279523788 ], [ -71.561043486182427, 42.169553019773289 ], [ -71.560980951318243, 42.169463742505648 ], [ -71.560952058044975, 42.169370846042511 ], [ -71.560865433628933, 42.169149326182385 ], [ -71.560812405471907, 42.169002874146734 ], [ -71.560721060982274, 42.16890649960721 ], [ -71.560610608546867, 42.168824269971971 ], [ -71.560552798367425, 42.168738591193467 ], [ -71.560505150546888, 42.168522182157055 ], [ -71.560649459961354, 42.168321246791585 ], [ -71.560900872722186, 42.168119714061859 ], [ -71.561098974466987, 42.16798177108334 ], [ -71.561227916407972, 42.1677864250927 ], [ -71.561057215742011, 42.167598531835196 ], [ -71.560766204696407, 42.167645953072714 ], [ -71.560583913026775, 42.167864374734698 ], [ -71.560462697707692, 42.168042249915949 ], [ -71.560155529006877, 42.168027286726876 ], [ -71.559916238647034, 42.167868147701348 ], [ -71.559783609840309, 42.167623423101801 ], [ -71.559804604937781, 42.167428765309481 ], [ -71.559809385653608, 42.167108522871359 ], [ -71.561231633266146, 42.167374531707516 ], [ -71.561839553532764, 42.167531218481294 ], [ -71.562317004978382, 42.167677169493643 ], [ -71.562547628760186, 42.16775591066375 ], [ -71.562839979142467, 42.16783956916872 ], [ -71.563075709102733, 42.167575558804756 ], [ -71.563264555956252, 42.167265388027239 ], [ -71.563394935987176, 42.167064006696201 ], [ -71.563606236071735, 42.166821256037146 ], [ -71.563843824284206, 42.166486658757343 ], [ -71.563984687806567, 42.166243946673283 ], [ -71.564117013042548, 42.166055707908306 ], [ -71.564276916125706, 42.165973509930794 ], [ -71.564321998565759, 42.165916945154109 ], [ -71.564315062983255, 42.165760655344847 ], [ -71.564321630518947, 42.165554210701828 ], [ -71.564330812276737, 42.165419609275496 ], [ -71.564342367424786, 42.165358021607766 ], [ -71.564367849099412, 42.165305879349631 ], [ -71.564440705286628, 42.165190688735279 ], [ -71.564463359944227, 42.16509578334599 ], [ -71.564412804736577, 42.165005960944463 ], [ -71.564316958818026, 42.164885823570614 ], [ -71.564292351354766, 42.16484523344824 ], [ -71.56427801348832, 42.164788071852719 ], [ -71.564259676384907, 42.164486478453995 ], [ -71.564354303687267, 42.164360561957061 ], [ -71.564442123027774, 42.164204398812004 ], [ -71.564414933821055, 42.164123836418511 ], [ -71.564272680181134, 42.164063415655463 ], [ -71.564123857709859, 42.164088707878335 ], [ -71.564029067678376, 42.164053558888064 ], [ -71.563913845651385, 42.163917586560025 ], [ -71.563744313583101, 42.163685941483521 ], [ -71.563513898014349, 42.163439384843421 ], [ -71.563467032615605, 42.16328536787055 ], [ -71.563479651126727, 42.163076759093777 ], [ -71.563506510769855, 42.162829969263335 ], [ -71.563506329130405, 42.162648646964811 ], [ -71.563523247508073, 42.162383856436399 ], [ -71.563572800522579, 42.162322337729698 ], [ -71.563654925605377, 42.162280877782294 ], [ -71.563815349677057, 42.162244235774509 ], [ -71.563848469553861, 42.162207304578082 ], [ -71.563851220346166, 42.162175071946905 ], [ -71.563661112731836, 42.161814333730014 ], [ -71.563532315294381, 42.161530537633475 ], [ -71.563533322097385, 42.161448428800867 ], [ -71.563544284611694, 42.16139917575034 ], [ -71.563566031392199, 42.161364321663484 ], [ -71.563701178307838, 42.161223257891628 ], [ -71.563715044238165, 42.161173372987925 ], [ -71.563680974483603, 42.16110748927256 ], [ -71.563612982212589, 42.161001650658221 ], [ -71.563553079421439, 42.160877531210559 ], [ -71.563504361556369, 42.160684441761738 ], [ -71.563444409986616, 42.160631986966109 ], [ -71.563320464274426, 42.160598564144365 ], [ -71.563063506158912, 42.16054027604708 ], [ -71.563003338573381, 42.160513479978675 ], [ -71.562953313164286, 42.16046399047849 ], [ -71.562888105255141, 42.160357429644883 ], [ -71.562847286962565, 42.160196296570319 ], [ -71.562817841524989, 42.160155258609308 ], [ -71.562765530956923, 42.16011945499563 ], [ -71.562729333089152, 42.160102549031954 ], [ -71.562655013578436, 42.160081162405461 ], [ -71.562436057618399, 42.160026183214967 ], [ -71.562373224382554, 42.159995066781683 ], [ -71.562301136033099, 42.159904264791138 ], [ -71.562291865483047, 42.159828913877575 ], [ -71.562318671703039, 42.159647576784991 ], [ -71.562318228327769, 42.159565828855051 ], [ -71.562296273774209, 42.159512452422327 ], [ -71.562237303492836, 42.159471340363602 ], [ -71.562047841125093, 42.159381322298863 ], [ -71.56200025093635, 42.159345605801981 ], [ -71.561957108883121, 42.15928008660358 ], [ -71.561952760461224, 42.159164219023687 ], [ -71.561948307764851, 42.159065457394306 ], [ -71.561915173229664, 42.158962929998658 ], [ -71.561799267467634, 42.15885621591206 ], [ -71.561644660796219, 42.158770229723039 ], [ -71.561423361953445, 42.158664472353856 ], [ -71.561247450742385, 42.158569403939431 ], [ -71.560955223042669, 42.158315042401092 ], [ -71.560997429496126, 42.15829026134864 ], [ -71.571403264253078, 42.151845570836599 ], [ -71.571592321197727, 42.142367955197678 ], [ -71.570006113333022, 42.139184620416145 ], [ -71.573414550004784, 42.135790099223087 ], [ -71.592748695858532, 42.121648745309486 ], [ -71.593030724016899, 42.121738277578039 ], [ -71.593191558502781, 42.121815303630427 ], [ -71.593258964159602, 42.121846129487345 ], [ -71.593352313781097, 42.121838220508252 ], [ -71.59350262930694, 42.121834316276136 ], [ -71.593761922246074, 42.121922874999605 ], [ -71.593844974489571, 42.121984568523274 ], [ -71.593917586553872, 42.122019261077178 ], [ -71.593979666863518, 42.121965191054393 ], [ -71.594078165360074, 42.121922615069153 ], [ -71.594207663106673, 42.121907112968799 ], [ -71.594306327667098, 42.121976445975641 ], [ -71.594373831776281, 42.122072994190624 ], [ -71.594462056187993, 42.122115326193693 ], [ -71.594560537093372, 42.122142164200561 ], [ -71.594721334276869, 42.122192268678191 ], [ -71.594949457685701, 42.122219088846229 ], [ -71.595275975918227, 42.122214945713914 ], [ -71.595628599966261, 42.122280374263184 ], [ -71.595893004438182, 42.122307072154953 ], [ -71.596168176201445, 42.122495907353247 ], [ -71.596277184063169, 42.122684972030697 ], [ -71.596339495206621, 42.122704186287159 ], [ -71.596396450065839, 42.122700266898377 ], [ -71.596474082682292, 42.122615301556522 ], [ -71.596717750319797, 42.122603571543102 ], [ -71.597034061650689, 42.122645708303132 ], [ -71.597148192581628, 42.122703501680476 ], [ -71.597210477679823, 42.122784477187153 ], [ -71.5974075592422, 42.122834456995413 ], [ -71.597635674318354, 42.122853619137246 ], [ -71.597910286110789, 42.122752998924092 ], [ -71.59834048013326, 42.122690867850885 ], [ -71.598775800674844, 42.122659611582165 ], [ -71.598983235530923, 42.122678788913042 ], [ -71.599128551179305, 42.122802096341282 ], [ -71.599460810703221, 42.12306424989459 ], [ -71.599771877838123, 42.123152749957711 ], [ -71.600088370714118, 42.123306967519241 ], [ -71.60039965229376, 42.123453266000077 ], [ -71.600555403753063, 42.12359591924632 ], [ -71.600648938808803, 42.123703874874657 ], [ -71.600669784389893, 42.12380802311236 ], [ -71.600675309223064, 42.124012570105513 ], [ -71.600753611678485, 42.1243521003965 ], [ -71.600753389789176, 42.124517038522434 ], [ -71.600775960541569, 42.124564915446044 ], [ -71.600971969107647, 42.124695378339354 ], [ -71.601194967433003, 42.124837971272754 ], [ -71.601652159131433, 42.125239556755197 ], [ -71.601713485655822, 42.125320980809455 ], [ -71.601674951578943, 42.125349735176556 ], [ -71.601636378967299, 42.125354451124601 ], [ -71.601662095290095, 42.125402415104062 ], [ -71.601700923055759, 42.125481428317961 ], [ -71.601758771271633, 42.125505325242038 ], [ -71.601871317409604, 42.125474074056882 ], [ -71.602048463666208, 42.125529015389077 ], [ -71.602269341252864, 42.125628122850109 ], [ -71.602533783896618, 42.125593223780875 ], [ -71.602870475909597, 42.125438517058477 ], [ -71.603048748899724, 42.125367591635374 ], [ -71.603154946642505, 42.125374698378081 ], [ -71.603232224023614, 42.125372287792842 ], [ -71.603367240718981, 42.125326609781737 ], [ -71.603496054543697, 42.125407971838136 ], [ -71.603718141159192, 42.12543171895495 ], [ -71.603840349686948, 42.125393254536377 ], [ -71.603975408602182, 42.125299768980369 ], [ -71.604084711514474, 42.125282923626287 ], [ -71.604158527638958, 42.125234959568004 ], [ -71.604251830745071, 42.12519652104281 ], [ -71.604358016492199, 42.125196424151611 ], [ -71.604435093700047, 42.125146026082923 ], [ -71.604612068968336, 42.125169812672013 ], [ -71.604743908288469, 42.125105049238059 ], [ -71.604808181326135, 42.125064296032477 ], [ -71.60488544621397, 42.125054591781087 ], [ -71.604969075321122, 42.125090437635698 ], [ -71.605023837579097, 42.125076072307806 ], [ -71.60506561941007, 42.125037680441032 ], [ -71.605120205034126, 42.124989733432812 ], [ -71.605190915291629, 42.124965719973851 ], [ -71.605255227621569, 42.124948914892435 ], [ -71.605400068329615, 42.124994247407479 ], [ -71.605499980866455, 42.125003788625307 ], [ -71.605609149938772, 42.124979739407713 ], [ -71.605676711511634, 42.124953297703492 ], [ -71.60578297830294, 42.124856955604464 ], [ -71.607082120214088, 42.126292920847398 ], [ -71.64216897333425, 42.165662707668091 ], [ -71.646271763286563, 42.172870834254653 ], [ -71.64132176999378, 42.174589978867054 ], [ -71.640854654929456, 42.174680315137373 ], [ -71.641291180491123, 42.174876135190779 ], [ -71.649218961721274, 42.181701145732291 ], [ -71.637277230388108, 42.183239578791877 ], [ -71.644428259281639, 42.226626960111368 ], [ -71.621110762875688, 42.230868254650922 ], [ -71.599318658924361, 42.225959233358353 ] ] ] ] } },
{ "type": "Feature", "properties": { "TOWN": "HARDWICK" }, "geometry": { "type": "MultiPolygon", "coordinates": [ [ [ [ -72.123668582813082, 42.363930545123686 ], [ -72.124285784140369, 42.363549700489379 ], [ -72.124407851435592, 42.363346830355852 ], [ -72.124405130406672, 42.363071173185901 ], [ -72.12430062167148, 42.362765188313091 ], [ -72.124128590056955, 42.362505665190319 ], [ -72.12407645380452, 42.362339932737164 ], [ -72.12391259328902, 42.362145546688339 ], [ -72.123860256166296, 42.361860885523761 ], [ -72.123994400691345, 42.361639584091208 ], [ -72.124190543899246, 42.361427219080561 ], [ -72.124373515060469, 42.361257959607386 ], [ -72.124769243963598, 42.361047210664822 ], [ -72.125126098999147, 42.360797058425476 ], [ -72.125458583844946, 42.360574766866812 ], [ -72.125655202607646, 42.360399038922765 ], [ -72.125815372201188, 42.360269334314324 ], [ -72.12606130424038, 42.360121156577463 ], [ -72.126332117009525, 42.359935840416234 ], [ -72.126627690784218, 42.359750388676161 ], [ -72.127145791705672, 42.359517807415266 ], [ -72.127924045715218, 42.359274620443308 ], [ -72.129117964113362, 42.359009978429867 ], [ -72.129480428708078, 42.358936060758587 ], [ -72.129765780973713, 42.358908029503709 ], [ -72.130112696952139, 42.358845358722107 ], [ -72.130422591215918, 42.358782979888161 ], [ -72.130883619199778, 42.358806200115382 ], [ -72.131176434851213, 42.358869324969426 ], [ -72.131453848087673, 42.358909485935591 ], [ -72.131777569989609, 42.358955513874129 ], [ -72.132047382465998, 42.358939536341424 ], [ -72.13235614292887, 42.358836734971355 ], [ -72.132713967544703, 42.358687747419452 ], [ -72.13302290946703, 42.358603309400635 ], [ -72.133467273402687, 42.358417110736539 ], [ -72.133829855809594, 42.358186165973919 ], [ -72.134070191925119, 42.3579910059618 ], [ -72.134340390353174, 42.3577597586441 ], [ -72.134573380507348, 42.357510259811079 ], [ -72.134818381949145, 42.35722405186759 ], [ -72.135001476587561, 42.356938095222425 ], [ -72.135122515597274, 42.356661664113652 ], [ -72.135159864080421, 42.356416035359473 ], [ -72.135204290178933, 42.356174148751776 ], [ -72.135239430818118, 42.355962563577087 ], [ -72.135285076550673, 42.35557626162192 ], [ -72.13535689858162, 42.355318738334446 ], [ -72.135465672142601, 42.355042194449787 ], [ -72.135580131856514, 42.354788036551589 ], [ -72.135703792179811, 42.354628179400983 ], [ -72.135958560762845, 42.354433745656898 ], [ -72.136151768847398, 42.354285747446397 ], [ -72.136422639398148, 42.354099506346273 ], [ -72.136692541685846, 42.353829271668353 ], [ -72.136878187516018, 42.3535091760942 ], [ -72.136987029488083, 42.353143950347501 ], [ -72.137004603520694, 42.352827936540329 ], [ -72.136976420245944, 42.352488048072033 ], [ -72.136984544602953, 42.35206531057252 ], [ -72.136992760396751, 42.351651665592343 ], [ -72.136965039946361, 42.351357689959954 ], [ -72.136838255038541, 42.351073536169622 ], [ -72.136623859794227, 42.350707039407169 ], [ -72.13647296542463, 42.350487300372933 ], [ -72.13635905468621, 42.350239807151944 ], [ -72.13628283704584, 42.350047203818733 ], [ -72.136254771037912, 42.349742606260165 ], [ -72.136247732807703, 42.349525491892912 ], [ -72.136256004898357, 42.349273901176879 ], [ -72.136287126721768, 42.349085835492367 ], [ -72.136388320404478, 42.348708768243405 ], [ -72.136550737944503, 42.34844570055359 ], [ -72.136766950758897, 42.348245896165658 ], [ -72.136936765789244, 42.348103067575892 ], [ -72.137178971414045, 42.348001881772753 ], [ -72.137563639222918, 42.348054847921844 ], [ -72.137887218864833, 42.34820016283944 ], [ -72.138235464561163, 42.348336066792442 ], [ -72.138645357749354, 42.348434894857647 ], [ -72.138955727222651, 42.348497542185498 ], [ -72.13921620894989, 42.348523643598419 ], [ -72.139476719447913, 42.348540561157009 ], [ -72.139761281295449, 42.348511428768745 ], [ -72.140057878860659, 42.348436313142301 ], [ -72.14031603481952, 42.348232577260568 ], [ -72.1404245629504, 42.347947116406331 ], [ -72.140372257134402, 42.347671734462914 ], [ -72.140320694291702, 42.347469723179572 ], [ -72.140137683657287, 42.34694316370053 ], [ -72.140049807293082, 42.346690577260723 ], [ -72.139913796491754, 42.346442670161743 ], [ -72.139849207466568, 42.346176449356967 ], [ -72.139821104728128, 42.345845743679163 ], [ -72.139817202159477, 42.345459804625392 ], [ -72.139864136973756, 42.345204486976236 ], [ -72.139927842135094, 42.345083401478007 ], [ -72.140056636397759, 42.34495412093051 ], [ -72.140217669266292, 42.344808545244241 ], [ -72.140395569549838, 42.344686823488594 ], [ -72.140664810341931, 42.344536683012187 ], [ -72.140939955940723, 42.344418469814521 ], [ -72.141155637246698, 42.344300677624666 ], [ -72.141426053640203, 42.344254874179803 ], [ -72.141716399967862, 42.344319426334124 ], [ -72.142062959761418, 42.344433990904733 ], [ -72.142398372920454, 42.344466598890662 ], [ -72.142658316718936, 42.344453172034122 ], [ -72.142998953965787, 42.344378792768303 ], [ -72.143285303884767, 42.344288780854413 ], [ -72.143620234026955, 42.344190393508974 ], [ -72.143939186901719, 42.344108210144206 ], [ -72.144128539145115, 42.344087072575178 ], [ -72.144306377842625, 42.344139014014424 ], [ -72.144503825313706, 42.344209661642601 ], [ -72.144858330966741, 42.344412763353716 ], [ -72.145536100023961, 42.34497975347093 ], [ -72.146070727218216, 42.345326429023416 ], [ -72.146408248424663, 42.345493429130919 ], [ -72.146626224152286, 42.345600780209963 ], [ -72.146849170403826, 42.345671910625803 ], [ -72.147216238506303, 42.345701535548379 ], [ -72.147748262896215, 42.34561463077771 ], [ -72.148391265287756, 42.345438057455539 ], [ -72.148710261186011, 42.345371886080322 ], [ -72.149151447522485, 42.345303493423998 ], [ -72.149544132303646, 42.345286780572394 ], [ -72.149853110430399, 42.345297098586961 ], [ -72.150259614750283, 42.345290658693514 ], [ -72.150741931088859, 42.345292071089006 ], [ -72.151126923562572, 42.345318070876175 ], [ -72.151382149296055, 42.345364881506804 ], [ -72.151702384183011, 42.345419335805836 ], [ -72.151897899890969, 42.345454419649009 ], [ -72.152093253635542, 42.345485542732519 ], [ -72.152294064735528, 42.345504480389131 ], [ -72.152521481948568, 42.345478971628715 ], [ -72.152951141086234, 42.345364083968491 ], [ -72.153190316103462, 42.345278456675736 ], [ -72.153522066050201, 42.345084626049243 ], [ -72.153820391321631, 42.344792220928191 ], [ -72.154056279639903, 42.344541584324553 ], [ -72.154248970354828, 42.344315321265285 ], [ -72.154236164397545, 42.344227074070965 ], [ -72.154214494328244, 42.344126633146615 ], [ -72.154289090417578, 42.343993503441062 ], [ -72.154396133139883, 42.34387630448316 ], [ -72.154622297492892, 42.34373033761991 ], [ -72.154865182259101, 42.34364045419693 ], [ -72.155238199637921, 42.343553880017147 ], [ -72.155600745804989, 42.343487531206101 ], [ -72.156018463961459, 42.343545468896856 ], [ -72.156219608070884, 42.343608692871641 ], [ -72.15645856070239, 42.343631366865154 ], [ -72.156785128896288, 42.343618247823613 ], [ -72.157124665934603, 42.343603523203953 ], [ -72.157487254625707, 42.343553103624856 ], [ -72.157838254518111, 42.343438647353871 ], [ -72.158113526741829, 42.343324443470365 ], [ -72.158318627076909, 42.343242871761511 ], [ -72.158512549830107, 42.343125171362317 ], [ -72.15858676323046, 42.342967912738679 ], [ -72.158574163855505, 42.342795125939702 ], [ -72.158540363542173, 42.342625881748283 ], [ -72.158539052221485, 42.342558186156857 ], [ -72.158549303991364, 42.342493755463728 ], [ -72.158655871964086, 42.34232028595396 ], [ -72.15899968019778, 42.342028866830447 ], [ -72.15931718263856, 42.34182204635092 ], [ -72.159413828077462, 42.341768103802025 ], [ -72.159467153169018, 42.341714589745671 ], [ -72.159490650422811, 42.341628655648833 ], [ -72.159475895829402, 42.341447238296553 ], [ -72.159501658271282, 42.341322487941987 ], [ -72.159527042476711, 42.34116145735203 ], [ -72.159584776642319, 42.340972151546808 ], [ -72.159621087206332, 42.340823212383803 ], [ -72.159553694141053, 42.340586458015622 ], [ -72.159431102534953, 42.340281506827289 ], [ -72.159396608896316, 42.340080755993931 ], [ -72.159328504583698, 42.339775582149628 ], [ -72.159293180763598, 42.339518386723988 ], [ -72.159323688008413, 42.33931330167529 ], [ -72.159497239626589, 42.33882586973855 ], [ -72.15960858398509, 42.338575935595259 ], [ -72.15990144676806, 42.338312265103994 ], [ -72.160172241228992, 42.338062135169345 ], [ -72.160424759208325, 42.337851633108393 ], [ -72.160673478722472, 42.337684277075191 ], [ -72.160941849515865, 42.337551199284199 ], [ -72.161124832908413, 42.337445531199101 ], [ -72.161426708905836, 42.337279038170053 ], [ -72.161714940541842, 42.337130809109873 ], [ -72.16207713244961, 42.336976751502732 ], [ -72.162397771605654, 42.336887484323043 ], [ -72.162641409434414, 42.33684988771094 ], [ -72.162950053308961, 42.336831992578297 ], [ -72.163193486231535, 42.336786473257234 ], [ -72.163381923980708, 42.336680770057896 ], [ -72.163531792542273, 42.336519109912508 ], [ -72.163627331177693, 42.336360734249531 ], [ -72.163657563766947, 42.33609622901335 ], [ -72.163725490016716, 42.335850592663178 ], [ -72.16380447314009, 42.335641084829312 ], [ -72.163857708598073, 42.335568302515902 ], [ -72.163884378885157, 42.335508007840119 ], [ -72.163895005126776, 42.335468332868835 ], [ -72.163875755858385, 42.335206544126841 ], [ -72.163738007006387, 42.334892051343942 ], [ -72.163638101063086, 42.334737865037333 ], [ -72.16350755261584, 42.334600691305766 ], [ -72.163434659351793, 42.334546103151759 ], [ -72.163380808334409, 42.334513822756051 ], [ -72.163311792595721, 42.334493423896511 ], [ -72.163141956391868, 42.334462983037817 ], [ -72.162946553284542, 42.3344360205313 ], [ -72.16269649070145, 42.334369038981457 ], [ -72.162527088343836, 42.33422929718099 ], [ -72.162427761531106, 42.334048907488366 ], [ -72.162393603102487, 42.333892360499135 ], [ -72.162495317397401, 42.333779235648819 ], [ -72.162695126314915, 42.333705698993825 ], [ -72.162884314808494, 42.333672467063217 ], [ -72.162949855110682, 42.333662365734874 ], [ -72.163003375700896, 42.333651613451948 ], [ -72.16306095151775, 42.333622561471458 ], [ -72.163181043970781, 42.333538049851335 ], [ -72.163466941857649, 42.333423861312689 ], [ -72.163649862394536, 42.333302163871224 ], [ -72.16372921695563, 42.333116782106693 ], [ -72.163738409163315, 42.332951972382801 ], [ -72.163682312799992, 42.332763321318787 ], [ -72.163691846352918, 42.332642624786367 ], [ -72.163771920865429, 42.332537546422998 ], [ -72.163933536691118, 42.332444151209145 ], [ -72.164392262977927, 42.332276653883525 ], [ -72.164976476472233, 42.33218081370039 ], [ -72.165241317734257, 42.332119050478312 ], [ -72.165456998027864, 42.332009404691973 ], [ -72.16584741794145, 42.331739481544929 ], [ -72.166063599386447, 42.331596970378946 ], [ -72.166279590271373, 42.331459501637127 ], [ -72.166517708920225, 42.331383935532934 ], [ -72.166831612191643, 42.331338089678063 ], [ -72.167069558483533, 42.331292323688238 ], [ -72.167339647076247, 42.331222422339877 ], [ -72.167533388982704, 42.331092642987507 ], [ -72.167629333459672, 42.33095145727237 ], [ -72.167772856692721, 42.330685212047811 ], [ -72.167920905525122, 42.330330529840914 ], [ -72.168036619924536, 42.330016369253286 ], [ -72.168139698069666, 42.329769625206232 ], [ -72.168232039106073, 42.329528795492585 ], [ -72.168327887085809, 42.329367352694945 ], [ -72.168549175984907, 42.329192755939879 ], [ -72.16869850865767, 42.329063682976312 ], [ -72.168941608792906, 42.328989883379208 ], [ -72.169216592093932, 42.328867640968355 ], [ -72.169555833654073, 42.328660664443952 ], [ -72.16986747669101, 42.328425668016713 ], [ -72.170087494845205, 42.328223436077472 ], [ -72.170369650875813, 42.327999954072098 ], [ -72.170570794610683, 42.327814487013022 ], [ -72.17077954774129, 42.327580088279845 ], [ -72.170897140395127, 42.327410593566547 ], [ -72.170976137804175, 42.327217105674684 ], [ -72.170989838175373, 42.326975832292803 ], [ -72.171068432258224, 42.326710051665493 ], [ -72.171169017767852, 42.32650446340957 ], [ -72.171281324525694, 42.32636308883194 ], [ -72.171451703052725, 42.326263329399872 ], [ -72.172004404955075, 42.326085438619735 ], [ -72.172274117702372, 42.325971322327504 ], [ -72.172434813925264, 42.32580553517262 ], [ -72.172577988896677, 42.325463839374258 ], [ -72.172689033453821, 42.325261249543559 ], [ -72.172713724724375, 42.325015950109581 ], [ -72.17269533158327, 42.324815018128284 ], [ -72.172687735805155, 42.324614022938285 ], [ -72.172674716976999, 42.32440504670442 ], [ -72.172677328365353, 42.324159876464741 ], [ -72.172631319382447, 42.323894733762245 ], [ -72.172559112608269, 42.323710232245652 ], [ -72.172486925853661, 42.323561833077761 ], [ -72.172371338970663, 42.323393700853266 ], [ -72.172250574140193, 42.323297713801765 ], [ -72.172131290583465, 42.323238360664917 ], [ -72.172065454349863, 42.323162309183573 ], [ -72.172032081727082, 42.323070042278701 ], [ -72.172084096471423, 42.322872749799288 ], [ -72.172109784443904, 42.322744034986286 ], [ -72.172228350576205, 42.322598841398218 ], [ -72.172270301753656, 42.322562133356662 ], [ -72.172317476051106, 42.322526024962016 ], [ -72.172615085854574, 42.3223670889899 ], [ -72.172926893040724, 42.322140095514072 ], [ -72.173189888361705, 42.321909425731889 ], [ -72.173716857312485, 42.321540540663342 ], [ -72.173996702056272, 42.321366039735054 ], [ -72.174260374957527, 42.321199645776531 ], [ -72.174540644567401, 42.321065294949712 ], [ -72.174766601876044, 42.320923249556436 ], [ -72.174905942827948, 42.320781712422658 ], [ -72.175023904112095, 42.320660377672354 ], [ -72.17517446232209, 42.320546954103435 ], [ -72.175406097852104, 42.320437105260694 ], [ -72.175570649068462, 42.320395894052531 ], [ -72.175676329335559, 42.320363041543033 ], [ -72.175762624698223, 42.320298521876857 ], [ -72.176030436441806, 42.320043418587701 ], [ -72.176533896506825, 42.319509721171954 ], [ -72.176850920685794, 42.319262699072191 ], [ -72.176904292959492, 42.319194050921958 ], [ -72.17691985975253, 42.319129586823308 ], [ -72.176907395095824, 42.318984979889301 ], [ -72.176916979342607, 42.318860230030296 ], [ -72.177058651926359, 42.318472530733757 ], [ -72.17707456916402, 42.318089263518466 ], [ -72.177021052292616, 42.317849375163348 ], [ -72.176990406471887, 42.317683537879851 ], [ -72.176939385657647, 42.317404741214773 ], [ -72.176849732210655, 42.317132024108595 ], [ -72.176820531337967, 42.316931066012543 ], [ -72.176861944873906, 42.316753910429256 ], [ -72.176979043833995, 42.316564334791053 ], [ -72.177172204935431, 42.316386284989946 ], [ -72.177555216015193, 42.316231153974925 ], [ -72.177787642109124, 42.31618566789826 ], [ -72.178096654438008, 42.316211934620036 ], [ -72.178346109069679, 42.316238642139858 ], [ -72.178632711851179, 42.31618869307777 ], [ -72.178890978390911, 42.31603033283033 ], [ -72.178986608804649, 42.315853036146692 ], [ -72.179150002435051, 42.31543387462343 ], [ -72.17924416420442, 42.31515377048126 ], [ -72.179273565461102, 42.314830113743071 ], [ -72.179336337282521, 42.314620599623574 ], [ -72.179678087580868, 42.314160318625724 ], [ -72.179870636781033, 42.313937972249327 ], [ -72.180063955813978, 42.313776122119137 ], [ -72.180279719170741, 42.313682382630141 ], [ -72.180510974277837, 42.313540294116031 ], [ -72.180856125092987, 42.313397530314241 ], [ -72.181283762868915, 42.31337897002556 ], [ -72.181598212672128, 42.313393130814099 ], [ -72.181906346998232, 42.313338994323409 ], [ -72.182192241180161, 42.31322475797549 ], [ -72.182514990422064, 42.313029903874288 ], [ -72.182784237307175, 42.312879482215131 ], [ -72.183032283929748, 42.312765468633685 ], [ -72.183375949658199, 42.312486038166711 ], [ -72.183708294160226, 42.312158237040848 ], [ -72.183964882974891, 42.311847271611882 ], [ -72.184055023700367, 42.311657758816409 ], [ -72.184117839436396, 42.311476511471476 ], [ -72.184299900085861, 42.311262322688606 ], [ -72.184519786972629, 42.311080139555237 ], [ -72.185059963312113, 42.310511341941513 ], [ -72.1852216302089, 42.31035228249965 ], [ -72.185343584112189, 42.310110360555882 ], [ -72.185428225685712, 42.309928892185205 ], [ -72.185423201574039, 42.309711315815264 ], [ -72.185353352155929, 42.309511232128571 ], [ -72.18514998218626, 42.309235057686138 ], [ -72.184909225172447, 42.309023388309839 ], [ -72.184782870948766, 42.308847229354875 ], [ -72.184758377743989, 42.308590065018322 ], [ -72.184896505868807, 42.308352188508259 ], [ -72.185090132547245, 42.308210314732769 ], [ -72.185441189703482, 42.308123771299698 ], [ -72.185744132100751, 42.308085680881298 ], [ -72.185829815240737, 42.308000719798343 ], [ -72.185769219757503, 42.30790465761681 ], [ -72.185583976998615, 42.307801236396308 ], [ -72.185318040187269, 42.307750604597054 ], [ -72.184964340078295, 42.307603891500804 ], [ -72.184572671422629, 42.307445429348306 ], [ -72.184147110466554, 42.307158512498383 ], [ -72.183894689834361, 42.306921521508471 ], [ -72.183785215550728, 42.306746611420017 ], [ -72.183821005915817, 42.306545357779115 ], [ -72.183960346811091, 42.30641983455196 ], [ -72.184126669808251, 42.306321970264264 ], [ -72.184600712051861, 42.306034106420057 ], [ -72.185080336679505, 42.30581418119089 ], [ -72.185942231699812, 42.305378957342441 ], [ -72.186383866111711, 42.305135034870908 ], [ -72.186927968632148, 42.304878433810373 ], [ -72.187143560583991, 42.304772617786469 ], [ -72.187210336911733, 42.304734225009575 ], [ -72.187294504822503, 42.304711393669479 ], [ -72.18781858887678, 42.304667022772605 ], [ -72.188934317244986, 42.304601096870044 ], [ -72.189405145662491, 42.304578195511944 ], [ -72.189844429210709, 42.304576639090158 ], [ -72.190678272863536, 42.304598638836964 ], [ -72.191210085762393, 42.304695915934815 ], [ -72.1915002978036, 42.30474890886228 ], [ -72.19199317890012, 42.304834982634425 ], [ -72.192231820179273, 42.304874599500494 ], [ -72.192751490868275, 42.30499237985169 ], [ -72.193050793217495, 42.305111037235996 ], [ -72.193323305518021, 42.30528630541739 ], [ -72.193503261599929, 42.305393797588387 ], [ -72.193710748157528, 42.305545328837873 ], [ -72.193912909294937, 42.305708866099486 ], [ -72.194104764009921, 42.305916850917548 ], [ -72.194226109908996, 42.306121120018496 ], [ -72.194255966031648, 42.306366186046255 ], [ -72.19424213864707, 42.306587387518618 ], [ -72.194185496794802, 42.306852963212847 ], [ -72.19404699058326, 42.30707500790426 ], [ -72.193903002774448, 42.307272866988974 ], [ -72.193732154153537, 42.307498977958474 ], [ -72.19358848395909, 42.307737078870289 ], [ -72.193455993604701, 42.307999330633258 ], [ -72.193366854342599, 42.308321551816348 ], [ -72.193366557229197, 42.308527005907486 ], [ -72.193475109514807, 42.308758992636527 ], [ -72.193645249765709, 42.308954954920594 ], [ -72.194038051841375, 42.309213854803424 ], [ -72.194625944916567, 42.309487779786409 ], [ -72.196051170768115, 42.310050045579494 ], [ -72.196759224999425, 42.310395527159514 ], [ -72.197276569311299, 42.310649609316748 ], [ -72.197423421650441, 42.310701026455234 ], [ -72.197645770295509, 42.31072380512677 ], [ -72.197933009524846, 42.310746189229597 ], [ -72.198792785197469, 42.311098839515765 ], [ -72.199141166245894, 42.311253465419668 ], [ -72.199412809727477, 42.311324197715273 ], [ -72.199716615827441, 42.311374566419943 ], [ -72.20010158818674, 42.311404452772855 ], [ -72.200393977764122, 42.311398619446571 ], [ -72.200924126412744, 42.311339026840194 ], [ -72.201329975972499, 42.311304409059581 ], [ -72.201682852410329, 42.311316749771663 ], [ -72.20181219964779, 42.311309567554765 ], [ -72.20193859193985, 42.311298441848756 ], [ -72.202260870790951, 42.31124245357254 ], [ -72.202672253438038, 42.311203745797826 ], [ -72.202915436940614, 42.311158052806618 ], [ -72.203082633159383, 42.311096618577473 ], [ -72.203330550593193, 42.310920259704119 ], [ -72.203669728226757, 42.310791598436815 ], [ -72.203881386490181, 42.310834507604028 ], [ -72.204121153339003, 42.310961693900943 ], [ -72.204388372728019, 42.311124994198138 ], [ -72.204730771324094, 42.311231292878446 ], [ -72.20532815515196, 42.311360424203592 ], [ -72.205664439318667, 42.311418500637437 ], [ -72.206027960355883, 42.311460653180696 ], [ -72.206375060265273, 42.311498674036272 ], [ -72.206819499382718, 42.311519979428034 ], [ -72.207182283414255, 42.311517747209287 ], [ -72.206848363435299, 42.31074813971312 ], [ -72.204989929606882, 42.306237080701464 ], [ -72.213973667409888, 42.294256953445782 ], [ -72.216537608064584, 42.294073618897386 ], [ -72.216745505015226, 42.294056206126562 ], [ -72.216623183467732, 42.294241625259978 ], [ -72.216555441632394, 42.294545816334953 ], [ -72.216549203616836, 42.294776877738521 ], [ -72.216542547631931, 42.295046025333484 ], [ -72.216499386969474, 42.295325664275246 ], [ -72.216512021123862, 42.295424080625743 ], [ -72.216529218460337, 42.295507793272364 ], [ -72.216668386889694, 42.29587848771061 ], [ -72.21676658448996, 42.296100704545914 ], [ -72.216778561950861, 42.296194623346658 ], [ -72.216735252866997, 42.296300411219661 ], [ -72.216702740003001, 42.296502916240883 ], [ -72.216616543662553, 42.29681613551309 ], [ -72.216513211674126, 42.297094078960164 ], [ -72.216461647146502, 42.297252767037769 ], [ -72.216323424252593, 42.298520290453439 ], [ -72.216236497541004, 42.298855121531794 ], [ -72.216249509120331, 42.298943992089981 ], [ -72.216305032011306, 42.299135054071918 ], [ -72.216262588854633, 42.299306919817958 ], [ -72.216095005886899, 42.299426806872845 ], [ -72.215920928144371, 42.299519364407253 ], [ -72.215847906952561, 42.299593375630472 ], [ -72.21580536931107, 42.299778476481059 ], [ -72.215736170764913, 42.299943936364777 ], [ -72.215560103750349, 42.300096737157922 ], [ -72.215232889227565, 42.300257321223782 ], [ -72.214914792415499, 42.300430722182014 ], [ -72.214657214845985, 42.300582858351973 ], [ -72.213994646075435, 42.300839247840322 ], [ -72.213624152717486, 42.300948327815789 ], [ -72.213401015900999, 42.301068375849312 ], [ -72.213180637888556, 42.30120731303402 ], [ -72.212995636337538, 42.301353772987575 ], [ -72.212775126723969, 42.301513507579934 ], [ -72.21265226137551, 42.301652919064736 ], [ -72.212421528845923, 42.301982156550395 ], [ -72.212313387141833, 42.3022338362426 ], [ -72.212228092479108, 42.30256514249696 ], [ -72.212297259362359, 42.302816262978148 ], [ -72.212508103363419, 42.303079649504632 ], [ -72.212720579503753, 42.303250832795889 ], [ -72.212935980196661, 42.303530846177189 ], [ -72.213067673242648, 42.303808857828145 ], [ -72.213062142009207, 42.304006962437342 ], [ -72.212991643877032, 42.30416576615012 ], [ -72.212986405299233, 42.304476048713951 ], [ -72.212928555166016, 42.304885692859308 ], [ -72.212861693700518, 42.305249116442958 ], [ -72.212787409706664, 42.305599711441694 ], [ -72.212775060037231, 42.305784803631681 ], [ -72.212763862976971, 42.305953772951483 ], [ -72.212730429040221, 42.306226867055457 ], [ -72.212610479028214, 42.3066368960842 ], [ -72.212632048953665, 42.306979963851525 ], [ -72.21270569459071, 42.307197384196712 ], [ -72.212796945481998, 42.307394798223541 ], [ -72.21285212209709, 42.307566146689226 ], [ -72.212853923662422, 42.307736925975448 ], [ -72.212722500781851, 42.308205456838671 ], [ -72.212668211547054, 42.308382346067305 ], [ -72.212506211693267, 42.308742397814584 ], [ -72.21245217741982, 42.308931259568979 ], [ -72.212367276639526, 42.309136608427373 ], [ -72.212234434607851, 42.309576607262073 ], [ -72.212246008757816, 42.309807557190723 ], [ -72.212210676657733, 42.309955428397728 ], [ -72.212143878356386, 42.310217474901663 ], [ -72.211986002779767, 42.310416433254773 ], [ -72.211722356434706, 42.310701936934329 ], [ -72.211555078600654, 42.310841621940902 ], [ -72.21137867630236, 42.311022147590691 ], [ -72.210796222282696, 42.311380927590861 ], [ -72.211209480521632, 42.311325971903649 ], [ -72.261544271622427, 42.303332186585109 ], [ -72.261916528667939, 42.305259923206698 ], [ -72.274658687623017, 42.301968478077164 ], [ -72.277322303450546, 42.315334805327232 ], [ -72.280005446527312, 42.329101371754412 ], [ -72.277080325441602, 42.329409737779784 ], [ -72.278491247043902, 42.336465183582447 ], [ -72.281371810524348, 42.336129087340325 ], [ -72.28389109960456, 42.350203995912914 ], [ -72.284216069910926, 42.352009617081841 ], [ -72.28855950001946, 42.352077776602123 ], [ -72.288467098529168, 42.352318704994261 ], [ -72.288459284651211, 42.352490359085316 ], [ -72.28838217433065, 42.352701922211956 ], [ -72.288058092639048, 42.352867911492687 ], [ -72.287641584220978, 42.352902816570101 ], [ -72.287263968559571, 42.352834547597347 ], [ -72.286808918621276, 42.352737456928423 ], [ -72.286438700172454, 42.352697764727388 ], [ -72.286168629959505, 42.352863919417842 ], [ -72.286091529973788, 42.353086734825325 ], [ -72.286076078188586, 42.353367109160814 ], [ -72.286230320857555, 42.353549989394764 ], [ -72.286523194491195, 42.353675201290891 ], [ -72.286777736326201, 42.353743774691864 ], [ -72.287039936930029, 42.353852269188714 ], [ -72.287186327689255, 42.353989105659949 ], [ -72.28729423447659, 42.354252249819851 ], [ -72.287294208927975, 42.354503798553743 ], [ -72.287209317543187, 42.354744134135949 ], [ -72.287370951671676, 42.354983952287789 ], [ -72.287424869092973, 42.355161305631526 ], [ -72.287394125240183, 42.35537318063087 ], [ -72.287170434777323, 42.355521373713032 ], [ -72.286930970816798, 42.355601880447054 ], [ -72.286599425004724, 42.355676714380934 ], [ -72.286213705591379, 42.355768303517628 ], [ -72.285943569642569, 42.355940039879229 ], [ -72.285681536295399, 42.356060582254251 ], [ -72.285233888605461, 42.356277915215337 ], [ -72.284539767073014, 42.356393031729475 ], [ -72.284123073335678, 42.356610869372098 ], [ -72.283999618314397, 42.356777099203867 ], [ -72.283983939918571, 42.357040008368045 ], [ -72.284153566166182, 42.357268972593928 ], [ -72.2843461870293, 42.357394333416835 ], [ -72.284631625139042, 42.357525722989088 ], [ -72.284862990226983, 42.357593918612821 ], [ -72.285186849927285, 42.357622588605743 ], [ -72.285518777147928, 42.35768505446692 ], [ -72.285958239555413, 42.357804764817097 ], [ -72.28598113849155, 42.358016182596508 ], [ -72.285773022120864, 42.358119430595536 ], [ -72.285541539315446, 42.358188625820219 ], [ -72.285317869448363, 42.358320069085188 ], [ -72.285186857681126, 42.358571881743366 ], [ -72.285093657286183, 42.358857828162954 ], [ -72.284923750121536, 42.359115577997862 ], [ -72.284831290356237, 42.359275474900585 ], [ -72.284731163575202, 42.359453430352026 ], [ -72.284676985278921, 42.359773412094199 ], [ -72.28483858396298, 42.3599905458493 ], [ -72.285070125693395, 42.360150482038001 ], [ -72.285324550583326, 42.36034456352283 ], [ -72.285501743452855, 42.360556097929091 ], [ -72.285370720172011, 42.360836630784995 ], [ -72.285053900398736, 42.360848337316781 ], [ -72.284637697527415, 42.360951382849585 ], [ -72.284429018696542, 42.361186438262962 ], [ -72.284359739287765, 42.361414690558249 ], [ -72.284460069912797, 42.361683560605854 ], [ -72.284560044092871, 42.361923622902346 ], [ -72.284821925963413, 42.362483452622364 ], [ -72.284937549079146, 42.36305499379214 ], [ -72.285037378410919, 42.363752596645185 ], [ -72.285152469499963, 42.364603688816906 ], [ -72.285228249944993, 42.366111738492684 ], [ -72.285196959188653, 42.366779355123988 ], [ -72.285156432083454, 42.367915738194647 ], [ -72.285107868672085, 42.369050375177096 ], [ -72.285050157167376, 42.370132856088603 ], [ -72.285048566871737, 42.370611203506492 ], [ -72.285078563718884, 42.370856334176139 ], [ -72.28512292275866, 42.371329236098411 ], [ -72.285129007623325, 42.371790064925726 ], [ -72.28505004294199, 42.372148478385441 ], [ -72.285024999786003, 42.372547037849699 ], [ -72.285038376925812, 42.373076960816583 ], [ -72.284859599336045, 42.373327477458531 ], [ -72.284634705932262, 42.373354940765999 ], [ -72.284332784329379, 42.373319816963331 ], [ -72.284108805349447, 42.373176213571227 ], [ -72.284070987263206, 42.372965978219028 ], [ -72.284242492441777, 42.372755486275238 ], [ -72.284057212254197, 42.372550217581122 ], [ -72.283617194600751, 42.372383867224336 ], [ -72.28350014670653, 42.372560225585453 ], [ -72.283213761184712, 42.372553713025439 ], [ -72.283005732408114, 42.372462307068496 ], [ -72.282634623364814, 42.372399019849055 ], [ -72.282372715503243, 42.372251079567555 ], [ -72.282188543322462, 42.372046430576894 ], [ -72.282034784760029, 42.371915220108697 ], [ -72.281733311620172, 42.37195499251137 ], [ -72.281531528888053, 42.37207394456032 ], [ -72.281236514202845, 42.372312280759061 ], [ -72.281026766213543, 42.372494307883464 ], [ -72.280879265647243, 42.372653494258131 ], [ -72.280746319541805, 42.372949159057178 ], [ -72.28053603420696, 42.373353566058348 ], [ -72.280287639561806, 42.373769395012665 ], [ -72.280000943813391, 42.374151631353776 ], [ -72.27960699158173, 42.374471752119035 ], [ -72.279537441734504, 42.374631398649186 ], [ -72.279760944613855, 42.374717124018368 ], [ -72.279976628518313, 42.374779223766609 ], [ -72.280331227702291, 42.374910785233737 ], [ -72.280486835186309, 42.375093123097194 ], [ -72.280798941242082, 42.375598600939135 ], [ -72.280878394034872, 42.375896965181823 ], [ -72.280931166594186, 42.376138970898282 ], [ -72.28073297563148, 42.376382860226109 ], [ -72.280612585685461, 42.376574993516236 ], [ -72.280481475770173, 42.376803752056389 ], [ -72.280697244180942, 42.376872062057608 ], [ -72.281205706041291, 42.376689178007425 ], [ -72.281460067612983, 42.376745970586335 ], [ -72.281429085773595, 42.37691156833209 ], [ -72.281321275000963, 42.377060311901992 ], [ -72.281074706919924, 42.37736917270653 ], [ -72.281012925062413, 42.377666154833783 ], [ -72.281190126390896, 42.377826467512428 ], [ -72.281428967032994, 42.377855185824956 ], [ -72.281814246420183, 42.37788353871143 ], [ -72.281914256767294, 42.378066342475229 ], [ -72.281845166435019, 42.378243363172622 ], [ -72.281652222378383, 42.378489559093786 ], [ -72.281490256605323, 42.378678014322958 ], [ -72.281205269261619, 42.378786906996545 ], [ -72.280434470270364, 42.378918182421401 ], [ -72.280211105905678, 42.379061496571872 ], [ -72.280026123151643, 42.379284407632809 ], [ -72.279964375896995, 42.379604436747123 ], [ -72.279709471591602, 42.380302195148019 ], [ -72.27955542976666, 42.380691002986609 ], [ -72.279215982138012, 42.381200267674878 ], [ -72.279015540652821, 42.381726596272259 ], [ -72.278791718611615, 42.382040879539744 ], [ -72.278606700786526, 42.382212740705114 ], [ -72.278298515934551, 42.382332946784899 ], [ -72.277997829794941, 42.382401423505542 ], [ -72.27775122542684, 42.382493121958483 ], [ -72.277504522488925, 42.382596614605831 ], [ -72.27719629882489, 42.382733743787419 ], [ -72.277026256605581, 42.38285985544578 ], [ -72.276748851374705, 42.382945547606354 ], [ -72.276494463998972, 42.383105899497181 ], [ -72.276209278670308, 42.383260336499717 ], [ -72.276032170582127, 42.383414583991161 ], [ -72.275677423706327, 42.383620626443289 ], [ -72.275376258300952, 42.383769587152464 ], [ -72.275045109421029, 42.383889939143643 ], [ -72.274790809364148, 42.383998608812959 ], [ -72.2744439481651, 42.384204594275353 ], [ -72.274282100720384, 42.38433622852353 ], [ -72.274019638555458, 42.384542274839951 ], [ -72.274027227327295, 42.384725706847888 ], [ -72.2740579488555, 42.384913934912774 ], [ -72.274073319077786, 42.385217145721342 ], [ -72.274065603374751, 42.385440024185272 ], [ -72.273995943715946, 42.385692039242727 ], [ -72.27395702502848, 42.385994985006398 ], [ -72.273887646796936, 42.38616092851548 ], [ -72.273764540866381, 42.38633281524104 ], [ -72.273679557532489, 42.386613022735936 ], [ -72.27344060228387, 42.386904978997812 ], [ -72.273247588306774, 42.387110556451454 ], [ -72.273131714156392, 42.387437156912796 ], [ -72.273093142055629, 42.387659612297384 ], [ -72.272977572549806, 42.38791193503905 ], [ -72.272830859686493, 42.388140158506964 ], [ -72.272668973132667, 42.388329320248872 ], [ -72.272522362086988, 42.388506405081408 ], [ -72.272337184658056, 42.388678076661705 ], [ -72.272506744151599, 42.388838453667468 ], [ -72.272706936832321, 42.388981158716149 ], [ -72.27286100694046, 42.389136057312484 ], [ -72.2728611629217, 42.389347538698651 ], [ -72.272760787994827, 42.389501895519317 ], [ -72.272598840763067, 42.389656575678288 ], [ -72.272398446824909, 42.389736157904423 ], [ -72.272005206606551, 42.389896891207165 ], [ -72.271103291999452, 42.390194458955499 ], [ -72.270378285200934, 42.390428894029746 ], [ -72.270039507092932, 42.390395149495838 ], [ -72.269784692030228, 42.390354630134105 ], [ -72.26960009937325, 42.390246117447546 ], [ -72.269276456714493, 42.390028786704896 ], [ -72.268875549539175, 42.390069189342938 ], [ -72.268759793249785, 42.390257947079085 ], [ -72.268474619030414, 42.390297574987265 ], [ -72.268212494952621, 42.390195159800285 ], [ -72.26792732473946, 42.38999512442097 ], [ -72.26778096952367, 42.389794612268254 ], [ -72.267727199995832, 42.389537302978653 ], [ -72.267680928759859, 42.389257345895537 ], [ -72.267573672251061, 42.389045948949203 ], [ -72.267350130043042, 42.38887971268278 ], [ -72.267111274470324, 42.388662440594729 ], [ -72.266764578253714, 42.388365399214528 ], [ -72.266656633128534, 42.388217027547974 ], [ -72.266402531216272, 42.387873722432694 ], [ -72.266310042666163, 42.387707871530523 ], [ -72.266025102307765, 42.387324887315373 ], [ -72.265786132969538, 42.387147496877411 ], [ -72.2655010794048, 42.387135889198944 ], [ -72.265215974535948, 42.387210350603311 ], [ -72.264907728618596, 42.387158922028178 ], [ -72.264707420873663, 42.387044924104664 ], [ -72.264206732777723, 42.386696050385872 ], [ -72.264118494737019, 42.386620020238581 ], [ -72.260397241576939, 42.390806975046765 ], [ -72.25816107894201, 42.393504103903588 ], [ -72.249569331342343, 42.390192801054994 ], [ -72.244323420473322, 42.388279857396029 ], [ -72.243178039406089, 42.388248368569684 ], [ -72.242963369156087, 42.388169897940465 ], [ -72.24262507657393, 42.388113021995082 ], [ -72.242263752912763, 42.38810121889766 ], [ -72.241971004462542, 42.38818926647518 ], [ -72.241601258818704, 42.388287803031083 ], [ -72.241416139287907, 42.388388569920728 ], [ -72.241269390479502, 42.388530233247948 ], [ -72.240944992820346, 42.388778196257974 ], [ -72.241020830198735, 42.389083271444669 ], [ -72.240811927453365, 42.389320856829151 ], [ -72.240565136528417, 42.389507098209926 ], [ -72.240341502243353, 42.389607030843273 ], [ -72.239501071425593, 42.389919079630261 ], [ -72.238976620054743, 42.390114304280573 ], [ -72.238320605876297, 42.390452799048873 ], [ -72.237980767238497, 42.390690769121008 ], [ -72.237864273466244, 42.390969980477692 ], [ -72.237817085024801, 42.391203822086283 ], [ -72.237877637148074, 42.391501074429456 ], [ -72.237954062694698, 42.391701442193295 ], [ -72.237999560160219, 42.391884632408178 ], [ -72.23814454032518, 42.392308015825868 ], [ -72.238813067261987, 42.392882710717792 ], [ -72.239081656071008, 42.393146575508403 ], [ -72.239273635304173, 42.393381672033847 ], [ -72.239288245571728, 42.393644376943804 ], [ -72.239148571249316, 42.393893938282567 ], [ -72.238847036866332, 42.394189013912552 ], [ -72.23873075805119, 42.394445266771072 ], [ -72.238714332458727, 42.394650731542349 ], [ -72.238690603340629, 42.39484444920852 ], [ -72.238612848081445, 42.39506102127001 ], [ -72.23850412198135, 42.395277792045675 ], [ -72.238364644114085, 42.395419944805688 ], [ -72.238148577870831, 42.395556376638865 ], [ -72.237809055396497, 42.395709355049831 ], [ -72.237577407485674, 42.395759726650894 ], [ -72.237353631581669, 42.395839397231441 ], [ -72.236998146201501, 42.395998687601477 ], [ -72.236774595650161, 42.396066561623421 ], [ -72.236680957129494, 42.396317535520573 ], [ -72.23665710494565, 42.396511703585524 ], [ -72.236686986011591, 42.396803660685777 ], [ -72.23663211784077, 42.397015043019287 ], [ -72.23651551252091, 42.397254909948742 ], [ -72.236345586083985, 42.397380329327063 ], [ -72.236059603904266, 42.397574013605606 ], [ -72.235866209195507, 42.397676534616409 ], [ -72.235511112759369, 42.397807818323187 ], [ -72.235294829085376, 42.397864119062348 ], [ -72.235000998884871, 42.398104126363933 ], [ -72.234707842381567, 42.398172350826542 ], [ -72.234460818829476, 42.398280343561368 ], [ -72.234128339143467, 42.398445600051559 ], [ -72.233741948368603, 42.398633706901443 ], [ -72.233309733846923, 42.398787982995884 ], [ -72.232900970139255, 42.398838303220494 ], [ -72.232291381628045, 42.398906375710176 ], [ -72.232013489595005, 42.398940194592591 ], [ -72.231682428918475, 42.398819588922983 ], [ -72.231350949770388, 42.39883069919135 ], [ -72.231049900815904, 42.398910308245028 ], [ -72.230755902974551, 42.399064056626912 ], [ -72.230462016360519, 42.399332682084946 ], [ -72.230206556234293, 42.39958413724726 ], [ -72.230066820982046, 42.399801096345406 ], [ -72.229903940426013, 42.400075551298585 ], [ -72.229633215767961, 42.400246795008954 ], [ -72.228526836365944, 42.399717675072104 ], [ -72.219029778662161, 42.395492514820482 ], [ -72.205150781065299, 42.41767838633816 ], [ -72.123668582813082, 42.363930545123686 ] ] ] ] } },
{ "type": "Feature", "properties": { "TOWN": "EAST BROOKFIELD" }, "geometry": { "type": "MultiPolygon", "coordinates": [ [ [ [ -72.019887695547098, 42.183762791267313 ], [ -72.018601658425354, 42.17569924074229 ], [ -72.029440684044204, 42.174424257537282 ], [ -72.069017425074264, 42.169618913809423 ], [ -72.072449964493885, 42.169278784258353 ], [ -72.072261925715139, 42.169779318299661 ], [ -72.072053629855432, 42.170315426208447 ], [ -72.071869125527243, 42.17080594814923 ], [ -72.071708773105058, 42.171210187385135 ], [ -72.071576998426181, 42.171764009309484 ], [ -72.071588236693316, 42.172044137000398 ], [ -72.071698293329533, 42.172411014208244 ], [ -72.071771929728868, 42.172617813638908 ], [ -72.071853950227037, 42.172801342599399 ], [ -72.072012432667876, 42.173008168767737 ], [ -72.072239392426013, 42.173278846677107 ], [ -72.072444377796359, 42.173474816180374 ], [ -72.072777404589942, 42.173843369750664 ], [ -72.07301225696844, 42.174102752526927 ], [ -72.073254525273001, 42.174378933966558 ], [ -72.073421184061431, 42.174552044835565 ], [ -72.073632466779642, 42.174827840252867 ], [ -72.073851136900728, 42.175144023250844 ], [ -72.073979305961046, 42.175316785758852 ], [ -72.07410626109646, 42.175569323699705 ], [ -72.074178260388948, 42.175901546104896 ], [ -72.074203208030028, 42.176290815119899 ], [ -72.074205863915807, 42.176610960164922 ], [ -72.074145469616155, 42.17703946088826 ], [ -72.074093754286295, 42.177410566895901 ], [ -72.074025958162267, 42.17781047397861 ], [ -72.073888640955786, 42.178232607085633 ], [ -72.073665907267653, 42.178699643834342 ], [ -72.073441839429279, 42.179247086448001 ], [ -72.073249503430588, 42.179743321064507 ], [ -72.073052116793193, 42.180056002816833 ], [ -72.072832010110034, 42.180332784434604 ], [ -72.072702747342205, 42.180495489963903 ], [ -72.072518795089522, 42.180634159476568 ], [ -72.072292196516244, 42.180849299683985 ], [ -72.072086181516184, 42.180984657346322 ], [ -72.071924062409991, 42.181115113950582 ], [ -72.071761992704566, 42.181277982021733 ], [ -72.071556661194819, 42.181449168510198 ], [ -72.071329054512304, 42.181579950687755 ], [ -72.071002889704531, 42.18165450237985 ], [ -72.070785185167495, 42.181742468390922 ], [ -72.070613150374896, 42.181901512980239 ], [ -72.070316218252145, 42.182184884198598 ], [ -72.069997217704525, 42.182477907847513 ], [ -72.069847317964857, 42.182770180308729 ], [ -72.069861051334385, 42.183086128415781 ], [ -72.07004894809269, 42.183384914750405 ], [ -72.070236628888921, 42.183659482929478 ], [ -72.070380514921794, 42.183909959716168 ], [ -72.070447556879429, 42.184095904758806 ], [ -72.070445398263743, 42.184313525588671 ], [ -72.070410755859584, 42.184849665157031 ], [ -72.070014499733034, 42.185613225883088 ], [ -72.060477588386306, 42.202987703101769 ], [ -72.078864527355549, 42.214643229104489 ], [ -72.078878592681548, 42.214751107357401 ], [ -72.078797425465083, 42.214947788228187 ], [ -72.07875305140027, 42.215048848742889 ], [ -72.078520488037711, 42.215178948636094 ], [ -72.07834096433146, 42.215348034925391 ], [ -72.078213553305531, 42.215454465611295 ], [ -72.078130791174871, 42.215450020961924 ], [ -72.078048342590108, 42.215506526810053 ], [ -72.07801786703682, 42.215617780716286 ], [ -72.078156966747201, 42.21583675954318 ], [ -72.078045331518709, 42.215999831114061 ], [ -72.078001263337057, 42.216134652025843 ], [ -72.07779864678453, 42.216242181376714 ], [ -72.077724369513433, 42.21637148226138 ], [ -72.077476628001904, 42.216484820297353 ], [ -72.077087326792579, 42.216800723231003 ], [ -72.076959948747358, 42.216937943478079 ], [ -72.077013801316966, 42.217012849903988 ], [ -72.077195225171991, 42.217051551622731 ], [ -72.077243821297827, 42.217134407262243 ], [ -72.077207360236599, 42.217213729430888 ], [ -72.077048080286957, 42.217265939370797 ], [ -72.076947275416856, 42.217302099308995 ], [ -72.076921458069179, 42.217393162131543 ], [ -72.076938274202234, 42.217484190614769 ], [ -72.077029825992909, 42.217602393205169 ], [ -72.077003434205963, 42.217630346038803 ], [ -72.076865216736223, 42.217654719719896 ], [ -72.076716894717535, 42.217726681271486 ], [ -72.076664612770813, 42.217837774278856 ], [ -72.076802321069707, 42.218010304808949 ], [ -72.076897350032255, 42.218084644114377 ], [ -72.076917391579542, 42.218117495280502 ], [ -72.076908980886643, 42.218138245084766 ], [ -72.076869862767907, 42.218165271520824 ], [ -72.076881565449426, 42.218280004298251 ], [ -72.076770208059187, 42.218328011404438 ], [ -72.076749503684383, 42.218395369877726 ], [ -72.076814857393842, 42.218549447285881 ], [ -72.076769199894898, 42.218802938646355 ], [ -72.076765346862913, 42.218965196824207 ], [ -72.076707725641199, 42.21904867664643 ], [ -72.076558617517037, 42.219061220374194 ], [ -72.076426410273555, 42.219160830575746 ], [ -72.076475848603877, 42.219322910991124 ], [ -72.076503452337363, 42.219441435282114 ], [ -72.076408224993642, 42.219505296733423 ], [ -72.076184745629305, 42.219517763440521 ], [ -72.076089269941946, 42.21955434598798 ], [ -72.076052756922806, 42.21964159087203 ], [ -72.075967863246831, 42.21966974714887 ], [ -72.075872010094187, 42.219678151199368 ], [ -72.075776960843456, 42.219761728367402 ], [ -72.075682845864051, 42.219948208039433 ], [ -72.07570542017956, 42.220086564913387 ], [ -72.075679277779017, 42.220142156180444 ], [ -72.075589139200886, 42.220166377053687 ], [ -72.075573533169802, 42.220221825400657 ], [ -72.075606047223317, 42.22028099376179 ], [ -72.075572763411969, 42.220350485852045 ], [ -72.075543282586509, 42.220411945951831 ], [ -72.075331073617235, 42.220492148984029 ], [ -72.075204298548911, 42.220603614788352 ], [ -72.07507655354685, 42.220608216621699 ], [ -72.074937467378717, 42.220537607899423 ], [ -72.074798957052465, 42.220530469102876 ], [ -72.074682157145602, 42.220566617100793 ], [ -72.074591860557078, 42.220586876541347 ], [ -72.074495633410407, 42.220567551268068 ], [ -72.074398407310909, 42.220397876487908 ], [ -72.074291549767906, 42.220354925695048 ], [ -72.074185421839942, 42.22037913546513 ], [ -72.073994824030393, 42.220518649365474 ], [ -72.073704442612211, 42.220781286338919 ], [ -72.073614525314298, 42.220856913146612 ], [ -72.073615063004311, 42.220916331960503 ], [ -72.073697340220676, 42.221000281088564 ], [ -72.073730022133375, 42.221252118838542 ], [ -72.073812276560915, 42.221520814833156 ], [ -72.073760058108235, 42.221639828948028 ], [ -72.073701843303354, 42.221671811528772 ], [ -72.073600527683084, 42.221652510946491 ], [ -72.073468310390254, 42.221752117692887 ], [ -72.073400245540725, 42.221886966539145 ], [ -72.073402071409078, 42.222088810412558 ], [ -72.07344556568485, 42.222183577375198 ], [ -72.073408689989563, 42.222231298871357 ], [ -72.073286735895778, 42.222287278339877 ], [ -72.073190569710249, 42.222248144500824 ], [ -72.073105285768833, 42.222260454843152 ], [ -72.073047585111496, 42.222336010270659 ], [ -72.073112555382025, 42.222448226432157 ], [ -72.073183418013514, 42.22263604045876 ], [ -72.073179377287786, 42.222778582166512 ], [ -72.07321750643753, 42.222869414575676 ], [ -72.07313248605746, 42.222897569343452 ], [ -72.073031955673855, 42.222965325799855 ], [ -72.07301653946142, 42.223028695671658 ], [ -72.07312418861153, 42.223158795192937 ], [ -72.073119409249827, 42.223206266214916 ], [ -72.073055706272214, 42.223234314433192 ], [ -72.07288099216872, 42.223349978431152 ], [ -72.072828784191515, 42.223457107719931 ], [ -72.072825207179363, 42.223651055648453 ], [ -72.072900235417023, 42.223710012467755 ], [ -72.072985722497208, 42.223733354157794 ], [ -72.073091046974326, 42.223860764332919 ], [ -72.073270579649417, 42.224036691311781 ], [ -72.073342438727352, 42.224120152523675 ], [ -72.073290519127255, 42.224312721430074 ], [ -72.073302690380032, 42.224479851002293 ], [ -72.073509547826163, 42.2245963096316 ], [ -72.073595822033951, 42.224599389619385 ], [ -72.073668262275518, 42.224666641865468 ], [ -72.073693823800866, 42.224840907040658 ], [ -72.07374729524463, 42.224940305656148 ], [ -72.073709502117651, 42.22499388391914 ], [ -72.073528559333695, 42.225090943263019 ], [ -72.073485639214582, 42.225126810673387 ], [ -72.073485286325919, 42.225168137358658 ], [ -72.073534764307297, 42.225254591346435 ], [ -72.073584670338818, 42.225482034074965 ], [ -72.073548487309495, 42.225713598482926 ], [ -72.073646660369462, 42.225987256647947 ], [ -72.073705967690273, 42.226182600727327 ], [ -72.07381216453696, 42.226285336946674 ], [ -72.073870474128512, 42.226370396123514 ], [ -72.073890450699594, 42.226462849607685 ], [ -72.073948285619622, 42.226508837017484 ], [ -72.074001322797486, 42.226533330635007 ], [ -72.074072968576431, 42.226525949655816 ], [ -72.074111665022684, 42.226572032738098 ], [ -72.074107722499676, 42.226671718430111 ], [ -72.074122717705535, 42.226735746529897 ], [ -72.074156786431899, 42.226792476585246 ], [ -72.074163070910416, 42.226830979041281 ], [ -72.074131862954559, 42.226889476254684 ], [ -72.074201470213211, 42.226937835506071 ], [ -72.074241859183132, 42.226970135102597 ], [ -72.074249666227928, 42.227029607501514 ], [ -72.074286470682068, 42.227080741810902 ], [ -72.07428322908622, 42.227124063659346 ], [ -72.074218261170316, 42.227186691289383 ], [ -72.074171216640536, 42.227222039383058 ], [ -72.074087686467308, 42.227241454201348 ], [ -72.074051493617333, 42.22725784112896 ], [ -72.074051763509488, 42.227287640528743 ], [ -72.07402283972425, 42.227317495950572 ], [ -72.073925066984145, 42.227369393592667 ], [ -72.073907264784125, 42.227410087283445 ], [ -72.073940313739357, 42.227447825645612 ], [ -72.073944780882982, 42.227539816488033 ], [ -72.073989244348212, 42.227620713324733 ], [ -72.073967882664775, 42.227683032622096 ], [ -72.073979373263498, 42.227747978585043 ], [ -72.074045616430809, 42.227826065470694 ], [ -72.074084185423757, 42.228058606430714 ], [ -72.074209576889317, 42.228233812393484 ], [ -72.074235455475446, 42.228282300414115 ], [ -72.074203387090833, 42.22835286628402 ], [ -72.074182393199877, 42.228455788411353 ], [ -72.074143154461041, 42.228537194037436 ], [ -72.074099817133188, 42.228580716491365 ], [ -72.074129402837926, 42.228623874069939 ], [ -72.074057213252999, 42.228691849632327 ], [ -72.074024728981129, 42.228729915810099 ], [ -72.073966341955654, 42.228730207889832 ], [ -72.073941244876153, 42.228754642190488 ], [ -72.073979692915771, 42.228987183751926 ], [ -72.074035648347916, 42.229133026494488 ], [ -72.074007457988927, 42.229230582627906 ], [ -72.074040776217572, 42.229297940280773 ], [ -72.07404158590569, 42.22938733844628 ], [ -72.074107904256607, 42.2294735278251 ], [ -72.074101323529106, 42.229549458098639 ], [ -72.074116153487594, 42.229581795576948 ], [ -72.074091008384499, 42.229614333064909 ], [ -72.074029401581157, 42.229633728158838 ], [ -72.073971404252248, 42.229677143825057 ], [ -72.0739097487686, 42.229704551984412 ], [ -72.073906823568493, 42.229769480001458 ], [ -72.073878143949074, 42.229826433908713 ], [ -72.073812780811139, 42.229845757638557 ], [ -72.073693298203068, 42.229922072359628 ], [ -72.07363298193259, 42.229936869131286 ], [ -72.073609100774917, 42.229975252298786 ], [ -72.0735496283218, 42.229989594645716 ], [ -72.073542003382755, 42.230043922313122 ], [ -72.073555867585824, 42.23009003964868 ], [ -72.073588441616693, 42.230101941166858 ], [ -72.073613063218048, 42.230131978948478 ], [ -72.073582554437735, 42.230174266634485 ], [ -72.073537190230056, 42.23020816551761 ], [ -72.07339238834841, 42.230257776805082 ], [ -72.073317113710118, 42.23030641031373 ], [ -72.073203904843197, 42.230353252563496 ], [ -72.073150174619414, 42.230399797621345 ], [ -72.073123723369491, 42.230462142143061 ], [ -72.073086897938822, 42.230582969509456 ], [ -72.073084814941282, 42.23064735308985 ], [ -72.073112573740531, 42.23072959410748 ], [ -72.073129588699871, 42.230816030271981 ], [ -72.073154809580316, 42.230912329009939 ], [ -72.073228274978902, 42.230958238687847 ], [ -72.073352649072348, 42.230953655869506 ], [ -72.073445169365229, 42.231003431622277 ], [ -72.073494394418844, 42.231061436579751 ], [ -72.073524983566841, 42.231161849895848 ], [ -72.073504275300451, 42.231256397394269 ], [ -72.073387050347463, 42.231462077043211 ], [ -72.073268909133461, 42.231553149892783 ], [ -72.073236952457108, 42.231609579791638 ], [ -72.07324005400443, 42.231657821663653 ], [ -72.073159289622069, 42.231702431014156 ], [ -72.073116442973188, 42.23174694096258 ], [ -72.07312259135611, 42.231837392812039 ], [ -72.073097795245872, 42.23186848780044 ], [ -72.073009433333425, 42.231890176726417 ], [ -72.072915295081998, 42.231942955599621 ], [ -72.072880654885623, 42.231997418078329 ], [ -72.072828042085817, 42.232087352996075 ], [ -72.072443548207744, 42.231942699031841 ], [ -72.072159718268381, 42.23183715614568 ], [ -72.07176874362959, 42.231685509717508 ], [ -72.070623755074791, 42.231371864435729 ], [ -72.070145281754222, 42.231269805267281 ], [ -72.069274463175546, 42.231253331341932 ], [ -72.068416838711713, 42.231276129599472 ], [ -72.045527371244546, 42.229973187558841 ], [ -72.039520814299863, 42.242459507765119 ], [ -72.038559614065562, 42.244456789822138 ], [ -72.030359113773429, 42.24520091787695 ], [ -72.019887695547098, 42.183762791267313 ] ] ] ] } },
{ "type": "Feature", "properties": { "TOWN": "WARREN" }, "geometry": { "type": "MultiPolygon", "coordinates": [ [ [ [ -72.179567797429044, 42.246254718524199 ], [ -72.179445677399613, 42.246143980669757 ], [ -72.179403233877736, 42.246061851735213 ], [ -72.179416184966954, 42.245958777338295 ], [ -72.179470627067474, 42.245882917382104 ], [ -72.179563224891155, 42.245896144218754 ], [ -72.17966892458243, 42.245854283240597 ], [ -72.179737028025443, 42.245730354670862 ], [ -72.179722762664838, 42.245699557836978 ], [ -72.179653344534003, 42.245689615126487 ], [ -72.179593478291906, 42.245700323405593 ], [ -72.179537688729965, 42.245673103628064 ], [ -72.179509095982127, 42.245594404008187 ], [ -72.179448426124267, 42.245564061925457 ], [ -72.17942067194808, 42.245529653551408 ], [ -72.179437456134224, 42.245501553934751 ], [ -72.179507071544563, 42.245405616804966 ], [ -72.179501546270373, 42.245319758037624 ], [ -72.179558317858536, 42.245201298627002 ], [ -72.179679436613611, 42.24510586673005 ], [ -72.179673580888505, 42.244989218634466 ], [ -72.179737693845709, 42.244933918820067 ], [ -72.179722618447897, 42.244827589087386 ], [ -72.179647530048044, 42.244718193484438 ], [ -72.17952679389488, 42.24465714572716 ], [ -72.179347211406935, 42.244713128946188 ], [ -72.179277536744934, 42.244679148719207 ], [ -72.179258457762558, 42.244617498991701 ], [ -72.179280595924553, 42.244534987769164 ], [ -72.179357785027264, 42.244410915583614 ], [ -72.179296962582882, 42.244332316630143 ], [ -72.179189782507024, 42.244247149472599 ], [ -72.179166041500338, 42.244202723619644 ], [ -72.179192863252609, 42.244161509846059 ], [ -72.179308089376178, 42.244081688896152 ], [ -72.179321618756575, 42.244043884985075 ], [ -72.179302712144505, 42.244009604275597 ], [ -72.179209503002042, 42.243927775699106 ], [ -72.179129029334973, 42.243756648967597 ], [ -72.179118238683401, 42.24360905866174 ], [ -72.179172149534566, 42.243461175526988 ], [ -72.179186296800324, 42.243413194238748 ], [ -72.179175907476903, 42.243382194324845 ], [ -72.179168235825685, 42.243356040111443 ], [ -72.179142968717215, 42.243327469092058 ], [ -72.179118429785589, 42.243197246468704 ], [ -72.179133349498869, 42.243130893875545 ], [ -72.179126533337424, 42.243094110698543 ], [ -72.179097388228698, 42.243065472582217 ], [ -72.179047543310546, 42.243050011720833 ], [ -72.179010248247991, 42.242950565805067 ], [ -72.178965352889819, 42.242707202014422 ], [ -72.178875720153684, 42.242529196718515 ], [ -72.178749785390579, 42.242423522510585 ], [ -72.178684351253963, 42.242355304292062 ], [ -72.178682622484914, 42.242193885271199 ], [ -72.178773045073768, 42.242004551232533 ], [ -72.178733844455977, 42.241749719439753 ], [ -72.178642695247163, 42.241463863311253 ], [ -72.178589657416069, 42.24127456730286 ], [ -72.17853174089629, 42.241048296521114 ], [ -72.178492730002986, 42.240856306566975 ], [ -72.178420829567628, 42.240602658301157 ], [ -72.17839021858002, 42.240335080898234 ], [ -72.178332304594065, 42.240108900003506 ], [ -72.178235703478833, 42.239811371412294 ], [ -72.178174711539697, 42.239625813532143 ], [ -72.178196540588246, 42.239491805341999 ], [ -72.17829744259501, 42.239432777550412 ], [ -72.178319543579818, 42.23934684539207 ], [ -72.178341655803138, 42.239250649389113 ], [ -72.178460468308955, 42.23913308410598 ], [ -72.178422598933068, 42.239047596470272 ], [ -72.178283154246685, 42.238969461683425 ], [ -72.178018345876907, 42.238826883478694 ], [ -72.177882037434955, 42.238611429207708 ], [ -72.177825054898037, 42.23846069023967 ], [ -72.177805674138895, 42.238381845678653 ], [ -72.177808955896722, 42.238258210848493 ], [ -72.177748361753842, 42.238200227262482 ], [ -72.177585339886051, 42.238081085740184 ], [ -72.177504594953248, 42.237872145449877 ], [ -72.177497998133347, 42.237697070000749 ], [ -72.177519927199157, 42.237583678887617 ], [ -72.177606403295215, 42.237456131601796 ], [ -72.177678800437164, 42.23731498235103 ], [ -72.177655146692516, 42.23726704434273 ], [ -72.177446970975723, 42.237230549542581 ], [ -72.177298397216333, 42.237159309970401 ], [ -72.177205006471155, 42.237070638291385 ], [ -72.177167284311707, 42.236998654324971 ], [ -72.177051463234434, 42.236965125108696 ], [ -72.176959246328991, 42.236986286707769 ], [ -72.176847697353566, 42.236921670660792 ], [ -72.176754527739092, 42.236853614896653 ], [ -72.176666779074864, 42.236850711069799 ], [ -72.176515068958096, 42.23691678948213 ], [ -72.176381004604835, 42.236910737201413 ], [ -72.176228158606136, 42.236870402788625 ], [ -72.175976572117463, 42.236909788935435 ], [ -72.175887189991357, 42.236958213005593 ], [ -72.175809161236586, 42.237003328955012 ], [ -72.175739681248288, 42.236986631802999 ], [ -72.175697236932393, 42.236914765200886 ], [ -72.175604493209008, 42.236863812293244 ], [ -72.175230153374358, 42.236855751687521 ], [ -72.174874202809804, 42.236833806655937 ], [ -72.174507876184336, 42.236702081126907 ], [ -72.174366688414054, 42.236459191275884 ], [ -72.174253425679566, 42.23623315343643 ], [ -72.174186517859496, 42.236013955778063 ], [ -72.174159518708052, 42.235890408897305 ], [ -72.17408206350845, 42.235750232170012 ], [ -72.173885184922085, 42.235624711866855 ], [ -72.173615703439893, 42.235484761959292 ], [ -72.173320535586242, 42.235253308426294 ], [ -72.173159774166621, 42.235060320229223 ], [ -72.172975117104883, 42.234933016051215 ], [ -72.172834215294174, 42.234944376140881 ], [ -72.17271408605454, 42.234926713658403 ], [ -72.172565535038771, 42.234890850873455 ], [ -72.172462770199914, 42.234831220959876 ], [ -72.172222356651304, 42.234769786400499 ], [ -72.172108698695439, 42.234699686106943 ], [ -72.172019736378175, 42.234616296249662 ], [ -72.171966046653296, 42.234545934653781 ], [ -72.171895373236922, 42.234530592673885 ], [ -72.171797250820347, 42.234588788332211 ], [ -72.171603131534127, 42.234574258809801 ], [ -72.17137190807253, 42.234373757567099 ], [ -72.171304054936016, 42.234292944651294 ], [ -72.171321093551356, 42.234243056663928 ], [ -72.171359387710837, 42.234198266243325 ], [ -72.171433674009478, 42.234188738272145 ], [ -72.171432991067562, 42.234158581173929 ], [ -72.171390267294427, 42.23411687571086 ], [ -72.171329968109646, 42.234085806926352 ], [ -72.17128757724204, 42.234075521035678 ], [ -72.171262679862437, 42.234046856079004 ], [ -72.171283176313736, 42.233991725947114 ], [ -72.171275457746233, 42.233914972847707 ], [ -72.171239510713747, 42.233861073215067 ], [ -72.171161783302466, 42.233843071054565 ], [ -72.171087448910427, 42.233825139032305 ], [ -72.171059149129448, 42.233806937770524 ], [ -72.17106244019223, 42.233785940808033 ], [ -72.171200659323205, 42.233590120699553 ], [ -72.171193762089885, 42.233533710272177 ], [ -72.171127869195033, 42.233477734923589 ], [ -72.170840987420192, 42.233386408152917 ], [ -72.170607703118677, 42.233288195044373 ], [ -72.170098046394401, 42.232579820567402 ], [ -72.153902549853854, 42.20718305047 ], [ -72.147210905456419, 42.18147230478948 ], [ -72.141889096040629, 42.161000248763088 ], [ -72.199348647024664, 42.153706645081265 ], [ -72.200626230559848, 42.161287045059133 ], [ -72.263410690064546, 42.183639078362546 ], [ -72.263924458492767, 42.183830401945301 ], [ -72.263790388013064, 42.184609555272139 ], [ -72.263781666037985, 42.185654646350734 ], [ -72.263734992401069, 42.185870410270894 ], [ -72.263649311895392, 42.186154500163653 ], [ -72.263653028579128, 42.186463204398791 ], [ -72.26360689378545, 42.186824370670784 ], [ -72.263590328812526, 42.187047316830707 ], [ -72.263675310711946, 42.187429038204527 ], [ -72.263777833640944, 42.187990531954 ], [ -72.263749878518524, 42.18832321618369 ], [ -72.263614778148252, 42.188585396471815 ], [ -72.26349020860809, 42.188847506471689 ], [ -72.263397545778091, 42.18912525002407 ], [ -72.26331453785744, 42.189299929580287 ], [ -72.263212701917681, 42.189680733642525 ], [ -72.263172565709596, 42.189886819939744 ], [ -72.263132619888466, 42.190108751043091 ], [ -72.263184855708985, 42.190908181058354 ], [ -72.263251245299699, 42.191515382884702 ], [ -72.263247909123464, 42.19173112802347 ], [ -72.263264435321787, 42.191927293488469 ], [ -72.26324728693028, 42.192212637251934 ], [ -72.263276056929143, 42.192601215190777 ], [ -72.263368166566437, 42.192870525851099 ], [ -72.263508354374892, 42.19302004045916 ], [ -72.263968222349092, 42.193183091848091 ], [ -72.264268862390139, 42.193395010978449 ], [ -72.264398207630023, 42.193528660637192 ], [ -72.264453958335565, 42.193734198155965 ], [ -72.264467761360677, 42.19399538653159 ], [ -72.264697709185739, 42.195403164820668 ], [ -72.264712277814425, 42.195727732328649 ], [ -72.264715141544016, 42.195965224408319 ], [ -72.264708210826115, 42.196274089151508 ], [ -72.264690883704532, 42.196724917643188 ], [ -72.264622822104016, 42.197145562628229 ], [ -72.264490736040074, 42.197669093606294 ], [ -72.264388961464945, 42.198065563719375 ], [ -72.264296843291078, 42.198359149940181 ], [ -72.264207344073299, 42.198890229657664 ], [ -72.26410814209035, 42.199500514211586 ], [ -72.263963675109736, 42.19988160219048 ], [ -72.263786693678583, 42.200207355195005 ], [ -72.263683195444827, 42.200461401384352 ], [ -72.263536885612396, 42.20069988639483 ], [ -72.263411530037843, 42.200898706604981 ], [ -72.263265529969388, 42.201153035242342 ], [ -72.263162244530051, 42.201415002512881 ], [ -72.263015931621808, 42.201653576847427 ], [ -72.26290284587013, 42.201986826292284 ], [ -72.26283254483198, 42.202343560157473 ], [ -72.262792329857149, 42.202533800272079 ], [ -72.262614738614687, 42.202820030170699 ], [ -72.262489731189277, 42.203058462088272 ], [ -72.262195143577813, 42.203353391990859 ], [ -72.262059475877408, 42.203591714167231 ], [ -72.261578461260001, 42.204315454216733 ], [ -72.261205186081, 42.204643586342094 ], [ -72.261018897517246, 42.205003339354462 ], [ -72.260811821202026, 42.2052153034249 ], [ -72.260622608451456, 42.20542246686594 ], [ -72.260159430105489, 42.205868776437427 ], [ -72.258710295553925, 42.206946357887922 ], [ -72.257541103231631, 42.207770606343509 ], [ -72.255707782660423, 42.209675039138006 ], [ -72.24961937366551, 42.216002251426687 ], [ -72.221229977687301, 42.245249968343686 ], [ -72.218068652928878, 42.248605163688701 ], [ -72.214821467650225, 42.24904129540699 ], [ -72.214585316059299, 42.247571802578825 ], [ -72.210460307410997, 42.247205044585655 ], [ -72.211076830675708, 42.251252266578248 ], [ -72.182506686490029, 42.25138797146171 ], [ -72.182162337417012, 42.247971382232357 ], [ -72.181126226935078, 42.24607414808554 ], [ -72.179567797429044, 42.246254718524199 ] ] ] ] } },
{ "type": "Feature", "properties": { "TOWN": "MILLBURY" }, "geometry": { "type": "MultiPolygon", "coordinates": [ [ [ [ -71.723536353804164, 42.191484247032818 ], [ -71.733969904872467, 42.186748946471759 ], [ -71.733772847094201, 42.183504353221373 ], [ -71.740534019348274, 42.179206764640568 ], [ -71.744150529454146, 42.182434663681434 ], [ -71.829587845579766, 42.144866976679587 ], [ -71.824853556612524, 42.155332144002706 ], [ -71.830472665142523, 42.156084687025526 ], [ -71.834106104981089, 42.154990258672818 ], [ -71.834486369997279, 42.157256608203561 ], [ -71.82548632152799, 42.159920542390182 ], [ -71.825960727067113, 42.165820069262764 ], [ -71.831505122702154, 42.164253192849934 ], [ -71.796329995123017, 42.209236933370555 ], [ -71.797141141147804, 42.210039714036746 ], [ -71.733429796770807, 42.237974955535456 ], [ -71.723536353804164, 42.191484247032818 ] ] ] ] } },
{ "type": "Feature", "properties": { "TOWN": "OAKHAM" }, "geometry": { "type": "MultiPolygon", "coordinates": [ [ [ [ -71.993787738755728, 42.319360170446707 ], [ -71.989407411759458, 42.310187830978897 ], [ -72.041169400287103, 42.308697707378755 ], [ -72.112468513502506, 42.356423087397502 ], [ -72.035081918760781, 42.403916549611331 ], [ -71.993787738755728, 42.319360170446707 ] ] ] ] } },
{ "type": "Feature", "properties": { "TOWN": "WEST BOYLSTON" }, "geometry": { "type": "MultiPolygon", "coordinates": [ [ [ [ -71.817769169169964, 42.403954149406687 ], [ -71.786554739859938, 42.398978899763847 ], [ -71.777737742924117, 42.400409444365124 ], [ -71.76330692125255, 42.400367651747402 ], [ -71.741918007222324, 42.392772895254417 ], [ -71.74192105306895, 42.386850609446356 ], [ -71.75380763500695, 42.38313126104412 ], [ -71.75970813914428, 42.370742419346037 ], [ -71.763739890042402, 42.344195265428361 ], [ -71.764443070515043, 42.312862547605789 ], [ -71.767193189212122, 42.313240252283315 ], [ -71.767240417938552, 42.311443071274859 ], [ -71.768268236033279, 42.311259898633324 ], [ -71.779721007730302, 42.32896219171284 ], [ -71.785895960276605, 42.341186950016933 ], [ -71.802043574471014, 42.331345408915915 ], [ -71.824163689737787, 42.404854146569882 ], [ -71.817769169169964, 42.403954149406687 ] ] ] ] } },
{ "type": "Feature", "properties": { "TOWN": "MENDON" }, "geometry": { "type": "MultiPolygon", "coordinates": [ [ [ [ -71.519093540590475, 42.099504666872278 ], [ -71.518747035400992, 42.09940451964885 ], [ -71.518513717938276, 42.099415091919901 ], [ -71.518223833773021, 42.099462495868657 ], [ -71.517608612116803, 42.099446838134149 ], [ -71.517212575670513, 42.099462654917311 ], [ -71.516894403083867, 42.099515371694253 ], [ -71.516569109780718, 42.099615535373623 ], [ -71.512284352198492, 42.100927308471277 ], [ -71.510862949568974, 42.101354026078731 ], [ -71.509533546425729, 42.101891367128516 ], [ -71.508890050067947, 42.102133605835384 ], [ -71.508451694288425, 42.102249510947217 ], [ -71.507786902478315, 42.102412787248241 ], [ -71.507009068087712, 42.102576156973377 ], [ -71.506160501883073, 42.102713146123087 ], [ -71.50432190201991, 42.102907973460937 ], [ -71.503579349863742, 42.102981826934901 ], [ -71.501556970648636, 42.103266197453948 ], [ -71.500651681680566, 42.103392612946422 ], [ -71.500057704728505, 42.103471574065082 ], [ -71.499866684272845, 42.103503355277816 ], [ -71.499685214982975, 42.103485978737567 ], [ -71.499512332372433, 42.103049414414734 ], [ -71.499417186228385, 42.102966854873287 ], [ -71.499190140473146, 42.102915715404784 ], [ -71.498977844856725, 42.102848099824477 ], [ -71.498683219248207, 42.102738798227413 ], [ -71.498345313242154, 42.102636517709371 ], [ -71.49814462645233, 42.102538199945464 ], [ -71.497870071994996, 42.102447713208122 ], [ -71.497584998553918, 42.102404492227798 ], [ -71.497141428763342, 42.102384854935771 ], [ -71.496930223280856, 42.102357299689082 ], [ -71.49670318450282, 42.102251145918785 ], [ -71.496655674984737, 42.102196045122788 ], [ -71.49667139455353, 42.102137074822714 ], [ -71.496703192897556, 42.102085937748122 ], [ -71.496792899484632, 42.102054519265486 ], [ -71.496988268679345, 42.102034807701337 ], [ -71.497225952735306, 42.101983765820115 ], [ -71.497299823823084, 42.10189724714634 ], [ -71.497294508972587, 42.101787138243488 ], [ -71.497231162297865, 42.101724204542734 ], [ -71.497114982686455, 42.101700613323665 ], [ -71.496946093097833, 42.101669097782988 ], [ -71.496803557326984, 42.101669093839348 ], [ -71.496663443731038, 42.101586170586963 ], [ -71.496629232175209, 42.101551147237529 ], [ -71.496560564085755, 42.101543312411167 ], [ -71.496476056177727, 42.101582563634949 ], [ -71.496338837770097, 42.101621903134962 ], [ -71.496291328357955, 42.101578686368413 ], [ -71.496370519634084, 42.10149216846321 ], [ -71.496486703703582, 42.101421407206288 ], [ -71.496581734438237, 42.101283751631435 ], [ -71.496629247505496, 42.101256203353678 ], [ -71.496623930801263, 42.101205065182072 ], [ -71.49658173962186, 42.101185437001071 ], [ -71.496507874098995, 42.101165897862785 ], [ -71.496433891196688, 42.101083336472975 ], [ -71.496375869394143, 42.100949457468424 ], [ -71.496280731146399, 42.100855191174453 ], [ -71.496143517480064, 42.100839341002072 ], [ -71.496016821876424, 42.100819799735085 ], [ -71.495916482712573, 42.100776400875205 ], [ -71.495837301086851, 42.100717427218662 ], [ -71.495837304881505, 42.10065854647403 ], [ -71.495868982263332, 42.100607409615655 ], [ -71.495993627203035, 42.100546372583707 ], [ -71.496069551921934, 42.100485513798965 ], [ -71.496090715845853, 42.100359650182021 ], [ -71.495979860398251, 42.100304636918978 ], [ -71.495832008403085, 42.100304631577977 ], [ -71.495721153550107, 42.10024547660479 ], [ -71.495696502486368, 42.100079547199599 ], [ -71.495652501544512, 42.100021475056565 ], [ -71.495531008824258, 42.099962499552156 ], [ -71.495462340656147, 42.099982123743203 ], [ -71.495383153687087, 42.100017503018037 ], [ -71.495330445482878, 42.100005706704899 ], [ -71.495282938255883, 42.099958528114222 ], [ -71.495298659694484, 42.099883802430888 ], [ -71.495351494635869, 42.099813039667069 ], [ -71.49546235780781, 42.099738317817483 ], [ -71.495520513592083, 42.099640005476481 ], [ -71.495541682123488, 42.099459132555559 ], [ -71.495580981423842, 42.099318414488891 ], [ -71.495647236646576, 42.099215330710557 ], [ -71.495610253422583, 42.099077670754902 ], [ -71.495647250969284, 42.099002945835593 ], [ -71.495789909845982, 42.098877176877593 ], [ -71.49580575156773, 42.098798489720593 ], [ -71.495858465917493, 42.098700176993013 ], [ -71.495890146554999, 42.098582236558187 ], [ -71.495985294491078, 42.098456375584753 ], [ -71.496096155022016, 42.098373820344293 ], [ -71.496117194230408, 42.098299094714463 ], [ -71.496112003091099, 42.098181152941699 ], [ -71.496178013174372, 42.098100306673921 ], [ -71.496323204158017, 42.098035668681774 ], [ -71.49651179278348, 42.097989848487913 ], [ -71.496586028850899, 42.097789620126314 ], [ -71.496576732133207, 42.097568681908605 ], [ -71.496437724976573, 42.097320099922662 ], [ -71.496493339817349, 42.097195767792783 ], [ -71.49659525296515, 42.097092234374671 ], [ -71.496799194046233, 42.096988703798857 ], [ -71.497005306797647, 42.096963770650149 ], [ -71.497095852772219, 42.096919657448744 ], [ -71.497091624744542, 42.096852583671662 ], [ -71.497058870260517, 42.096726358280648 ], [ -71.497170090246698, 42.09661589213929 ], [ -71.497336915275085, 42.096553684246039 ], [ -71.4974574426613, 42.096443218042246 ], [ -71.497466759147699, 42.096229212719159 ], [ -71.497494569610737, 42.096049689973533 ], [ -71.497494577551478, 42.095842616875942 ], [ -71.497374060819268, 42.095718280238522 ], [ -71.497170128052787, 42.095745915064192 ], [ -71.497031113423645, 42.095697564425684 ], [ -71.497058921140933, 42.095600871015897 ], [ -71.497346270946565, 42.095386872581052 ], [ -71.497522283375147, 42.095228060511182 ], [ -71.497670734845016, 42.095034765423044 ], [ -71.497744963804777, 42.094834536224248 ], [ -71.497717171178806, 42.09453770082586 ], [ -71.497791283180547, 42.094199362794143 ], [ -71.497967416568443, 42.093895508773564 ], [ -71.498060137338058, 42.093715986987398 ], [ -71.498127597094879, 42.093415551976641 ], [ -71.498117933068372, 42.09319281310264 ], [ -71.498069471620042, 42.092811527522613 ], [ -71.498023061898834, 42.0925561064305 ], [ -71.498240793817274, 42.091413155944608 ], [ -71.498282217402391, 42.064879013788989 ], [ -71.563920770793956, 42.064058568525127 ], [ -71.591957886235065, 42.063694565358766 ], [ -71.592624379626685, 42.114277321718021 ], [ -71.592626407468828, 42.114423981770976 ], [ -71.592748695858532, 42.121648745309486 ], [ -71.573414550004784, 42.135790099223087 ], [ -71.570006113333022, 42.139184620416145 ], [ -71.571592321197727, 42.142367955197678 ], [ -71.569339366598044, 42.142637457715551 ], [ -71.563003129128063, 42.135462660208205 ], [ -71.56102262402149, 42.133048823974264 ], [ -71.55967541566001, 42.132143370070359 ], [ -71.559000369819557, 42.131490633105855 ], [ -71.557897571479387, 42.130085177065041 ], [ -71.556950371498331, 42.129365852332974 ], [ -71.556019745475851, 42.128626974764607 ], [ -71.554647597143145, 42.127921613574159 ], [ -71.55390313618912, 42.127732721637294 ], [ -71.552289166852333, 42.126030077537571 ], [ -71.55158916980244, 42.124860797300038 ], [ -71.550816972639723, 42.123508060602994 ], [ -71.550553168913524, 42.123155344376563 ], [ -71.550044859985078, 42.122680472315622 ], [ -71.548628061095542, 42.122002788002746 ], [ -71.544655790681588, 42.120550404619365 ], [ -71.544600216384652, 42.120283752970415 ], [ -71.541827851493309, 42.118426013481624 ], [ -71.539750101145117, 42.116351260110314 ], [ -71.539197312741678, 42.115690169832718 ], [ -71.53839173801299, 42.114709730294372 ], [ -71.536522282200721, 42.11257092462327 ], [ -71.535491690249586, 42.110807081031673 ], [ -71.534444354612006, 42.109720991252409 ], [ -71.53346381949396, 42.108907307958518 ], [ -71.531636040593554, 42.106507226941055 ], [ -71.529444374689604, 42.104640649092026 ], [ -71.529255473482792, 42.104001742824117 ], [ -71.528705342396137, 42.103657512027389 ], [ -71.527026252317526, 42.102953440828884 ], [ -71.526453977624669, 42.102500600984222 ], [ -71.526109128460533, 42.102227076316332 ], [ -71.525765916076139, 42.10204098906388 ], [ -71.525483902405185, 42.101936751993591 ], [ -71.525371815535067, 42.101884728007725 ], [ -71.525248324106826, 42.101825100573365 ], [ -71.525010860467219, 42.101691522751942 ], [ -71.524899432710754, 42.101573409450353 ], [ -71.524804132253848, 42.101472394037806 ], [ -71.524681991997838, 42.101386498930999 ], [ -71.524413663219164, 42.101231353183337 ], [ -71.524384529778814, 42.101224621487191 ], [ -71.524294487549327, 42.101200253049328 ], [ -71.524107407419223, 42.101187257357559 ], [ -71.523803051717906, 42.101073492840875 ], [ -71.52376161487048, 42.101056836672569 ], [ -71.523581051156398, 42.100952018065364 ], [ -71.523418254511085, 42.100807576120445 ], [ -71.52334542854237, 42.100717549511124 ], [ -71.523283276163042, 42.100679240303002 ], [ -71.523199798964058, 42.100626551963039 ], [ -71.523040854950423, 42.100609687293748 ], [ -71.523032827550637, 42.100602892431304 ], [ -71.522423147318875, 42.100426202500365 ], [ -71.522233511889624, 42.10034129768885 ], [ -71.521886973569167, 42.100172825862941 ], [ -71.521639462536072, 42.10004646893173 ], [ -71.521299962203827, 42.099946508152726 ], [ -71.520408928433767, 42.099772911375972 ], [ -71.51985737868533, 42.099646605148699 ], [ -71.519093540590475, 42.099504666872278 ] ] ] ] } },
{ "type": "Feature", "properties": { "TOWN": "BERLIN" }, "geometry": { "type": "MultiPolygon", "coordinates": [ [ [ [ -71.604251973188326, 42.397703031053396 ], [ -71.580135102968654, 42.386952358995032 ], [ -71.607760812269404, 42.370022700467366 ], [ -71.603066152666315, 42.367267115020049 ], [ -71.610008227386658, 42.357403366111591 ], [ -71.624703983532029, 42.350465132064777 ], [ -71.63393764046198, 42.358393234829364 ], [ -71.676370570897987, 42.364871571155412 ], [ -71.677795507498288, 42.365154855826461 ], [ -71.670553440148268, 42.386665673021227 ], [ -71.678767776291906, 42.389162988214196 ], [ -71.676517512296712, 42.396118367509914 ], [ -71.668070101746409, 42.394565530522726 ], [ -71.660635344968412, 42.418232166619624 ], [ -71.630420288137827, 42.409536864278373 ], [ -71.604251973188326, 42.397703031053396 ] ] ] ] } },
{ "type": "Feature", "properties": { "TOWN": "BROOKFIELD" }, "geometry": { "type": "MultiPolygon", "coordinates": [ [ [ [ -72.07857546133198, 42.23106239885346 ], [ -72.077814031556585, 42.231377567780854 ], [ -72.07719754858978, 42.231526793082949 ], [ -72.076413194967444, 42.23176040853005 ], [ -72.075376513588083, 42.232036969094132 ], [ -72.074367049756702, 42.232229833938106 ], [ -72.073693085832375, 42.232254092955735 ], [ -72.073271498468813, 42.232214424903439 ], [ -72.072828042085817, 42.232087352996075 ], [ -72.072880654885623, 42.231997418078329 ], [ -72.072915295081998, 42.231942955599621 ], [ -72.073009433333425, 42.231890176726417 ], [ -72.073097795245872, 42.23186848780044 ], [ -72.07312259135611, 42.231837392812039 ], [ -72.073116442973188, 42.23174694096258 ], [ -72.073159289622069, 42.231702431014156 ], [ -72.07324005400443, 42.231657821663653 ], [ -72.073236952457108, 42.231609579791638 ], [ -72.073268909133461, 42.231553149892783 ], [ -72.073387050347463, 42.231462077043211 ], [ -72.073504275300451, 42.231256397394269 ], [ -72.073524983566841, 42.231161849895848 ], [ -72.073494394418844, 42.231061436579751 ], [ -72.073445169365229, 42.231003431622277 ], [ -72.073352649072348, 42.230953655869506 ], [ -72.073228274978902, 42.230958238687847 ], [ -72.073154809580316, 42.230912329009939 ], [ -72.073129588699871, 42.230816030271981 ], [ -72.073112573740531, 42.23072959410748 ], [ -72.073084814941282, 42.23064735308985 ], [ -72.073086897938822, 42.230582969509456 ], [ -72.073123723369491, 42.230462142143061 ], [ -72.073150174619414, 42.230399797621345 ], [ -72.073203904843197, 42.230353252563496 ], [ -72.073317113710118, 42.23030641031373 ], [ -72.07339238834841, 42.230257776805082 ], [ -72.073537190230056, 42.23020816551761 ], [ -72.073582554437735, 42.230174266634485 ], [ -72.073613063218048, 42.230131978948478 ], [ -72.073588441616693, 42.230101941166858 ], [ -72.073555867585824, 42.23009003964868 ], [ -72.073542003382755, 42.230043922313122 ], [ -72.0735496283218, 42.229989594645716 ], [ -72.073609100774917, 42.229975252298786 ], [ -72.07363298193259, 42.229936869131286 ], [ -72.073693298203068, 42.229922072359628 ], [ -72.073812780811139, 42.229845757638557 ], [ -72.073878143949074, 42.229826433908713 ], [ -72.073906823568493, 42.229769480001458 ], [ -72.0739097487686, 42.229704551984412 ], [ -72.073971404252248, 42.229677143825057 ], [ -72.074029401581157, 42.229633728158838 ], [ -72.074091008384499, 42.229614333064909 ], [ -72.074116153487594, 42.229581795576948 ], [ -72.074101323529106, 42.229549458098639 ], [ -72.074107904256607, 42.2294735278251 ], [ -72.07404158590569, 42.22938733844628 ], [ -72.074040776217572, 42.229297940280773 ], [ -72.074007457988927, 42.229230582627906 ], [ -72.074035648347916, 42.229133026494488 ], [ -72.073979692915771, 42.228987183751926 ], [ -72.073941244876153, 42.228754642190488 ], [ -72.073966341955654, 42.228730207889832 ], [ -72.074024728981129, 42.228729915810099 ], [ -72.074057213252999, 42.228691849632327 ], [ -72.074129402837926, 42.228623874069939 ], [ -72.074099817133188, 42.228580716491365 ], [ -72.074143154461041, 42.228537194037436 ], [ -72.074182393199877, 42.228455788411353 ], [ -72.074203387090833, 42.22835286628402 ], [ -72.074235455475446, 42.228282300414115 ], [ -72.074209576889317, 42.228233812393484 ], [ -72.074084185423757, 42.228058606430714 ], [ -72.074045616430809, 42.227826065470694 ], [ -72.073979373263498, 42.227747978585043 ], [ -72.073967882664775, 42.227683032622096 ], [ -72.073989244348212, 42.227620713324733 ], [ -72.073944780882982, 42.227539816488033 ], [ -72.073940313739357, 42.227447825645612 ], [ -72.073907264784125, 42.227410087283445 ], [ -72.073925066984145, 42.227369393592667 ], [ -72.07402283972425, 42.227317495950572 ], [ -72.074051763509488, 42.227287640528743 ], [ -72.074051493617333, 42.22725784112896 ], [ -72.074087686467308, 42.227241454201348 ], [ -72.074171216640536, 42.227222039383058 ], [ -72.074218261170316, 42.227186691289383 ], [ -72.07428322908622, 42.227124063659346 ], [ -72.074286470682068, 42.227080741810902 ], [ -72.074249666227928, 42.227029607501514 ], [ -72.074241859183132, 42.226970135102597 ], [ -72.074201470213211, 42.226937835506071 ], [ -72.074131862954559, 42.226889476254684 ], [ -72.074163070910416, 42.226830979041281 ], [ -72.074156786431899, 42.226792476585246 ], [ -72.074122717705535, 42.226735746529897 ], [ -72.074107722499676, 42.226671718430111 ], [ -72.074111665022684, 42.226572032738098 ], [ -72.074072968576431, 42.226525949655816 ], [ -72.074001322797486, 42.226533330635007 ], [ -72.073948285619622, 42.226508837017484 ], [ -72.073890450699594, 42.226462849607685 ], [ -72.073870474128512, 42.226370396123514 ], [ -72.07381216453696, 42.226285336946674 ], [ -72.073705967690273, 42.226182600727327 ], [ -72.073646660369462, 42.225987256647947 ], [ -72.073548487309495, 42.225713598482926 ], [ -72.073584670338818, 42.225482034074965 ], [ -72.073534764307297, 42.225254591346435 ], [ -72.073485286325919, 42.225168137358658 ], [ -72.073485639214582, 42.225126810673387 ], [ -72.073528559333695, 42.225090943263019 ], [ -72.073709502117651, 42.22499388391914 ], [ -72.07374729524463, 42.224940305656148 ], [ -72.073693823800866, 42.224840907040658 ], [ -72.073668262275518, 42.224666641865468 ], [ -72.073595822033951, 42.224599389619385 ], [ -72.073509547826163, 42.2245963096316 ], [ -72.073302690380032, 42.224479851002293 ], [ -72.073290519127255, 42.224312721430074 ], [ -72.073342438727352, 42.224120152523675 ], [ -72.073270579649417, 42.224036691311781 ], [ -72.073091046974326, 42.223860764332919 ], [ -72.072985722497208, 42.223733354157794 ], [ -72.072900235417023, 42.223710012467755 ], [ -72.072825207179363, 42.223651055648453 ], [ -72.072828784191515, 42.223457107719931 ], [ -72.07288099216872, 42.223349978431152 ], [ -72.073055706272214, 42.223234314433192 ], [ -72.073119409249827, 42.223206266214916 ], [ -72.07312418861153, 42.223158795192937 ], [ -72.07301653946142, 42.223028695671658 ], [ -72.073031955673855, 42.222965325799855 ], [ -72.07313248605746, 42.222897569343452 ], [ -72.07321750643753, 42.222869414575676 ], [ -72.073179377287786, 42.222778582166512 ], [ -72.073183418013514, 42.22263604045876 ], [ -72.073112555382025, 42.222448226432157 ], [ -72.073047585111496, 42.222336010270659 ], [ -72.073105285768833, 42.222260454843152 ], [ -72.073190569710249, 42.222248144500824 ], [ -72.073286735895778, 42.222287278339877 ], [ -72.073408689989563, 42.222231298871357 ], [ -72.07344556568485, 42.222183577375198 ], [ -72.073402071409078, 42.222088810412558 ], [ -72.073400245540725, 42.221886966539145 ], [ -72.073468310390254, 42.221752117692887 ], [ -72.073600527683084, 42.221652510946491 ], [ -72.073701843303354, 42.221671811528772 ], [ -72.073760058108235, 42.221639828948028 ], [ -72.073812276560915, 42.221520814833156 ], [ -72.073730022133375, 42.221252118838542 ], [ -72.073697340220676, 42.221000281088564 ], [ -72.073615063004311, 42.220916331960503 ], [ -72.073614525314298, 42.220856913146612 ], [ -72.073704442612211, 42.220781286338919 ], [ -72.073994824030393, 42.220518649365474 ], [ -72.074185421839942, 42.22037913546513 ], [ -72.074291549767906, 42.220354925695048 ], [ -72.074398407310909, 42.220397876487908 ], [ -72.074495633410407, 42.220567551268068 ], [ -72.074591860557078, 42.220586876541347 ], [ -72.074682157145602, 42.220566617100793 ], [ -72.074798957052465, 42.220530469102876 ], [ -72.074937467378717, 42.220537607899423 ], [ -72.07507655354685, 42.220608216621699 ], [ -72.075204298548911, 42.220603614788352 ], [ -72.075331073617235, 42.220492148984029 ], [ -72.075543282586509, 42.220411945951831 ], [ -72.075572763411969, 42.220350485852045 ], [ -72.075606047223317, 42.22028099376179 ], [ -72.075573533169802, 42.220221825400657 ], [ -72.075589139200886, 42.220166377053687 ], [ -72.075679277779017, 42.220142156180444 ], [ -72.07570542017956, 42.220086564913387 ], [ -72.075682845864051, 42.219948208039433 ], [ -72.075776960843456, 42.219761728367402 ], [ -72.075872010094187, 42.219678151199368 ], [ -72.075967863246831, 42.21966974714887 ], [ -72.076052756922806, 42.21964159087203 ], [ -72.076089269941946, 42.21955434598798 ], [ -72.076184745629305, 42.219517763440521 ], [ -72.076408224993642, 42.219505296733423 ], [ -72.076503452337363, 42.219441435282114 ], [ -72.076475848603877, 42.219322910991124 ], [ -72.076426410273555, 42.219160830575746 ], [ -72.076558617517037, 42.219061220374194 ], [ -72.076707725641199, 42.21904867664643 ], [ -72.076765346862913, 42.218965196824207 ], [ -72.076769199894898, 42.218802938646355 ], [ -72.076814857393842, 42.218549447285881 ], [ -72.076749503684383, 42.218395369877726 ], [ -72.076770208059187, 42.218328011404438 ], [ -72.076881565449426, 42.218280004298251 ], [ -72.076869862767907, 42.218165271520824 ], [ -72.076908980886643, 42.218138245084766 ], [ -72.076917391579542, 42.218117495280502 ], [ -72.076897350032255, 42.218084644114377 ], [ -72.076802321069707, 42.218010304808949 ], [ -72.076664612770813, 42.217837774278856 ], [ -72.076716894717535, 42.217726681271486 ], [ -72.076865216736223, 42.217654719719896 ], [ -72.077003434205963, 42.217630346038803 ], [ -72.077029825992909, 42.217602393205169 ], [ -72.076938274202234, 42.217484190614769 ], [ -72.076921458069179, 42.217393162131543 ], [ -72.076947275416856, 42.217302099308995 ], [ -72.077048080286957, 42.217265939370797 ], [ -72.077207360236599, 42.217213729430888 ], [ -72.077243821297827, 42.217134407262243 ], [ -72.077195225171991, 42.217051551622731 ], [ -72.077013801316966, 42.217012849903988 ], [ -72.076959948747358, 42.216937943478079 ], [ -72.077087326792579, 42.216800723231003 ], [ -72.077476628001904, 42.216484820297353 ], [ -72.077724369513433, 42.21637148226138 ], [ -72.07779864678453, 42.216242181376714 ], [ -72.078001263337057, 42.216134652025843 ], [ -72.078045331518709, 42.215999831114061 ], [ -72.078156966747201, 42.21583675954318 ], [ -72.07801786703682, 42.215617780716286 ], [ -72.078048342590108, 42.215506526810053 ], [ -72.078130791174871, 42.215450020961924 ], [ -72.078213553305531, 42.215454465611295 ], [ -72.07834096433146, 42.215348034925391 ], [ -72.078520488037711, 42.215178948636094 ], [ -72.07875305140027, 42.215048848742889 ], [ -72.078797425465083, 42.214947788228187 ], [ -72.078878592681548, 42.214751107357401 ], [ -72.078864527355549, 42.214643229104489 ], [ -72.060477588386306, 42.202987703101769 ], [ -72.070014499733034, 42.185613225883088 ], [ -72.070410755859584, 42.184849665157031 ], [ -72.070445398263743, 42.184313525588671 ], [ -72.070447556879429, 42.184095904758806 ], [ -72.070380514921794, 42.183909959716168 ], [ -72.070236628888921, 42.183659482929478 ], [ -72.07004894809269, 42.183384914750405 ], [ -72.069861051334385, 42.183086128415781 ], [ -72.069847317964857, 42.182770180308729 ], [ -72.069997217704525, 42.182477907847513 ], [ -72.070316218252145, 42.182184884198598 ], [ -72.070613150374896, 42.181901512980239 ], [ -72.070785185167495, 42.181742468390922 ], [ -72.071002889704531, 42.18165450237985 ], [ -72.071329054512304, 42.181579950687755 ], [ -72.071556661194819, 42.181449168510198 ], [ -72.071761992704566, 42.181277982021733 ], [ -72.071924062409991, 42.181115113950582 ], [ -72.072086181516184, 42.180984657346322 ], [ -72.072292196516244, 42.180849299683985 ], [ -72.072518795089522, 42.180634159476568 ], [ -72.072702747342205, 42.180495489963903 ], [ -72.072832010110034, 42.180332784434604 ], [ -72.073052116793193, 42.180056002816833 ], [ -72.073249503430588, 42.179743321064507 ], [ -72.073441839429279, 42.179247086448001 ], [ -72.073665907267653, 42.178699643834342 ], [ -72.073888640955786, 42.178232607085633 ], [ -72.074025958162267, 42.17781047397861 ], [ -72.074093754286295, 42.177410566895901 ], [ -72.074145469616155, 42.17703946088826 ], [ -72.074205863915807, 42.176610960164922 ], [ -72.074203208030028, 42.176290815119899 ], [ -72.074178260388948, 42.175901546104896 ], [ -72.07410626109646, 42.175569323699705 ], [ -72.073979305961046, 42.175316785758852 ], [ -72.073851136900728, 42.175144023250844 ], [ -72.073632466779642, 42.174827840252867 ], [ -72.073421184061431, 42.174552044835565 ], [ -72.073254525273001, 42.174378933966558 ], [ -72.07301225696844, 42.174102752526927 ], [ -72.072777404589942, 42.173843369750664 ], [ -72.072444377796359, 42.173474816180374 ], [ -72.072239392426013, 42.173278846677107 ], [ -72.072012432667876, 42.173008168767737 ], [ -72.071853950227037, 42.172801342599399 ], [ -72.071771929728868, 42.172617813638908 ], [ -72.071698293329533, 42.172411014208244 ], [ -72.071588236693316, 42.172044137000398 ], [ -72.071576998426181, 42.171764009309484 ], [ -72.071708773105058, 42.171210187385135 ], [ -72.071869125527243, 42.17080594814923 ], [ -72.072053629855432, 42.170315426208447 ], [ -72.072261925715139, 42.169779318299661 ], [ -72.072449964493885, 42.169278784258353 ], [ -72.07569272154457, 42.168807786129179 ], [ -72.089415732571027, 42.167138511251018 ], [ -72.086752292752166, 42.154435829228269 ], [ -72.108681071335482, 42.151588753983532 ], [ -72.111519306529914, 42.164455414400528 ], [ -72.135011123362503, 42.161783591129876 ], [ -72.141889096040629, 42.161000248763088 ], [ -72.147210905456419, 42.18147230478948 ], [ -72.139699781730485, 42.179536056201144 ], [ -72.142257946426753, 42.197452398524412 ], [ -72.129843859319777, 42.221237968495736 ], [ -72.128384180634512, 42.220017922513605 ], [ -72.12666228383894, 42.218352186669208 ], [ -72.124525803300855, 42.216320987763844 ], [ -72.124272335092471, 42.216090352206571 ], [ -72.123988414335358, 42.2158542096509 ], [ -72.123742959192398, 42.215674398006477 ], [ -72.123467107934374, 42.215494841069976 ], [ -72.123168434032664, 42.215309735369296 ], [ -72.122892751400869, 42.215147012320045 ], [ -72.122563672962016, 42.21497341429972 ], [ -72.122249966365786, 42.214810986091507 ], [ -72.12181421628631, 42.214615366193904 ], [ -72.12134043045144, 42.214431204797201 ], [ -72.120904729563577, 42.214252417373473 ], [ -72.120385291952829, 42.214068499131166 ], [ -72.11986556064798, 42.213940940814709 ], [ -72.118793285844546, 42.230946109508913 ], [ -72.112765270118473, 42.233218291208978 ], [ -72.111251388424392, 42.238582044972468 ], [ -72.099245441661296, 42.230765446155075 ], [ -72.07857546133198, 42.23106239885346 ] ] ] ] } },
{ "type": "Feature", "properties": { "TOWN": "LEICESTER" }, "geometry": { "type": "MultiPolygon", "coordinates": [ [ [ [ -71.884044191999322, 42.281252774460725 ], [ -71.856633164522336, 42.226675663386345 ], [ -71.866011209435854, 42.225984055029627 ], [ -71.876172277946509, 42.215022933557265 ], [ -71.895136887281808, 42.192425890451062 ], [ -71.916967882201362, 42.190862817216491 ], [ -71.93935781065521, 42.18923852472178 ], [ -71.960535300349392, 42.281426450443895 ], [ -71.885660965607755, 42.284583423250574 ], [ -71.884044191999322, 42.281252774460725 ] ] ] ] } },
{ "type": "Feature", "properties": { "TOWN": "WEBSTER" }, "geometry": { "type": "MultiPolygon", "coordinates": [ [ [ [ -71.804549133293989, 42.023556118332266 ], [ -71.883053740641131, 42.024378714270753 ], [ -71.883949076236277, 42.024394618912133 ], [ -71.884032418443255, 42.024858554549134 ], [ -71.884348774253354, 42.025036479410879 ], [ -71.884662241241116, 42.025055953220807 ], [ -71.884992455693023, 42.025129120112176 ], [ -71.885261055429183, 42.025276681683195 ], [ -71.885448802753729, 42.025452425714285 ], [ -71.885668821804785, 42.025832167759162 ], [ -71.88580117081564, 42.026091559564229 ], [ -71.885983234347577, 42.026364738707052 ], [ -71.886216087887348, 42.026749118133665 ], [ -71.88704069067694, 42.028291674319519 ], [ -71.887098783027611, 42.028630185652098 ], [ -71.887050189850882, 42.028820591969087 ], [ -71.886883877101837, 42.02911358513127 ], [ -71.886797932664706, 42.029317982905773 ], [ -71.886731298669673, 42.029619912164087 ], [ -71.886782328759509, 42.029809981427903 ], [ -71.886945245461604, 42.029990398678656 ], [ -71.887139262291683, 42.030161436928232 ], [ -71.887385855039469, 42.03037929452509 ], [ -71.887689221231099, 42.030698427464323 ], [ -71.887829276377843, 42.031050075553885 ], [ -71.887832117599146, 42.03123868711539 ], [ -71.887838188272852, 42.031481578211604 ], [ -71.887727395978686, 42.031690832680205 ], [ -71.887610131787227, 42.03184887963485 ], [ -71.887530269145515, 42.032021025112229 ], [ -71.887475479531673, 42.032225317751283 ], [ -71.887563652309865, 42.032405987288108 ], [ -71.887807723530372, 42.032604765298522 ], [ -71.888096027487464, 42.032947086919791 ], [ -71.88835330614053, 42.033271056196057 ], [ -71.8885415390112, 42.033520981441477 ], [ -71.888736735233053, 42.033882434784367 ], [ -71.888888846522889, 42.034327315690604 ], [ -71.888952687559097, 42.034596210100524 ], [ -71.889142290109689, 42.035068873672103 ], [ -71.889268847930367, 42.035402649042496 ], [ -71.889313468031361, 42.035569510146729 ], [ -71.889345848213878, 42.035768915147415 ], [ -71.889298272367071, 42.036144968771247 ], [ -71.889226364110357, 42.036590701384505 ], [ -71.889173373384637, 42.037068871809346 ], [ -71.889028167125772, 42.037793238466804 ], [ -71.888773285201765, 42.038852183520966 ], [ -71.888694323573418, 42.03917261240791 ], [ -71.88863933338591, 42.039344493891299 ], [ -71.888602524945455, 42.039428260429986 ], [ -71.888454060316263, 42.039581822308556 ], [ -71.887943580853118, 42.040599767122785 ], [ -71.887509290846708, 42.041854150425792 ], [ -71.887407297655244, 42.042499588461759 ], [ -71.887311731871463, 42.043149596311217 ], [ -71.887295441658267, 42.043548681454858 ], [ -71.887278226527201, 42.043776165212847 ], [ -71.887285658585853, 42.043984928520459 ], [ -71.887218219572873, 42.0441568513275 ], [ -71.887072826319255, 42.044281590043369 ], [ -71.886977532237097, 42.044501054769313 ], [ -71.887040802354235, 42.044695673934619 ], [ -71.887041735392842, 42.044848908348527 ], [ -71.886999361962054, 42.045011472714158 ], [ -71.886938476369693, 42.045248287541433 ], [ -71.886796473393176, 42.04543441747294 ], [ -71.886560556616061, 42.045551268448285 ], [ -71.886332760594598, 42.045951067772009 ], [ -71.886333916848287, 42.04614130530085 ], [ -71.886396912811861, 42.046271011333111 ], [ -71.88662142819382, 42.046344530713874 ], [ -71.886808966726591, 42.04645526860908 ], [ -71.886996320793529, 42.046575280303827 ], [ -71.887234022062174, 42.046750852216555 ], [ -71.887404848211816, 42.04719107938292 ], [ -71.887458404649792, 42.047812761447503 ], [ -71.887425322497663, 42.048508924696854 ], [ -71.88739059169842, 42.048954529450974 ], [ -71.887436517583993, 42.04933485667987 ], [ -71.887538153900152, 42.049659354314343 ], [ -71.887559254263749, 42.05004912906255 ], [ -71.887480264874014, 42.050388103624094 ], [ -71.887202427489328, 42.050765025203582 ], [ -71.886848964409523, 42.051002829552559 ], [ -71.88643224360348, 42.051069152101661 ], [ -71.886089470828324, 42.051019260152962 ], [ -71.885441093040257, 42.050872980597191 ], [ -71.884849329769565, 42.050819241715885 ], [ -71.884431954705562, 42.050797506182008 ], [ -71.884188590408925, 42.05070549883925 ], [ -71.883970503751669, 42.050678410512859 ], [ -71.88372172771497, 42.050730294256269 ], [ -71.883423779241397, 42.050861211805298 ], [ -71.883175645234928, 42.051019782176766 ], [ -71.882840190949295, 42.051141550318384 ], [ -71.882448173466415, 42.051198592237888 ], [ -71.882149466645274, 42.051204182035228 ], [ -71.881881238966955, 42.051135571573532 ], [ -71.881632134243574, 42.051113174034811 ], [ -71.881246396825404, 42.051170100853312 ], [ -71.88092321357027, 42.051264002048569 ], [ -71.880581972436829, 42.051469334096339 ], [ -71.880495793232342, 42.051622768064128 ], [ -71.880471787555223, 42.051789860422865 ], [ -71.88044795859976, 42.051966315690166 ], [ -71.880511513272182, 42.052170210754433 ], [ -71.88073696009404, 42.052396885909367 ], [ -71.880713214699981, 42.052587206131662 ], [ -71.880387713604776, 42.053344751827886 ], [ -71.880172061806633, 42.053725950912941 ], [ -71.880079791139039, 42.053911906904624 ], [ -71.880025279339904, 42.054291039718002 ], [ -71.880055188828905, 42.054484602811023 ], [ -71.880241309236268, 42.054881213019264 ], [ -71.880361604789599, 42.055219519860749 ], [ -71.880388213051418, 42.055507179001481 ], [ -71.880101836025972, 42.056547569221024 ], [ -71.879883467822495, 42.057527410251723 ], [ -71.879928911465868, 42.057833553804521 ], [ -71.880073154792314, 42.058014042397936 ], [ -71.880248411203922, 42.058147970403091 ], [ -71.880510597915531, 42.058272425676641 ], [ -71.880766541165656, 42.058383035947571 ], [ -71.881028516537256, 42.05845175992372 ], [ -71.881333938789865, 42.058492518133036 ], [ -71.881688912253239, 42.058495836334188 ], [ -71.882118204512281, 42.058562379000328 ], [ -71.882325669992824, 42.058767592951277 ], [ -71.882358794100512, 42.059092323626537 ], [ -71.88224193219331, 42.059347959385306 ], [ -71.882068964493357, 42.059575871928644 ], [ -71.881895940366476, 42.059794600957922 ], [ -71.881617247493026, 42.060041412504461 ], [ -71.881581160326945, 42.060268957754595 ], [ -71.881797252695449, 42.06096428683518 ], [ -71.882132329021601, 42.061835594030079 ], [ -71.882140286153842, 42.062114041372659 ], [ -71.882104794191804, 42.062420364132848 ], [ -71.88204365067233, 42.062620082704818 ], [ -71.881771368741099, 42.0628901917839 ], [ -71.881429956588391, 42.063076979467212 ], [ -71.881038401794328, 42.063203520555277 ], [ -71.880641425054804, 42.063474042009801 ], [ -71.880218944127492, 42.063642458705715 ], [ -71.879821083198848, 42.063745877922962 ], [ -71.879610168662268, 42.063895043074993 ], [ -71.879283848455032, 42.064527260243501 ], [ -71.8788413347107, 42.066018871048172 ], [ -71.87882654675667, 42.066152889889082 ], [ -71.878854810813124, 42.066272811021541 ], [ -71.878984635350491, 42.066565440314207 ], [ -71.879098940427141, 42.066950225151828 ], [ -71.8790643548829, 42.067391143806432 ], [ -71.878979302754402, 42.067758041932429 ], [ -71.879461352953413, 42.069445833328302 ], [ -71.881506071739125, 42.075896055903534 ], [ -71.830064711871273, 42.092777964889372 ], [ -71.804549133293989, 42.023556118332266 ] ] ] ] } },
{ "type": "Feature", "properties": { "TOWN": "PRINCETON" }, "geometry": { "type": "MultiPolygon", "coordinates": [ [ [ [ -71.849400301124291, 42.5179022611227 ], [ -71.847372477967596, 42.514705121988627 ], [ -71.846989086067239, 42.514646680137872 ], [ -71.846636361735435, 42.514699505694601 ], [ -71.844955775586072, 42.514438253164116 ], [ -71.844125216595003, 42.514541203464233 ], [ -71.84385298612456, 42.514582797133059 ], [ -71.842005682492214, 42.514677327341182 ], [ -71.842328139856249, 42.512630102304328 ], [ -71.822291481059338, 42.504305273886715 ], [ -71.830021851786412, 42.492186063929502 ], [ -71.835602515287761, 42.483594466778257 ], [ -71.82780174267333, 42.472061479097036 ], [ -71.827839925642664, 42.471803896201543 ], [ -71.827775771789618, 42.471673721153493 ], [ -71.827831626394115, 42.471564090648009 ], [ -71.827745934295308, 42.471314062270366 ], [ -71.827766321230911, 42.471188868163921 ], [ -71.827884974768835, 42.470995694872109 ], [ -71.827940083638907, 42.470766151802984 ], [ -71.828072365702951, 42.470458066330302 ], [ -71.82819731006883, 42.470118852585998 ], [ -71.828146652385769, 42.469847928591292 ], [ -71.828208459345433, 42.469550576652296 ], [ -71.828228098025761, 42.469258476293234 ], [ -71.828162997216666, 42.468945911346466 ], [ -71.827992932971057, 42.468722140831019 ], [ -71.827871561566411, 42.468414867365219 ], [ -71.827673452774164, 42.468222595259256 ], [ -71.827616111866078, 42.468045497062299 ], [ -71.827692701642249, 42.46787846094783 ], [ -71.827832465001791, 42.467653808385172 ], [ -71.827880112113718, 42.467346053725571 ], [ -71.827900050140698, 42.467111389041001 ], [ -71.827870892098872, 42.466928989184254 ], [ -71.827792543371203, 42.466757172321238 ], [ -71.827629471786693, 42.466543914315302 ], [ -71.827502095740456, 42.466413918748117 ], [ -71.827410442073969, 42.466372497207317 ], [ -71.82736746501044, 42.466268279114708 ], [ -71.827367032917138, 42.466185006209891 ], [ -71.827344820309293, 42.465981610363364 ], [ -71.827220682168132, 42.465795699062468 ], [ -71.827209771780943, 42.465731721497242 ], [ -71.827228543111289, 42.465670270374581 ], [ -71.827349600631422, 42.46554370982826 ], [ -71.827313351725323, 42.465330000827024 ], [ -71.827319565592958, 42.465168386299872 ], [ -71.827219955645219, 42.464975743331664 ], [ -71.827084653287301, 42.464699837432626 ], [ -71.827090948435014, 42.464506893569897 ], [ -71.827082761237364, 42.464334876882916 ], [ -71.827144689398963, 42.464037524749642 ], [ -71.827276813063605, 42.463724308593363 ], [ -71.827269327665718, 42.463640785595409 ], [ -71.827191499119962, 42.463568175534107 ], [ -71.826888315698241, 42.463485582068614 ], [ -71.826493605491692, 42.463408468780976 ], [ -71.826134156019435, 42.463378247965451 ], [ -71.825851973273203, 42.463312157125451 ], [ -71.825569757166662, 42.463145236397757 ], [ -71.8253999995773, 42.46299969364852 ], [ -71.825330968009538, 42.4629112128708 ], [ -71.825316457338957, 42.462738043519934 ], [ -71.825368525576735, 42.462342861635868 ], [ -71.825276569648921, 42.462264978626315 ], [ -71.825072119758289, 42.462229005158491 ], [ -71.82488867937883, 42.462140936943968 ], [ -71.824719623825217, 42.46213097060609 ], [ -71.824422978991876, 42.461970209493579 ], [ -71.824232568456921, 42.461897734392352 ], [ -71.824063165010486, 42.461819888333181 ], [ -71.823907171457833, 42.461606784991389 ], [ -71.823920738946342, 42.461502316464539 ], [ -71.824004757273585, 42.461408272876412 ], [ -71.823961818335505, 42.461262371169902 ], [ -71.823911706715464, 42.461116579638968 ], [ -71.823841544030699, 42.460954968335926 ], [ -71.823790111890901, 42.46072968371702 ], [ -71.823693842084523, 42.460475570845595 ], [ -71.823677919942696, 42.460314473173739 ], [ -71.823689829210551, 42.460237743675549 ], [ -71.823683448977249, 42.46009680935979 ], [ -71.823702511284509, 42.459987461260717 ], [ -71.823740156851542, 42.459845809932169 ], [ -71.823784943243382, 42.459722505663663 ], [ -71.823856373687633, 42.459490670962907 ], [ -71.823977727137461, 42.459086271239215 ], [ -71.823975570810816, 42.458886288505589 ], [ -71.823960943569674, 42.458841533486932 ], [ -71.82389436552134, 42.458720759656813 ], [ -71.823736031280518, 42.458506472370686 ], [ -71.823645685147625, 42.45834037755224 ], [ -71.823566344432635, 42.458199826401454 ], [ -71.823522248923496, 42.45803473677055 ], [ -71.823507731094296, 42.457855667591055 ], [ -71.823492757710241, 42.457670961335864 ], [ -71.823347050595288, 42.457375265051581 ], [ -71.823226444260683, 42.457223160268761 ], [ -71.823047270765599, 42.457105546656635 ], [ -71.822906379808146, 42.456962524457786 ], [ -71.822587633302177, 42.456623626000741 ], [ -71.822445631671286, 42.456499799942954 ], [ -71.822097640279381, 42.456177546809904 ], [ -71.821991818864575, 42.456056625877707 ], [ -71.821832748732675, 42.455920495158921 ], [ -71.821762505592957, 42.455837965339157 ], [ -71.821640241094542, 42.455657367456908 ], [ -71.821565528733601, 42.455448022722301 ], [ -71.821558428786517, 42.455315129490288 ], [ -71.821571364797947, 42.45520553134245 ], [ -71.821618964446216, 42.455133337765801 ], [ -71.821662703807931, 42.455106403980061 ], [ -71.821787203603421, 42.455080910059252 ], [ -71.821866341513498, 42.455047160427263 ], [ -71.821919965871032, 42.455009291328551 ], [ -71.822009102842387, 42.454904535991538 ], [ -71.822066720692078, 42.454775932521962 ], [ -71.822083474602636, 42.454701648156487 ], [ -71.822068171229816, 42.454633775983538 ], [ -71.822013659680067, 42.45449771945411 ], [ -71.821936686916544, 42.454395970800256 ], [ -71.821854859482571, 42.454303638010643 ], [ -71.821689088589778, 42.454126086642752 ], [ -71.821509963129785, 42.453992472759559 ], [ -71.821163468933975, 42.453741941863996 ], [ -71.820900691522752, 42.453539995286185 ], [ -71.820738722061648, 42.453341426985631 ], [ -71.820683723406589, 42.453241740899159 ], [ -71.820589545272199, 42.453075904443644 ], [ -71.820469873397244, 42.452925108429547 ], [ -71.820397101555528, 42.452596869479827 ], [ -71.820240276024563, 42.452412688551235 ], [ -71.820148836133953, 42.452232592916239 ], [ -71.820084241639989, 42.452008516726757 ], [ -71.820160434953507, 42.451763253107067 ], [ -71.820258123802333, 42.45158571952809 ], [ -71.820489521306783, 42.451381796227537 ], [ -71.820727645230122, 42.45116218912105 ], [ -71.820895450788456, 42.450932244363671 ], [ -71.820992844580744, 42.450697364108365 ], [ -71.821027089992327, 42.450499210524121 ], [ -71.820899850205123, 42.450410889097185 ], [ -71.820674596706766, 42.450411516510044 ], [ -71.820294341304972, 42.450386466996527 ], [ -71.819857285607569, 42.450283431055311 ], [ -71.819490816072459, 42.450195862262206 ], [ -71.819321265732867, 42.450081638819988 ], [ -71.819104941579354, 42.449876618038779 ], [ -71.818952620681458, 42.449587334913609 ], [ -71.81895864321281, 42.449383948502167 ], [ -71.818985711876991, 42.449159707679215 ], [ -71.819013175846422, 42.449013698729921 ], [ -71.819097184431556, 42.448919568402729 ], [ -71.819209632962455, 42.448872533050618 ], [ -71.819329166419024, 42.448856357018158 ], [ -71.819420436152967, 42.448803978593162 ], [ -71.819419644611344, 42.448647604826562 ], [ -71.81923449627827, 42.448236607219911 ], [ -71.819112559266472, 42.448041677741365 ], [ -71.818803451845469, 42.447924599154696 ], [ -71.81864043225282, 42.447706015894127 ], [ -71.818484359073366, 42.447466617065459 ], [ -71.818476098917188, 42.447226899369916 ], [ -71.818411716048104, 42.447018486012894 ], [ -71.818150224661323, 42.446821060386192 ], [ -71.817888656450123, 42.44660805978701 ], [ -71.817660254398049, 42.446463477278193 ], [ -71.817267555759983, 42.4463762438141 ], [ -71.816936826662527, 42.446308284207888 ], [ -71.816774576893025, 42.446240940660267 ], [ -71.816612509948726, 42.446209967090333 ], [ -71.8164053060909, 42.44619523205894 ], [ -71.816140665302839, 42.446143653449781 ], [ -71.815893815760489, 42.44607654087271 ], [ -71.815632831435479, 42.445978137282701 ], [ -71.815322254644101, 42.445806947425808 ], [ -71.815012772932036, 42.445854788237632 ], [ -71.814773435465511, 42.445855442673114 ], [ -71.814477489321348, 42.445814478909433 ], [ -71.814141443535007, 42.445824938887853 ], [ -71.813871800580429, 42.44581784180815 ], [ -71.813737904453077, 42.445707023926516 ], [ -71.813582891299703, 42.445676206931793 ], [ -71.813428084880613, 42.445686981413004 ], [ -71.813258945924815, 42.445650980889674 ], [ -71.813148868718841, 42.445563234340838 ], [ -71.813102587721602, 42.445349007053714 ], [ -71.813242620351545, 42.445202693258764 ], [ -71.813361993721941, 42.445155374651357 ], [ -71.813565967117398, 42.445107915622117 ], [ -71.813621856593898, 42.445029530380424 ], [ -71.813663586329227, 42.444914722934634 ], [ -71.813846028072959, 42.444815196688175 ], [ -71.813986931441491, 42.444820034135262 ], [ -71.814127825420641, 42.444822980878449 ], [ -71.814205063162021, 42.444808996107547 ], [ -71.814275892801064, 42.444777473599224 ], [ -71.814401525575761, 42.444693766103491 ], [ -71.814562876661483, 42.4445577455161 ], [ -71.814667603032362, 42.444401173330569 ], [ -71.814596809086439, 42.444317822119245 ], [ -71.814377614409082, 42.444115140779473 ], [ -71.814233608202926, 42.443999489599577 ], [ -71.831746739022762, 42.431826107626499 ], [ -71.887762769667205, 42.394950380427716 ], [ -71.965443258658993, 42.446607141615168 ], [ -71.920256625004242, 42.474536642895977 ], [ -71.933192701683637, 42.482922928121233 ], [ -71.919837059140335, 42.491447501220534 ], [ -71.909651037558973, 42.4844917578043 ], [ -71.864533728122183, 42.516932734454684 ], [ -71.861041886241622, 42.51637449540447 ], [ -71.856839265710022, 42.519082747707877 ], [ -71.849400301124291, 42.5179022611227 ] ] ] ] } },
{ "type": "Feature", "properties": { "TOWN": "HOPEDALE" }, "geometry": { "type": "MultiPolygon", "coordinates": [ [ [ [ -71.560878734692679, 42.155528261675983 ], [ -71.560993873661602, 42.155348948397133 ], [ -71.561213923818357, 42.155302014580748 ], [ -71.561517855450873, 42.155286276008077 ], [ -71.561811571148084, 42.15546545945741 ], [ -71.562084036304128, 42.155441993725326 ], [ -71.562251532922147, 42.155231229871625 ], [ -71.562156841235804, 42.154911581001805 ], [ -71.562345305368211, 42.154615095979636 ], [ -71.562512829738864, 42.154435572488339 ], [ -71.562607016567981, 42.154365386703219 ], [ -71.562931787673676, 42.154139050198076 ], [ -71.563266852994474, 42.153803409292976 ], [ -71.563219723220271, 42.153376507822422 ], [ -71.539302662213643, 42.138359329273428 ], [ -71.538152572122158, 42.138042900045569 ], [ -71.528749699780704, 42.131344272044025 ], [ -71.519238497724501, 42.124192208630255 ], [ -71.510810481699721, 42.123945565480433 ], [ -71.509843940212804, 42.123923596986877 ], [ -71.509830015019901, 42.123812589462581 ], [ -71.509791186447643, 42.123764336025594 ], [ -71.509703497972254, 42.123708884314929 ], [ -71.509670830350672, 42.123614804303337 ], [ -71.509651717777686, 42.123585815835632 ], [ -71.509614344435562, 42.123561870698133 ], [ -71.509525329334409, 42.123527936476314 ], [ -71.509418406617272, 42.123433862700814 ], [ -71.509363253508084, 42.12339524385618 ], [ -71.50933737010493, 42.123375979297968 ], [ -71.50930338725567, 42.123379223267705 ], [ -71.509259487307688, 42.123380757453525 ], [ -71.509201187875135, 42.123327733762459 ], [ -71.509113747964093, 42.123310815031388 ], [ -71.50903912949569, 42.123308390255822 ], [ -71.50903270531785, 42.123207105412689 ], [ -71.5089873423249, 42.12312509044073 ], [ -71.508838208161464, 42.122987534330619 ], [ -71.508779768657448, 42.122792080696804 ], [ -71.50855286029541, 42.122553244940079 ], [ -71.508335758629542, 42.122384272394619 ], [ -71.508053834882503, 42.122198648333971 ], [ -71.50797582516357, 42.12214553540786 ], [ -71.507914380601889, 42.122068382852262 ], [ -71.507876024287768, 42.121908219630249 ], [ -71.507859330350115, 42.121868156817513 ], [ -71.507791238690501, 42.121822245577341 ], [ -71.507561080707347, 42.121653362497803 ], [ -71.507399008655213, 42.12147718187844 ], [ -71.507295358585864, 42.121390398429547 ], [ -71.507178652436906, 42.121342329260479 ], [ -71.507126766589536, 42.121293895689867 ], [ -71.507097615991185, 42.121243299884149 ], [ -71.50709106873434, 42.121093668018034 ], [ -71.507123572052294, 42.120850040792732 ], [ -71.507178568709293, 42.120608752910073 ], [ -71.507259932457515, 42.120406176797779 ], [ -71.507272502614995, 42.120348105674069 ], [ -71.507262823377687, 42.120307141990097 ], [ -71.507197995657492, 42.120232330072142 ], [ -71.507155777512381, 42.120116462304573 ], [ -71.507031321060651, 42.119950542278914 ], [ -71.506838778510314, 42.119756986687165 ], [ -71.50677008443536, 42.119703962379411 ], [ -71.506698857623263, 42.119713600093448 ], [ -71.506650241670187, 42.119694336297776 ], [ -71.506640443782757, 42.119670208451595 ], [ -71.506659909943593, 42.119636445473382 ], [ -71.506685788185351, 42.119629151358474 ], [ -71.506679375050496, 42.119592959091861 ], [ -71.506604877166339, 42.119544796735262 ], [ -71.506588667002163, 42.119491679130967 ], [ -71.506556134899256, 42.119472414332897 ], [ -71.50650110864575, 42.119440996604396 ], [ -71.506494573961035, 42.119397601815145 ], [ -71.506520570307202, 42.119363838474257 ], [ -71.506512827116438, 42.11932809643308 ], [ -71.506462150446879, 42.119257604764144 ], [ -71.506352087980858, 42.119091142949188 ], [ -71.506270933338499, 42.118977797959566 ], [ -71.506154351650494, 42.1189126217457 ], [ -71.506011640182777, 42.118748592269561 ], [ -71.505946819186406, 42.118712403138993 ], [ -71.50588200188345, 42.118714837481221 ], [ -71.505742818554367, 42.118770214222167 ], [ -71.505632530834134, 42.11875824575722 ], [ -71.505577381733886, 42.118693155811833 ], [ -71.505496340386671, 42.118471142251238 ], [ -71.505415311907242, 42.11839155845184 ], [ -71.505288932769531, 42.118275694106565 ], [ -71.50506859895772, 42.118225106862987 ], [ -71.504822265211629, 42.118162366099682 ], [ -71.504663486379442, 42.118143016259829 ], [ -71.504520915371231, 42.118172012438528 ], [ -71.504336142126022, 42.118222707730233 ], [ -71.504071433512493, 42.118241714686313 ], [ -71.503937566517664, 42.118234787242613 ], [ -71.503801521225071, 42.118201030334454 ], [ -71.503662089121249, 42.118150347459625 ], [ -71.503584328793153, 42.11807796477224 ], [ -71.503535710789492, 42.117983883479084 ], [ -71.50344174529684, 42.117887372787663 ], [ -71.503247287166005, 42.117732974884028 ], [ -71.503072300984371, 42.117617109565714 ], [ -71.502936132781826, 42.117503763784505 ], [ -71.50279694290181, 42.117412115513176 ], [ -71.502644576656721, 42.117416891147471 ], [ -71.502472743368656, 42.117472354781214 ], [ -71.502210338566513, 42.117593002951779 ], [ -71.502148667017735, 42.117614791887924 ], [ -71.502090380535961, 42.117612362248011 ], [ -71.501996419280346, 42.11756167640258 ], [ -71.501892663320874, 42.117515762333873 ], [ -71.501782498514061, 42.117472369167515 ], [ -71.501620456890066, 42.117436269310133 ], [ -71.501594577695442, 42.11739530539878 ], [ -71.501639923214569, 42.117334893517466 ], [ -71.50170473792322, 42.117284204687657 ], [ -71.501756612608219, 42.117202185085652 ], [ -71.501746937616659, 42.117168513472713 ], [ -71.501711264045284, 42.117146726468036 ], [ -71.501633387408049, 42.117117737637336 ], [ -71.501588039327942, 42.117074343192272 ], [ -71.501351504898096, 42.116854759919079 ], [ -71.501338564350803, 42.116782374767034 ], [ -71.501413051130797, 42.116664792549457 ], [ -71.501499026468196, 42.116589434884617 ], [ -71.501478951195764, 42.116513268531335 ], [ -71.501331542076898, 42.116390377659684 ], [ -71.501319811632285, 42.116352204459801 ], [ -71.501338554058606, 42.116318262317947 ], [ -71.501402763559028, 42.116276486779 ], [ -71.501497688233627, 42.116262530474707 ], [ -71.501628644168164, 42.116102272285104 ], [ -71.501551489759748, 42.115891959900594 ], [ -71.501385337153408, 42.115691282146848 ], [ -71.501226320397578, 42.115510050864486 ], [ -71.501095359814386, 42.115405705953229 ], [ -71.501029817110179, 42.115231495703647 ], [ -71.50116077021012, 42.11497373387278 ], [ -71.501385315605376, 42.114750812775668 ], [ -71.501553753847503, 42.114583621657545 ], [ -71.501478899213168, 42.114381592044211 ], [ -71.501347937119078, 42.11412392368598 ], [ -71.501279614032285, 42.113955745699649 ], [ -71.501226285000698, 42.113775593278106 ], [ -71.50110475912912, 42.113643248418661 ], [ -71.501170051561616, 42.113458862997497 ], [ -71.501235586586816, 42.113329756906069 ], [ -71.501207532633828, 42.113280960167444 ], [ -71.501151425795456, 42.113232163772743 ], [ -71.500917449321705, 42.113197414252795 ], [ -71.500730387751503, 42.113051114755031 ], [ -71.500356146887157, 42.112849086587993 ], [ -71.500384198550933, 42.112695852712754 ], [ -71.50055263336364, 42.112465911011022 ], [ -71.500842589937676, 42.112410179021872 ], [ -71.500992282252454, 42.112291875988959 ], [ -71.501132662567258, 42.112124595697274 ], [ -71.501226247612237, 42.111943450987283 ], [ -71.501301093307077, 42.111901675333904 ], [ -71.501319711970638, 42.111797148417303 ], [ -71.501263605041245, 42.111685690090248 ], [ -71.501385242827993, 42.111574229301048 ], [ -71.50158184858158, 42.111518496740388 ], [ -71.501778216216493, 42.11160213273282 ], [ -71.501880995629335, 42.111664792826978 ], [ -71.501965273030677, 42.111657858780788 ], [ -71.502008800572455, 42.111603298785241 ], [ -71.502049545066143, 42.111490668459027 ], [ -71.502217962374985, 42.111030873617338 ], [ -71.50248916541625, 42.110877633634168 ], [ -71.502797973297646, 42.110773099093691 ], [ -71.502985019519485, 42.110640747483536 ], [ -71.50307859709541, 42.110459601212547 ], [ -71.503078588464504, 42.110285480101815 ], [ -71.502956940513499, 42.110069497787727 ], [ -71.50280723848293, 42.109776899200774 ], [ -71.502854025350928, 42.109651483904244 ], [ -71.502915804199958, 42.109509772448071 ], [ -71.502910117595164, 42.109428744157412 ], [ -71.502835150815429, 42.109379859053305 ], [ -71.502592120202621, 42.109365910496329 ], [ -71.502423692514313, 42.109379869489189 ], [ -71.502292624020015, 42.109338097835895 ], [ -71.502302050867698, 42.109226638489105 ], [ -71.502451731850243, 42.109080333650482 ], [ -71.502451725767074, 42.10892709984121 ], [ -71.502423672276464, 42.108864348469076 ], [ -71.502302034999232, 42.108801689266471 ], [ -71.502030711165375, 42.108704100780095 ], [ -71.50186227960117, 42.108537005363978 ], [ -71.501600387718298, 42.108411595908784 ], [ -71.501581764530002, 42.108286182162175 ], [ -71.501523362300318, 42.108147354330733 ], [ -71.501469314673145, 42.108077220531698 ], [ -71.501416356180641, 42.108043189372758 ], [ -71.501263527679129, 42.108000606572816 ], [ -71.500973587368762, 42.107798579136734 ], [ -71.500767682069764, 42.107805513638709 ], [ -71.500720890013341, 42.10773582957588 ], [ -71.500842521088998, 42.107617436855357 ], [ -71.500767678395533, 42.107526865742415 ], [ -71.500599375208324, 42.107457182673897 ], [ -71.500617993196386, 42.107303948688397 ], [ -71.500851943353169, 42.107032411197672 ], [ -71.501001622620564, 42.106892950609513 ], [ -71.501151302170513, 42.106802377004264 ], [ -71.501282243331914, 42.106823262633171 ], [ -71.501385132714901, 42.106767441564251 ], [ -71.501394558207934, 42.106544703137601 ], [ -71.501347761415417, 42.10625201092477 ], [ -71.501226125229408, 42.105945634879646 ], [ -71.500926642708734, 42.10572263002372 ], [ -71.500739600288341, 42.105353412014971 ], [ -71.500711547753582, 42.105102584050414 ], [ -71.500561868602688, 42.104893621758748 ], [ -71.500309303487796, 42.10472634450894 ], [ -71.500234464393856, 42.104517471398978 ], [ -71.500281251389609, 42.104197048451852 ], [ -71.500168934211018, 42.104057679918405 ], [ -71.49987901568457, 42.103855649266848 ], [ -71.499685214982975, 42.103485978737567 ], [ -71.499866684272845, 42.103503355277816 ], [ -71.500057704728505, 42.103471574065082 ], [ -71.500651681680566, 42.103392612946422 ], [ -71.501556970648636, 42.103266197453948 ], [ -71.503579349863742, 42.102981826934901 ], [ -71.50432190201991, 42.102907973460937 ], [ -71.506160501883073, 42.102713146123087 ], [ -71.507009068087712, 42.102576156973377 ], [ -71.507786902478315, 42.102412787248241 ], [ -71.508451694288425, 42.102249510947217 ], [ -71.508890050067947, 42.102133605835384 ], [ -71.509533546425729, 42.101891367128516 ], [ -71.510862949568974, 42.101354026078731 ], [ -71.512284352198492, 42.100927308471277 ], [ -71.516569109780718, 42.099615535373623 ], [ -71.516894403083867, 42.099515371694253 ], [ -71.517212575670513, 42.099462654917311 ], [ -71.517608612116803, 42.099446838134149 ], [ -71.518223833773021, 42.099462495868657 ], [ -71.518513717938276, 42.099415091919901 ], [ -71.518747035400992, 42.09940451964885 ], [ -71.519093540590475, 42.099504666872278 ], [ -71.51985737868533, 42.099646605148699 ], [ -71.520408928433767, 42.099772911375972 ], [ -71.521299962203827, 42.099946508152726 ], [ -71.521639462536072, 42.10004646893173 ], [ -71.521886973569167, 42.100172825862941 ], [ -71.522233511889624, 42.10034129768885 ], [ -71.522423147318875, 42.100426202500365 ], [ -71.523032827550637, 42.100602892431304 ], [ -71.523040854950423, 42.100609687293748 ], [ -71.523199798964058, 42.100626551963039 ], [ -71.523283276163042, 42.100679240303002 ], [ -71.52334542854237, 42.100717549511124 ], [ -71.523418254511085, 42.100807576120445 ], [ -71.523581051156398, 42.100952018065364 ], [ -71.52376161487048, 42.101056836672569 ], [ -71.523803051717906, 42.101073492840875 ], [ -71.524107407419223, 42.101187257357559 ], [ -71.524294487549327, 42.101200253049328 ], [ -71.524384529778814, 42.101224621487191 ], [ -71.524413663219164, 42.101231353183337 ], [ -71.524681991997838, 42.101386498930999 ], [ -71.524804132253848, 42.101472394037806 ], [ -71.524899432710754, 42.101573409450353 ], [ -71.525010860467219, 42.101691522751942 ], [ -71.525248324106826, 42.101825100573365 ], [ -71.525371815535067, 42.101884728007725 ], [ -71.525483902405185, 42.101936751993591 ], [ -71.525765916076139, 42.10204098906388 ], [ -71.526109128460533, 42.102227076316332 ], [ -71.526453977624669, 42.102500600984222 ], [ -71.527026252317526, 42.102953440828884 ], [ -71.528705342396137, 42.103657512027389 ], [ -71.529255473482792, 42.104001742824117 ], [ -71.529444374689604, 42.104640649092026 ], [ -71.531636040593554, 42.106507226941055 ], [ -71.53346381949396, 42.108907307958518 ], [ -71.534444354612006, 42.109720991252409 ], [ -71.535491690249586, 42.110807081031673 ], [ -71.536522282200721, 42.11257092462327 ], [ -71.53839173801299, 42.114709730294372 ], [ -71.539197312741678, 42.115690169832718 ], [ -71.539750101145117, 42.116351260110314 ], [ -71.541827851493309, 42.118426013481624 ], [ -71.544600216384652, 42.120283752970415 ], [ -71.544655790681588, 42.120550404619365 ], [ -71.548628061095542, 42.122002788002746 ], [ -71.550044859985078, 42.122680472315622 ], [ -71.550553168913524, 42.123155344376563 ], [ -71.550816972639723, 42.123508060602994 ], [ -71.55158916980244, 42.124860797300038 ], [ -71.552289166852333, 42.126030077537571 ], [ -71.55390313618912, 42.127732721637294 ], [ -71.554647597143145, 42.127921613574159 ], [ -71.556019745475851, 42.128626974764607 ], [ -71.556950371498331, 42.129365852332974 ], [ -71.557897571479387, 42.130085177065041 ], [ -71.559000369819557, 42.131490633105855 ], [ -71.55967541566001, 42.132143370070359 ], [ -71.56102262402149, 42.133048823974264 ], [ -71.563003129128063, 42.135462660208205 ], [ -71.569339366598044, 42.142637457715551 ], [ -71.571592321197727, 42.142367955197678 ], [ -71.571403264253078, 42.151845570836599 ], [ -71.560997429496126, 42.15829026134864 ], [ -71.560955223042669, 42.158315042401092 ], [ -71.560880250555357, 42.157988899886021 ], [ -71.56080132371612, 42.157828506572109 ], [ -71.560792429049044, 42.15776440919646 ], [ -71.560817667031699, 42.157710647233337 ], [ -71.560918727105516, 42.157608588233515 ], [ -71.561074442080567, 42.157467336442238 ], [ -71.561074218748416, 42.157235506592123 ], [ -71.561001653967381, 42.157021631547693 ], [ -71.560953369803315, 42.156765068779869 ], [ -71.560994991696546, 42.156511068936958 ], [ -71.561026120511343, 42.156292636944585 ], [ -71.560960311250497, 42.155804523577487 ], [ -71.560878734692679, 42.155528261675983 ] ] ] ] } },
{ "type": "Feature", "properties": { "TOWN": "HOLDEN" }, "geometry": { "type": "MultiPolygon", "coordinates": [ [ [ [ -71.817769169169964, 42.403954149406687 ], [ -71.824163689737787, 42.404854146569882 ], [ -71.802043574471014, 42.331345408915915 ], [ -71.875388639308184, 42.286544536242708 ], [ -71.882155636182944, 42.291955805937413 ], [ -71.879600033214402, 42.293686458301032 ], [ -71.879547452060663, 42.295878138297255 ], [ -71.879114193576484, 42.297583652536019 ], [ -71.880517107569773, 42.29819770040384 ], [ -71.881661456832518, 42.297558745361926 ], [ -71.881700431553213, 42.297586615179014 ], [ -71.891453645212508, 42.295745105788143 ], [ -71.900359020132754, 42.31338114168269 ], [ -71.901009018724892, 42.313353487463743 ], [ -71.911219607128288, 42.333300346182483 ], [ -71.903505653992354, 42.335669786653241 ], [ -71.90583883195724, 42.340508563391104 ], [ -71.901722110530159, 42.341664137696959 ], [ -71.905408039202584, 42.349427905225809 ], [ -71.918769339560924, 42.347983587551091 ], [ -71.928860869826963, 42.368203246287621 ], [ -71.887762769667205, 42.394950380427716 ], [ -71.831746739022762, 42.431826107626499 ], [ -71.817769169169964, 42.403954149406687 ] ] ] ] } },
{ "type": "Feature", "properties": { "TOWN": "PAXTON" }, "geometry": { "type": "MultiPolygon", "coordinates": [ [ [ [ -71.875388639308184, 42.286544536242708 ], [ -71.884044191999322, 42.281252774460725 ], [ -71.885660965607755, 42.284583423250574 ], [ -71.960535300349392, 42.281426450443895 ], [ -71.96729584851812, 42.310698498653956 ], [ -71.989407411759458, 42.310187830978897 ], [ -71.993787738755728, 42.319360170446707 ], [ -71.97165667405136, 42.329139947318914 ], [ -71.954056250544454, 42.333461820164281 ], [ -71.92062489957442, 42.347578077039188 ], [ -71.918769339560924, 42.347983587551091 ], [ -71.905408039202584, 42.349427905225809 ], [ -71.901722110530159, 42.341664137696959 ], [ -71.90583883195724, 42.340508563391104 ], [ -71.903505653992354, 42.335669786653241 ], [ -71.911219607128288, 42.333300346182483 ], [ -71.901009018724892, 42.313353487463743 ], [ -71.900359020132754, 42.31338114168269 ], [ -71.891453645212508, 42.295745105788143 ], [ -71.881700431553213, 42.297586615179014 ], [ -71.881661456832518, 42.297558745361926 ], [ -71.880517107569773, 42.29819770040384 ], [ -71.879114193576484, 42.297583652536019 ], [ -71.879547452060663, 42.295878138297255 ], [ -71.879600033214402, 42.293686458301032 ], [ -71.882155636182944, 42.291955805937413 ], [ -71.875388639308184, 42.286544536242708 ] ] ] ] } },
{ "type": "Feature", "properties": { "TOWN": "WESTBOROUGH" }, "geometry": { "type": "MultiPolygon", "coordinates": [ [ [ [ -71.542739173534073, 42.269742492870179 ], [ -71.54293841735425, 42.267180810127435 ], [ -71.549919685010849, 42.266050188096671 ], [ -71.550116508026647, 42.26602327357535 ], [ -71.550174955549267, 42.266054308236193 ], [ -71.550301395694333, 42.26607775062628 ], [ -71.550554425463687, 42.266159746433033 ], [ -71.550677513596924, 42.266235136912734 ], [ -71.550756679982769, 42.266255538649297 ], [ -71.550870134457739, 42.266258009275163 ], [ -71.551344890854921, 42.266229708785026 ], [ -71.551489498355281, 42.266234775722047 ], [ -71.551730417373292, 42.266326677611779 ], [ -71.55176389757446, 42.266358803060783 ], [ -71.55181927494074, 42.266487970431854 ], [ -71.551898419458951, 42.266628920900018 ], [ -71.551919064221011, 42.266824545680464 ], [ -71.552013250949869, 42.266979353802022 ], [ -71.55223394835086, 42.267239168792116 ], [ -71.552412409217183, 42.267430670245815 ], [ -71.552511130769474, 42.267496886853934 ], [ -71.552772412058346, 42.26757950418871 ], [ -71.552947599643772, 42.267622097530946 ], [ -71.553097318799757, 42.267647956898898 ], [ -71.553196097137345, 42.267636117323363 ], [ -71.553304335917105, 42.267631295572336 ], [ -71.553428572835472, 42.267624215540245 ], [ -71.553463833985134, 42.267610334588831 ], [ -71.553498617637715, 42.267605186709453 ], [ -71.553529170629233, 42.267613995362467 ], [ -71.553587859996071, 42.267640616720719 ], [ -71.553817103093181, 42.26767607117069 ], [ -71.553979586392344, 42.267744597383548 ], [ -71.554207472807562, 42.267752052520997 ], [ -71.554342747860659, 42.26775387920879 ], [ -71.554422413079962, 42.2677869723356 ], [ -71.554457389415049, 42.267865011320396 ], [ -71.554498860501837, 42.267883897839745 ], [ -71.554588042733883, 42.26784838386618 ], [ -71.554648485154843, 42.267798658843624 ], [ -71.55468662029719, 42.267744262879908 ], [ -71.554823453599226, 42.267585655708785 ], [ -71.554861602796521, 42.267547825104366 ], [ -71.554938071413829, 42.26752888235562 ], [ -71.555100487634874, 42.267519261418173 ], [ -71.555285163688851, 42.267460113315963 ], [ -71.555339355833283, 42.267471881078663 ], [ -71.555364835163701, 42.267500228088458 ], [ -71.55539996683639, 42.267616169132062 ], [ -71.555422344387011, 42.26770132623281 ], [ -71.555441202023673, 42.267780993228342 ], [ -71.55546379376004, 42.267833739599617 ], [ -71.555524424972688, 42.267861979560507 ], [ -71.555600801693558, 42.267876257296805 ], [ -71.555674129306851, 42.267869109442678 ], [ -71.555721853985489, 42.26783127391198 ], [ -71.555766291289004, 42.267776874531599 ], [ -71.555814042870537, 42.26776973900445 ], [ -71.555865098443292, 42.267798073468789 ], [ -71.555970237983274, 42.267852400086369 ], [ -71.556065781013075, 42.267883143567097 ], [ -71.556132724070849, 42.267920923250713 ], [ -71.556215520983926, 42.267930335847659 ], [ -71.556305371070778, 42.267965403330585 ], [ -71.556374879131354, 42.268024878720823 ], [ -71.556451394209745, 42.268057971985478 ], [ -71.556521493486287, 42.268100521452581 ], [ -71.556585160103907, 42.268133620950508 ], [ -71.556658370955645, 42.268131244088558 ], [ -71.556817588095271, 42.268067154465029 ], [ -71.556903622101174, 42.268036501843618 ], [ -71.556948205220962, 42.268010461223291 ], [ -71.556957613099797, 42.267958419514919 ], [ -71.556938421072203, 42.267913504317939 ], [ -71.55694809045734, 42.267882709438837 ], [ -71.556992558631578, 42.267863781187003 ], [ -71.557076062530001, 42.267850595411296 ], [ -71.557177240255101, 42.267811652343006 ], [ -71.557242689917928, 42.267805767821919 ], [ -71.55729201158853, 42.267792508892263 ], [ -71.557297882581082, 42.267716791162016 ], [ -71.557273911035978, 42.267614259528443 ], [ -71.55728540783565, 42.267593907128813 ], [ -71.557321761800793, 42.267583085449886 ], [ -71.557411850845227, 42.267614190652608 ], [ -71.557495923853864, 42.267694364869648 ], [ -71.557603932414949, 42.267703223664014 ], [ -71.557729843996555, 42.267672010234804 ], [ -71.557807734928232, 42.267618493535089 ], [ -71.557843561002841, 42.267560586531523 ], [ -71.557807608985996, 42.26748038835435 ], [ -71.557789637074535, 42.267444745719068 ], [ -71.557813604567173, 42.267409081975302 ], [ -71.55787953580726, 42.267400135845186 ], [ -71.558053596346596, 42.267400047987948 ], [ -71.558215519307097, 42.267382140179819 ], [ -71.558281458656836, 42.267382106734999 ], [ -71.558335527429023, 42.267390992202969 ], [ -71.55835034347696, 42.26742159470507 ], [ -71.558365532460058, 42.267462280319094 ], [ -71.558425585852603, 42.267520138748566 ], [ -71.55850354181662, 42.267537924902307 ], [ -71.558527583007134, 42.267582477252425 ], [ -71.558557775428582, 42.267725068578322 ], [ -71.558533861609007, 42.267818531380961 ], [ -71.558581907337654, 42.267867662984024 ], [ -71.558689912179389, 42.267872019284418 ], [ -71.558761904343001, 42.267862979521652 ], [ -71.558809884127797, 42.267840807707259 ], [ -71.558851736865847, 42.267747155596773 ], [ -71.558923683419891, 42.26768922974135 ], [ -71.559043663124214, 42.267666840804914 ], [ -71.559211688745393, 42.267693493054864 ], [ -71.559331730970086, 42.267737995698326 ], [ -71.559397666556634, 42.267733550169602 ], [ -71.55955953974032, 42.267662162974631 ], [ -71.559619489664186, 42.26760865434818 ], [ -71.559781404309078, 42.267581831417253 ], [ -71.560009413312144, 42.267590625420269 ], [ -71.560195521003607, 42.267639594096011 ], [ -71.560407475588477, 42.267718258610152 ], [ -71.560585070111387, 42.267863742746748 ], [ -71.56219493405456, 42.267651132811821 ], [ -71.586760052727257, 42.259545412624938 ], [ -71.599318658924361, 42.225959233358353 ], [ -71.621110762875688, 42.230868254650922 ], [ -71.644428259281639, 42.226626960111368 ], [ -71.648423376510493, 42.2451765679196 ], [ -71.650162422813409, 42.247791655474622 ], [ -71.670933824432879, 42.24470162845406 ], [ -71.67417269640309, 42.248590736619619 ], [ -71.674455965934001, 42.25235742985177 ], [ -71.676441892247396, 42.254172099335094 ], [ -71.6706193997111, 42.261068992634293 ], [ -71.65917478542049, 42.266832203784787 ], [ -71.670116731342929, 42.278763170696713 ], [ -71.642795746906657, 42.288148760360933 ], [ -71.642703328511033, 42.288191729117869 ], [ -71.642851022542899, 42.288410406643216 ], [ -71.642896347800274, 42.288614806670104 ], [ -71.6429352794934, 42.288833619302942 ], [ -71.642999153097009, 42.289089853028081 ], [ -71.643013000856683, 42.289261701580273 ], [ -71.642894237315957, 42.289344406158719 ], [ -71.64289189882544, 42.28949007634538 ], [ -71.642828303001096, 42.28973269413676 ], [ -71.642783968101639, 42.289913527905512 ], [ -71.642643420258025, 42.290122930379646 ], [ -71.642592408051769, 42.290246693834334 ], [ -71.642483841834576, 42.290389524818799 ], [ -71.64235069798454, 42.29054922161184 ], [ -71.642120077669503, 42.290715520971176 ], [ -71.641869727374697, 42.290789834391418 ], [ -71.641620151406286, 42.290885303169652 ], [ -71.641376964982314, 42.291018755857671 ], [ -71.641210638162434, 42.291090353560179 ], [ -71.641031378567206, 42.291180873025617 ], [ -71.640833049518221, 42.29125728100496 ], [ -71.640704372561203, 42.291301823056379 ], [ -71.640538483253764, 42.291352712532387 ], [ -71.64035293790775, 42.291452871743225 ], [ -71.640154496299886, 42.291533960199416 ], [ -71.640013846927047, 42.29164828868862 ], [ -71.639789829245586, 42.291734179223049 ], [ -71.639591438488409, 42.291839034338871 ], [ -71.639367503472087, 42.291963006282195 ], [ -71.639092264194474, 42.292082178333587 ], [ -71.638849137100252, 42.292191947883943 ], [ -71.638650632544056, 42.292301573044476 ], [ -71.63820268187132, 42.292516202100188 ], [ -71.637972283701217, 42.292625864439422 ], [ -71.63787650476074, 42.292744907929482 ], [ -71.637850984126459, 42.292830556274033 ], [ -71.637806418168509, 42.292968534390887 ], [ -71.637691585608223, 42.293192214433219 ], [ -71.637704863894143, 42.293387201635653 ], [ -71.637647709698996, 42.293591816321133 ], [ -71.637699514093796, 42.293881918135504 ], [ -71.637700062928729, 42.294133999032063 ], [ -71.637649262516845, 42.294305295296496 ], [ -71.637540370688143, 42.294362504165953 ], [ -71.637412347138209, 42.294376881953802 ], [ -71.637157401937017, 42.29452240355068 ], [ -71.637079720214516, 42.294600821589064 ], [ -71.636997240287371, 42.294871457447194 ], [ -71.637042230163942, 42.295095576271322 ], [ -71.636975953186266, 42.295289037818975 ], [ -71.636979201509703, 42.295557050574956 ], [ -71.637050203301612, 42.295809047369609 ], [ -71.637178969931824, 42.296079971293068 ], [ -71.637166383916451, 42.296203686283945 ], [ -71.637025656901869, 42.296289471859168 ], [ -71.636795181193818, 42.296370592606998 ], [ -71.636282767767156, 42.296456819189743 ], [ -71.635418171724609, 42.296591084484838 ], [ -71.635206933680593, 42.29665309319909 ], [ -71.634937779406201, 42.296681948828024 ], [ -71.634502457433911, 42.296810930733308 ], [ -71.634406483878749, 42.296901522255276 ], [ -71.634182520353505, 42.297025303903744 ], [ -71.634131627500821, 42.297158606340567 ], [ -71.63414464317438, 42.297291744126809 ], [ -71.634209400264439, 42.297577060616689 ], [ -71.634306072324634, 42.297871882832837 ], [ -71.634338512065227, 42.298071619366567 ], [ -71.634326293765881, 42.298314171894482 ], [ -71.634256137776319, 42.29851393829852 ], [ -71.634115654054, 42.298718738356818 ], [ -71.634032551744824, 42.29881867752183 ], [ -71.633955856589779, 42.298909156106816 ], [ -71.633860110665665, 42.299051873669981 ], [ -71.633777188463924, 42.299294688492978 ], [ -71.633662652334081, 42.299613434483867 ], [ -71.633631198946787, 42.299879866919163 ], [ -71.633503735750651, 42.300165407041135 ], [ -71.633331178015709, 42.300403464025614 ], [ -71.633209748144765, 42.300560525408606 ], [ -71.63289169691889, 42.300586912062748 ], [ -71.624501368437564, 42.301400988305346 ], [ -71.580033514010154, 42.305891770911899 ], [ -71.542739173534073, 42.269742492870179 ] ] ] ] } },
{ "type": "Feature", "properties": { "TOWN": "NORTHBRIDGE" }, "geometry": { "type": "MultiPolygon", "coordinates": [ [ [ [ -71.64216897333425, 42.165662707668091 ], [ -71.607082120214088, 42.126292920847398 ], [ -71.60578297830294, 42.124856955604464 ], [ -71.605676711511634, 42.124953297703492 ], [ -71.605609149938772, 42.124979739407713 ], [ -71.605499980866455, 42.125003788625307 ], [ -71.605400068329615, 42.124994247407479 ], [ -71.605255227621569, 42.124948914892435 ], [ -71.605190915291629, 42.124965719973851 ], [ -71.605120205034126, 42.124989733432812 ], [ -71.60506561941007, 42.125037680441032 ], [ -71.605023837579097, 42.125076072307806 ], [ -71.604969075321122, 42.125090437635698 ], [ -71.60488544621397, 42.125054591781087 ], [ -71.604808181326135, 42.125064296032477 ], [ -71.604743908288469, 42.125105049238059 ], [ -71.604612068968336, 42.125169812672013 ], [ -71.604435093700047, 42.125146026082923 ], [ -71.604358016492199, 42.125196424151611 ], [ -71.604251830745071, 42.12519652104281 ], [ -71.604158527638958, 42.125234959568004 ], [ -71.604084711514474, 42.125282923626287 ], [ -71.603975408602182, 42.125299768980369 ], [ -71.603840349686948, 42.125393254536377 ], [ -71.603718141159192, 42.12543171895495 ], [ -71.603496054543697, 42.125407971838136 ], [ -71.603367240718981, 42.125326609781737 ], [ -71.603232224023614, 42.125372287792842 ], [ -71.603154946642505, 42.125374698378081 ], [ -71.603048748899724, 42.125367591635374 ], [ -71.602870475909597, 42.125438517058477 ], [ -71.602533783896618, 42.125593223780875 ], [ -71.602269341252864, 42.125628122850109 ], [ -71.602048463666208, 42.125529015389077 ], [ -71.601871317409604, 42.125474074056882 ], [ -71.601758771271633, 42.125505325242038 ], [ -71.601700923055759, 42.125481428317961 ], [ -71.601662095290095, 42.125402415104062 ], [ -71.601636378967299, 42.125354451124601 ], [ -71.601674951578943, 42.125349735176556 ], [ -71.601713485655822, 42.125320980809455 ], [ -71.601652159131433, 42.125239556755197 ], [ -71.601194967433003, 42.124837971272754 ], [ -71.600971969107647, 42.124695378339354 ], [ -71.600775960541569, 42.124564915446044 ], [ -71.600753389789176, 42.124517038522434 ], [ -71.600753611678485, 42.1243521003965 ], [ -71.600675309223064, 42.124012570105513 ], [ -71.600669784389893, 42.12380802311236 ], [ -71.600648938808803, 42.123703874874657 ], [ -71.600555403753063, 42.12359591924632 ], [ -71.60039965229376, 42.123453266000077 ], [ -71.600088370714118, 42.123306967519241 ], [ -71.599771877838123, 42.123152749957711 ], [ -71.599460810703221, 42.12306424989459 ], [ -71.599128551179305, 42.122802096341282 ], [ -71.598983235530923, 42.122678788913042 ], [ -71.598775800674844, 42.122659611582165 ], [ -71.59834048013326, 42.122690867850885 ], [ -71.597910286110789, 42.122752998924092 ], [ -71.597635674318354, 42.122853619137246 ], [ -71.5974075592422, 42.122834456995413 ], [ -71.597210477679823, 42.122784477187153 ], [ -71.597148192581628, 42.122703501680476 ], [ -71.597034061650689, 42.122645708303132 ], [ -71.596717750319797, 42.122603571543102 ], [ -71.596474082682292, 42.122615301556522 ], [ -71.596396450065839, 42.122700266898377 ], [ -71.596339495206621, 42.122704186287159 ], [ -71.596277184063169, 42.122684972030697 ], [ -71.596168176201445, 42.122495907353247 ], [ -71.595893004438182, 42.122307072154953 ], [ -71.595628599966261, 42.122280374263184 ], [ -71.595275975918227, 42.122214945713914 ], [ -71.594949457685701, 42.122219088846229 ], [ -71.594721334276869, 42.122192268678191 ], [ -71.594560537093372, 42.122142164200561 ], [ -71.594462056187993, 42.122115326193693 ], [ -71.594373831776281, 42.122072994190624 ], [ -71.594306327667098, 42.121976445975641 ], [ -71.594207663106673, 42.121907112968799 ], [ -71.594078165360074, 42.121922615069153 ], [ -71.593979666863518, 42.121965191054393 ], [ -71.593917586553872, 42.122019261077178 ], [ -71.593844974489571, 42.121984568523274 ], [ -71.593761922246074, 42.121922874999605 ], [ -71.59350262930694, 42.121834316276136 ], [ -71.593352313781097, 42.121838220508252 ], [ -71.593258964159602, 42.121846129487345 ], [ -71.593191558502781, 42.121815303630427 ], [ -71.593030724016899, 42.121738277578039 ], [ -71.592748695858532, 42.121648745309486 ], [ -71.592626407468828, 42.114423981770976 ], [ -71.592624379626685, 42.114277321718021 ], [ -71.592945076534448, 42.114124097307723 ], [ -71.593615949453195, 42.113803756730768 ], [ -71.594332245119702, 42.11345933621881 ], [ -71.595947114154029, 42.11266283078173 ], [ -71.596408798119356, 42.112519201535335 ], [ -71.596875206579938, 42.112382678924924 ], [ -71.597360816833501, 42.112231913024964 ], [ -71.597870338290406, 42.112063118220071 ], [ -71.598149278284737, 42.111976898557479 ], [ -71.598389634420442, 42.111883508907312 ], [ -71.598649221066651, 42.111793793449067 ], [ -71.598976290460541, 42.111789909279672 ], [ -71.599245666485302, 42.111775270496118 ], [ -71.599534189499892, 42.111710646755661 ], [ -71.599904371186781, 42.11159571316702 ], [ -71.600269760186563, 42.111509412694716 ], [ -71.600577734950988, 42.111512743250657 ], [ -71.60102480930729, 42.111394137040477 ], [ -71.601524876736548, 42.111296999601073 ], [ -71.601953090999473, 42.111332540961875 ], [ -71.602236148015749, 42.111405573905607 ], [ -71.602603305326312, 42.111443418252655 ], [ -71.602820437066455, 42.111499132801178 ], [ -71.603061439904735, 42.111660432710551 ], [ -71.603282763825021, 42.111839576198328 ], [ -71.603532049176152, 42.112110436322965 ], [ -71.62450979168095, 42.104746144497796 ], [ -71.650871366941445, 42.095496453102847 ], [ -71.679972222446381, 42.10339608391206 ], [ -71.685541996158634, 42.107265228047424 ], [ -71.707806519742064, 42.099921367314764 ], [ -71.692011692368851, 42.120292274123031 ], [ -71.70465913582558, 42.125261905789387 ], [ -71.693714208338662, 42.136158873897841 ], [ -71.691408432537258, 42.149233730712297 ], [ -71.693688837170342, 42.161219840957735 ], [ -71.691419314775686, 42.163108643443813 ], [ -71.67901056953481, 42.165788863447304 ], [ -71.64216897333425, 42.165662707668091 ] ] ] ] } },
{ "type": "Feature", "properties": { "TOWN": "UXBRIDGE" }, "geometry": { "type": "MultiPolygon", "coordinates": [ [ [ [ -71.592624379626685, 42.114277321718021 ], [ -71.591957886235065, 42.063694565358766 ], [ -71.591104251237368, 42.013646903162893 ], [ -71.605321372633355, 42.013313695408797 ], [ -71.68086733007766, 42.011530407743187 ], [ -71.681160455802626, 42.021057034677654 ], [ -71.68166604410635, 42.031593164229974 ], [ -71.682451815493181, 42.043742490774129 ], [ -71.68218934251307, 42.049808694286305 ], [ -71.681658013646327, 42.056844882968612 ], [ -71.679965582522257, 42.070882483137702 ], [ -71.67924185672139, 42.074180564152513 ], [ -71.696280949490287, 42.071089658606304 ], [ -71.696667253162929, 42.095327179783425 ], [ -71.696606139575564, 42.097179879904296 ], [ -71.679988906916108, 42.100154538930575 ], [ -71.679972222446381, 42.10339608391206 ], [ -71.650871366941445, 42.095496453102847 ], [ -71.62450979168095, 42.104746144497796 ], [ -71.603532049176152, 42.112110436322965 ], [ -71.603282763825021, 42.111839576198328 ], [ -71.603061439904735, 42.111660432710551 ], [ -71.602820437066455, 42.111499132801178 ], [ -71.602603305326312, 42.111443418252655 ], [ -71.602236148015749, 42.111405573905607 ], [ -71.601953090999473, 42.111332540961875 ], [ -71.601524876736548, 42.111296999601073 ], [ -71.60102480930729, 42.111394137040477 ], [ -71.600577734950988, 42.111512743250657 ], [ -71.600269760186563, 42.111509412694716 ], [ -71.599904371186781, 42.11159571316702 ], [ -71.599534189499892, 42.111710646755661 ], [ -71.599245666485302, 42.111775270496118 ], [ -71.598976290460541, 42.111789909279672 ], [ -71.598649221066651, 42.111793793449067 ], [ -71.598389634420442, 42.111883508907312 ], [ -71.598149278284737, 42.111976898557479 ], [ -71.597870338290406, 42.112063118220071 ], [ -71.597360816833501, 42.112231913024964 ], [ -71.596875206579938, 42.112382678924924 ], [ -71.596408798119356, 42.112519201535335 ], [ -71.595947114154029, 42.11266283078173 ], [ -71.594332245119702, 42.11345933621881 ], [ -71.593615949453195, 42.113803756730768 ], [ -71.592945076534448, 42.114124097307723 ], [ -71.592624379626685, 42.114277321718021 ] ] ] ] } },
{ "type": "Feature", "properties": { "TOWN": "NORTH BROOKFIELD" }, "geometry": { "type": "MultiPolygon", "coordinates": [ [ [ [ -72.030359113773429, 42.24520091787695 ], [ -72.038559614065562, 42.244456789822138 ], [ -72.039520814299863, 42.242459507765119 ], [ -72.045527371244546, 42.229973187558841 ], [ -72.068416838711713, 42.231276129599472 ], [ -72.069274463175546, 42.231253331341932 ], [ -72.070145281754222, 42.231269805267281 ], [ -72.070623755074791, 42.231371864435729 ], [ -72.07176874362959, 42.231685509717508 ], [ -72.072159718268381, 42.23183715614568 ], [ -72.072443548207744, 42.231942699031841 ], [ -72.072828042085817, 42.232087352996075 ], [ -72.073271498468813, 42.232214424903439 ], [ -72.073693085832375, 42.232254092955735 ], [ -72.074367049756702, 42.232229833938106 ], [ -72.075376513588083, 42.232036969094132 ], [ -72.076413194967444, 42.23176040853005 ], [ -72.07719754858978, 42.231526793082949 ], [ -72.077814031556585, 42.231377567780854 ], [ -72.07857546133198, 42.23106239885346 ], [ -72.099245441661296, 42.230765446155075 ], [ -72.111251388424392, 42.238582044972468 ], [ -72.117382043333635, 42.242770945184695 ], [ -72.11329307664333, 42.252431910779187 ], [ -72.125037915917432, 42.263473467116327 ], [ -72.117351285039689, 42.278820538334678 ], [ -72.134785053704022, 42.281148427492617 ], [ -72.129573558568737, 42.290253826305197 ], [ -72.117464581370982, 42.302245460682428 ], [ -72.041169400287103, 42.308697707378755 ], [ -72.030359113773429, 42.24520091787695 ] ] ] ] } },
{ "type": "Feature", "properties": { "TOWN": "SHREWSBURY" }, "geometry": { "type": "MultiPolygon", "coordinates": [ [ [ [ -71.687880493225052, 42.325501455075177 ], [ -71.689714283676878, 42.318826595446097 ], [ -71.684364064942869, 42.311371191209595 ], [ -71.680422538038385, 42.305171300799266 ], [ -71.67696703211999, 42.286115876755517 ], [ -71.670116731342929, 42.278763170696713 ], [ -71.65917478542049, 42.266832203784787 ], [ -71.6706193997111, 42.261068992634293 ], [ -71.676441892247396, 42.254172099335094 ], [ -71.674455965934001, 42.25235742985177 ], [ -71.704648306576388, 42.248366697153472 ], [ -71.710962478347085, 42.245144433248555 ], [ -71.717987609865503, 42.245058563266419 ], [ -71.731238048371722, 42.241286206444386 ], [ -71.746079832027732, 42.243838767772445 ], [ -71.751279731142219, 42.254494376727258 ], [ -71.758543039150311, 42.296221279989339 ], [ -71.768268236033279, 42.311259898633324 ], [ -71.767240417938552, 42.311443071274859 ], [ -71.767193189212122, 42.313240252283315 ], [ -71.764443070515043, 42.312862547605789 ], [ -71.756531863360138, 42.312129362163724 ], [ -71.741420462126442, 42.317318237213378 ], [ -71.741795490487576, 42.315718264333618 ], [ -71.731825865390903, 42.317926689097995 ], [ -71.730214685292765, 42.321137746319337 ], [ -71.698675045732728, 42.332406775298374 ], [ -71.695466711321643, 42.330270765777819 ], [ -71.6976446239387, 42.329179136646474 ], [ -71.69759743165271, 42.327551410407565 ], [ -71.690966628015943, 42.328959680562868 ], [ -71.691141740332966, 42.326884680317953 ], [ -71.68953895212762, 42.325973633601343 ], [ -71.687880493225052, 42.325501455075177 ] ] ] ] } },
{ "type": "Feature", "properties": { "TOWN": "CHARLTON" }, "geometry": { "type": "MultiPolygon", "coordinates": [ [ [ [ -71.90922925004017, 42.091273186070268 ], [ -71.992843483411477, 42.072561929603268 ], [ -71.992502203747449, 42.078186929572922 ], [ -71.995746436113279, 42.07745067255874 ], [ -71.99658818974099, 42.082122764668881 ], [ -71.992663439764328, 42.083145041389201 ], [ -71.993371526146589, 42.085691215147939 ], [ -71.994881498436555, 42.085347070832327 ], [ -71.993880091423151, 42.087519953672476 ], [ -71.996079984754985, 42.087278245552298 ], [ -71.998138041932677, 42.097866755078194 ], [ -72.002993394221264, 42.09658892644989 ], [ -72.027287453153747, 42.105027004096996 ], [ -72.025489320561618, 42.107928870322837 ], [ -72.027604038234387, 42.107406043661513 ], [ -72.029052064643096, 42.115115178118181 ], [ -72.031760830137102, 42.114388755099043 ], [ -72.030845646041598, 42.10979821067064 ], [ -72.03628734789136, 42.108152065887573 ], [ -72.03619122350122, 42.109483668332707 ], [ -72.039076820344746, 42.109058306188146 ], [ -72.039616574540005, 42.112302839476698 ], [ -72.042018496156132, 42.111666031195924 ], [ -72.046816416543251, 42.134925257735375 ], [ -72.024015527947597, 42.141786396177054 ], [ -72.029440684044204, 42.174424257537282 ], [ -72.018601658425354, 42.17569924074229 ], [ -72.019887695547098, 42.183762791267313 ], [ -71.93935781065521, 42.18923852472178 ], [ -71.916967882201362, 42.190862817216491 ], [ -71.903669955157753, 42.125104683883372 ], [ -71.899489831350422, 42.104114450321319 ], [ -71.911890789881042, 42.101311723572259 ], [ -71.90922925004017, 42.091273186070268 ] ] ] ] } },
{ "type": "Feature", "properties": { "TOWN": "SUTTON" }, "geometry": { "type": "MultiPolygon", "coordinates": [ [ [ [ -71.691419314775686, 42.163108643443813 ], [ -71.693688837170342, 42.161219840957735 ], [ -71.691408432537258, 42.149233730712297 ], [ -71.693714208338662, 42.136158873897841 ], [ -71.70465913582558, 42.125261905789387 ], [ -71.692011692368851, 42.120292274123031 ], [ -71.707806519742064, 42.099921367314764 ], [ -71.685541996158634, 42.107265228047424 ], [ -71.679972222446381, 42.10339608391206 ], [ -71.679988906916108, 42.100154538930575 ], [ -71.696606139575564, 42.097179879904296 ], [ -71.696667253162929, 42.095327179783425 ], [ -71.76808785020458, 42.081770569309981 ], [ -71.770418752874207, 42.08839284931382 ], [ -71.77463051834043, 42.100334570901147 ], [ -71.784017036403199, 42.100543419394143 ], [ -71.792394758415057, 42.100726889135537 ], [ -71.797177686477752, 42.099171866756521 ], [ -71.817953626261456, 42.133265512601746 ], [ -71.829531319324389, 42.129390668867003 ], [ -71.831943400651653, 42.143775380110164 ], [ -71.829587845579766, 42.144866976679587 ], [ -71.744150529454146, 42.182434663681434 ], [ -71.740534019348274, 42.179206764640568 ], [ -71.733772847094201, 42.183504353221373 ], [ -71.733969904872467, 42.186748946471759 ], [ -71.723536353804164, 42.191484247032818 ], [ -71.71862541599323, 42.172953322740135 ], [ -71.695205260470033, 42.175788924238105 ], [ -71.691419314775686, 42.163108643443813 ] ] ] ] } },
{ "type": "Feature", "properties": { "TOWN": "AUBURN" }, "geometry": { "type": "MultiPolygon", "coordinates": [ [ [ [ -71.797141141147804, 42.210039714036746 ], [ -71.796329995123017, 42.209236933370555 ], [ -71.831505122702154, 42.164253192849934 ], [ -71.834924906866718, 42.159828624392262 ], [ -71.858097097355824, 42.160706356577435 ], [ -71.87580290035271, 42.170120351107805 ], [ -71.895136887281808, 42.192425890451062 ], [ -71.876172277946509, 42.215022933557265 ], [ -71.866011209435854, 42.225984055029627 ], [ -71.856633164522336, 42.226675663386345 ], [ -71.810035467717569, 42.231262729229073 ], [ -71.80675208537447, 42.223898652015649 ], [ -71.803835453409803, 42.220926475331069 ], [ -71.797141141147804, 42.210039714036746 ] ] ] ] } },
{ "type": "Feature", "properties": { "TOWN": "MILLVILLE" }, "geometry": { "type": "MultiPolygon", "coordinates": [ [ [ [ -71.563658851414829, 42.014277905669331 ], [ -71.591104251237368, 42.013646903162893 ], [ -71.591957886235065, 42.063694565358766 ], [ -71.563920770793956, 42.064058568525127 ], [ -71.563658851414829, 42.014277905669331 ] ] ] ] } },
{ "type": "Feature", "properties": { "TOWN": "SOUTHBRIDGE" }, "geometry": { "type": "MultiPolygon", "coordinates": [ [ [ [ -71.992843483411477, 42.072561929603268 ], [ -71.993331861980479, 42.065378877836878 ], [ -71.991571510896364, 42.05781943117443 ], [ -71.991023265705266, 42.057617407026129 ], [ -71.990458945624923, 42.057241862986906 ], [ -71.989747876882461, 42.056650951983727 ], [ -71.989218447486294, 42.056113280771299 ], [ -71.988743805148971, 42.055629393724715 ], [ -71.988413806433371, 42.055117697057533 ], [ -71.988246052907954, 42.054510951280648 ], [ -71.988494605865853, 42.050273953561081 ], [ -71.98904468595191, 42.044585209304103 ], [ -71.994698003866688, 42.031024205249935 ], [ -71.993125954628468, 42.02693549678412 ], [ -72.071769911440214, 42.027632510458318 ], [ -72.099753621827759, 42.028768596898097 ], [ -72.074435790141536, 42.058459938876602 ], [ -72.066585525560342, 42.071834392537561 ], [ -72.066432893318975, 42.072063745997248 ], [ -72.065951359380065, 42.072106733701382 ], [ -72.065461546448432, 42.072237904195006 ], [ -72.064908471430911, 42.072416743054561 ], [ -72.06422061853462, 42.072714099030954 ], [ -72.064111175300283, 42.072745880503568 ], [ -72.06396525013281, 42.072779102120528 ], [ -72.063784186980669, 42.072788187288701 ], [ -72.06338391257168, 42.072769810420944 ], [ -72.063083090893443, 42.072696742084766 ], [ -72.062872961864514, 42.072575868776767 ], [ -72.062624569362796, 42.072446179719549 ], [ -72.06226613076322, 42.072293711818141 ], [ -72.061658410517623, 42.071992378648055 ], [ -72.061228858178012, 42.071750581985384 ], [ -72.061000788506206, 42.071663646246165 ], [ -72.060764552209633, 42.071691904342835 ], [ -72.060565644501793, 42.071814785580656 ], [ -72.060295784306774, 42.072154907200186 ], [ -72.059963255816029, 42.072596893799336 ], [ -72.059703825844593, 42.073079217583498 ], [ -72.059561259765914, 42.073411872187506 ], [ -72.059464127909692, 42.073744304520361 ], [ -72.059411537989121, 42.073961364835966 ], [ -72.059404920374831, 42.074239153851636 ], [ -72.05942626801999, 42.07460495002389 ], [ -72.059455963544707, 42.074875718903506 ], [ -72.059576832482577, 42.075180075137958 ], [ -72.059688220602723, 42.075436939347952 ], [ -72.059927932792931, 42.075815172605012 ], [ -72.060286013966348, 42.076199578598718 ], [ -72.060471051064411, 42.07657132573565 ], [ -72.060666052496245, 42.077017482332032 ], [ -72.060796713235703, 42.077389495254991 ], [ -72.06088456693044, 42.078073327328035 ], [ -72.060879510779401, 42.078527306234641 ], [ -72.06087367559995, 42.078906740340081 ], [ -72.060758296291667, 42.07922584777674 ], [ -72.060578986015045, 42.079517897686586 ], [ -72.060392500757814, 42.07975028953863 ], [ -72.060201280104195, 42.079994048595729 ], [ -72.059922497848177, 42.080354470200128 ], [ -72.059597794329235, 42.080660914823447 ], [ -72.059381144949953, 42.080844923820365 ], [ -72.059273386478921, 42.081001300056307 ], [ -72.059194967550752, 42.081387841083213 ], [ -72.059212204550462, 42.081794532676035 ], [ -72.059157277757663, 42.082268742477694 ], [ -72.059023693023533, 42.082594599420617 ], [ -72.058715912704258, 42.082751951687378 ], [ -72.057745330715136, 42.083047946174588 ], [ -72.057164292285094, 42.083166019740119 ], [ -72.056909347764346, 42.083133317317404 ], [ -72.056599838409028, 42.083094217097518 ], [ -72.056272791056912, 42.08313641233616 ], [ -72.055781507002209, 42.083125203400677 ], [ -72.055099212875191, 42.083094751030238 ], [ -72.054534522439553, 42.083009344167749 ], [ -72.054115053349577, 42.082875873561228 ], [ -72.053776753922378, 42.08268105547802 ], [ -72.053402257702359, 42.082493073940853 ], [ -72.053246714221956, 42.083145945137431 ], [ -72.052096594991042, 42.088417878882893 ], [ -72.046762699137517, 42.103440476467945 ], [ -72.040518105267637, 42.104187874146916 ], [ -72.041004069690231, 42.106749118874347 ], [ -72.042018496156132, 42.111666031195924 ], [ -72.039616574540005, 42.112302839476698 ], [ -72.039076820344746, 42.109058306188146 ], [ -72.03619122350122, 42.109483668332707 ], [ -72.03628734789136, 42.108152065887573 ], [ -72.030845646041598, 42.10979821067064 ], [ -72.031760830137102, 42.114388755099043 ], [ -72.029052064643096, 42.115115178118181 ], [ -72.027604038234387, 42.107406043661513 ], [ -72.025489320561618, 42.107928870322837 ], [ -72.027287453153747, 42.105027004096996 ], [ -72.002993394221264, 42.09658892644989 ], [ -71.998138041932677, 42.097866755078194 ], [ -71.996079984754985, 42.087278245552298 ], [ -71.993880091423151, 42.087519953672476 ], [ -71.994881498436555, 42.085347070832327 ], [ -71.993371526146589, 42.085691215147939 ], [ -71.992663439764328, 42.083145041389201 ], [ -71.99658818974099, 42.082122764668881 ], [ -71.995746436113279, 42.07745067255874 ], [ -71.992502203747449, 42.078186929572922 ], [ -71.992843483411477, 42.072561929603268 ] ] ] ] } },
{ "type": "Feature", "properties": { "TOWN": "BLACKSTONE" }, "geometry": { "type": "MultiPolygon", "coordinates": [ [ [ [ -71.498282217402391, 42.064879013788989 ], [ -71.498262678073374, 42.031334304484027 ], [ -71.49790159473126, 42.031514813638132 ], [ -71.497940408209274, 42.029953739722899 ], [ -71.498179389114455, 42.030003711897692 ], [ -71.498179408692948, 42.029292634611629 ], [ -71.497957094947722, 42.029245363712263 ], [ -71.49796821863238, 42.02879259005222 ], [ -71.498196087822066, 42.028759281857013 ], [ -71.497984907389281, 42.027998142776688 ], [ -71.497993247464748, 42.027737048397015 ], [ -71.498259992997987, 42.027814840976696 ], [ -71.498260058947196, 42.025303831478276 ], [ -71.498032203999287, 42.025276007665475 ], [ -71.498260085720219, 42.024284392013698 ], [ -71.498257236427335, 42.022434401174827 ], [ -71.498073946423247, 42.02241216013941 ], [ -71.498076727762211, 42.02226774780587 ], [ -71.498196143632796, 42.022284405812528 ], [ -71.498257240155212, 42.022292689774126 ], [ -71.498257266825206, 42.021278831963279 ], [ -71.498368355916696, 42.021039976948352 ], [ -71.498257273837751, 42.021012245229457 ], [ -71.498257251449488, 42.017273277604772 ], [ -71.527844204760129, 42.01508570794924 ], [ -71.528045973191666, 42.015080158640686 ], [ -71.563658851414829, 42.014277905669331 ], [ -71.563920770793956, 42.064058568525127 ], [ -71.498282217402391, 42.064879013788989 ] ] ] ] } },
{ "type": "Feature", "properties": { "TOWN": "DOUGLAS" }, "geometry": { "type": "MultiPolygon", "coordinates": [ [ [ [ -71.77463051834043, 42.100334570901147 ], [ -71.770418752874207, 42.08839284931382 ], [ -71.76808785020458, 42.081770569309981 ], [ -71.696667253162929, 42.095327179783425 ], [ -71.696280949490287, 42.071089658606304 ], [ -71.67924185672139, 42.074180564152513 ], [ -71.679965582522257, 42.070882483137702 ], [ -71.681658013646327, 42.056844882968612 ], [ -71.68218934251307, 42.049808694286305 ], [ -71.682451815493181, 42.043742490774129 ], [ -71.68166604410635, 42.031593164229974 ], [ -71.681160455802626, 42.021057034677654 ], [ -71.68086733007766, 42.011530407743187 ], [ -71.771458247450028, 42.009480514726242 ], [ -71.799188400188399, 42.008053321625617 ], [ -71.799716066786544, 42.015714351497571 ], [ -71.800671360476287, 42.023514431094057 ], [ -71.804549133293989, 42.023556118332266 ], [ -71.830064711871273, 42.092777964889372 ], [ -71.811322243463337, 42.098874811827237 ], [ -71.809218689976021, 42.095363830591523 ], [ -71.797177686477752, 42.099171866756521 ], [ -71.792394758415057, 42.100726889135537 ], [ -71.784017036403199, 42.100543419394143 ], [ -71.77463051834043, 42.100334570901147 ] ] ] ] } },
{ "type": "Feature", "properties": { "TOWN": "GRAFTON" }, "geometry": { "type": "MultiPolygon", "coordinates": [ [ [ [ -71.67417269640309, 42.248590736619619 ], [ -71.670933824432879, 42.24470162845406 ], [ -71.650162422813409, 42.247791655474622 ], [ -71.648423376510493, 42.2451765679196 ], [ -71.644428259281639, 42.226626960111368 ], [ -71.637277230388108, 42.183239578791877 ], [ -71.649218961721274, 42.181701145732291 ], [ -71.641291180491123, 42.174876135190779 ], [ -71.640854654929456, 42.174680315137373 ], [ -71.64132176999378, 42.174589978867054 ], [ -71.646271763286563, 42.172870834254653 ], [ -71.64216897333425, 42.165662707668091 ], [ -71.67901056953481, 42.165788863447304 ], [ -71.691419314775686, 42.163108643443813 ], [ -71.695205260470033, 42.175788924238105 ], [ -71.71862541599323, 42.172953322740135 ], [ -71.723536353804164, 42.191484247032818 ], [ -71.733429796770807, 42.237974955535456 ], [ -71.731238048371722, 42.241286206444386 ], [ -71.717987609865503, 42.245058563266419 ], [ -71.710962478347085, 42.245144433248555 ], [ -71.704648306576388, 42.248366697153472 ], [ -71.674455965934001, 42.25235742985177 ], [ -71.67417269640309, 42.248590736619619 ] ] ] ] } },
{ "type": "Feature", "properties": { "TOWN": "NORTHBOROUGH" }, "geometry": { "type": "MultiPolygon", "coordinates": [ [ [ [ -71.624703983532029, 42.350465132064777 ], [ -71.62582628833249, 42.349723519081934 ], [ -71.620659383356099, 42.3452484486534 ], [ -71.619131620178052, 42.343348467150037 ], [ -71.617550669991758, 42.341968161744411 ], [ -71.616033942334042, 42.341490392188291 ], [ -71.611525469149001, 42.338995850264453 ], [ -71.610005898334492, 42.338420773263557 ], [ -71.606275212368686, 42.337370681362437 ], [ -71.604663908781077, 42.336745652706576 ], [ -71.604100174779276, 42.336767861286845 ], [ -71.603591890268092, 42.331676409015977 ], [ -71.605267073296744, 42.330159889863211 ], [ -71.603725343472007, 42.328559865868016 ], [ -71.601886459727083, 42.32697097790917 ], [ -71.597364186483532, 42.321015730342502 ], [ -71.59225297834287, 42.3177158069455 ], [ -71.585208443506829, 42.310949648549482 ], [ -71.580033514010154, 42.305891770911899 ], [ -71.624501368437564, 42.301400988305346 ], [ -71.63289169691889, 42.300586912062748 ], [ -71.633209748144765, 42.300560525408606 ], [ -71.633331178015709, 42.300403464025614 ], [ -71.633503735750651, 42.300165407041135 ], [ -71.633631198946787, 42.299879866919163 ], [ -71.633662652334081, 42.299613434483867 ], [ -71.633777188463924, 42.299294688492978 ], [ -71.633860110665665, 42.299051873669981 ], [ -71.633955856589779, 42.298909156106816 ], [ -71.634032551744824, 42.29881867752183 ], [ -71.634115654054, 42.298718738356818 ], [ -71.634256137776319, 42.29851393829852 ], [ -71.634326293765881, 42.298314171894482 ], [ -71.634338512065227, 42.298071619366567 ], [ -71.634306072324634, 42.297871882832837 ], [ -71.634209400264439, 42.297577060616689 ], [ -71.63414464317438, 42.297291744126809 ], [ -71.634131627500821, 42.297158606340567 ], [ -71.634182520353505, 42.297025303903744 ], [ -71.634406483878749, 42.296901522255276 ], [ -71.634502457433911, 42.296810930733308 ], [ -71.634937779406201, 42.296681948828024 ], [ -71.635206933680593, 42.29665309319909 ], [ -71.635418171724609, 42.296591084484838 ], [ -71.636282767767156, 42.296456819189743 ], [ -71.636795181193818, 42.296370592606998 ], [ -71.637025656901869, 42.296289471859168 ], [ -71.637166383916451, 42.296203686283945 ], [ -71.637178969931824, 42.296079971293068 ], [ -71.637050203301612, 42.295809047369609 ], [ -71.636979201509703, 42.295557050574956 ], [ -71.636975953186266, 42.295289037818975 ], [ -71.637042230163942, 42.295095576271322 ], [ -71.636997240287371, 42.294871457447194 ], [ -71.637079720214516, 42.294600821589064 ], [ -71.637157401937017, 42.29452240355068 ], [ -71.637412347138209, 42.294376881953802 ], [ -71.637540370688143, 42.294362504165953 ], [ -71.637649262516845, 42.294305295296496 ], [ -71.637700062928729, 42.294133999032063 ], [ -71.637699514093796, 42.293881918135504 ], [ -71.637647709698996, 42.293591816321133 ], [ -71.637704863894143, 42.293387201635653 ], [ -71.637691585608223, 42.293192214433219 ], [ -71.637806418168509, 42.292968534390887 ], [ -71.637850984126459, 42.292830556274033 ], [ -71.63787650476074, 42.292744907929482 ], [ -71.637972283701217, 42.292625864439422 ], [ -71.63820268187132, 42.292516202100188 ], [ -71.638650632544056, 42.292301573044476 ], [ -71.638849137100252, 42.292191947883943 ], [ -71.639092264194474, 42.292082178333587 ], [ -71.639367503472087, 42.291963006282195 ], [ -71.639591438488409, 42.291839034338871 ], [ -71.639789829245586, 42.291734179223049 ], [ -71.640013846927047, 42.29164828868862 ], [ -71.640154496299886, 42.291533960199416 ], [ -71.64035293790775, 42.291452871743225 ], [ -71.640538483253764, 42.291352712532387 ], [ -71.640704372561203, 42.291301823056379 ], [ -71.640833049518221, 42.29125728100496 ], [ -71.641031378567206, 42.291180873025617 ], [ -71.641210638162434, 42.291090353560179 ], [ -71.641376964982314, 42.291018755857671 ], [ -71.641620151406286, 42.290885303169652 ], [ -71.641869727374697, 42.290789834391418 ], [ -71.642120077669503, 42.290715520971176 ], [ -71.64235069798454, 42.29054922161184 ], [ -71.642483841834576, 42.290389524818799 ], [ -71.642592408051769, 42.290246693834334 ], [ -71.642643420258025, 42.290122930379646 ], [ -71.642783968101639, 42.289913527905512 ], [ -71.642828303001096, 42.28973269413676 ], [ -71.64289189882544, 42.28949007634538 ], [ -71.642894237315957, 42.289344406158719 ], [ -71.643013000856683, 42.289261701580273 ], [ -71.642999153097009, 42.289089853028081 ], [ -71.6429352794934, 42.288833619302942 ], [ -71.642896347800274, 42.288614806670104 ], [ -71.642851022542899, 42.288410406643216 ], [ -71.642703328511033, 42.288191729117869 ], [ -71.642795746906657, 42.288148760360933 ], [ -71.670116731342929, 42.278763170696713 ], [ -71.67696703211999, 42.286115876755517 ], [ -71.680422538038385, 42.305171300799266 ], [ -71.684364064942869, 42.311371191209595 ], [ -71.689714283676878, 42.318826595446097 ], [ -71.687880493225052, 42.325501455075177 ], [ -71.676370570897987, 42.364871571155412 ], [ -71.63393764046198, 42.358393234829364 ], [ -71.624703983532029, 42.350465132064777 ] ] ] ] } },
{ "type": "Feature", "properties": { "TOWN": "BOYLSTON" }, "geometry": { "type": "MultiPolygon", "coordinates": [ [ [ [ -71.678767776291906, 42.389162988214196 ], [ -71.670553440148268, 42.386665673021227 ], [ -71.677795507498288, 42.365154855826461 ], [ -71.676370570897987, 42.364871571155412 ], [ -71.687880493225052, 42.325501455075177 ], [ -71.68953895212762, 42.325973633601343 ], [ -71.691141740332966, 42.326884680317953 ], [ -71.690966628015943, 42.328959680562868 ], [ -71.69759743165271, 42.327551410407565 ], [ -71.6976446239387, 42.329179136646474 ], [ -71.695466711321643, 42.330270765777819 ], [ -71.698675045732728, 42.332406775298374 ], [ -71.730214685292765, 42.321137746319337 ], [ -71.731825865390903, 42.317926689097995 ], [ -71.741795490487576, 42.315718264333618 ], [ -71.741420462126442, 42.317318237213378 ], [ -71.756531863360138, 42.312129362163724 ], [ -71.764443070515043, 42.312862547605789 ], [ -71.763739890042402, 42.344195265428361 ], [ -71.75970813914428, 42.370742419346037 ], [ -71.75380763500695, 42.38313126104412 ], [ -71.74192105306895, 42.386850609446356 ], [ -71.72598181790903, 42.390289115631326 ], [ -71.701034273606865, 42.395805191573096 ], [ -71.678767776291906, 42.389162988214196 ] ] ] ] } },
{ "type": "Feature", "properties": { "TOWN": "SPENCER" }, "geometry": { "type": "MultiPolygon", "coordinates": [ [ [ [ -71.960535300349392, 42.281426450443895 ], [ -71.93935781065521, 42.18923852472178 ], [ -72.019887695547098, 42.183762791267313 ], [ -72.030359113773429, 42.24520091787695 ], [ -72.041169400287103, 42.308697707378755 ], [ -71.989407411759458, 42.310187830978897 ], [ -71.96729584851812, 42.310698498653956 ], [ -71.960535300349392, 42.281426450443895 ] ] ] ] } },
{ "type": "Feature", "properties": { "TOWN": "BARRE" }, "geometry": { "type": "MultiPolygon", "coordinates": [ [ [ [ -72.007386541168444, 42.421029759617525 ], [ -72.035081918760781, 42.403916549611331 ], [ -72.112468513502506, 42.356423087397502 ], [ -72.123396777465572, 42.363758981148017 ], [ -72.123668582813082, 42.363930545123686 ], [ -72.205150781065299, 42.41767838633816 ], [ -72.100933289828703, 42.483686838723308 ], [ -72.099688566758886, 42.484523013575391 ], [ -72.007386541168444, 42.421029759617525 ] ] ] ] } },
{ "type": "Feature", "properties": { "TOWN": "NEW BRAINTREE" }, "geometry": { "type": "MultiPolygon", "coordinates": [ [ [ [ -72.112468513502506, 42.356423087397502 ], [ -72.041169400287103, 42.308697707378755 ], [ -72.117464581370982, 42.302245460682428 ], [ -72.129573558568737, 42.290253826305197 ], [ -72.134785053704022, 42.281148427492617 ], [ -72.145691026763373, 42.277159630479481 ], [ -72.144948944373212, 42.291220631155561 ], [ -72.161541300402135, 42.288354100225632 ], [ -72.161738524300262, 42.291876356359026 ], [ -72.164743983438569, 42.29178184530619 ], [ -72.164741220698176, 42.291356911473322 ], [ -72.170544240351404, 42.291523592329469 ], [ -72.170446895576333, 42.294034696438921 ], [ -72.169044148269506, 42.297851216044378 ], [ -72.210798596211532, 42.294479126390982 ], [ -72.213973667409888, 42.294256953445782 ], [ -72.204989929606882, 42.306237080701464 ], [ -72.206848363435299, 42.31074813971312 ], [ -72.207182283414255, 42.311517747209287 ], [ -72.206819499382718, 42.311519979428034 ], [ -72.206375060265273, 42.311498674036272 ], [ -72.206027960355883, 42.311460653180696 ], [ -72.205664439318667, 42.311418500637437 ], [ -72.20532815515196, 42.311360424203592 ], [ -72.204730771324094, 42.311231292878446 ], [ -72.204388372728019, 42.311124994198138 ], [ -72.204121153339003, 42.310961693900943 ], [ -72.203881386490181, 42.310834507604028 ], [ -72.203669728226757, 42.310791598436815 ], [ -72.203330550593193, 42.310920259704119 ], [ -72.203082633159383, 42.311096618577473 ], [ -72.202915436940614, 42.311158052806618 ], [ -72.202672253438038, 42.311203745797826 ], [ -72.202260870790951, 42.31124245357254 ], [ -72.20193859193985, 42.311298441848756 ], [ -72.20181219964779, 42.311309567554765 ], [ -72.201682852410329, 42.311316749771663 ], [ -72.201329975972499, 42.311304409059581 ], [ -72.200924126412744, 42.311339026840194 ], [ -72.200393977764122, 42.311398619446571 ], [ -72.20010158818674, 42.311404452772855 ], [ -72.199716615827441, 42.311374566419943 ], [ -72.199412809727477, 42.311324197715273 ], [ -72.199141166245894, 42.311253465419668 ], [ -72.198792785197469, 42.311098839515765 ], [ -72.197933009524846, 42.310746189229597 ], [ -72.197645770295509, 42.31072380512677 ], [ -72.197423421650441, 42.310701026455234 ], [ -72.197276569311299, 42.310649609316748 ], [ -72.196759224999425, 42.310395527159514 ], [ -72.196051170768115, 42.310050045579494 ], [ -72.194625944916567, 42.309487779786409 ], [ -72.194038051841375, 42.309213854803424 ], [ -72.193645249765709, 42.308954954920594 ], [ -72.193475109514807, 42.308758992636527 ], [ -72.193366557229197, 42.308527005907486 ], [ -72.193366854342599, 42.308321551816348 ], [ -72.193455993604701, 42.307999330633258 ], [ -72.19358848395909, 42.307737078870289 ], [ -72.193732154153537, 42.307498977958474 ], [ -72.193903002774448, 42.307272866988974 ], [ -72.19404699058326, 42.30707500790426 ], [ -72.194185496794802, 42.306852963212847 ], [ -72.19424213864707, 42.306587387518618 ], [ -72.194255966031648, 42.306366186046255 ], [ -72.194226109908996, 42.306121120018496 ], [ -72.194104764009921, 42.305916850917548 ], [ -72.193912909294937, 42.305708866099486 ], [ -72.193710748157528, 42.305545328837873 ], [ -72.193503261599929, 42.305393797588387 ], [ -72.193323305518021, 42.30528630541739 ], [ -72.193050793217495, 42.305111037235996 ], [ -72.192751490868275, 42.30499237985169 ], [ -72.192231820179273, 42.304874599500494 ], [ -72.19199317890012, 42.304834982634425 ], [ -72.1915002978036, 42.30474890886228 ], [ -72.191210085762393, 42.304695915934815 ], [ -72.190678272863536, 42.304598638836964 ], [ -72.189844429210709, 42.304576639090158 ], [ -72.189405145662491, 42.304578195511944 ], [ -72.188934317244986, 42.304601096870044 ], [ -72.18781858887678, 42.304667022772605 ], [ -72.187294504822503, 42.304711393669479 ], [ -72.187210336911733, 42.304734225009575 ], [ -72.187143560583991, 42.304772617786469 ], [ -72.186927968632148, 42.304878433810373 ], [ -72.186383866111711, 42.305135034870908 ], [ -72.185942231699812, 42.305378957342441 ], [ -72.185080336679505, 42.30581418119089 ], [ -72.184600712051861, 42.306034106420057 ], [ -72.184126669808251, 42.306321970264264 ], [ -72.183960346811091, 42.30641983455196 ], [ -72.183821005915817, 42.306545357779115 ], [ -72.183785215550728, 42.306746611420017 ], [ -72.183894689834361, 42.306921521508471 ], [ -72.184147110466554, 42.307158512498383 ], [ -72.184572671422629, 42.307445429348306 ], [ -72.184964340078295, 42.307603891500804 ], [ -72.185318040187269, 42.307750604597054 ], [ -72.185583976998615, 42.307801236396308 ], [ -72.185769219757503, 42.30790465761681 ], [ -72.185829815240737, 42.308000719798343 ], [ -72.185744132100751, 42.308085680881298 ], [ -72.185441189703482, 42.308123771299698 ], [ -72.185090132547245, 42.308210314732769 ], [ -72.184896505868807, 42.308352188508259 ], [ -72.184758377743989, 42.308590065018322 ], [ -72.184782870948766, 42.308847229354875 ], [ -72.184909225172447, 42.309023388309839 ], [ -72.18514998218626, 42.309235057686138 ], [ -72.185353352155929, 42.309511232128571 ], [ -72.185423201574039, 42.309711315815264 ], [ -72.185428225685712, 42.309928892185205 ], [ -72.185343584112189, 42.310110360555882 ], [ -72.1852216302089, 42.31035228249965 ], [ -72.185059963312113, 42.310511341941513 ], [ -72.184519786972629, 42.311080139555237 ], [ -72.184299900085861, 42.311262322688606 ], [ -72.184117839436396, 42.311476511471476 ], [ -72.184055023700367, 42.311657758816409 ], [ -72.183964882974891, 42.311847271611882 ], [ -72.183708294160226, 42.312158237040848 ], [ -72.183375949658199, 42.312486038166711 ], [ -72.183032283929748, 42.312765468633685 ], [ -72.182784237307175, 42.312879482215131 ], [ -72.182514990422064, 42.313029903874288 ], [ -72.182192241180161, 42.31322475797549 ], [ -72.181906346998232, 42.313338994323409 ], [ -72.181598212672128, 42.313393130814099 ], [ -72.181283762868915, 42.31337897002556 ], [ -72.180856125092987, 42.313397530314241 ], [ -72.180510974277837, 42.313540294116031 ], [ -72.180279719170741, 42.313682382630141 ], [ -72.180063955813978, 42.313776122119137 ], [ -72.179870636781033, 42.313937972249327 ], [ -72.179678087580868, 42.314160318625724 ], [ -72.179336337282521, 42.314620599623574 ], [ -72.179273565461102, 42.314830113743071 ], [ -72.17924416420442, 42.31515377048126 ], [ -72.179150002435051, 42.31543387462343 ], [ -72.178986608804649, 42.315853036146692 ], [ -72.178890978390911, 42.31603033283033 ], [ -72.178632711851179, 42.31618869307777 ], [ -72.178346109069679, 42.316238642139858 ], [ -72.178096654438008, 42.316211934620036 ], [ -72.177787642109124, 42.31618566789826 ], [ -72.177555216015193, 42.316231153974925 ], [ -72.177172204935431, 42.316386284989946 ], [ -72.176979043833995, 42.316564334791053 ], [ -72.176861944873906, 42.316753910429256 ], [ -72.176820531337967, 42.316931066012543 ], [ -72.176849732210655, 42.317132024108595 ], [ -72.176939385657647, 42.317404741214773 ], [ -72.176990406471887, 42.317683537879851 ], [ -72.177021052292616, 42.317849375163348 ], [ -72.17707456916402, 42.318089263518466 ], [ -72.177058651926359, 42.318472530733757 ], [ -72.176916979342607, 42.318860230030296 ], [ -72.176907395095824, 42.318984979889301 ], [ -72.17691985975253, 42.319129586823308 ], [ -72.176904292959492, 42.319194050921958 ], [ -72.176850920685794, 42.319262699072191 ], [ -72.176533896506825, 42.319509721171954 ], [ -72.176030436441806, 42.320043418587701 ], [ -72.175762624698223, 42.320298521876857 ], [ -72.175676329335559, 42.320363041543033 ], [ -72.175570649068462, 42.320395894052531 ], [ -72.175406097852104, 42.320437105260694 ], [ -72.17517446232209, 42.320546954103435 ], [ -72.175023904112095, 42.320660377672354 ], [ -72.174905942827948, 42.320781712422658 ], [ -72.174766601876044, 42.320923249556436 ], [ -72.174540644567401, 42.321065294949712 ], [ -72.174260374957527, 42.321199645776531 ], [ -72.173996702056272, 42.321366039735054 ], [ -72.173716857312485, 42.321540540663342 ], [ -72.173189888361705, 42.321909425731889 ], [ -72.172926893040724, 42.322140095514072 ], [ -72.172615085854574, 42.3223670889899 ], [ -72.172317476051106, 42.322526024962016 ], [ -72.172270301753656, 42.322562133356662 ], [ -72.172228350576205, 42.322598841398218 ], [ -72.172109784443904, 42.322744034986286 ], [ -72.172084096471423, 42.322872749799288 ], [ -72.172032081727082, 42.323070042278701 ], [ -72.172065454349863, 42.323162309183573 ], [ -72.172131290583465, 42.323238360664917 ], [ -72.172250574140193, 42.323297713801765 ], [ -72.172371338970663, 42.323393700853266 ], [ -72.172486925853661, 42.323561833077761 ], [ -72.172559112608269, 42.323710232245652 ], [ -72.172631319382447, 42.323894733762245 ], [ -72.172677328365353, 42.324159876464741 ], [ -72.172674716976999, 42.32440504670442 ], [ -72.172687735805155, 42.324614022938285 ], [ -72.17269533158327, 42.324815018128284 ], [ -72.172713724724375, 42.325015950109581 ], [ -72.172689033453821, 42.325261249543559 ], [ -72.172577988896677, 42.325463839374258 ], [ -72.172434813925264, 42.32580553517262 ], [ -72.172274117702372, 42.325971322327504 ], [ -72.172004404955075, 42.326085438619735 ], [ -72.171451703052725, 42.326263329399872 ], [ -72.171281324525694, 42.32636308883194 ], [ -72.171169017767852, 42.32650446340957 ], [ -72.171068432258224, 42.326710051665493 ], [ -72.170989838175373, 42.326975832292803 ], [ -72.170976137804175, 42.327217105674684 ], [ -72.170897140395127, 42.327410593566547 ], [ -72.17077954774129, 42.327580088279845 ], [ -72.170570794610683, 42.327814487013022 ], [ -72.170369650875813, 42.327999954072098 ], [ -72.170087494845205, 42.328223436077472 ], [ -72.16986747669101, 42.328425668016713 ], [ -72.169555833654073, 42.328660664443952 ], [ -72.169216592093932, 42.328867640968355 ], [ -72.168941608792906, 42.328989883379208 ], [ -72.16869850865767, 42.329063682976312 ], [ -72.168549175984907, 42.329192755939879 ], [ -72.168327887085809, 42.329367352694945 ], [ -72.168232039106073, 42.329528795492585 ], [ -72.168139698069666, 42.329769625206232 ], [ -72.168036619924536, 42.330016369253286 ], [ -72.167920905525122, 42.330330529840914 ], [ -72.167772856692721, 42.330685212047811 ], [ -72.167629333459672, 42.33095145727237 ], [ -72.167533388982704, 42.331092642987507 ], [ -72.167339647076247, 42.331222422339877 ], [ -72.167069558483533, 42.331292323688238 ], [ -72.166831612191643, 42.331338089678063 ], [ -72.166517708920225, 42.331383935532934 ], [ -72.166279590271373, 42.331459501637127 ], [ -72.166063599386447, 42.331596970378946 ], [ -72.16584741794145, 42.331739481544929 ], [ -72.165456998027864, 42.332009404691973 ], [ -72.165241317734257, 42.332119050478312 ], [ -72.164976476472233, 42.33218081370039 ], [ -72.164392262977927, 42.332276653883525 ], [ -72.163933536691118, 42.332444151209145 ], [ -72.163771920865429, 42.332537546422998 ], [ -72.163691846352918, 42.332642624786367 ], [ -72.163682312799992, 42.332763321318787 ], [ -72.163738409163315, 42.332951972382801 ], [ -72.16372921695563, 42.333116782106693 ], [ -72.163649862394536, 42.333302163871224 ], [ -72.163466941857649, 42.333423861312689 ], [ -72.163181043970781, 42.333538049851335 ], [ -72.16306095151775, 42.333622561471458 ], [ -72.163003375700896, 42.333651613451948 ], [ -72.162949855110682, 42.333662365734874 ], [ -72.162884314808494, 42.333672467063217 ], [ -72.162695126314915, 42.333705698993825 ], [ -72.162495317397401, 42.333779235648819 ], [ -72.162393603102487, 42.333892360499135 ], [ -72.162427761531106, 42.334048907488366 ], [ -72.162527088343836, 42.33422929718099 ], [ -72.16269649070145, 42.334369038981457 ], [ -72.162946553284542, 42.3344360205313 ], [ -72.163141956391868, 42.334462983037817 ], [ -72.163311792595721, 42.334493423896511 ], [ -72.163380808334409, 42.334513822756051 ], [ -72.163434659351793, 42.334546103151759 ], [ -72.16350755261584, 42.334600691305766 ], [ -72.163638101063086, 42.334737865037333 ], [ -72.163738007006387, 42.334892051343942 ], [ -72.163875755858385, 42.335206544126841 ], [ -72.163895005126776, 42.335468332868835 ], [ -72.163884378885157, 42.335508007840119 ], [ -72.163857708598073, 42.335568302515902 ], [ -72.16380447314009, 42.335641084829312 ], [ -72.163725490016716, 42.335850592663178 ], [ -72.163657563766947, 42.33609622901335 ], [ -72.163627331177693, 42.336360734249531 ], [ -72.163531792542273, 42.336519109912508 ], [ -72.163381923980708, 42.336680770057896 ], [ -72.163193486231535, 42.336786473257234 ], [ -72.162950053308961, 42.336831992578297 ], [ -72.162641409434414, 42.33684988771094 ], [ -72.162397771605654, 42.336887484323043 ], [ -72.16207713244961, 42.336976751502732 ], [ -72.161714940541842, 42.337130809109873 ], [ -72.161426708905836, 42.337279038170053 ], [ -72.161124832908413, 42.337445531199101 ], [ -72.160941849515865, 42.337551199284199 ], [ -72.160673478722472, 42.337684277075191 ], [ -72.160424759208325, 42.337851633108393 ], [ -72.160172241228992, 42.338062135169345 ], [ -72.15990144676806, 42.338312265103994 ], [ -72.15960858398509, 42.338575935595259 ], [ -72.159497239626589, 42.33882586973855 ], [ -72.159323688008413, 42.33931330167529 ], [ -72.159293180763598, 42.339518386723988 ], [ -72.159328504583698, 42.339775582149628 ], [ -72.159396608896316, 42.340080755993931 ], [ -72.159431102534953, 42.340281506827289 ], [ -72.159553694141053, 42.340586458015622 ], [ -72.159621087206332, 42.340823212383803 ], [ -72.159584776642319, 42.340972151546808 ], [ -72.159527042476711, 42.34116145735203 ], [ -72.159501658271282, 42.341322487941987 ], [ -72.159475895829402, 42.341447238296553 ], [ -72.159490650422811, 42.341628655648833 ], [ -72.159467153169018, 42.341714589745671 ], [ -72.159413828077462, 42.341768103802025 ], [ -72.15931718263856, 42.34182204635092 ], [ -72.15899968019778, 42.342028866830447 ], [ -72.158655871964086, 42.34232028595396 ], [ -72.158549303991364, 42.342493755463728 ], [ -72.158539052221485, 42.342558186156857 ], [ -72.158540363542173, 42.342625881748283 ], [ -72.158574163855505, 42.342795125939702 ], [ -72.15858676323046, 42.342967912738679 ], [ -72.158512549830107, 42.343125171362317 ], [ -72.158318627076909, 42.343242871761511 ], [ -72.158113526741829, 42.343324443470365 ], [ -72.157838254518111, 42.343438647353871 ], [ -72.157487254625707, 42.343553103624856 ], [ -72.157124665934603, 42.343603523203953 ], [ -72.156785128896288, 42.343618247823613 ], [ -72.15645856070239, 42.343631366865154 ], [ -72.156219608070884, 42.343608692871641 ], [ -72.156018463961459, 42.343545468896856 ], [ -72.155600745804989, 42.343487531206101 ], [ -72.155238199637921, 42.343553880017147 ], [ -72.154865182259101, 42.34364045419693 ], [ -72.154622297492892, 42.34373033761991 ], [ -72.154396133139883, 42.34387630448316 ], [ -72.154289090417578, 42.343993503441062 ], [ -72.154214494328244, 42.344126633146615 ], [ -72.154236164397545, 42.344227074070965 ], [ -72.154248970354828, 42.344315321265285 ], [ -72.154056279639903, 42.344541584324553 ], [ -72.153820391321631, 42.344792220928191 ], [ -72.153522066050201, 42.345084626049243 ], [ -72.153190316103462, 42.345278456675736 ], [ -72.152951141086234, 42.345364083968491 ], [ -72.152521481948568, 42.345478971628715 ], [ -72.152294064735528, 42.345504480389131 ], [ -72.152093253635542, 42.345485542732519 ], [ -72.151897899890969, 42.345454419649009 ], [ -72.151702384183011, 42.345419335805836 ], [ -72.151382149296055, 42.345364881506804 ], [ -72.151126923562572, 42.345318070876175 ], [ -72.150741931088859, 42.345292071089006 ], [ -72.150259614750283, 42.345290658693514 ], [ -72.149853110430399, 42.345297098586961 ], [ -72.149544132303646, 42.345286780572394 ], [ -72.149151447522485, 42.345303493423998 ], [ -72.148710261186011, 42.345371886080322 ], [ -72.148391265287756, 42.345438057455539 ], [ -72.147748262896215, 42.34561463077771 ], [ -72.147216238506303, 42.345701535548379 ], [ -72.146849170403826, 42.345671910625803 ], [ -72.146626224152286, 42.345600780209963 ], [ -72.146408248424663, 42.345493429130919 ], [ -72.146070727218216, 42.345326429023416 ], [ -72.145536100023961, 42.34497975347093 ], [ -72.144858330966741, 42.344412763353716 ], [ -72.144503825313706, 42.344209661642601 ], [ -72.144306377842625, 42.344139014014424 ], [ -72.144128539145115, 42.344087072575178 ], [ -72.143939186901719, 42.344108210144206 ], [ -72.143620234026955, 42.344190393508974 ], [ -72.143285303884767, 42.344288780854413 ], [ -72.142998953965787, 42.344378792768303 ], [ -72.142658316718936, 42.344453172034122 ], [ -72.142398372920454, 42.344466598890662 ], [ -72.142062959761418, 42.344433990904733 ], [ -72.141716399967862, 42.344319426334124 ], [ -72.141426053640203, 42.344254874179803 ], [ -72.141155637246698, 42.344300677624666 ], [ -72.140939955940723, 42.344418469814521 ], [ -72.140664810341931, 42.344536683012187 ], [ -72.140395569549838, 42.344686823488594 ], [ -72.140217669266292, 42.344808545244241 ], [ -72.140056636397759, 42.34495412093051 ], [ -72.139927842135094, 42.345083401478007 ], [ -72.139864136973756, 42.345204486976236 ], [ -72.139817202159477, 42.345459804625392 ], [ -72.139821104728128, 42.345845743679163 ], [ -72.139849207466568, 42.346176449356967 ], [ -72.139913796491754, 42.346442670161743 ], [ -72.140049807293082, 42.346690577260723 ], [ -72.140137683657287, 42.34694316370053 ], [ -72.140320694291702, 42.347469723179572 ], [ -72.140372257134402, 42.347671734462914 ], [ -72.1404245629504, 42.347947116406331 ], [ -72.14031603481952, 42.348232577260568 ], [ -72.140057878860659, 42.348436313142301 ], [ -72.139761281295449, 42.348511428768745 ], [ -72.139476719447913, 42.348540561157009 ], [ -72.13921620894989, 42.348523643598419 ], [ -72.138955727222651, 42.348497542185498 ], [ -72.138645357749354, 42.348434894857647 ], [ -72.138235464561163, 42.348336066792442 ], [ -72.137887218864833, 42.34820016283944 ], [ -72.137563639222918, 42.348054847921844 ], [ -72.137178971414045, 42.348001881772753 ], [ -72.136936765789244, 42.348103067575892 ], [ -72.136766950758897, 42.348245896165658 ], [ -72.136550737944503, 42.34844570055359 ], [ -72.136388320404478, 42.348708768243405 ], [ -72.136287126721768, 42.349085835492367 ], [ -72.136256004898357, 42.349273901176879 ], [ -72.136247732807703, 42.349525491892912 ], [ -72.136254771037912, 42.349742606260165 ], [ -72.13628283704584, 42.350047203818733 ], [ -72.13635905468621, 42.350239807151944 ], [ -72.13647296542463, 42.350487300372933 ], [ -72.136623859794227, 42.350707039407169 ], [ -72.136838255038541, 42.351073536169622 ], [ -72.136965039946361, 42.351357689959954 ], [ -72.136992760396751, 42.351651665592343 ], [ -72.136984544602953, 42.35206531057252 ], [ -72.136976420245944, 42.352488048072033 ], [ -72.137004603520694, 42.352827936540329 ], [ -72.136987029488083, 42.353143950347501 ], [ -72.136878187516018, 42.3535091760942 ], [ -72.136692541685846, 42.353829271668353 ], [ -72.136422639398148, 42.354099506346273 ], [ -72.136151768847398, 42.354285747446397 ], [ -72.135958560762845, 42.354433745656898 ], [ -72.135703792179811, 42.354628179400983 ], [ -72.135580131856514, 42.354788036551589 ], [ -72.135465672142601, 42.355042194449787 ], [ -72.13535689858162, 42.355318738334446 ], [ -72.135285076550673, 42.35557626162192 ], [ -72.135239430818118, 42.355962563577087 ], [ -72.135204290178933, 42.356174148751776 ], [ -72.135159864080421, 42.356416035359473 ], [ -72.135122515597274, 42.356661664113652 ], [ -72.135001476587561, 42.356938095222425 ], [ -72.134818381949145, 42.35722405186759 ], [ -72.134573380507348, 42.357510259811079 ], [ -72.134340390353174, 42.3577597586441 ], [ -72.134070191925119, 42.3579910059618 ], [ -72.133829855809594, 42.358186165973919 ], [ -72.133467273402687, 42.358417110736539 ], [ -72.13302290946703, 42.358603309400635 ], [ -72.132713967544703, 42.358687747419452 ], [ -72.13235614292887, 42.358836734971355 ], [ -72.132047382465998, 42.358939536341424 ], [ -72.131777569989609, 42.358955513874129 ], [ -72.131453848087673, 42.358909485935591 ], [ -72.131176434851213, 42.358869324969426 ], [ -72.130883619199778, 42.358806200115382 ], [ -72.130422591215918, 42.358782979888161 ], [ -72.130112696952139, 42.358845358722107 ], [ -72.129765780973713, 42.358908029503709 ], [ -72.129480428708078, 42.358936060758587 ], [ -72.129117964113362, 42.359009978429867 ], [ -72.127924045715218, 42.359274620443308 ], [ -72.127145791705672, 42.359517807415266 ], [ -72.126627690784218, 42.359750388676161 ], [ -72.126332117009525, 42.359935840416234 ], [ -72.12606130424038, 42.360121156577463 ], [ -72.125815372201188, 42.360269334314324 ], [ -72.125655202607646, 42.360399038922765 ], [ -72.125458583844946, 42.360574766866812 ], [ -72.125126098999147, 42.360797058425476 ], [ -72.124769243963598, 42.361047210664822 ], [ -72.124373515060469, 42.361257959607386 ], [ -72.124190543899246, 42.361427219080561 ], [ -72.123994400691345, 42.361639584091208 ], [ -72.123860256166296, 42.361860885523761 ], [ -72.12391259328902, 42.362145546688339 ], [ -72.12407645380452, 42.362339932737164 ], [ -72.124128590056955, 42.362505665190319 ], [ -72.12430062167148, 42.362765188313091 ], [ -72.124405130406672, 42.363071173185901 ], [ -72.124407851435592, 42.363346830355852 ], [ -72.124285784140369, 42.363549700489379 ], [ -72.123668582813082, 42.363930545123686 ], [ -72.123396777465572, 42.363758981148017 ], [ -72.112468513502506, 42.356423087397502 ] ] ] ] } },
{ "type": "Feature", "properties": { "TOWN": "STURBRIDGE" }, "geometry": { "type": "MultiPolygon", "coordinates": [ [ [ [ -72.042018496156132, 42.111666031195924 ], [ -72.041004069690231, 42.106749118874347 ], [ -72.040518105267637, 42.104187874146916 ], [ -72.046762699137517, 42.103440476467945 ], [ -72.052096594991042, 42.088417878882893 ], [ -72.053246714221956, 42.083145945137431 ], [ -72.053402257702359, 42.082493073940853 ], [ -72.053776753922378, 42.08268105547802 ], [ -72.054115053349577, 42.082875873561228 ], [ -72.054534522439553, 42.083009344167749 ], [ -72.055099212875191, 42.083094751030238 ], [ -72.055781507002209, 42.083125203400677 ], [ -72.056272791056912, 42.08313641233616 ], [ -72.056599838409028, 42.083094217097518 ], [ -72.056909347764346, 42.083133317317404 ], [ -72.057164292285094, 42.083166019740119 ], [ -72.057745330715136, 42.083047946174588 ], [ -72.058715912704258, 42.082751951687378 ], [ -72.059023693023533, 42.082594599420617 ], [ -72.059157277757663, 42.082268742477694 ], [ -72.059212204550462, 42.081794532676035 ], [ -72.059194967550752, 42.081387841083213 ], [ -72.059273386478921, 42.081001300056307 ], [ -72.059381144949953, 42.080844923820365 ], [ -72.059597794329235, 42.080660914823447 ], [ -72.059922497848177, 42.080354470200128 ], [ -72.060201280104195, 42.079994048595729 ], [ -72.060392500757814, 42.07975028953863 ], [ -72.060578986015045, 42.079517897686586 ], [ -72.060758296291667, 42.07922584777674 ], [ -72.06087367559995, 42.078906740340081 ], [ -72.060879510779401, 42.078527306234641 ], [ -72.06088456693044, 42.078073327328035 ], [ -72.060796713235703, 42.077389495254991 ], [ -72.060666052496245, 42.077017482332032 ], [ -72.060471051064411, 42.07657132573565 ], [ -72.060286013966348, 42.076199578598718 ], [ -72.059927932792931, 42.075815172605012 ], [ -72.059688220602723, 42.075436939347952 ], [ -72.059576832482577, 42.075180075137958 ], [ -72.059455963544707, 42.074875718903506 ], [ -72.05942626801999, 42.07460495002389 ], [ -72.059404920374831, 42.074239153851636 ], [ -72.059411537989121, 42.073961364835966 ], [ -72.059464127909692, 42.073744304520361 ], [ -72.059561259765914, 42.073411872187506 ], [ -72.059703825844593, 42.073079217583498 ], [ -72.059963255816029, 42.072596893799336 ], [ -72.060295784306774, 42.072154907200186 ], [ -72.060565644501793, 42.071814785580656 ], [ -72.060764552209633, 42.071691904342835 ], [ -72.061000788506206, 42.071663646246165 ], [ -72.061228858178012, 42.071750581985384 ], [ -72.061658410517623, 42.071992378648055 ], [ -72.06226613076322, 42.072293711818141 ], [ -72.062624569362796, 42.072446179719549 ], [ -72.062872961864514, 42.072575868776767 ], [ -72.063083090893443, 42.072696742084766 ], [ -72.06338391257168, 42.072769810420944 ], [ -72.063784186980669, 42.072788187288701 ], [ -72.06396525013281, 42.072779102120528 ], [ -72.064111175300283, 42.072745880503568 ], [ -72.06422061853462, 42.072714099030954 ], [ -72.064908471430911, 42.072416743054561 ], [ -72.065461546448432, 42.072237904195006 ], [ -72.065951359380065, 42.072106733701382 ], [ -72.066432893318975, 42.072063745997248 ], [ -72.066585525560342, 42.071834392537561 ], [ -72.074435790141536, 42.058459938876602 ], [ -72.099753621827759, 42.028768596898097 ], [ -72.102112016104584, 42.028865869145434 ], [ -72.135715498750997, 42.030221575398635 ], [ -72.135112224763887, 42.090664813944556 ], [ -72.135011123362503, 42.161783591129876 ], [ -72.111519306529914, 42.164455414400528 ], [ -72.108681071335482, 42.151588753983532 ], [ -72.086752292752166, 42.154435829228269 ], [ -72.089415732571027, 42.167138511251018 ], [ -72.07569272154457, 42.168807786129179 ], [ -72.072449964493885, 42.169278784258353 ], [ -72.069017425074264, 42.169618913809423 ], [ -72.029440684044204, 42.174424257537282 ], [ -72.024015527947597, 42.141786396177054 ], [ -72.046816416543251, 42.134925257735375 ], [ -72.042018496156132, 42.111666031195924 ] ] ] ] } },
{ "type": "Feature", "properties": { "TOWN": "RUTLAND" }, "geometry": { "type": "MultiPolygon", "coordinates": [ [ [ [ -71.887762769667205, 42.394950380427716 ], [ -71.928860869826963, 42.368203246287621 ], [ -71.918769339560924, 42.347983587551091 ], [ -71.92062489957442, 42.347578077039188 ], [ -71.954056250544454, 42.333461820164281 ], [ -71.97165667405136, 42.329139947318914 ], [ -71.993787738755728, 42.319360170446707 ], [ -72.035081918760781, 42.403916549611331 ], [ -72.007386541168444, 42.421029759617525 ], [ -71.965443258658993, 42.446607141615168 ], [ -71.887762769667205, 42.394950380427716 ] ] ] ] } }
]
}
